Date,Open,High,Low,Close,Volume
1/1/2015 15:30:00,646,647,640.8,642.1,75642
1/2/2015 15:30:00,644,648.53,643,644.28,86014
1/5/2015 15:30:00,644.28,644.28,628.2,629.68,293765
1/6/2015 15:30:00,626,626,611,613.11,391335
1/7/2015 15:30:00,615.02,615.61,602,607.84,319437
1/8/2015 15:30:00,612,618.81,608.2,613.26,278836
1/9/2015 15:30:00,619,634,618.24,632.76,593638
1/12/2015 15:30:00,630.6,642.8,625.33,641.45,334222
1/13/2015 15:30:00,642,647.6,638,644.67,490674
1/14/2015 15:30:00,641,644.64,638.2,641.65,331309
1/15/2015 15:30:00,645.32,650.79,640.79,648.11,443672
1/16/2015 15:30:00,648.4,659,646.25,657.16,422004
1/19/2015 15:30:00,656,666,653.94,664.78,248669
1/20/2015 15:30:00,668.4,668.4,658.47,661.24,297710
1/21/2015 15:30:00,655.5,669.78,650.4,667.17,431156
1/22/2015 15:30:00,666.02,673,666.02,672.25,245798
1/23/2015 15:30:00,677.95,677.95,667,669.92,441479
1/27/2015 15:30:00,664.97,664.97,639.07,642.48,412304
1/28/2015 15:30:00,644,649,634.42,647.81,249711
1/29/2015 15:30:00,646.8,676,642.07,672.66,1401638
1/30/2015 15:30:00,674,674.57,640.2,646.65,632758
2/2/2015 15:30:00,635.95,636.8,627.02,627.82,386253
2/3/2015 15:30:00,620.4,623.8,614.98,617.43,522573
2/4/2015 15:30:00,621,625.25,617,619.38,214845
2/5/2015 15:30:00,617.6,619,612.24,614.41,422142
2/6/2015 15:30:00,615,623.4,606,608.86,244496
2/9/2015 15:30:00,606.6,622.59,601.4,619.82,352149
2/10/2015 15:30:00,622.21,629.1,615,626.1,338985
2/11/2015 15:30:00,628.06,636.18,624.79,630.48,232891
2/12/2015 15:30:00,639,668.63,638.47,666.24,457240
2/13/2015 15:30:00,672,673.8,664.2,668.79,211055
2/16/2015 15:30:00,670.4,680.56,667.63,670.25,149937
2/18/2015 15:30:00,663.4,675.2,662.42,670.85,209696
2/19/2015 15:30:00,669.41,679.35,662.54,676.58,171684
2/20/2015 15:30:00,679.6,684.99,674.2,680.78,151478
2/23/2015 15:30:00,680.44,684.8,672.52,677.96,415998
2/24/2015 15:30:00,675,682,668.08,671.95,216410
2/25/2015 15:30:00,675,677.01,653,655.87,405564
2/26/2015 15:30:00,650.6,656.6,645.4,650.44,497009
2/27/2015 15:30:00,649.8,659.8,640.2,655.61,433848
3/2/2015 15:30:00,672.6,683.98,666.42,677.33,272219
3/3/2015 15:30:00,681.8,696.56,672.63,681.58,399929
3/4/2015 15:30:00,681.58,693.6,674.12,678.09,290728
3/5/2015 15:30:00,677.62,689.98,677.62,688.3,280898
3/9/2015 15:30:00,690.38,703.4,690.38,693.51,234118
3/10/2015 15:30:00,696,696,682.15,687.46,222064
3/11/2015 15:30:00,691.77,706.39,673.61,693.6,309701
3/12/2015 15:30:00,694,701,683.04,686.56,368268
3/13/2015 15:30:00,691.8,692.82,671.7,675.31,194107
3/16/2015 15:30:00,678,679.72,660.03,662.6,217805
3/17/2015 15:30:00,672,690.55,670.2,687.49,354407
3/18/2015 15:30:00,688.98,690.79,680,685.41,170461
3/19/2015 15:30:00,694,696,682.21,684.94,277953
3/20/2015 15:30:00,687.64,693,674.3,685.32,307930
3/23/2015 15:30:00,686,693.97,685.7,691.73,189693
3/24/2015 15:30:00,699.8,705,692.6,702.29,522455
3/25/2015 15:30:00,705,715,700.8,702.12,393983
3/26/2015 15:30:00,694,698.41,670.3,689.14,537319
3/27/2015 15:30:00,686.98,686.98,672.04,683.08,243912
3/30/2015 15:30:00,691.56,691.56,674.6,685.06,281925
3/31/2015 15:30:00,690.8,703,690.8,697.75,280091
4/1/2015 15:30:00,708.2,713.36,700.34,706.73,282785
4/6/2015 15:30:00,706,738.9,705.8,735.57,436764
4/7/2015 15:30:00,733.6,740.99,729.04,736.97,232946
4/8/2015 15:30:00,735,755.06,732.43,751.09,443971
4/9/2015 15:30:00,751.01,752.8,735.8,748.05,309859
4/10/2015 15:30:00,749.2,761.56,741.27,759.48,215427
4/13/2015 15:30:00,756,761.54,746.3,759.07,263460
4/15/2015 15:30:00,756,760,746.33,750.72,293648
4/16/2015 15:30:00,746,748.25,732.64,736.06,233587
4/17/2015 15:30:00,733.08,740,724,729.43,258444
4/20/2015 15:30:00,730,743.19,708.04,713.4,302996
4/21/2015 15:30:00,715.18,722.8,690.4,692.4,387220
4/22/2015 15:30:00,698.01,717,697.6,714.06,339644
4/23/2015 15:30:00,715.84,719,701.8,705.76,171687
4/24/2015 15:30:00,702.1,714.18,694.07,696.83,186232
4/27/2015 15:30:00,701,702.97,671.02,677.12,544699
4/28/2015 15:30:00,677.4,686.16,668.17,682.45,276789
4/29/2015 15:30:00,682.6,691.45,670,676.49,233769
4/30/2015 15:30:00,676,676,655.3,662.05,801536
5/4/2015 15:30:00,666,681,663.2,679.01,252822
5/5/2015 15:30:00,678,684,670.21,680.53,314801
5/6/2015 15:30:00,678,681.76,656.61,670.68,407940
5/7/2015 15:30:00,662.24,669.2,650.01,656.58,419936
5/8/2015 15:30:00,669.8,677.95,660.6,670.09,268473
5/11/2015 15:30:00,676,681.95,667.75,671.94,243378
5/12/2015 15:30:00,678.2,699.34,672.57,693.78,1270952
5/13/2015 15:30:00,699.39,706,691,698.83,390519
5/14/2015 15:30:00,699.1,707.98,694,703.88,216864
5/15/2015 15:30:00,703.4,703.4,694,699.29,195407
5/18/2015 15:30:00,700,726.8,699,724.49,346822
5/19/2015 15:30:00,723,738.53,716,727.2,386982
5/20/2015 15:30:00,727.2,736.4,719.2,721.75,244898
5/21/2015 15:30:00,724.6,729.91,718,723.84,229870
5/22/2015 15:30:00,724.02,732,719,728.53,205401
5/25/2015 15:30:00,726,732.76,715.27,717.09,200209
5/26/2015 15:30:00,717.4,721,707.6,709.45,290429
5/27/2015 15:30:00,699.06,719.7,699,717.33,239924
5/28/2015 15:30:00,717.36,720,700.05,705.59,291373
5/29/2015 15:30:00,713,714.61,698,707.05,758340
6/1/2015 15:30:00,705.6,714.4,704.32,707.69,158443
6/2/2015 15:30:00,705,706.22,693,694.75,172239
6/3/2015 15:30:00,693.4,695,679.8,685.61,148267
6/4/2015 15:30:00,686.62,693.94,679.8,684.4,165515
6/5/2015 15:30:00,686,694.36,681,683.12,152444
6/8/2015 15:30:00,685,689.6,678.77,681.41,185488
6/9/2015 15:30:00,680,680,662.6,664.38,216150
6/10/2015 15:30:00,664.98,675.93,664.98,673.32,177338
6/11/2015 15:30:00,675.6,675.6,659.2,662.55,189438
6/12/2015 15:30:00,663.24,667.99,660.77,663.51,155667
6/15/2015 15:30:00,665.94,673.16,662.6,664.12,247434
6/16/2015 15:30:00,664.4,667.06,653.31,657.32,319571
6/17/2015 15:30:00,660,672.74,660,669.44,361275
6/18/2015 15:30:00,674.96,682.74,671.33,675.49,431976
6/19/2015 15:30:00,678.21,685.34,674.88,676.95,353245
6/22/2015 15:30:00,680.2,686,680,685.18,207202
6/23/2015 15:30:00,687,689.76,684.6,688.67,153325
6/24/2015 15:30:00,688.67,695,684.23,686.91,273833
6/25/2015 15:30:00,685,701.87,684.29,697.09,470610
6/26/2015 15:30:00,699.4,708,697.9,706.02,244886
6/29/2015 15:30:00,699.8,708.2,685.6,704.23,226048
6/30/2015 15:30:00,699.4,713,690.64,711.89,395298
7/1/2015 15:30:00,709.6,721.62,707.08,714.72,262688
7/2/2015 15:30:00,714.4,717.99,707.28,709.54,143678
7/3/2015 15:30:00,710.8,719.98,710,717.55,140977
7/6/2015 15:30:00,709.2,746.55,709.2,743.34,478311
7/7/2015 15:30:00,743.2,750.8,737.69,747.99,390509
7/8/2015 15:30:00,745.72,754.07,741,744.17,338025
7/9/2015 15:30:00,742.4,751.78,742.31,746.41,192861
7/10/2015 15:30:00,746.96,752.87,742.5,750.1,171271
7/13/2015 15:30:00,750.14,758,740.2,751.63,193021
7/14/2015 15:30:00,759.99,765.67,752.11,754.59,274928
7/15/2015 15:30:00,758.18,763.99,756.01,763,193212
7/16/2015 15:30:00,762,775.8,762,773.3,214247
7/17/2015 15:30:00,774,777.68,770.3,775.41,226660
7/20/2015 15:30:00,779,786.79,773.01,786.05,173872
7/21/2015 15:30:00,784.4,784.48,767.1,770.63,149292
7/22/2015 15:30:00,770,779.61,766.26,769.55,137981
7/23/2015 15:30:00,774.79,792.98,774.79,782.68,540423
7/24/2015 15:30:00,785.2,787.8,777.14,781.78,317579
7/27/2015 15:30:00,779,782.02,765.35,770.97,339715
7/28/2015 15:30:00,779.38,782,747.45,749.82,518983
7/29/2015 15:30:00,753,756.9,733.6,742.47,435550
7/30/2015 15:30:00,747.8,786.8,744.2,782.62,1330017
7/31/2015 15:30:00,793.4,818.7,791.21,815.22,704766
8/3/2015 15:30:00,818.02,832.73,808.93,828.78,364645
8/4/2015 15:30:00,830.19,838.99,822.72,832.35,400046
8/5/2015 15:30:00,834.62,842,828.03,838.36,288545
8/6/2015 15:30:00,844.4,865.3,844.4,853.32,465617
8/7/2015 15:30:00,851.6,855,846,851.77,214758
8/10/2015 15:30:00,851.4,863.66,848.65,851.94,292111
8/11/2015 15:30:00,856.2,861.4,836.99,844.77,274200
8/12/2015 15:30:00,845.64,0,0,844.2,0
8/13/2015 15:30:00,858.8,863.59,849.42,858.35,233174
8/14/2015 15:30:00,862.6,867.59,845.6,851.55,270501
8/17/2015 15:30:00,843.8,845.71,831.87,836.29,216030
8/18/2015 15:30:00,840.9,844.8,831.83,838.27,420177
8/19/2015 15:30:00,846,853.75,839.41,846.26,556441
8/20/2015 15:30:00,850.2,865.54,850.2,859.12,681437
8/21/2015 15:30:00,862.59,862.59,842.24,848.81,415650
8/24/2015 15:30:00,830,839.71,804.84,808.65,401477
8/25/2015 15:30:00,815.2,830,786.4,821.07,454383
8/26/2015 15:30:00,821,826,794.2,812.24,440752
8/27/2015 15:30:00,824.4,838.8,817.08,826.02,647940
8/28/2015 15:30:00,846,847.82,831.75,836.15,294735
8/31/2015 15:30:00,839.92,863.95,836.16,860.53,463208
9/1/2015 15:30:00,860.97,861.89,841,849.82,497523
9/2/2015 15:30:00,849.98,856.5,835.46,840.03,335510
9/3/2015 15:30:00,846.99,851.89,839.04,841.84,209623
9/4/2015 15:30:00,840,840,805,810.57,365814
9/7/2015 15:30:00,816,819,786,789.3,225072
9/8/2015 15:30:00,789.42,802,770.33,795.51,416533
9/9/2015 15:30:00,812,815.39,791.34,808.21,733624
9/10/2015 15:30:00,803.61,803.81,792,794.71,608979
9/11/2015 15:30:00,803.6,805.78,793.22,802.84,396267
9/14/2015 15:30:00,804.3,810,795.4,808.54,413912
9/15/2015 15:30:00,806,806,796.15,799.31,361675
9/16/2015 15:30:00,804.99,804.99,797.61,802.08,345961
9/18/2015 15:30:00,807.6,809,799.4,801.17,549330
9/21/2015 15:30:00,799.86,799.86,788.2,791.46,211844
9/22/2015 15:30:00,799.99,799.99,780.8,785.94,266434
9/23/2015 15:30:00,781.94,791.43,771.4,786.9,175693
9/24/2015 15:30:00,790,799.8,787.33,794.05,519093
9/28/2015 15:30:00,798.4,845.38,794,838.25,914204
9/29/2015 15:30:00,827.68,829.41,804,816.29,515793
9/30/2015 15:30:00,817.6,839,816,832.47,549384
10/1/2015 15:30:00,842.75,850,838,846.59,397236
10/5/2015 15:30:00,846,846,832.85,836.05,314502
10/6/2015 15:30:00,846.4,860.9,844,849.3,335040
10/7/2015 15:30:00,849.2,849.2,837.33,839.11,266064
10/8/2015 15:30:00,844.8,848.79,840.2,845.04,328454
10/9/2015 15:30:00,852.2,858.98,847.18,851.57,265721
10/12/2015 15:30:00,844.2,856.72,831.19,837.5,242195
10/13/2015 15:30:00,840,850.56,834.54,845.61,265968
10/14/2015 15:30:00,846,852,836.01,839.37,220287
10/15/2015 15:30:00,840,847.92,837.25,841.49,253671
10/16/2015 15:30:00,841.28,855.91,832.05,854,203942
10/19/2015 15:30:00,846.02,872,842.07,869.52,336720
10/20/2015 15:30:00,874,877.32,854.13,863.94,363202
10/21/2015 15:30:00,853,853,832.6,834.72,909275
10/23/2015 15:30:00,838,839.48,828.27,837.68,1460561
10/26/2015 15:30:00,850.2,852.2,831.11,840.15,870946
10/27/2015 15:30:00,844.99,845,832.5,835.82,814250
10/28/2015 15:30:00,840,840,816.02,822.73,645418
10/29/2015 15:30:00,822.99,848,816.64,844.27,1215125
10/30/2015 15:30:00,852.2,873.07,846,855.98,1045396
11/2/2015 15:30:00,850.6,863.03,846.64,859.26,447520
11/3/2015 15:30:00,862,869,859.85,867.03,506774
11/4/2015 15:30:00,868.02,875.84,862,864.58,286491
11/5/2015 15:30:00,861.02,865.64,847.42,849.88,302249
11/6/2015 15:30:00,851.6,858.4,723,726.13,4015493
11/9/2015 15:30:00,714,715,689.19,700.23,1714348
11/10/2015 15:30:00,699.6,699.6,660,666.14,1893661
11/13/2015 15:30:00,663.2,681.74,659.6,677.92,1706696
11/16/2015 15:30:00,688,705,682,701.84,1305091
11/17/2015 15:30:00,692,694.21,682.02,688.26,788420
11/18/2015 15:30:00,684.6,686.8,672,673.39,743528
11/19/2015 15:30:00,680,681,627.57,656.22,3806366
11/20/2015 15:30:00,663.4,675.43,661.95,670.62,784238
11/23/2015 15:30:00,672,684.76,672,681.85,567770
11/24/2015 15:30:00,679.8,681.8,670,677.54,321508
11/26/2015 15:30:00,630,639.98,616.2,620.15,2741563
11/27/2015 15:30:00,626,627.99,609.41,619.86,1388236
11/30/2015 15:30:00,623,627.6,620.41,622,771131
12/1/2015 15:30:00,626.4,644.89,625.9,642.18,1184956
12/2/2015 15:30:00,645,653,644,650.33,835919
12/3/2015 15:30:00,649.4,649.4,640.23,644.73,392118
12/4/2015 15:30:00,638.84,643.26,636,639.1,325868
12/7/2015 15:30:00,640.59,641.06,630.47,635.98,346625
12/8/2015 15:30:00,629.76,630.58,608.6,612.64,878625
12/9/2015 15:30:00,593.59,604.8,590.3,599.04,1039562
12/10/2015 15:30:00,598.8,607.54,593.33,599.06,687090
12/11/2015 15:30:00,599.19,604.79,590.2,593.8,485851
12/14/2015 15:30:00,593.2,603.4,590.25,602.08,375312
12/15/2015 15:30:00,602.2,608.39,597.26,598.84,394765
12/16/2015 15:30:00,601.38,608.6,599.47,600.9,320807
12/17/2015 15:30:00,607.2,612.79,602.11,603.59,492375
12/18/2015 15:30:00,601,601.65,593.96,594.84,438497
12/21/2015 15:30:00,596.7,605.9,592.51,601.89,366770
12/22/2015 15:30:00,604.04,606.4,599,600.22,190308
12/23/2015 15:30:00,603,606.25,602.03,604.92,172714
12/24/2015 15:30:00,607.7,609.81,601,602,226574
12/28/2015 15:30:00,603,625.8,603,624.14,751910
12/29/2015 15:30:00,620,629.43,618,620.1,623330
12/30/2015 15:30:00,622.2,634.4,622.2,624.23,633284
12/31/2015 15:30:00,625.8,631,619.07,621.72,545901
1/1/2016 15:30:00,623.76,624.6,618,621.72,171860
1/4/2016 15:30:00,621,624,608.51,611.2,333993
1/5/2016 15:30:00,613,617.08,612,614.13,301505
1/6/2016 15:30:00,614.79,618.4,606.96,609.25,266798
1/7/2016 15:30:00,604.2,604.2,594,598.36,483903
1/8/2016 15:30:00,596,606.4,595.16,602.14,370871
1/11/2016 15:30:00,598.7,598.8,584.48,586.3,465979
1/12/2016 15:30:00,583.2,588.58,578.05,585.2,471582
1/13/2016 15:30:00,587,589.86,571.08,578.19,375169
1/14/2016 15:30:00,576,585,570.8,583,391322
1/15/2016 15:30:00,586.24,593,584.69,587.18,341129
1/18/2016 15:30:00,585.6,590.14,572.02,574.98,275436
1/19/2016 15:30:00,579.58,589.14,568.33,583.1,245196
1/20/2016 15:30:00,578.6,580.6,571.58,574.02,395332
1/21/2016 15:30:00,578.8,578.8,550.01,551.42,623985
1/22/2016 15:30:00,556.8,582.37,555.81,576.47,384416
1/25/2016 15:30:00,582,585.2,576.08,580.65,188627
1/27/2016 15:30:00,583.6,596.4,580,594.6,427213
1/28/2016 15:30:00,594.72,605.96,593,602.24,610150
1/29/2016 15:30:00,599.59,623.99,594.2,621.08,869984
2/1/2016 15:30:00,617,627.6,608.25,610.1,565741
2/2/2016 15:30:00,612,621.52,608.2,609.7,409389
2/3/2016 15:30:00,607.58,607.58,599.46,601.66,341917
2/4/2016 15:30:00,609.8,609.8,594,601.73,338121
2/5/2016 15:30:00,602.82,624.8,598.68,621.82,440268
2/8/2016 15:30:00,619.8,624.8,606.4,612.62,340587
2/9/2016 15:30:00,611.6,623,589.6,591.92,1121969
2/10/2016 15:30:00,580,587.53,565,577.01,639905
2/11/2016 15:30:00,580,595.51,570.4,577.07,786110
2/12/2016 15:30:00,582.98,586.83,565.06,568.8,508339
2/15/2016 15:30:00,574.46,579.38,562.61,571.81,380782
2/16/2016 15:30:00,572.44,584.7,569.03,571.13,330903
2/17/2016 15:30:00,575.82,597.8,575.82,592.14,727660
2/18/2016 15:30:00,610,630.88,604,620.72,1131720
2/19/2016 15:30:00,621,621,609.14,611.76,385596
2/22/2016 15:30:00,614,623.56,613.48,621.6,287606
2/23/2016 15:30:00,624,629.8,613.2,616.18,346246
2/24/2016 15:30:00,614.94,614.94,600,602.64,397286
2/25/2016 15:30:00,602.18,604.55,597,598.89,559966
2/26/2016 15:30:00,604,605.96,591.24,598.81,243075
2/29/2016 15:30:00,596.12,615.2,595.61,607.25,501895
3/1/2016 15:30:00,608,609.89,600,604.91,319452
3/2/2016 15:30:00,609.98,614.98,601.2,603.05,368531
3/3/2016 15:30:00,612.4,640.2,612.4,637.63,890037
3/4/2016 15:30:00,642.79,656.6,640,650.55,592633
3/8/2016 15:30:00,652,654,637.6,643.91,300671
3/9/2016 15:30:00,644.2,645.22,634.88,643.99,350396
3/10/2016 15:30:00,647.1,647.1,632,636.85,254726
3/11/2016 15:30:00,636,644.44,635.6,642.17,308167
3/14/2016 15:30:00,642,649.4,636.44,646.73,337823
3/15/2016 15:30:00,646.6,646.6,621.8,626.67,214848
3/16/2016 15:30:00,622.2,632.74,613.25,630.86,291791
3/17/2016 15:30:00,632.88,633.02,621.07,625.1,296397
3/18/2016 15:30:00,621.6,635.6,617.28,634.26,380871
3/21/2016 15:30:00,631.4,639.8,625.31,636.45,324841
3/22/2016 15:30:00,636,639.98,609,611.59,1035503
3/23/2016 15:30:00,612,615.75,606.2,609.58,404981
3/28/2016 15:30:00,607.6,614.91,602.82,607.13,380473
3/29/2016 15:30:00,606,606,577.43,588.26,506798
3/30/2016 15:30:00,594.22,605.26,585.09,603.13,361113
3/31/2016 15:30:00,604.4,612.6,600.7,607.04,662246
4/1/2016 15:30:00,604.04,605.23,593.03,595.99,317123
4/4/2016 15:30:00,601.6,608.86,599.4,602.35,306428
4/5/2016 15:30:00,601,608,598.42,599.98,283750
4/6/2016 15:30:00,601.8,608,594.02,600.29,229608
4/7/2016 15:30:00,601,615,601,607.15,358564
4/8/2016 15:30:00,610,617.89,606.06,607.83,220953
4/11/2016 15:30:00,605.83,607,599,605.85,228551
4/12/2016 15:30:00,610,619.6,610,616.55,287065
4/13/2016 15:30:00,620,624.54,617.01,619.9,363972
4/18/2016 15:30:00,620.8,621.8,604.38,618.21,452004
4/20/2016 15:30:00,623.2,626,619.87,621.75,355057
4/21/2016 15:30:00,623.8,627.98,621.75,626.24,307712
4/22/2016 15:30:00,623.58,632,623.58,628.39,242973
4/25/2016 15:30:00,631.69,633.78,619.51,623.23,180448
4/26/2016 15:30:00,623.4,626.97,620.1,624.05,177384
4/27/2016 15:30:00,619.96,627,617.2,626.15,193289
4/28/2016 15:30:00,625.98,628.8,614.32,616.67,328312
4/29/2016 15:30:00,620,621.6,613.4,617.74,387595
5/2/2016 15:30:00,616.19,616.19,601,602.36,213113
5/3/2016 15:30:00,601.8,605.6,590.3,591.87,348671
5/4/2016 15:30:00,589.8,591.8,584,586.66,234042
5/5/2016 15:30:00,587.8,590.4,582.2,585.91,201887
5/6/2016 15:30:00,583.99,583.99,571.99,573.26,244112
5/9/2016 15:30:00,570.2,573.97,564.4,568.01,393782
5/10/2016 15:30:00,572.8,592.4,570.05,584.89,447419
5/11/2016 15:30:00,582.72,582.72,571.01,573.74,363176
5/12/2016 15:30:00,574.2,597.6,568.81,594.29,1731193
5/13/2016 15:30:00,579.98,588.74,576.94,583.44,675622
5/16/2016 15:30:00,585.36,605.6,585.36,600.48,726130
5/17/2016 15:30:00,602.59,607.4,601.82,603.55,307133
5/18/2016 15:30:00,603.1,609,600,605.06,251459
5/19/2016 15:30:00,609.9,609.9,603,605.12,362518
5/20/2016 15:30:00,608,609,604.4,606.76,227540
5/23/2016 15:30:00,604,609.46,603.81,605.96,239049
5/24/2016 15:30:00,605,608,603.02,605.03,176991
5/25/2016 15:30:00,604,615,604,610.31,209454
5/26/2016 15:30:00,612.48,622,612.01,618.14,281507
5/27/2016 15:30:00,616.8,627.6,615.03,623.21,181796
5/30/2016 15:30:00,622.4,635.27,622.4,634.05,275475
5/31/2016 15:30:00,634.71,639.74,632,636.62,556364
6/1/2016 15:30:00,638,643.98,634.42,636.63,194240
6/2/2016 15:30:00,634.4,639.75,633.34,635.41,238424
6/3/2016 15:30:00,637.4,639.39,628.46,632.02,338635
6/6/2016 15:30:00,631.28,633.8,625.26,630.24,398816
6/7/2016 15:30:00,628.03,636.6,626.4,631.19,599266
6/8/2016 15:30:00,629.8,633.16,627,627.59,236533
6/9/2016 15:30:00,619.74,619.8,612.45,614.19,570485
6/10/2016 15:30:00,611.05,618.61,610,613.16,296281
6/13/2016 15:30:00,613.8,620.45,613.6,617.65,396694
6/14/2016 15:30:00,617.6,621.84,616,619.46,269932
6/15/2016 15:30:00,619,619,615.48,617.35,217791
6/16/2016 15:30:00,617.35,617.8,606.4,609.65,1081548
6/17/2016 15:30:00,616.2,618.98,599.96,600.59,1066355
6/20/2016 15:30:00,601.2,612.8,601.2,611.39,142430
6/21/2016 15:30:00,615.8,618.8,607.6,609.81,132471
6/22/2016 15:30:00,613.8,626.8,612.97,621.02,306725
6/23/2016 15:30:00,621.67,635.79,621.67,634.31,216400
6/24/2016 15:30:00,622,633.39,617,630.65,298357
6/27/2016 15:30:00,626.4,653.6,626.4,649.32,416390
6/28/2016 15:30:00,648,657,647.03,654.61,401840
6/29/2016 15:30:00,659.8,664.39,651.86,654.94,424039
6/30/2016 15:30:00,665.64,678.62,663.2,676.34,612595
7/1/2016 15:30:00,686,701.15,686,696.82,549082
7/4/2016 15:30:00,711.12,711.69,683.66,687,340516
7/5/2016 15:30:00,688,696.01,686,690.11,316769
7/7/2016 15:30:00,693.98,709.2,693.6,704.96,602096
7/8/2016 15:30:00,707.41,714.4,699,712.25,214618
7/11/2016 15:30:00,716.4,727.8,714.72,725.29,267863
7/12/2016 15:30:00,725.4,726.38,713.21,719.27,281101
7/13/2016 15:30:00,721,725.34,711,723.12,186326
7/14/2016 15:30:00,718.74,720.43,712,716.64,217026
7/15/2016 15:30:00,716.2,722.76,712.75,717.6,273690
7/18/2016 15:30:00,717.25,722,708.8,713.55,227145
7/19/2016 15:30:00,713.4,720.6,712.61,717.18,182944
7/20/2016 15:30:00,718.8,737.97,718,735.33,302483
7/21/2016 15:30:00,732.8,732.8,719.08,723.4,241834
7/22/2016 15:30:00,722.76,728.34,715.81,719.97,317079
7/25/2016 15:30:00,714,715.83,693,696.47,561154
7/26/2016 15:30:00,697.6,703.59,658.02,663.93,1535245
7/27/2016 15:30:00,604.02,613.88,591.65,596.04,4718843
7/28/2016 15:30:00,597.8,603.76,590.58,591.95,1143813
7/29/2016 15:30:00,593.2,595.4,585.02,587.07,689747
8/1/2016 15:30:00,590.6,600.59,589.62,596.1,622422
8/2/2016 15:30:00,597.8,599.8,593,595.47,409460
8/3/2016 15:30:00,594.9,595.4,586,587.83,347593
8/4/2016 15:30:00,591.72,596.36,586.22,592.49,300510
8/5/2016 15:30:00,596.49,603,594.15,601.74,297666
8/8/2016 15:30:00,605.96,608.95,601.8,607.24,403194
8/9/2016 15:30:00,608,611.66,604.21,607.66,242010
8/10/2016 15:30:00,606.4,606.4,597.6,599.93,249862
8/11/2016 15:30:00,598.99,604.73,594.66,602.17,227978
8/12/2016 15:30:00,601.54,604.4,596.8,602.23,241831
8/16/2016 15:30:00,601.8,603.59,596.4,601.37,304625
8/17/2016 15:30:00,596.42,603.98,596.42,600.93,352651
8/18/2016 15:30:00,606,608.6,603.13,605.44,264740
8/19/2016 15:30:00,606,607.17,600.6,602.03,173886
8/22/2016 15:30:00,603.6,604.95,596.6,602.6,173379
8/23/2016 15:30:00,604.6,604.77,599,601.84,217792
8/24/2016 15:30:00,605,608.8,601.44,607.96,253913
8/25/2016 15:30:00,610.2,615.6,608.2,610.06,464797
8/26/2016 15:30:00,612,614.21,605,608.08,234513
8/29/2016 15:30:00,611,611.8,603.5,610.43,145863
8/30/2016 15:30:00,612.8,620,608.2,618.15,215601
8/31/2016 15:30:00,619.5,626.03,615.96,617.97,478195
9/1/2016 15:30:00,614.01,621.78,613.26,619.53,272305
9/2/2016 15:30:00,619.42,627.8,616.42,624.61,196230
9/6/2016 15:30:00,626.2,629,623.1,626.61,132545
9/7/2016 15:30:00,627.2,631.53,623.13,627.77,152585
9/8/2016 15:30:00,630.63,639.6,628.4,637.69,200512
9/9/2016 15:30:00,634.5,645,634.12,638.66,199532
9/12/2016 15:30:00,630.6,637,626.4,627.52,167467
9/14/2016 15:30:00,629.99,634,627,631.56,140534
9/15/2016 15:30:00,632.78,635.96,626.41,627.89,111813
9/16/2016 15:30:00,628.2,635.63,627,630.03,208363
9/19/2016 15:30:00,633.4,634.98,628.2,631.47,132885
9/20/2016 15:30:00,634,640,630.07,631.56,281154
9/21/2016 15:30:00,632.4,635.8,627,630.6,250048
9/22/2016 15:30:00,630.4,635.1,628.43,629.86,287608
9/23/2016 15:30:00,633.8,637.39,630.08,636.44,155117
9/26/2016 15:30:00,636.8,644,632.21,639.93,232152
9/27/2016 15:30:00,639,644,636,638.14,174707
9/28/2016 15:30:00,639.84,645.54,637.53,640.07,237167
9/29/2016 15:30:00,640,641.96,622.23,627.08,432211
9/30/2016 15:30:00,625.6,625.8,611.66,621.48,237178
10/3/2016 15:30:00,622.92,637,622.92,632.11,216126
10/4/2016 15:30:00,635.8,635.8,628.48,629.67,158540
10/5/2016 15:30:00,629.6,629.98,621,624.63,180975
10/6/2016 15:30:00,623,623.97,612,615.43,160530
10/7/2016 15:30:00,614,616.4,609,610.86,180517
10/10/2016 15:30:00,610.8,619.76,607.8,615.73,317015
10/13/2016 15:30:00,614.16,616.95,605.52,610.03,387997
10/14/2016 15:30:00,612.59,612.59,604.32,606.25,412160
10/17/2016 15:30:00,606,611.17,602.4,605.79,200948
10/18/2016 15:30:00,607,610.8,604.2,609.07,155252
10/19/2016 15:30:00,609.2,614.8,609.2,613.1,214329
10/20/2016 15:30:00,615.02,618,611.12,615.76,100966
10/21/2016 15:30:00,619.8,628.6,617.72,622.72,313753
10/24/2016 15:30:00,624,626.45,614.42,617.85,273795
10/25/2016 15:30:00,621.78,641.8,613.7,640.12,1112884
10/26/2016 15:30:00,641.2,650.98,630.63,648.46,492547
10/27/2016 15:30:00,652,666.59,648.44,664.96,690885
10/28/2016 15:30:00,664,679.98,663.34,672.69,549677
11/1/2016 15:30:00,665.6,672.35,660.59,665.32,311593
11/2/2016 15:30:00,662.2,668,650,652.16,400036
11/3/2016 15:30:00,654,658,651.01,652.47,160820
11/4/2016 15:30:00,633.6,633.6,613.36,615.94,632010
11/7/2016 15:30:00,624.8,630.99,616.21,621.33,229170
11/8/2016 15:30:00,622.2,629.4,619.8,623.8,303003
11/9/2016 15:30:00,600.2,668.2,592.01,656.51,663975
11/10/2016 15:30:00,662,666.67,653.01,655.65,313597
11/11/2016 15:30:00,645.6,660.17,645.6,651.25,334735
11/15/2016 15:30:00,651.3,666,651.3,662.14,319006
11/16/2016 15:30:00,667,670.99,639,642.19,336964
11/17/2016 15:30:00,636.5,645,631.22,641.43,232127
11/18/2016 15:30:00,648.8,651.6,628.42,642.97,218696
11/21/2016 15:30:00,638.82,638.94,622.21,626.88,243056
11/22/2016 15:30:00,627,630.55,615.07,624.33,213368
11/23/2016 15:30:00,620,629.2,619.01,625.72,309620
11/24/2016 15:30:00,627,629.71,617,622.34,296984
11/25/2016 15:30:00,624.8,640.73,615.2,633.69,304161
11/28/2016 15:30:00,634.1,638.1,632.2,634.58,204391
11/29/2016 15:30:00,634.77,640.56,632,637.65,242305
11/30/2016 15:30:00,641,643.59,635.68,639.38,604650
12/1/2016 15:30:00,641,649.45,639.15,647.75,212223
12/2/2016 15:30:00,636.8,641.16,630.36,636.1,341050
12/5/2016 15:30:00,639.5,639.5,623.71,633.63,406294
12/6/2016 15:30:00,636.2,642.39,635.97,639.18,115027
12/7/2016 15:30:00,637,641.8,634.11,636.76,153459
12/8/2016 15:30:00,632,648.31,628.6,642.34,262911
12/9/2016 15:30:00,643.4,643.4,633.02,637.28,116457
12/12/2016 15:30:00,637.8,637.8,627.73,629.58,111321
12/13/2016 15:30:00,631.8,636,628.88,633.37,79614
12/14/2016 15:30:00,632.8,633.45,627.99,629.54,89670
12/15/2016 15:30:00,630.4,631.96,620.34,621.5,122591
12/16/2016 15:30:00,623.4,626.6,620.29,621.56,160034
12/19/2016 15:30:00,622,623,611.02,613.77,217810
12/20/2016 15:30:00,615.06,617.6,607.24,609.3,250155
12/21/2016 15:30:00,610.4,613.4,604.04,607.37,234240
12/22/2016 15:30:00,604.67,608,600.2,602.47,252985
12/23/2016 15:30:00,600.22,608.14,596.02,599.71,143259
12/26/2016 15:30:00,598,605.6,595.82,597.2,106615
12/27/2016 15:30:00,597.6,608,596.6,606.99,135597
12/28/2016 15:30:00,607.64,622.35,607.55,613.91,147327
12/29/2016 15:30:00,613.91,616.39,608.32,613.25,190759
12/30/2016 15:30:00,615,615,609.42,612.08,177049
1/2/2017 15:30:00,613.2,623.4,613.2,616.68,95526
1/3/2017 15:30:00,619,622.99,613.15,614.48,110920
1/4/2017 15:30:00,619.25,622.66,615.01,618.26,235845
1/5/2017 15:30:00,617.73,629,615.2,627.25,243653
1/6/2017 15:30:00,629.76,640.77,629.14,631.83,354039
1/9/2017 15:30:00,630.8,630.8,610.37,612.04,280298
1/10/2017 15:30:00,614.17,614.8,607.03,608.37,246022
1/11/2017 15:30:00,611.01,612,604.39,609.38,277037
1/12/2017 15:30:00,595.4,603.82,588.6,601.7,434390
1/13/2017 15:30:00,598.4,600.8,595,595.95,197516
1/16/2017 15:30:00,599.8,601.4,593.07,597.06,201640
1/17/2017 15:30:00,597.61,600,594.15,595.31,117685
1/18/2017 15:30:00,595.32,596.44,588.4,589.61,431020
1/19/2017 15:30:00,591.6,594.95,586.69,588.05,281420
1/20/2017 15:30:00,588,591.94,584,589.48,240877
1/23/2017 15:30:00,587.8,591.99,580.8,584.73,239373
1/24/2017 15:30:00,588.05,595.96,586.35,594.67,199296
1/25/2017 15:30:00,595,601.8,591.13,599.26,327631
1/27/2017 15:30:00,594,602.31,592,598.91,192111
1/30/2017 15:30:00,598,608.78,596.81,603.41,192634
1/31/2017 15:30:00,604.8,608.4,602.44,603.76,144631
2/1/2017 15:30:00,604.22,606.59,588.82,600.24,266573
2/2/2017 15:30:00,600.62,627.9,596.41,619.41,503874
2/3/2017 15:30:00,622,631.8,616.59,628.91,276520
2/6/2017 15:30:00,634,635.4,609.18,619.36,496961
2/7/2017 15:30:00,619,622,609.4,613.02,193317
2/8/2017 15:30:00,613.59,613.59,600.2,603.09,382685
2/9/2017 15:30:00,604.4,605.88,600.6,604.62,188798
2/10/2017 15:30:00,604.98,606.87,594,595.21,315001
2/13/2017 15:30:00,596.19,597.65,591.09,593.39,150555
2/14/2017 15:30:00,594.36,594.36,587,588.29,280718
2/15/2017 15:30:00,588,588.79,581.24,582.27,191099
2/16/2017 15:30:00,582.82,588.5,559.79,584.64,1367869
2/17/2017 15:30:00,585.2,590.75,580,582.54,897496
2/20/2017 15:30:00,584.48,585.01,578,579.75,560362
2/21/2017 15:30:00,579.6,587.02,577.02,578.81,1524490
2/22/2017 15:30:00,580.4,585.4,578.85,580.64,856440
2/23/2017 15:30:00,584.8,584.8,575,577.48,747359
2/27/2017 15:30:00,576.94,577.37,569.34,571.4,714981
2/28/2017 15:30:00,574.05,574.6,569,569.99,542658
3/1/2017 15:30:00,571,589.76,570.02,584.66,898063
3/2/2017 15:30:00,581.98,581.98,572.48,574.1,425852
3/3/2017 15:30:00,576.31,578.76,572.72,574.22,291202
3/6/2017 15:30:00,576.8,576.8,570.2,571.77,212010
3/7/2017 15:30:00,573.8,576.64,570,570.46,209860
3/8/2017 15:30:00,569.8,574.55,564.6,569.36,366171
3/9/2017 15:30:00,554,556.6,540,540.97,2195287
3/10/2017 15:30:00,541.78,546.58,540.2,543.17,548845
3/14/2017 15:30:00,549.34,550.97,543.34,548.2,497842
3/15/2017 15:30:00,544.8,551.2,544.8,547.92,277868
3/16/2017 15:30:00,550,553,549.01,550.34,311899
3/17/2017 15:30:00,550.6,550.6,544.8,547.25,363382
3/20/2017 15:30:00,548.4,549.2,546,546.87,401080
3/21/2017 15:30:00,546,546,520,524.65,1453633
3/22/2017 15:30:00,514.14,531.98,511.04,525.93,886183
3/23/2017 15:30:00,525,529.54,524,526.24,316119
3/24/2017 15:30:00,526.16,529,523.27,525.67,345182
3/27/2017 15:30:00,523.4,529.56,523,526.39,356219
3/28/2017 15:30:00,528,529.81,525.25,527.55,151537
3/29/2017 15:30:00,527.97,528.66,525,526.73,327782
3/30/2017 15:30:00,526.02,529.21,521.22,522.65,719999
3/31/2017 15:30:00,522.8,529,522.8,526.47,295041
4/3/2017 15:30:00,528.96,550.8,525.42,548.89,688429
4/5/2017 15:30:00,549,554,534.6,548.27,1033667
4/6/2017 15:30:00,548.16,549.64,541.57,543.62,290413
4/7/2017 15:30:00,542.6,542.6,530.8,532.27,322812
4/10/2017 15:30:00,531,534.15,526.49,527.17,190492
4/11/2017 15:30:00,530.2,530.6,524.79,525.62,140229
4/12/2017 15:30:00,526.6,530.38,523.06,528.97,245231
4/13/2017 15:30:00,531,533.2,527.41,528.19,159436
4/17/2017 15:30:00,544,544.7,530.31,532.25,468108
4/18/2017 15:30:00,534.98,536.6,524.8,525.69,212817
4/19/2017 15:30:00,526,527.2,520.5,521.48,202446
4/20/2017 15:30:00,523.6,526,521.11,522.5,147833
4/21/2017 15:30:00,526,527,521.4,521.93,110154
4/24/2017 15:30:00,523.93,525.35,518.01,522.56,138856
4/25/2017 15:30:00,525.6,530.32,523.43,529.19,275155
4/26/2017 15:30:00,528.2,530.07,521.22,522.13,323504
4/27/2017 15:30:00,522.28,525,517.45,519.31,402022
4/28/2017 15:30:00,522.05,522.57,516.71,519.83,136374
5/2/2017 15:30:00,515.6,523.35,513.2,516.53,223344
5/3/2017 15:30:00,519.6,520.96,514.4,519.12,128240
5/4/2017 15:30:00,519.4,523.98,517.73,521.2,121309
5/5/2017 15:30:00,520.8,525,518.8,520.6,136837
5/8/2017 15:30:00,518.3,522.19,517.72,520.1,110278
5/9/2017 15:30:00,520.6,520.8,514.8,516.23,102353
5/10/2017 15:30:00,518.4,524.58,515.82,520.57,366931
5/11/2017 15:30:00,523.97,523.97,515,518.8,214170
5/12/2017 15:30:00,520.6,523,504.39,516.16,1230471
5/15/2017 15:30:00,520,539.8,518.4,535.16,946756
5/16/2017 15:30:00,538.16,546.8,538.16,544.82,440462
5/17/2017 15:30:00,544,552,537.31,547.38,409818
5/18/2017 15:30:00,539,543.97,534.44,535.79,282411
5/19/2017 15:30:00,538.99,538.99,527.4,531.29,260677
5/22/2017 15:30:00,536,536.39,520.42,521.74,154462
5/23/2017 15:30:00,523.76,523.76,508.56,515.89,284428
5/24/2017 15:30:00,514.6,514.6,502,503.36,366315
5/25/2017 15:30:00,501.48,501.67,479.6,485.54,808310
5/26/2017 15:30:00,500,501.99,480.76,482.88,721031
5/29/2017 15:30:00,486.02,493,476.07,485.17,543508
5/30/2017 15:30:00,483.99,500,483.23,496.27,437985
5/31/2017 15:30:00,498,508.8,492.8,504.77,786086
6/1/2017 15:30:00,508,513.55,502.78,504.56,324502
6/2/2017 15:30:00,507.04,514.96,505.03,510.9,293291
6/5/2017 15:30:00,508.63,513.6,504.02,507.17,224677
6/6/2017 15:30:00,506.99,513.1,503.2,509.86,172111
6/7/2017 15:30:00,507.6,512.9,503.21,508.13,247189
6/8/2017 15:30:00,509.1,533.25,509.1,527.25,845476
6/9/2017 15:30:00,530,530,520.4,525.76,206211
6/12/2017 15:30:00,525.26,531.39,523.41,526.05,138429
6/13/2017 15:30:00,526.64,529.1,522.41,525.34,135916
6/14/2017 15:30:00,533.6,539.8,529.08,533.86,748839
6/15/2017 15:30:00,532.54,544.19,531,540.1,694652
6/16/2017 15:30:00,542.84,543.63,526.2,536.52,370538
6/19/2017 15:30:00,534.4,534.4,528.11,531.49,441803
6/20/2017 15:30:00,532.07,539,530.72,535.21,196527
6/21/2017 15:30:00,535,539,531.15,537.41,179216
6/22/2017 15:30:00,538.02,539.98,523.71,527.12,171787
6/23/2017 15:30:00,527.22,531.88,522.96,528.74,232808
6/27/2017 15:30:00,526.05,534,526.05,530.62,265871
6/28/2017 15:30:00,526.2,532.94,525.03,530.35,191968
6/29/2017 15:30:00,530.24,533.39,528.01,530.3,181588
6/30/2017 15:30:00,530,542.2,529,538.02,327643
7/3/2017 15:30:00,540,541.22,533,536.51,144646
7/4/2017 15:30:00,533.62,535.22,522.06,524.74,264253
7/5/2017 15:30:00,524.3,533.8,524.3,532.99,181326
7/6/2017 15:30:00,532.99,535.8,528.42,533.58,124936
7/7/2017 15:30:00,533.96,545.9,533.45,541.08,284992
7/10/2017 15:30:00,542.2,549.1,542.2,545.24,40195
7/11/2017 15:30:00,546,546.48,536.6,538.25,160926
7/12/2017 15:30:00,538.77,544.29,533.73,538.02,213175
7/13/2017 15:30:00,538.65,543.95,536.6,538.8,137183
7/14/2017 15:30:00,539.83,545,537.28,540.6,195286
7/17/2017 15:30:00,539.48,540.74,536.46,539.45,201896
7/18/2017 15:30:00,538,548.66,537.51,543.79,301108
7/19/2017 15:30:00,544.6,556.96,544.07,554.8,364602
7/20/2017 15:30:00,554.99,555.68,548.46,550.02,187889
7/21/2017 15:30:00,547.6,556,545.4,552.51,282516
7/24/2017 15:30:00,557,557.4,537.78,539.29,517895
7/25/2017 15:30:00,539.29,542.67,536,538.43,374960
7/26/2017 15:30:00,541.6,543.31,536.18,541.47,174665
7/27/2017 15:30:00,542,544.6,517.4,524.07,1822665
7/28/2017 15:30:00,499.9,501.31,490.22,492.99,1548997
7/31/2017 15:30:00,487.6,489.62,475,476.64,1525068
8/1/2017 15:30:00,475.8,491.6,473.96,486.31,1034078
8/2/2017 15:30:00,487.02,487.98,474.48,475.71,570459
8/3/2017 15:30:00,477.6,479.4,462.87,464.79,777585
8/4/2017 15:30:00,463,463.01,446.02,447.91,1226639
8/7/2017 15:30:00,448,451.4,440,441.39,736078
8/8/2017 15:30:00,441.16,441.39,416.97,419.13,1360991
8/9/2017 15:30:00,418.18,421,406.5,409.67,1124987
8/10/2017 15:30:00,408.4,419.8,386.82,388.89,1540007
8/11/2017 15:30:00,385.01,405.99,380.23,402.23,1857913
8/14/2017 15:30:00,400,407.98,394.02,400.41,843270
8/16/2017 15:30:00,399,403.56,394.01,401.05,662136
8/17/2017 15:30:00,402,406.38,398.49,402.25,540131
8/18/2017 15:30:00,399.6,401.51,394.26,396.4,349297
8/21/2017 15:30:00,398,400.2,384.22,386.22,418295
8/22/2017 15:30:00,389,402.8,387,396.83,772164
8/23/2017 15:30:00,398.2,410.69,398.2,406.19,809996
8/24/2017 15:30:00,405.6,420,402.11,417.63,1124967
8/28/2017 15:30:00,416.8,417.95,405.42,409.88,844176
8/29/2017 15:30:00,409.8,413.5,406.4,408.41,607366
8/30/2017 15:30:00,409.4,414.88,406.28,407.78,401449
8/31/2017 15:30:00,408.8,410.34,401.2,404.18,837809
9/1/2017 15:30:00,423,446.6,423,443.51,3613589
9/4/2017 15:30:00,446.8,447.28,434.65,439.02,947235
9/5/2017 15:30:00,439.66,443.67,436.38,441.83,513527
9/6/2017 15:30:00,437.07,441.6,435.15,439.38,527252
9/7/2017 15:30:00,440.8,447,440.2,444.99,491394
9/8/2017 15:30:00,445.8,445.8,413.23,432.5,1719424
9/11/2017 15:30:00,433.8,439.6,430.8,431.9,445377
9/12/2017 15:30:00,433,439.48,427.08,433.15,517997
9/13/2017 15:30:00,437.4,445.6,433.83,443.47,755242
9/14/2017 15:30:00,446.8,452.99,446,450.67,613254
9/15/2017 15:30:00,445.04,449,440.22,442.24,672801
9/18/2017 15:30:00,440.8,451.71,435.12,448.41,730962
9/19/2017 15:30:00,446.4,453,440,448.31,566790
9/20/2017 15:30:00,450,465.8,448,462.94,1333098
9/21/2017 15:30:00,469.25,500,469.25,497.31,4057364
9/22/2017 15:30:00,498.8,505.35,489.31,491.55,1991351
9/25/2017 15:30:00,492.8,495,481,483.45,911049
9/26/2017 15:30:00,482.8,483,464.53,474.15,1424436
9/27/2017 15:30:00,472,476.8,456.22,460.94,935536
9/28/2017 15:30:00,460,483,454.44,475.08,2815633
9/29/2017 15:30:00,475.08,478.14,464.02,465.75,1133595
10/3/2017 15:30:00,483,483,464.09,467.11,978860
10/4/2017 15:30:00,468.4,479.68,463.91,477.52,1187980
10/5/2017 15:30:00,478.4,485.68,475.2,477.83,759504
10/6/2017 15:30:00,479,481.98,473.6,475.17,533762
10/9/2017 15:30:00,476,486.6,475.85,481.79,633048
10/10/2017 15:30:00,483.94,486.25,480.32,482.27,316335
10/11/2017 15:30:00,481.98,484.01,470.28,474.43,450295
10/12/2017 15:30:00,479.4,479.4,471.7,475.97,416094
10/13/2017 15:30:00,474.6,475.92,470,470.89,341789
10/16/2017 15:30:00,471.2,482.2,471.2,480.7,386658
10/17/2017 20:00:00,479.4,479.4,475.1,476.27,307110
10/18/2017 15:30:00,477.34,480.8,475.2,477.08,333114
10/19/2017 20:00:00,477,477.4,472.41,475.38,47303
10/23/2017 15:30:00,478.02,483,470.4,473.24,363956
10/24/2017 15:30:00,474.6,476.46,471.2,472.73,194673
10/25/2017 15:30:00,473.2,479.02,468.04,469.77,295696
10/26/2017 15:30:00,469.88,471.59,463,468.87,449242
10/27/2017 15:30:00,470.94,482,467.96,478.99,434936
10/30/2017 15:30:00,479.2,493,473.41,487.7,832219
10/31/2017 15:30:00,484,500.8,478,485.63,1957333
11/1/2017 15:30:00,482.4,483.73,469.6,470.84,1176092
11/2/2017 15:30:00,470.84,488,470.84,482.28,1239887
11/3/2017 15:30:00,486.94,489.96,478.59,483.82,576646
11/6/2017 15:30:00,482.8,483.82,476.13,478.45,283667
11/7/2017 15:30:00,480.44,483,467.5,475.6,518350
11/8/2017 15:30:00,476.04,484,468,469.32,432395
11/9/2017 15:30:00,473.72,476.82,468.04,474.02,345854
11/10/2017 15:30:00,473.96,475.98,468,469.57,209756
11/13/2017 15:30:00,470.94,475,466.01,468.82,299182
11/14/2017 15:30:00,469.74,469.99,462.01,464.06,279262
11/15/2017 15:30:00,464.88,467.4,458.6,462.03,224495
11/16/2017 15:30:00,464.42,468.42,463,466.71,282950
11/17/2017 15:30:00,466.71,471.39,460.6,464.52,274657
11/20/2017 15:30:00,467.4,467.4,452.03,454.89,273585
11/21/2017 15:30:00,455.04,498.8,455.04,478.83,2392882
11/22/2017 15:30:00,473,476.99,467.21,472.13,536873
11/23/2017 15:30:00,472.21,473.4,460,461.25,686743
11/24/2017 15:30:00,462,464.58,457.37,459.01,346100
11/27/2017 15:30:00,459.2,461.16,456.11,458.96,246222
11/28/2017 15:30:00,458,460.8,453.6,458.18,307103
11/29/2017 15:30:00,458.8,463.98,454,455.36,575033
11/30/2017 15:30:00,452.2,462.43,452.2,456.81,1452047
12/1/2017 15:30:00,456,457.2,444.5,446.78,529288
12/4/2017 15:30:00,455,455,445.81,448.48,295595
12/5/2017 15:30:00,449.4,449.4,440.42,441.87,285781
12/6/2017 15:30:00,441.6,444.75,438.88,440.04,260730
12/7/2017 15:30:00,441.6,443,437.6,439.21,234439
12/8/2017 15:30:00,441.22,441.6,435.87,437.09,383817
12/11/2017 15:30:00,439.74,442.78,434.2,438.58,377793
12/12/2017 15:30:00,464.9,465.28,446.76,451.27,1482214
12/13/2017 15:30:00,452,457.47,450.61,452.14,401576
12/14/2017 15:30:00,457.62,463.94,455,462.13,836204
12/15/2017 15:30:00,465,476,463.29,474.3,743680
12/18/2017 15:30:00,473,485.6,466.59,479,528351
12/19/2017 15:30:00,480.9,484.32,478.24,479.9,448959
12/20/2017 15:30:00,479,479,470.08,471.2,291975
12/21/2017 15:30:00,473,474.94,468.2,470.35,249941
12/22/2017 15:30:00,472,472.6,466,466.54,249602
12/26/2017 15:30:00,466.99,473.4,465.8,472.06,410936
12/27/2017 15:30:00,472.6,484.81,472.4,480.06,693520
12/28/2017 15:30:00,481.98,489.68,480.25,486,764680
12/29/2017 15:30:00,485.99,489.19,480.63,482.84,331967
1/1/2018 15:30:00,482,487.2,478.81,480.83,242081
1/2/2018 15:30:00,485.4,487.8,479.12,481.84,251537
1/3/2018 15:30:00,477.3,477.3,458.42,467.8,886002
1/4/2018 15:30:00,468.6,484,468.6,482.16,558617
1/5/2018 15:30:00,485.8,495.8,478.98,494.68,639900
1/8/2018 15:30:00,494,502.4,494,495.32,585871
1/9/2018 15:30:00,494.9,495.15,490,491.56,243824
1/10/2018 15:30:00,491.99,494.4,484,485.16,344328
1/11/2018 15:30:00,485.4,490.2,483.6,485.07,185159
1/12/2018 15:30:00,486.6,490.77,482.73,489.53,355780
1/15/2018 15:30:00,489.4,492.25,485.01,486.35,156821
1/16/2018 15:30:00,487.2,496.8,486.35,493.74,372133
1/17/2018 15:30:00,493.4,501.2,492.57,498.37,381788
1/18/2018 15:30:00,500,506.8,490.03,492.3,584198
1/19/2018 15:30:00,493.4,501,490.4,498.07,240896
1/22/2018 15:30:00,488,503.8,488,499.31,692415
1/23/2018 15:30:00,502,509.99,500.2,504.08,730091
1/24/2018 15:30:00,504.6,523,504.6,511.88,1126277
1/25/2018 15:30:00,510.8,519.42,490.64,501.55,2652030
1/29/2018 15:30:00,489.79,490.4,468.4,471.42,1154567
1/30/2018 15:30:00,471.2,471.2,457.04,461.23,858002
1/31/2018 15:30:00,458.6,461.23,440.71,445.07,1143907
2/1/2018 15:30:00,445,445,430.62,431.59,968321
2/2/2018 15:30:00,430,442.21,422.01,424.71,959646
2/5/2018 15:30:00,422.04,427.8,417.73,423.3,603638
2/6/2018 15:30:00,410,424.8,401.11,419.14,763234
2/7/2018 15:30:00,425.03,429.4,419.25,422.28,398161
2/8/2018 15:30:00,425,439.2,425,436.09,889623
2/9/2018 15:30:00,430,441.6,426.72,438.76,479123
2/12/2018 15:30:00,438.94,445.95,435.8,440.85,482626
2/14/2018 15:30:00,442,445.2,435.12,436.66,309833
2/15/2018 15:30:00,440.8,443.8,435.46,439.16,345185
2/16/2018 15:30:00,441.4,448,441.4,442.71,458897
2/19/2018 15:30:00,444.6,446.79,421.01,430.4,562310
2/20/2018 15:30:00,431,439.3,428.84,432.73,669025
2/21/2018 15:30:00,436.04,440.4,428.15,433.18,498005
2/22/2018 15:30:00,433.4,434.52,417.31,424.69,1665309
2/23/2018 15:30:00,428.48,437,427.01,433.41,743506
2/26/2018 15:30:00,424,441.44,418,438.76,1184749
2/27/2018 15:30:00,440.04,448.31,439.66,447.2,676152
2/28/2018 15:30:00,444.61,453.39,443.64,447.45,992777
3/1/2018 15:30:00,440.01,447.95,438.71,446.3,430777
3/5/2018 15:30:00,445.96,447.98,435.16,436.16,598344
3/6/2018 15:30:00,440.29,444.76,433.37,435.29,415000
3/7/2018 15:30:00,435.3,440.86,428.6,429.92,492494
3/8/2018 15:30:00,434.58,436.4,425.62,428.68,476763
3/9/2018 15:30:00,432.8,436.56,419,425.98,470814
3/12/2018 15:30:00,432,432.74,424.4,429.68,530428
3/13/2018 15:30:00,428.4,438.83,428.25,436.3,519269
3/14/2018 15:30:00,437,439.2,433.36,436.29,266769
3/15/2018 15:30:00,436.49,443.68,435.4,436.55,335767
3/16/2018 15:30:00,436,441.8,423.66,428.43,594361
3/19/2018 15:30:00,431,434,422.43,423.97,292149
3/20/2018 15:30:00,422.99,432.58,420.39,431.43,387372
3/21/2018 15:30:00,433.76,435.97,426.08,428.34,369060
3/22/2018 15:30:00,427.8,430.15,419.42,421.66,410402
3/23/2018 15:30:00,418.2,420.38,412.04,414.46,474396
3/26/2018 15:30:00,414.4,421.95,410.06,420.8,500280
3/27/2018 15:30:00,419.2,423.8,418,420.49,324567
3/28/2018 15:30:00,420.6,422.72,414.32,416.11,665647
4/2/2018 15:30:00,416,427.6,416,426.42,245975
4/3/2018 15:30:00,422.2,429.97,422.2,424.98,279023
4/4/2018 15:30:00,424.8,425.05,415.99,418.28,353719
4/5/2018 15:30:00,423,427.12,419.4,422.22,375110
4/6/2018 15:30:00,422.4,426.72,421.01,424.96,264845
4/9/2018 15:30:00,424,427.08,421.8,424.25,223287
4/10/2018 15:30:00,424.6,427,416.55,422.42,515981
4/11/2018 15:30:00,426,426.61,418,420.14,306020
4/12/2018 15:30:00,415.6,415.6,410.86,412.1,679256
4/13/2018 15:30:00,414.46,419.2,413.56,417.99,441352
4/16/2018 15:30:00,416.24,422,415,420.49,289585
4/17/2018 15:30:00,421,423.43,417.6,421.11,293638
4/18/2018 15:30:00,422.94,423.45,418.21,420.33,227808
4/19/2018 15:30:00,422.2,428,421.4,427.26,322550
4/20/2018 15:30:00,426,429.19,421.21,424.38,267337
4/23/2018 15:30:00,424.68,428.4,419,427.11,545145
4/24/2018 15:30:00,426.38,436,425.41,430.03,886215
4/25/2018 15:30:00,430.29,431.19,422.6,423.6,288899
4/26/2018 15:30:00,425.6,429.44,412.82,415.37,1355549
4/27/2018 15:30:00,419.6,422.44,416.4,419.55,319344
4/30/2018 15:30:00,422.16,425.38,419.61,421.97,222664
5/2/2018 15:30:00,423.28,425.56,420.41,423.64,198229
5/3/2018 15:30:00,424.44,425.22,417.53,424.22,180076
5/4/2018 15:30:00,426,429,419.58,421.32,364533
5/7/2018 15:30:00,422,422.15,411,413.9,344097
5/8/2018 15:30:00,418,418.81,413,414.99,250444
5/9/2018 15:30:00,415.17,417,411.7,412.87,254351
5/10/2018 15:30:00,411,411.8,396.4,397.92,660318
5/11/2018 15:30:00,400.7,403.58,392,398.1,604488
5/14/2018 15:30:00,402.4,408.6,402.4,403.55,581715
5/15/2018 15:30:00,403.55,406,395.64,401.7,404721
5/16/2018 15:30:00,401.2,401.7,397,398.79,274437
5/17/2018 15:30:00,399.16,399.16,390.02,395.43,466175
5/18/2018 15:30:00,396.56,398.4,393.47,396.4,507296
5/21/2018 15:30:00,398.2,398.2,377.4,378.61,505736
5/22/2018 15:30:00,380.5,407.2,378,401.92,2019136
5/23/2018 15:30:00,395.6,398.78,386.96,390.87,734078
5/24/2018 15:30:00,392.54,397.04,388.59,394.59,458454
5/25/2018 15:30:00,395,399.16,393,393.57,435249
5/28/2018 15:30:00,393.35,402.41,392,398.91,508364
5/29/2018 15:30:00,400,402.91,394.52,396.14,490670
5/30/2018 15:30:00,395,395,390.4,392.36,335848
5/31/2018 15:30:00,394.36,394.36,385.19,387.32,1860178
6/1/2018 15:30:00,388,392.69,386.47,388.28,441861
6/4/2018 15:30:00,395.6,405.58,393,399.2,1400421
6/5/2018 15:30:00,396,397.51,390.8,392.68,365344
6/6/2018 15:30:00,392.6,395.58,389.6,392.09,415605
6/7/2018 15:30:00,393,395.39,392.24,392.99,152700
6/8/2018 15:30:00,394.6,414.52,394.6,412.58,1113559
6/11/2018 15:30:00,412.41,425,410.33,416.64,1612295
6/12/2018 15:30:00,419.4,439,419.4,438.13,2097114
6/13/2018 15:30:00,438,460.8,437,451.26,2580254
6/14/2018 15:30:00,452.01,459.93,449.31,453.88,1588963
6/15/2018 15:30:00,460.6,477.16,459.25,469.97,4456911
6/18/2018 15:30:00,467.8,482.2,458.48,477.17,2310151
6/19/2018 15:30:00,480.64,485.92,475.31,478.6,2106466
6/20/2018 15:30:00,478.6,481.98,470.59,473.55,1149681
6/21/2018 15:30:00,477.8,477.8,461.3,463.28,1115131
6/22/2018 15:30:00,465,469.5,454.81,467.25,1667277
6/25/2018 15:30:00,461,465.36,456.2,458.03,1142767
6/26/2018 15:30:00,456.8,457,451.48,453.43,628148
6/27/2018 15:30:00,451.58,461.36,449.18,458.76,1552070
6/28/2018 15:30:00,457.8,465.19,454.44,459.15,1228463
6/29/2018 15:30:00,455.99,456.8,444.6,447.01,898423
7/2/2018 15:30:00,446,452.11,440.45,448.07,774325
7/3/2018 15:30:00,451.6,456.8,447.04,454.75,756573
7/4/2018 15:30:00,454.76,467.6,454.76,463.45,1065535
7/5/2018 15:30:00,465.99,469.74,457.55,459.73,830939
7/6/2018 15:30:00,460,463.98,451.17,453.81,556218
7/9/2018 15:30:00,456.4,467,456.39,466.01,729897
7/10/2018 15:30:00,469.12,469.12,460.6,464.37,665940
7/11/2018 15:30:00,460.2,466.6,455,460.27,820067
7/12/2018 15:30:00,465.34,477.53,465.33,471.45,1312367
7/13/2018 15:30:00,468,473.28,460.2,463.97,466927
7/16/2018 15:30:00,444.62,444.62,413.99,418.79,3721516
7/17/2018 15:30:00,412,423.8,411.41,413.06,1422184
7/18/2018 15:30:00,416,419.31,408.1,413.13,1219549
7/19/2018 15:30:00,415.56,415.56,405,405.84,762721
7/20/2018 15:30:00,405.2,414.6,404,410.38,755783
7/23/2018 15:30:00,414.6,414.6,406.5,408.34,587029
7/24/2018 15:30:00,408.6,418,408.6,415.52,1289377
7/25/2018 15:30:00,417.4,419.5,412.31,417.64,538614
7/26/2018 15:30:00,415.14,438.2,414.98,426.55,1913049
7/27/2018 15:30:00,427,427,413.48,416.64,896318
7/30/2018 15:30:00,416.01,418.57,411.66,413.44,807995
7/31/2018 15:30:00,415,427,414.12,425.56,1464380
8/1/2018 15:30:00,426,436.4,426,435.14,912903
8/2/2018 15:30:00,435,447.59,434,445.57,1039641
8/3/2018 15:30:00,447.2,458,446,456.21,1013107
8/6/2018 15:30:00,457,465,445.64,446.88,835775
8/7/2018 15:30:00,449.98,456.29,449.01,451.76,499910
8/8/2018 15:30:00,452.6,456,447.4,449.1,345399
8/9/2018 15:30:00,452.78,452.78,441.01,447.54,390701
8/10/2018 15:30:00,447.28,451.38,441.1,442.86,323888
8/13/2018 15:30:00,444,449.8,443.03,448.32,267323
8/14/2018 15:30:00,450.8,458.2,447.81,455.69,482038
8/16/2018 15:30:00,455.07,472.29,454.17,470.69,895988
8/17/2018 15:30:00,474.78,482.26,470.18,472.83,889022
8/20/2018 15:30:00,473,479.39,473,476.15,361318
8/21/2018 15:30:00,477.6,485.58,470.82,482.19,638958
8/23/2018 15:30:00,486,504,485,492.72,1624568
8/24/2018 15:30:00,495,495.48,485.12,489.49,576704
8/27/2018 15:30:00,490.6,492.59,485.3,488.62,457122
8/28/2018 15:30:00,490,496,481.41,482.9,750408
8/29/2018 15:30:00,484,485.9,475.5,476.77,638133
8/30/2018 15:30:00,477,483.59,475.01,476.03,1078598
8/31/2018 15:30:00,479.4,499.8,479,498.4,1981320
9/3/2018 15:30:00,502,526.4,499,518.68,3039924
9/4/2018 15:30:00,519,523,507.41,508.62,1036459
9/5/2018 15:30:00,509.86,518,503.7,513.54,1127153
9/6/2018 15:30:00,516.8,524,511.02,513.39,1084494
9/7/2018 15:30:00,515,528.86,509.12,526.5,1306632
9/10/2018 15:30:00,524.76,531.96,511,512.78,1323873
9/11/2018 15:30:00,515.69,517.29,501.42,504.89,1136931
9/12/2018 15:30:00,505.2,514.89,497.52,505.83,1248825
9/14/2018 15:30:00,511.18,519,510.01,516.37,677333
9/17/2018 15:30:00,516.2,523,509.58,513.7,691773
9/18/2018 15:30:00,515.98,527.4,514,516.83,1111458
9/19/2018 15:30:00,520.68,527.2,514.2,521.42,869947
9/21/2018 15:30:00,528.79,534.16,488.22,511.25,1411007
9/24/2018 15:30:00,515.56,520.19,505.86,510.79,688659
9/25/2018 15:30:00,514.12,523.85,510.05,522.34,759251
9/26/2018 15:30:00,523.54,532.84,518.2,520.17,1206238
9/27/2018 15:30:00,521.98,524.07,505.8,508.2,1050352
9/28/2018 15:30:00,511.8,515.4,496.91,506.13,1069703
10/1/2018 15:30:00,506.2,508.14,488.07,501.72,762356
10/3/2018 15:30:00,503.4,509.8,496.4,497.91,705888
10/4/2018 15:30:00,493.8,498.79,472.05,474.49,804214
10/5/2018 15:30:00,471.2,485.82,470.06,478.91,736953
10/8/2018 15:30:00,479,481.55,466.4,468.02,603789
10/9/2018 15:30:00,471.53,495.4,468.39,490.83,1127674
10/10/2018 15:30:00,493,502.81,491.2,496.92,893571
10/11/2018 15:30:00,482.41,503.2,481.6,491.8,548027
10/12/2018 15:30:00,492,498.19,486.49,490.1,925386
10/15/2018 15:30:00,492.22,515.99,488.68,513.37,1123276
10/16/2018 15:30:00,513.38,518,507.5,514.72,600003
10/17/2018 15:30:00,516,519.8,510.4,513,492009
10/19/2018 15:30:00,510,516.58,506.1,510.47,436984
10/22/2018 15:30:00,512.5,516.53,499.25,503.88,556392
10/23/2018 15:30:00,504.99,509.25,485.02,494.75,823509
10/24/2018 15:30:00,497.6,499.4,477.31,486.86,725644
10/25/2018 15:30:00,482.32,488.99,476,478.1,1339300
10/26/2018 15:30:00,478.28,490,473.61,480.91,1125652
10/29/2018 15:30:00,488,511.8,487.98,506.59,1030783
10/30/2018 15:30:00,506.14,522,503.05,518.86,971039
10/31/2018 15:30:00,487.79,510.88,484.61,508.49,2272822
11/1/2018 15:30:00,512,514.89,489.3,492.32,1370566
11/2/2018 15:30:00,493.1,495.18,480.71,484.65,880708
11/5/2018 19:00:00,488,490.4,478.2,484.18,529589
11/6/2018 15:30:00,483.74,492,482.4,490.17,378830
11/9/2018 15:30:00,493,493,477.8,480,1002927
11/12/2018 15:30:00,482.78,487.57,479,483.11,487888
11/13/2018 15:30:00,483.2,490.2,483.11,487.61,469698
11/14/2018 15:30:00,489.98,494,481.36,489.85,430253
11/15/2018 15:30:00,491.36,499.59,489.99,492.36,498725
11/16/2018 15:30:00,492.6,499.36,488.41,495.41,425810
11/19/2018 15:30:00,509.1,509.12,498,505.72,947022
11/20/2018 15:30:00,504.02,504.02,487.51,488.63,541117
11/21/2018 15:30:00,521.6,531,515.43,520.36,4485824
11/22/2018 15:30:00,516,523.94,515.12,521.74,1009204
11/26/2018 15:30:00,521.4,527.58,504.21,511.72,1129634
11/27/2018 15:30:00,515,520.56,508.4,517.75,1047598
11/28/2018 15:30:00,519,519.07,509.55,514.46,644293
11/29/2018 15:30:00,516.8,533.34,515.02,531.06,1048293
11/30/2018 15:30:00,532.2,546.91,531.41,544.44,1491828
12/3/2018 15:30:00,547.72,548.52,530.49,533.58,983834
12/4/2018 15:30:00,537.6,543.77,536.36,540.81,915453
12/5/2018 15:30:00,539.2,542.79,529.32,534.33,447631
12/6/2018 15:30:00,534.2,536.2,524.23,528.24,515153
12/7/2018 15:30:00,532.2,542.86,528.6,538.51,1179675
12/10/2018 15:30:00,524.62,541.4,524.62,538.09,1005187
12/11/2018 15:30:00,533.7,549.99,533.22,543.23,840779
12/12/2018 15:30:00,534,542.31,506.82,517.27,3413128
12/13/2018 15:30:00,525,525,513.44,519.37,1037801
12/14/2018 15:30:00,519,521.92,513.6,518.34,586360
12/17/2018 15:30:00,520.94,527,520.04,522.63,592403
12/18/2018 15:30:00,520.36,529,516.43,527.86,739253
12/19/2018 15:30:00,529,530.2,516.93,522.75,841239
12/20/2018 15:30:00,521.54,526.79,518.4,525.69,493086
12/21/2018 15:30:00,521.88,523.26,515.62,521.61,747959
12/24/2018 15:30:00,522,524.62,515.64,519.96,504639
12/26/2018 15:30:00,519.6,525.6,515.04,524.46,753624
12/27/2018 15:30:00,528.2,529,516.27,517.49,587578
12/28/2018 15:30:00,521,526.6,520.22,524.38,597700
12/31/2018 15:30:00,526.94,532.76,522,523.3,1026529
1/1/2019 15:30:00,523.62,526.8,520,521.41,338757
1/2/2019 15:30:00,521.2,523.6,515.01,520.21,417551
1/3/2019 15:30:00,521,522.96,512.8,515.47,541891
1/4/2019 15:30:00,516,521.2,512.4,520,407397
1/7/2019 15:30:00,522.77,522.77,507.46,511.73,542415
1/8/2019 15:30:00,512.2,517.37,510.2,514.1,689498
1/9/2019 15:30:00,516.18,522.18,516.18,520.62,464336
1/10/2019 15:30:00,519.62,522,516.63,520.08,390414
1/11/2019 15:30:00,522.16,522.16,516,517.63,316787
1/14/2019 15:30:00,517.07,521,511,515.76,394478
1/15/2019 15:30:00,517,520.8,516.27,518.96,357577
1/16/2019 15:30:00,516,525.54,515.06,523.39,946148
1/17/2019 15:30:00,524,525.76,520,523.83,649802
1/18/2019 15:30:00,521,525.87,518.9,519.36,536273
1/21/2019 15:30:00,521,528.4,516.36,519.96,595064
1/22/2019 15:30:00,519.82,529,517.99,528.06,776066
1/23/2019 15:30:00,527.97,532,526,529.35,754526
1/24/2019 15:30:00,528.41,534.94,528.41,533.69,611565
1/25/2019 15:30:00,534.1,538.2,529.1,534.48,609282
1/28/2019 15:30:00,534.38,534.38,519.41,524.95,684994
1/29/2019 15:30:00,523.2,536.8,520.6,533.29,867696
1/30/2019 15:30:00,531.01,536,527.49,533.08,657014
1/31/2019 15:30:00,533,545.71,530.2,544.16,1231518
2/1/2019 15:30:00,543.54,563.8,543.03,558.25,1450995
2/4/2019 15:30:00,561.58,575.6,543.05,547.04,2149582
2/5/2019 15:30:00,555.04,571.97,554.6,564.29,1653331
2/6/2019 15:30:00,563.2,563.2,552.2,557.94,881795
2/7/2019 15:30:00,558.2,567,558.2,564.36,561804
2/8/2019 15:30:00,563.6,563.6,550.33,553.94,714193
2/11/2019 15:30:00,532.02,541.59,511.87,523.07,1895462
2/12/2019 15:30:00,523.8,535.29,516.8,530.5,1309324
2/13/2019 15:30:00,533,536.35,526.4,529.74,676457
2/14/2019 15:30:00,529.74,534.99,523.2,533.45,597409
2/15/2019 15:30:00,532,532,374.59,512.67,6756271
2/18/2019 15:30:00,530,537.93,509.01,513.11,2687581
2/19/2019 15:30:00,516.79,522,501.02,507.38,2269798
2/20/2019 15:30:00,514.98,516.8,501.71,505.03,1559722
2/21/2019 15:30:00,510,521.2,503.97,517.26,1310397
2/22/2019 15:30:00,516.95,530,511.14,527.9,1378159
2/25/2019 15:30:00,528.05,538.99,524.56,533.38,1275515
2/26/2019 15:30:00,530.78,531.98,525.79,529.56,1013114
2/27/2019 15:30:00,532.9,536.6,526.01,529.38,793098
2/28/2019 15:30:00,533.8,533.8,523.05,526.33,669759
3/1/2019 15:30:00,527.6,531.42,516.01,529.2,885795
3/5/2019 15:30:00,527,533.76,520.92,530.82,646711
3/6/2019 15:30:00,532.12,541.7,531.33,538.73,852395
3/7/2019 15:30:00,538,545.18,533.78,536.15,916759
3/8/2019 15:30:00,533.6,537.19,521.3,523.01,684806
3/11/2019 15:30:00,525.6,531.2,522.21,525.23,1113712
3/12/2019 15:30:00,529.4,535.2,527.6,533.37,544868
3/13/2019 15:30:00,532.6,542,528.92,531.17,704078
3/14/2019 15:30:00,531.17,534.18,523.2,529.58,483712
3/15/2019 15:30:00,531.1,538.75,528.19,531.78,1436054
3/18/2019 15:30:00,531.68,534.86,528.63,533.89,454563
3/19/2019 15:30:00,534,543.45,533.89,541.74,918056
3/20/2019 15:30:00,541.8,552,541.8,550.33,1151949
3/22/2019 15:30:00,555.8,555.8,547.7,550.26,685401
3/25/2019 15:30:00,548.98,559.6,545.35,556.19,1009863
3/26/2019 15:30:00,558.2,558.79,552.5,556.47,484102
3/27/2019 15:30:00,556.21,562.8,548.82,553.01,659032
3/28/2019 15:30:00,554.94,554.94,541.6,543.44,663559
3/29/2019 15:30:00,547.94,557.59,546.64,556.05,578347
4/1/2019 15:30:00,559.79,564.55,556.4,558.96,791811
4/2/2019 15:30:00,560.8,564,556,559.75,588391
4/3/2019 15:30:00,561.6,561.76,551.69,553.04,368516
4/4/2019 15:30:00,554.55,558.51,550.7,554.27,438496
4/5/2019 15:30:00,555.16,555.6,548.5,550.87,445093
4/8/2019 15:30:00,552,556,549.1,552.74,307007
4/9/2019 15:30:00,552.8,553.19,547.38,550.66,413081
4/10/2019 15:30:00,550.43,567.18,549.22,553,1077211
4/11/2019 15:30:00,554.53,563,551.57,562.35,637345
4/12/2019 15:30:00,560,564.2,557.21,561.41,606222
4/15/2019 15:30:00,564.32,565.96,556.2,558.56,556519
4/16/2019 15:30:00,566.2,568,561.4,565.02,771487
4/18/2019 15:30:00,565.59,565.59,558.27,559.82,433608
4/22/2019 15:30:00,562,563.99,555,559.14,347230
4/23/2019 15:30:00,560.1,566.53,560.1,564.43,475888
4/24/2019 15:30:00,567,575,562.62,571.88,748185
4/25/2019 15:30:00,570.33,588,567.89,584.98,1087724
4/26/2019 15:30:00,586.8,590.7,575.11,578.45,925723
4/30/2019 15:30:00,580.79,590,579.06,586.75,601275
5/2/2019 15:30:00,585,592.8,581,583.98,588092
5/3/2019 15:30:00,582.02,586.55,578.14,581.49,364533
5/6/2019 15:30:00,579.39,585.99,577.6,584.12,411016
5/7/2019 19:00:00,587.2,590.4,585.05,588.49,458140
5/8/2019 15:30:00,588.6,589.56,576.52,580.1,450398
5/9/2019 15:30:00,576.45,581.86,567.72,580.12,731120
5/10/2019 15:30:00,581.6,583.44,573.27,575.28,339092
5/13/2019 15:30:00,570.01,571.99,555.53,560.55,659200
5/14/2019 15:30:00,557.16,565.4,552.01,561.52,484950
5/15/2019 15:30:00,562.2,570.77,558.4,562.71,478805
5/16/2019 15:30:00,562.63,565.27,552.04,560.2,385300
5/17/2019 15:30:00,558.2,562,533.49,549,1160721
5/20/2019 15:30:00,555.6,555.8,508.51,517.88,2659265
5/21/2019 15:30:00,518.8,539.99,518.8,533.4,2008336
5/22/2019 15:30:00,532.98,535.98,524.37,531.55,765196
5/23/2019 15:30:00,536,539.98,525.28,527.46,546632
5/24/2019 15:30:00,530,534.79,525.24,532.78,471150
5/27/2019 15:30:00,532.8,533.8,526.49,531.6,340656
5/28/2019 15:30:00,533,536.8,525.28,530.39,1252297
5/29/2019 15:30:00,530,530,518.49,522.15,774498
5/30/2019 15:30:00,522.6,531.98,518.67,530.48,727619
5/31/2019 15:30:00,531.9,537.6,525.28,535.67,939491
6/3/2019 15:30:00,535.96,547.8,530.48,544.82,558848
6/4/2019 15:30:00,550,559.69,480,533.07,2438393
6/6/2019 15:30:00,540.31,541.98,528.8,531.46,608496
6/7/2019 15:30:00,530,531.23,511.05,516.14,782434
6/10/2019 15:30:00,521.62,527.56,513.93,525.85,622985
6/11/2019 15:30:00,527.19,527.19,518.7,521.17,521153
6/12/2019 15:30:00,522.4,525.76,514.5,517.94,528873
6/13/2019 15:30:00,518.2,520.52,511.48,517.65,368693
6/14/2019 15:30:00,516.4,516.4,505.8,513.03,689207
6/17/2019 15:30:00,513.4,516.09,507.72,510.83,526924
6/18/2019 15:30:00,511,520,508.41,518.25,665057
6/19/2019 15:30:00,516.8,518.17,507.5,510.17,845595
6/20/2019 15:30:00,510,515.45,503.6,512.96,568148
6/21/2019 15:30:00,512,515,504.71,510.31,579138
6/24/2019 15:30:00,504.8,506.4,500.93,502.68,452261
6/25/2019 15:30:00,500.42,510.49,497.61,507.21,437218
6/26/2019 15:30:00,506.99,517.49,502.54,515.79,501267
6/27/2019 15:30:00,515.78,515.78,508.78,513.12,465861
6/28/2019 15:30:00,518,523,507.36,510.09,859777
7/1/2019 15:30:00,513.42,535,513.42,530.97,1118522
7/2/2019 15:30:00,531.4,532.39,523.12,525.53,666682
7/3/2019 15:30:00,527.39,527.39,516,519.34,626598
7/4/2019 15:30:00,520.22,524,518.61,520.48,368100
7/5/2019 15:30:00,522,523.9,518.71,520.19,491715
7/8/2019 15:30:00,517.02,524,511.8,519.14,470575
7/9/2019 15:30:00,518.4,525,514.26,519.77,408296
7/10/2019 15:30:00,518.8,520.58,514.48,516.93,311159
7/11/2019 15:30:00,517.2,532.4,517.03,530.61,780105
7/12/2019 15:30:00,529.6,532.05,517.03,525.72,661837
7/15/2019 15:30:00,526.01,534.13,522.44,525.52,499554
7/16/2019 15:30:00,524.53,536.8,520.64,535.3,592319
7/17/2019 15:30:00,533.12,537.58,528.49,533.26,473536
7/18/2019 15:30:00,533.05,535.97,526,531.11,434455
7/19/2019 15:30:00,531.99,536,520.81,522.63,468248
7/22/2019 15:30:00,523.8,528.4,520.04,526.5,349052
7/23/2019 15:30:00,528,528.93,516.09,519.87,480116
7/24/2019 15:30:00,519,522.2,511,519.81,453664
7/25/2019 15:30:00,523.96,533.2,521.45,530.82,516388
7/26/2019 15:30:00,528.01,542.8,524.34,540.99,537619
7/29/2019 15:30:00,541.98,545.36,524.26,530.79,919633
7/30/2019 15:30:00,529.6,538.7,509.82,512,2197242
7/31/2019 15:30:00,507,518,506.6,514.92,834690
8/1/2019 15:30:00,514.6,514.6,500.01,506.75,976249
8/2/2019 15:30:00,506.76,510,499.25,505.84,593989
8/5/2019 15:30:00,504.6,507.59,500.14,502.94,337575
8/6/2019 15:30:00,501.97,516.98,500.2,511.24,603217
8/7/2019 15:30:00,510,517.77,508.19,511.36,316279
8/8/2019 15:30:00,514,517.59,510.01,514.39,255261
8/9/2019 15:30:00,515.35,517.94,512.02,514.69,373925
8/13/2019 15:30:00,515.6,519.9,508.2,511.27,374844
8/14/2019 15:30:00,505.01,507.56,470.24,502.39,1609457
8/16/2019 15:30:00,505.8,505.8,493,498.51,797845
8/19/2019 15:30:00,508,513.79,499,501.82,711303
8/20/2019 15:30:00,504.95,512.89,503.1,510.92,609510
8/21/2019 15:30:00,500,505.38,498.2,500.6,850994
8/22/2019 15:30:00,500.6,512,500.6,509.08,529785
8/23/2019 15:30:00,509.02,512.13,504.8,508.25,572710
8/26/2019 15:30:00,511.99,517,508.41,513.44,435006
8/27/2019 15:30:00,515,516.8,506.56,508.14,583104
8/28/2019 15:30:00,511.5,513.8,500.69,502.42,423228
8/29/2019 15:30:00,503,507,498.79,505.56,504970
8/30/2019 15:30:00,506.04,513.6,502.6,511.5,575277
9/3/2019 15:30:00,511.67,513.4,504.56,506.56,385453
9/4/2019 15:30:00,507.98,522.31,506.58,520.54,819257
9/5/2019 15:30:00,527.35,538.96,527.35,536.49,897710
9/6/2019 15:30:00,536.82,549.39,535.01,547.99,791834
9/9/2019 15:30:00,545.82,552.93,545.82,549.84,639935
9/11/2019 15:30:00,550.4,555.68,548.2,552.2,634349
9/12/2019 15:30:00,553.2,557.6,549.42,553.41,469462
9/13/2019 15:30:00,556.33,558.99,538.55,546.31,1189800
9/16/2019 15:30:00,546.2,552.52,540.62,545.06,818425
9/17/2019 15:30:00,547,552.48,546.12,547.61,468543
9/18/2019 15:30:00,547.96,552.39,543.03,548.73,364302
9/19/2019 15:30:00,548.02,549.64,541.73,546.51,463919
9/20/2019 15:30:00,547.6,572.4,542.21,567.56,766105
9/23/2019 15:30:00,568,568,540.2,553.45,929038
9/24/2019 15:30:00,553.34,569,543,557.05,679650
9/25/2019 15:30:00,550.03,556.8,550.03,554.67,491430
9/26/2019 15:30:00,558,559.18,548.59,554.97,504812
9/27/2019 15:30:00,556.4,557.2,544.1,546.16,468966
9/30/2019 15:30:00,546.8,548.51,538.08,540.45,549806
10/1/2019 15:30:00,538,544,528.98,537.87,972020
10/3/2019 15:30:00,535.96,536.89,527.2,535.43,297000
10/4/2019 15:30:00,537.4,539.8,522.27,523.54,444204
10/7/2019 15:30:00,526,529,515.25,523.29,519253
10/9/2019 15:30:00,524.95,535.2,520.06,532.68,466444
10/10/2019 15:30:00,525.23,533.38,522.41,526.7,288141
10/11/2019 15:30:00,529,531.8,521.4,530.28,546907
10/14/2019 15:30:00,530.4,536.52,524.2,530.38,301437
10/15/2019 15:30:00,532.4,539.38,530.91,536.93,342159
10/16/2019 15:30:00,542.2,545.68,537.4,540.29,327837
10/17/2019 15:30:00,542.2,546.8,539.8,545.48,305014
10/18/2019 15:30:00,544,548.99,542.01,544.97,289279
10/22/2019 15:30:00,544.45,564.14,542.17,562.15,699344
10/23/2019 15:30:00,561.36,568.39,551.01,565.34,979592
10/24/2019 15:30:00,567.95,569.99,554,565.06,602632
10/25/2019 19:00:00,564.8,564.8,555.99,558.99,500795
10/27/2019 19:25:00,555.8,558.6,555,556.4,22603
10/29/2019 15:30:00,555,564,550.69,560.5,533768
10/30/2019 15:30:00,565.8,565.8,548.31,551.98,593147
10/31/2019 15:30:00,555.98,562.98,554.02,556.64,720238
11/1/2019 15:30:00,556.8,565.83,547.17,551.32,3000855
11/4/2019 15:30:00,553.05,562,549.71,559.56,808849
11/5/2019 15:30:00,558.76,569.9,558.4,563.14,843662
11/6/2019 15:30:00,564.02,576,564.02,572.54,900469
11/7/2019 15:30:00,572.4,576.64,565.8,574.21,441155
11/8/2019 15:30:00,572,572,562.46,564.42,318986
11/11/2019 15:30:00,562.47,565.47,559,563.15,306664
11/13/2019 15:30:00,564,564.77,551,552.63,456683
11/14/2019 15:30:00,555,555.47,544.99,546.81,648568
11/15/2019 15:30:00,549.6,549.6,542.46,546.16,378845
11/18/2019 15:30:00,546.6,551.8,546.4,547.4,422773
11/19/2019 15:30:00,548.2,552.09,544.9,548.6,476925
11/20/2019 15:30:00,549.27,572.79,549,567.73,997976
11/21/2019 15:30:00,565.6,578,562.04,575.85,958939
11/22/2019 15:30:00,571,580.95,568.6,574.25,549551
11/25/2019 15:30:00,572,587.2,570.01,584.13,468795
11/26/2019 15:30:00,584.05,595,581.43,593.17,1056168
11/27/2019 15:30:00,592,598.39,588.46,594.4,558515
11/28/2019 15:30:00,593.62,596.52,588.61,595.35,256436
11/29/2019 15:30:00,594.94,594.94,579.06,582.77,560413
12/2/2019 15:30:00,583.6,583.6,570.4,574.42,598055
12/3/2019 15:30:00,575.8,577.47,570.33,571.67,381336
12/4/2019 15:30:00,572,577.18,571.64,575.57,476162
12/5/2019 15:30:00,575.96,576,569.82,574.32,433761
12/6/2019 15:30:00,577.54,589.8,574.33,578.16,988519
12/9/2019 15:30:00,579.8,588.4,578.38,581.75,529357
12/10/2019 15:30:00,581.75,581.75,575.5,579.5,348517
12/11/2019 15:30:00,580,583.16,575,577.56,406528
12/12/2019 15:30:00,580,583.76,578,581.13,403810
12/13/2019 15:30:00,573.02,573.13,554.6,564.3,1368418
12/16/2019 15:30:00,567,569.99,559.28,563.27,460389
12/17/2019 15:30:00,565.6,569,562.2,565.38,367110
12/18/2019 15:30:00,568,575.25,565.4,574.69,531232
12/19/2019 15:30:00,574.8,578.47,568.21,573.91,398275
12/20/2019 15:30:00,573.06,576.25,571.15,572.67,351321
12/23/2019 15:30:00,573.52,583.6,573.52,581.68,392235
12/24/2019 15:30:00,583.78,583.78,577.21,579.19,217843
12/26/2019 15:30:00,579.31,582.95,572,573.12,256960
12/27/2019 15:30:00,575,581,572.32,579.52,373653
12/30/2019 15:30:00,576.46,585.6,575,577.77,379879
12/31/2019 15:30:00,578,582.97,572.81,574.91,303238
1/1/2020 15:30:00,576,577.7,572.04,575.88,154779
1/2/2020 15:30:00,576.76,578.48,572.04,572.98,298831
1/3/2020 15:30:00,572.98,579.4,570.41,576.78,344678
1/6/2020 15:30:00,574.2,579.56,570.84,575.77,357737
1/7/2020 15:30:00,578,582,574.21,576.84,357635
1/8/2020 15:30:00,575,581,573.2,579.45,279023
1/9/2020 15:30:00,582.32,587.32,580.2,584.1,375496
1/10/2020 15:30:00,586,601.6,585.03,586.6,1127147
1/13/2020 15:30:00,586.58,593.3,583.14,590.94,441864
1/14/2020 15:30:00,590.96,593.76,586.4,589.56,357170
1/15/2020 15:30:00,589.23,589.3,580,583.73,384867
1/16/2020 15:30:00,585.6,590.3,584.33,587.49,383462
1/17/2020 15:30:00,588.88,609.8,588,606.87,1117117
1/20/2020 15:30:00,608.6,616,606.41,611.92,874713
1/21/2020 15:30:00,611.11,615.96,607.17,612.09,570786
1/22/2020 15:30:00,612.11,621.01,609.48,612.41,559798
1/23/2020 15:30:00,611.06,615.74,604.8,607.63,426168
1/24/2020 15:30:00,608.8,609.41,605.04,606.28,272729
1/27/2020 15:30:00,605.8,641.8,599.5,637.75,4139808
1/28/2020 15:30:00,638,649.99,631.55,637.83,2302269
1/29/2020 15:30:00,637.83,640.37,619.84,629.65,1389203
1/30/2020 15:30:00,630.46,634,623.71,630.97,673260
1/31/2020 15:30:00,631.05,638.37,620.42,622.9,668235
2/1/2020 17:00:00,622.9,628,619.37,622.05,174812
2/3/2020 15:30:00,624.8,634.6,623.43,628.83,515242
2/4/2020 15:30:00,630.8,655.52,630.41,648.37,1029957
2/5/2020 15:30:00,647,650,624.34,626.67,956229
2/6/2020 15:30:00,633.52,635.36,627.32,631.79,492532
2/7/2020 15:30:00,631.97,637,627.4,633.34,535233
2/10/2020 15:30:00,633.29,634.65,622.6,629.82,295595
2/11/2020 15:30:00,631.98,641.19,627,638.24,612104
2/12/2020 15:30:00,634.43,642.72,632.81,639.14,568633
2/13/2020 15:30:00,644.55,667.38,639.42,664.92,1716864
2/14/2020 15:30:00,661.04,666.6,655.4,660.86,706686
2/17/2020 15:30:00,665.16,668.41,657.44,659.11,640661
2/18/2020 15:30:00,657.6,657.6,646.65,650.27,697366
2/19/2020 15:30:00,651.6,659.76,651.6,655.63,301821
2/20/2020 15:30:00,657.86,672.99,648.01,651.06,924466
2/24/2020 15:30:00,651.4,651.4,633.27,635.26,628617
2/25/2020 15:30:00,636.4,636.46,611.27,617.38,1001027
2/26/2020 15:30:00,619.4,623.1,612.06,615.07,762169
2/27/2020 15:30:00,618.8,618.8,605.82,613.41,935416
2/28/2020 15:30:00,606,617.7,581.05,585.42,1659956
3/2/2020 15:30:00,592.2,599.45,575.2,581.11,888866
3/3/2020 15:30:00,588,615.6,586.25,608.74,1056080
3/4/2020 15:30:00,613,637.35,607.2,634.27,1832722
3/5/2020 15:30:00,634.2,646.39,633.24,636.89,1045742
3/6/2020 15:30:00,617.04,641.29,617.04,634.19,1125892
3/9/2020 15:30:00,631.75,637.8,605.21,612.25,998533
3/11/2020 15:30:00,614,616.78,596.6,600.12,1169141
3/12/2020 15:30:00,589.6,596.5,560.71,570.08,778179
3/13/2020 15:30:00,545.99,627.08,522,577.02,986034
3/16/2020 15:30:00,558,596.19,552,565.39,943080
3/17/2020 15:30:00,566,580.8,551.55,556.24,936854
3/18/2020 15:30:00,560.36,560.36,524.21,533.69,873524
3/19/2020 15:30:00,521.6,535.98,499.01,524.79,967602
3/20/2020 15:30:00,528.2,589.8,528.2,579.45,1554571
3/23/2020 15:30:00,536.05,609.4,536.05,553.68,963236
3/24/2020 15:30:00,570,592,560.22,571.59,1068118
3/25/2020 15:30:00,565.45,589.78,559.14,584.4,819410
3/26/2020 15:30:00,595.04,613.31,575.85,589.71,638995
3/27/2020 15:30:00,590.56,609.39,569.22,583.3,801588
3/30/2020 15:30:00,575.92,610,562.2,598.85,1150459
3/31/2020 15:30:00,610,630.4,606.41,624.15,1002756
4/1/2020 15:30:00,623.99,628.8,613.2,619,711048
4/3/2020 15:30:00,617,643.77,605.02,629.36,1173674
4/7/2020 15:30:00,650,723.12,642,716.64,2367583
4/8/2020 15:30:00,705,753,694.2,736.6,2522297
4/9/2020 15:30:00,748,762,718.64,724.31,1960953
4/13/2020 15:30:00,738.8,771.2,721.44,749.32,2322394
4/15/2020 15:30:00,765,778.72,755.2,761.52,1725113
4/16/2020 15:30:00,761.28,778,756,772.13,1465944
4/17/2020 15:30:00,794,799.58,764.72,785.91,1814922
4/20/2020 15:30:00,784.71,784.99,762.06,768.95,1498802
4/21/2020 15:30:00,767,809.56,764.41,803.28,2847875
4/22/2020 15:30:00,797.99,818.86,792.25,811.36,1783452
4/23/2020 15:30:00,806.2,817.2,801.85,805.42,1025657
4/24/2020 15:30:00,802,809.92,794.02,800.56,1266284
4/27/2020 15:30:00,800.56,813.02,791.01,796.06,1124910
4/28/2020 15:30:00,806,807.24,778.41,789.95,861168
4/29/2020 15:30:00,789.95,794,774.51,776.14,1039646
4/30/2020 15:30:00,786.62,818.75,779.01,787.26,2178034
5/4/2020 15:30:00,770,801.2,769.64,787.8,1415492
5/5/2020 15:30:00,796,797.27,761.2,766.78,795735
5/6/2020 15:30:00,770.2,776,761.01,770.5,955938
5/7/2020 15:30:00,781.78,787.31,763.71,767.53,916303
5/8/2020 15:30:00,780.02,826.44,780.02,796.8,2003475
5/11/2020 15:30:00,795.56,795.56,769.61,772.4,1194988
5/12/2020 15:30:00,772.64,781.92,751.83,754.68,1078501
5/13/2020 15:30:00,769.8,769.8,747.02,755.92,878436
5/14/2020 15:30:00,758,763.99,743.72,746.4,897141
5/15/2020 15:30:00,749.2,755.78,743.41,747.02,899387
5/18/2020 15:30:00,752.03,752.51,722.77,735.83,990955
5/19/2020 15:30:00,740.03,744.4,732.02,739.92,935404
5/20/2020 15:30:00,744.18,786,738.63,782.04,4216736
5/21/2020 15:30:00,790,790.83,765.1,769.5,1734433
5/22/2020 15:30:00,768.12,782,762.2,778.57,1010561
5/26/2020 15:30:00,779.8,787.8,770.69,772.86,827396
5/27/2020 15:30:00,772.95,780,762.8,776.6,861668
5/28/2020 15:30:00,779,782.16,768.5,777.55,792562
5/29/2020 15:30:00,776,818.14,773.86,814.25,1926274
6/1/2020 15:30:00,815.52,818.47,788.21,790.71,1369831
6/2/2020 15:30:00,797,801.46,777.2,779.06,1490210
6/3/2020 15:30:00,785.76,798,782.25,792.48,738828
6/4/2020 15:30:00,791.98,811.4,791.33,799.78,1199450
6/5/2020 15:30:00,803.89,810,798.46,804.98,771006
6/8/2020 15:30:00,806.98,806.98,788.4,793.52,712014
6/9/2020 15:30:00,786,828.4,786,824.76,2275180
6/10/2020 15:30:00,829,838,817.54,822.5,1553988
6/11/2020 15:30:00,822.6,825.59,807.4,811.52,827516
6/12/2020 15:30:00,798.4,807.32,796.2,801.59,782308
6/15/2020 15:30:00,809.6,825.38,792.12,802.46,1391915
6/16/2020 15:30:00,813,816,790.55,801.09,780026
6/17/2020 15:30:00,801.09,808.55,794.4,797.04,637364
6/18/2020 15:30:00,802,810.49,798.4,801.4,722877
6/19/2020 15:30:00,804.05,808.98,798.4,801.12,730943
6/22/2020 15:30:00,806.4,812.5,802.18,806.57,531202
6/23/2020 15:30:00,809.58,826,808.02,821.77,960083
6/24/2020 15:30:00,822.49,827.34,805.66,808.53,535565
6/25/2020 15:30:00,806,808.2,795.31,801.32,753882
6/26/2020 15:30:00,803,813,793,799.72,743912
6/29/2020 15:30:00,799.6,808.8,791.75,794.77,538493
6/30/2020 15:30:00,800,802.18,785.1,788.99,680942
7/1/2020 15:30:00,793.04,793.2,777.17,782.29,623565
7/2/2020 15:30:00,789.2,795.8,780.2,784.11,742294
7/3/2020 15:30:00,788,793.59,782,784.29,456078
7/6/2020 15:30:00,785,788,775.4,778.4,569619
7/7/2020 15:30:00,778.98,783.8,762.8,764.7,1035997
7/8/2020 15:30:00,766.2,788.94,766.2,777.34,1362258
7/9/2020 15:30:00,781,783.4,770.81,779.32,491243
7/10/2020 15:30:00,779.94,791.4,776.64,781.09,830601
7/13/2020 15:30:00,783.06,785.79,774.8,779.91,535690
7/14/2020 15:30:00,780.8,799.21,774.8,796.63,1208945
7/15/2020 15:30:00,797.8,809.56,792.2,807.29,1059395
7/16/2020 15:30:00,806.22,832.59,802.22,830.43,1561868
7/17/2020 15:30:00,828.2,831.6,820,823.75,742576
7/20/2020 15:30:00,827.87,830.8,814.48,818.42,628902
7/21/2020 15:30:00,820.05,826.14,801.21,806.71,663296
7/22/2020 15:30:00,810.71,826,805.01,812.32,818821
7/23/2020 15:30:00,818.18,828,812.4,826,711960
7/24/2020 15:30:00,826,835.98,810.33,813.19,1096018
7/27/2020 15:30:00,817,817.13,792.59,803.14,581848
7/28/2020 15:30:00,803.8,818.4,801.47,810.27,518594
7/29/2020 15:30:00,816.49,867.2,815.08,860.44,4953494
7/30/2020 15:30:00,878.78,912,868,903.32,6294420
7/31/2020 15:30:00,895.8,910.17,891.08,904.21,1582134
8/3/2020 15:30:00,904.21,934,900,905.49,2436651
8/4/2020 15:30:00,906.14,930.87,898.03,926.97,1666543
8/5/2020 15:30:00,931.01,933.14,916.34,920.19,1012014
8/6/2020 15:30:00,922.01,931.6,913.51,916.61,917421
8/7/2020 15:30:00,918,941.4,912.11,914.7,1665377
8/10/2020 15:30:00,921,951.72,921,938.18,1739577
8/11/2020 15:30:00,943.01,947.71,913,919.18,1291535
8/12/2020 15:30:00,915,915.98,896.81,903.63,1070736
8/13/2020 15:30:00,910.03,918.09,898.35,900.45,910042
8/14/2020 15:30:00,905.23,917.2,894,903.88,1150830
8/17/2020 15:30:00,903.89,914,900.04,903.83,677666
8/18/2020 15:30:00,907.6,911.94,898.47,904.08,650432
8/19/2020 15:30:00,908,911.79,895.22,897.85,807214
8/20/2020 15:30:00,897,905.32,892.22,895.2,806767
8/21/2020 15:30:00,904,904,894.72,897.95,487702
8/24/2020 15:30:00,897.95,901.42,885,894.51,735238
8/25/2020 15:30:00,898,898.48,884,885.54,602257
8/26/2020 15:30:00,886.2,890.58,880,886.95,692020
8/27/2020 15:30:00,888.48,893.66,883.4,887.4,903664
8/28/2020 15:30:00,892,893.2,872.16,874.86,1162854
8/31/2020 15:30:00,875,885,843.33,852.94,1188829
9/1/2020 15:30:00,854.22,875.18,846.4,870.39,812641
9/2/2020 15:30:00,870.25,879.48,863.34,870.55,603697
9/3/2020 15:30:00,874.91,893.2,868.03,886.63,938400
9/4/2020 15:30:00,880,896.69,858.39,864.5,1354800
9/7/2020 15:30:00,868.83,887.2,859.05,883.97,1230797
9/8/2020 15:30:00,893,896.3,865.76,869.76,1471551
9/9/2020 15:30:00,869.98,888.8,867.12,885.89,1235112
9/10/2020 15:30:00,892,892.4,868.11,876.03,871169
9/11/2020 15:30:00,880,889.4,875,880.32,886945
9/14/2020 15:30:00,884.73,884.73,867.2,872.82,584911
9/15/2020 15:30:00,874.99,909.8,874.51,888.47,2504467
9/16/2020 15:30:00,891,930.16,882.2,925.58,2979840
9/17/2020 15:30:00,940.8,969.11,930.99,965.45,8429919
9/18/2020 15:30:00,1000,1099.39,990.05,1066.67,21987146
9/21/2020 15:30:00,1066.67,1102.53,1022.25,1028.4,12743499
9/22/2020 15:30:00,1042.8,1052,1011,1033.59,7703358
9/23/2020 15:30:00,1051.2,1056,1011.88,1021.55,5013438
9/24/2020 15:30:00,1012,1040.58,1000.5,1005.48,5197979
9/25/2020 15:30:00,1024,1030.6,1008.8,1022.44,3514249
9/28/2020 15:30:00,1039.99,1040,1018.16,1025.97,2497630
9/29/2020 15:30:00,1026,1030.99,1013.28,1016.84,1429998
9/30/2020 15:30:00,1020,1063.6,1017,1037.56,5395622
10/1/2020 15:30:00,1045,1051.2,1017.68,1022.41,2277137
10/5/2020 15:30:00,1034,1038,1020.6,1031.9,1837683
10/6/2020 15:30:00,1031.9,1045.35,1022.44,1027.3,1690007
10/7/2020 15:30:00,1029,1039,1018.64,1020.99,1582414
10/8/2020 15:30:00,1028.8,1042.96,1011.2,1038.88,2220562
10/9/2020 15:30:00,1030.2,1051.6,1027.2,1030.6,2333975
10/12/2020 15:30:00,1031.62,1047.6,1022.2,1044.1,1935812
10/13/2020 15:30:00,1046,1064.56,1031.57,1033.75,3363975
10/14/2020 15:30:00,1035,1043.95,1018.17,1024.6,1864628
10/15/2020 15:30:00,1029.73,1033,1004.02,1011.25,1768628
10/16/2020 15:30:00,1007.2,1025,1004,1016.11,2023115
10/19/2020 15:30:00,1042.2,1043,1008.41,1011.63,2150734
10/20/2020 15:30:00,1011.39,1022,1006.19,1014.23,1380290
10/21/2020 15:30:00,1019.31,1019.31,981.31,1009.35,1601491
10/22/2020 15:30:00,1007.34,1008.94,966.2,1004.4,4918148
10/23/2020 15:30:00,1010.2,1018.2,999.2,1003.65,1817481
10/26/2020 15:30:00,1001.6,1012.4,990.25,995.62,1408079
10/27/2020 15:30:00,998,1025.4,992.1,1019.88,1843547
10/28/2020 15:30:00,1022,1030,984,990.2,3628334
10/29/2020 15:30:00,984,1008,978.99,988.39,2310287
10/30/2020 15:30:00,994.8,995.61,974.03,977.73,1263391
11/2/2020 15:30:00,979.2,984,964.16,971.73,1170993
11/3/2020 15:30:00,970.2,984,966.22,975.47,1460820
11/4/2020 15:30:00,980.35,992.96,975.48,987.12,1521480
11/5/2020 15:30:00,994.55,999.86,984.42,991.7,1034046
11/6/2020 15:30:00,992.58,992.58,978.17,980.59,1090442
11/9/2020 15:30:00,985,990.8,974,975.93,1205651
11/10/2020 15:30:00,964.8,973.6,935.88,939.6,1966030
11/11/2020 15:30:00,946,983.98,938.22,976.43,2707044
11/12/2020 15:30:00,975,985,961,965.37,1316470
11/13/2020 15:30:00,970,976.97,966.01,971.38,1091870
11/17/2020 15:30:00,975,975.97,954,956.83,1283213
11/18/2020 15:30:00,957,959,935,940.76,1300059
11/19/2020 15:30:00,935,962.36,931.4,941.54,1767289
11/20/2020 15:30:00,946,950.46,931.26,934.19,954936
11/23/2020 15:30:00,937,974,934.22,965.75,2152603
11/24/2020 15:30:00,970,988,957.16,983.1,1922298
11/25/2020 15:30:00,999.6,1003.4,956.2,961.26,2659116
11/26/2020 15:30:00,962,985.86,954.76,980.27,1667235
11/27/2020 15:30:00,980.2,987.11,961.84,965.79,2003738
12/1/2020 15:30:00,974,974,961.2,966.08,1117190
12/2/2020 15:30:00,970.42,977.8,962.2,970.05,1223452
12/3/2020 15:30:00,974,987.8,968.52,984.61,1034893
12/4/2020 15:30:00,988,992.11,972.42,981.71,1399682
12/7/2020 15:30:00,986,1014.8,981.02,1005.82,2405904
12/8/2020 15:30:00,1010,1016,991.18,1003.04,1327701
12/9/2020 15:30:00,1005,1020,1005,1011.38,1353498
12/10/2020 15:30:00,1011.6,1017.28,1003,1010.62,948294
12/11/2020 15:30:00,1011.02,1016.81,996.96,1003.39,767963
12/14/2020 15:30:00,990.4,1010.8,990.4,1004.56,1183625
12/15/2020 15:30:00,1009.39,1015.2,1002.04,1006.27,1005104
12/16/2020 15:30:00,1010,1010.35,1001.2,1007.79,832456
12/17/2020 15:30:00,1010,1026.9,1006,1014.57,1360601
12/18/2020 15:30:00,1016,1052.57,1015.63,1045.75,3705133
12/21/2020 15:30:00,1048.6,1054.84,992.41,1013.71,1812257
12/22/2020 15:30:00,1021.54,1035,987.27,1032.36,1552824
12/23/2020 15:30:00,1032.29,1047.74,1026.25,1044.82,812470
12/24/2020 15:30:00,1049.4,1049.4,1033,1040.36,675636
12/28/2020 15:30:00,1045.63,1047,1037.4,1040.36,411173
12/29/2020 15:30:00,1045,1053.8,1029.12,1033.12,882433
12/30/2020 15:30:00,1038.29,1038.29,1028.5,1034.19,475269
12/31/2020 15:30:00,1038,1050.75,1032.2,1041.02,1207238
1/1/2021 15:30:00,1043.45,1050.97,1040,1048.27,583043
1/4/2021 15:30:00,1052,1061.67,1048.27,1054.45,784688
1/5/2021 15:30:00,1048,1067.4,1045.39,1057.38,954184
1/6/2021 15:30:00,1057.38,1063,1045.2,1057.66,542678
1/7/2021 15:30:00,1060.2,1065,1050.6,1054.18,653293
1/8/2021 15:30:00,1059.98,1072,1055.8,1067.65,809183
1/11/2021 15:30:00,1068.8,1085.4,1065.2,1083.36,919847
1/12/2021 15:30:00,1088.19,1088.7,1065.89,1070.77,748372
1/13/2021 15:30:00,1073,1075,1047.6,1058,659212
1/14/2021 15:30:00,1060.98,1065.6,1053,1061.78,534972
1/15/2021 15:30:00,1063,1063,1039.12,1042.56,515521
1/18/2021 15:30:00,1046.2,1047.59,1007,1010.42,882411
1/19/2021 15:30:00,1017.6,1020.99,1007.31,1017.78,798099
1/20/2021 15:30:00,1020.46,1031.95,1013.01,1016.13,679629
1/21/2021 15:30:00,1022,1027.6,1006.78,1010.44,581324
1/22/2021 15:30:00,1009.75,1021.07,997,1007.38,763122
1/25/2021 15:30:00,1008.4,1025.68,992,1016.48,717779
1/27/2021 15:30:00,1010.48,1010.48,966.56,981.86,1052396
1/28/2021 15:30:00,969,980.79,955.4,974.36,1033094
1/29/2021 15:30:00,978,983,910,920.54,2964195
2/1/2021 15:30:00,912.01,915.53,878.61,885.63,2590340
2/2/2021 15:30:00,893.8,905.6,876.2,896.5,3675106
2/3/2021 15:30:00,915.79,952.32,908.49,929.91,3445405
2/4/2021 15:30:00,938.6,941.2,924.42,933.59,1301760
2/5/2021 15:30:00,937,966,925.13,960.18,2407681
2/8/2021 15:30:00,973,981.99,965,971.96,2158578
2/9/2021 15:30:00,970,979.14,961,968.82,1246769
2/10/2021 15:30:00,969,976.82,952.2,964.81,1153423
2/11/2021 15:30:00,964.2,972,962,965.01,711550
2/12/2021 15:30:00,971.96,971.96,957,958.4,500902
2/15/2021 15:30:00,958.4,966.71,940.01,941.97,984641
2/16/2021 15:30:00,945.8,952.32,934,939.32,812940
2/17/2021 15:30:00,939.32,941.99,916,920.11,1021355
2/18/2021 15:30:00,921.4,932.77,912,923.39,1029506
2/19/2021 15:30:00,920.4,945.6,906,936.29,1278534
2/22/2021 15:30:00,941.6,945.39,888.63,893.85,1395313
2/23/2021 15:30:00,899.6,906.86,884.1,899.03,1063418
2/24/2021 15:30:00,899.03,904.75,875.4,887.11,735586
2/25/2021 15:30:00,884.23,918,884.23,896.03,1706375
2/26/2021 15:30:00,892,911.72,881,885.31,1506890
3/1/2021 15:30:00,889,895.6,880.05,890.68,709073
3/2/2021 15:30:00,894.68,895.98,878.03,880.94,1837678
3/3/2021 15:30:00,893,903.15,885.2,900.51,850614
3/4/2021 15:30:00,896.4,916.67,888.8,915.01,1472991
3/5/2021 15:30:00,910,912,896.8,898.5,826369
3/8/2021 15:30:00,900,904.4,892.6,898.45,556416
3/9/2021 15:30:00,900.19,904,883.3,889.66,543118
3/10/2021 15:30:00,899.2,903.97,891.21,900.08,629961
3/12/2021 15:30:00,904,905.99,880.62,885.3,687852
3/15/2021 15:30:00,892,892.44,857,868.45,921758
3/16/2021 15:30:00,876.02,893.34,873,889.94,935727
3/17/2021 15:30:00,889.94,893,868.86,871.17,953973
3/18/2021 15:30:00,874,875.7,839.01,842.55,1210907
3/19/2021 15:30:00,842,861.07,827,854.89,1412415
3/22/2021 15:30:00,855.38,873.59,853.65,870.79,867303
3/23/2021 15:30:00,870,880.6,864.42,874.45,665236
3/24/2021 15:30:00,870.05,883.8,866.27,870.1,782404
3/25/2021 15:30:00,870,880.43,856.95,876.11,941416
3/26/2021 15:30:00,884,884.6,869.54,881.2,725318
3/30/2021 15:30:00,885.99,905.49,884.21,903.64,866350
3/31/2021 15:30:00,902,909.34,896.2,903.2,772510
4/1/2021 15:30:00,910,918.99,904.41,917.53,647640
4/5/2021 15:30:00,912,916.8,884.78,911.32,732258
4/6/2021 15:30:00,911.8,927.98,908.4,923.85,742294
4/7/2021 15:30:00,932.46,946.8,928.2,938.53,1113612
4/8/2021 15:30:00,938.55,951.2,932.24,937.81,660635
4/9/2021 15:30:00,938.58,958.8,938.25,952.06,1362147
4/12/2021 15:30:00,955,1024,939,999.39,3513765
4/13/2021 15:30:00,1028.94,1028.94,950.22,955.46,3937234
4/15/2021 15:30:00,968.58,975.01,957,969.11,1386901
4/16/2021 15:30:00,972.76,988,963.04,978.65,1198029
4/19/2021 15:30:00,978.6,1001,961.41,993.62,1843928
4/20/2021 15:30:00,1020,1042.15,1017.9,1031.35,3484976
4/22/2021 15:30:00,1035.99,1058,1031.8,1039.97,2424134
4/23/2021 15:30:00,1045.6,1053.23,1006.02,1013.34,2354899
4/26/2021 15:30:00,1025,1026,1006.05,1013.34,950577
4/27/2021 15:30:00,1018.1,1023.2,1004.27,1011.45,957835
4/28/2021 15:30:00,1016.51,1021.38,1006,1008.89,843953
4/29/2021 15:30:00,1014.05,1028.8,1008.46,1020.46,1071931
4/30/2021 15:30:00,1028,1042.2,1025.03,1032.62,1306950
5/3/2021 15:30:00,1038.79,1042.47,1028,1037.19,937899
5/4/2021 15:30:00,1042.2,1044.58,1010.87,1013.45,795618
5/5/2021 15:30:00,1022,1040.4,1014,1032.19,1011199
5/6/2021 15:30:00,1033,1050.4,1026,1033.69,978375
5/7/2021 15:30:00,1039.99,1049.8,1033.2,1034.94,784869
5/10/2021 15:30:00,1076,1077.99,1054.4,1065.51,2244484
5/11/2021 15:30:00,1065,1069.99,1054.26,1059.19,944890
5/12/2021 15:30:00,1063.6,1068,1055,1060.29,880165
5/14/2021 15:30:00,1067.71,1079.68,1032,1039.37,2977011
5/17/2021 15:30:00,1050,1052,1029,1050.06,1369387
5/18/2021 15:30:00,1058.05,1060.98,1042,1043.09,910040
5/19/2021 15:30:00,1047,1052.8,1041.21,1047.56,918921
5/20/2021 15:30:00,1051,1057.2,1045,1047.26,775917
5/21/2021 15:30:00,1051.2,1053.9,1039.26,1043.29,711634
5/24/2021 15:30:00,1047.2,1059.8,1045.34,1054.43,706498
5/25/2021 15:30:00,1057.88,1064,1051,1062.24,695615
5/26/2021 15:30:00,1064,1067,1055,1057.04,507480
5/27/2021 15:30:00,1055.75,1056.78,1046.03,1053.77,778393
5/28/2021 15:30:00,1056,1056,1030,1038.91,874745
5/31/2021 15:30:00,1043.4,1067.05,1034.23,1061.83,867648
6/1/2021 15:30:00,1061,1067.8,1053.06,1063.3,747373
6/2/2021 15:30:00,1061.25,1070.8,1056.6,1062.47,545951
6/3/2021 15:30:00,1062,1068,1053.4,1056.51,566718
6/4/2021 15:30:00,1056.51,1058,1048.4,1051,401531
6/7/2021 15:30:00,1052.2,1054.75,1042.54,1043.84,363967
6/8/2021 15:30:00,1044,1059.18,1030.02,1054.95,732714
6/9/2021 15:30:00,1055.58,1062,1041.61,1044.56,473105
6/10/2021 15:30:00,1046.5,1060,1046.5,1058.41,367280
6/11/2021 15:30:00,1060,1097.98,1057.71,1090.6,1455484
6/14/2021 15:30:00,1090.6,1103,1074,1092.27,897942
6/15/2021 15:30:00,1095,1096.61,1080.4,1082.17,568815
6/16/2021 15:30:00,1082,1091.6,1068.06,1081.22,698591
6/17/2021 15:30:00,1081.22,1082.8,1049.71,1057.3,707232
6/18/2021 15:30:00,1063,1069,1046.96,1056.78,697428
6/21/2021 15:30:00,1055,1060,1045.4,1056.4,415489
6/22/2021 15:30:00,1057.1,1064,1050.1,1061.67,426855
6/23/2021 15:30:00,1064.4,1069.99,1057.44,1059.87,411143
6/24/2021 15:30:00,1059.8,1062.99,1050.01,1055.53,366182
6/25/2021 15:30:00,1055.4,1067.2,1053.4,1061.86,464073
6/28/2021 15:30:00,1065.8,1083.99,1062.51,1080.85,592963
6/29/2021 15:30:00,1082.2,1090.99,1076,1086.62,576261
6/30/2021 15:30:00,1087.8,1093.76,1081,1084.61,468088
7/1/2021 15:30:00,1085.2,1116,1082.48,1111.7,831550
7/2/2021 15:30:00,1116,1120,1102.3,1115.14,571738
7/5/2021 15:30:00,1115.24,1119.2,1106.39,1107.58,297341
7/6/2021 15:30:00,1107.96,1112.24,1102.8,1107.89,178108
7/7/2021 15:30:00,1105.8,1122.92,1103.01,1112.42,538508
7/8/2021 15:30:00,1108,1117.6,1089.92,1093.35,451167
7/9/2021 15:30:00,1089.6,1104.05,1083.39,1092.06,460996
7/12/2021 15:30:00,1099.98,1100,1088,1098.86,182659
7/13/2021 15:30:00,1098.86,1106.8,1085.8,1087.42,370482
7/14/2021 15:30:00,1087.42,1091.78,1073.5,1078.17,501355
7/15/2021 15:30:00,1082,1087.7,1074.24,1078.73,303682
7/16/2021 15:30:00,1078.6,1090,1076.77,1081.31,437904
7/19/2021 15:30:00,1079.6,1089,1076.42,1083.87,240858
7/20/2021 15:30:00,1087.2,1087.2,1064.52,1068.81,264428
7/22/2021 15:30:00,1078.8,1078.8,1065.31,1076.9,185848
7/23/2021 15:30:00,1076.3,1086.4,1072.02,1084.43,306761
7/26/2021 15:30:00,1083.8,1089.4,1079.96,1082.25,186939
7/27/2021 15:30:00,1087.6,1088.99,956,968.67,5873821
7/28/2021 15:30:00,973.99,974.97,933.3,946.35,3238130
7/29/2021 15:30:00,950,953,932,934.53,1086936
7/30/2021 15:30:00,937,961,935.52,942.24,1373200
8/2/2021 15:30:00,947.8,950.1,937.52,940.31,756346
8/3/2021 15:30:00,945.68,945.89,938.34,944.34,598261
8/4/2021 15:30:00,945.12,962,945.12,953.76,1104198
8/5/2021 15:30:00,958.8,961.8,948.4,956.46,593950
8/6/2021 15:30:00,959.68,961.25,951.26,957.26,399637
8/9/2021 15:30:00,959,966.76,951.86,963.7,543545
8/10/2021 15:30:00,967.8,971.77,946.71,953.95,616671
8/11/2021 15:30:00,953,953.39,938,948.97,526785
8/12/2021 15:30:00,949.88,950.66,938.1,943.28,621418
8/13/2021 15:30:00,944.42,947.16,926.4,930.44,793895
8/16/2021 15:30:00,928,937.33,921.8,932.23,419229
8/17/2021 15:30:00,933,943.84,932.23,940.1,426014
8/18/2021 15:30:00,940,951.01,935,937.41,553756
8/20/2021 15:30:00,931.98,931.98,901.6,911.2,826908
8/23/2021 15:30:00,919.8,919.8,900,902.97,567515
8/24/2021 15:30:00,910.4,919.14,889.14,917.48,616936
8/25/2021 15:30:00,914,918.92,904.67,909.79,444141
8/26/2021 15:30:00,909.79,910.98,897.28,900.7,481719
8/27/2021 15:30:00,901.2,922.16,901.2,920.11,563395
8/30/2021 15:30:00,923.8,940,915.61,935.57,628367
8/31/2021 15:30:00,935.58,944.35,930.1,940.81,645527
9/1/2021 15:30:00,947.8,956.89,937.4,952.69,562951
9/2/2021 15:30:00,962.2,980.88,962,971.94,1259864
9/3/2021 15:30:00,975.24,981.85,972.46,979.71,431315
9/6/2021 15:30:00,988,988.66,974.29,983.19,616199
9/7/2021 15:30:00,983,985.19,971.11,979.49,420214
9/8/2021 15:30:00,983,988,972.26,982.26,500029
9/9/2021 15:30:00,977,984.49,975.42,982.41,362411
9/13/2021 15:30:00,985.78,989.44,974.62,986.28,298653
9/14/2021 15:30:00,989.98,997.8,984.75,986.15,309981
9/15/2021 15:30:00,987.4,995,983.78,992.52,320320
9/16/2021 15:30:00,996.2,999.3,983.31,986.39,296515
9/17/2021 15:30:00,986.6,991.55,973.81,976.91,454830
9/20/2021 15:30:00,975,977.11,949.64,954.99,332066
9/21/2021 15:30:00,953.75,972.8,949.05,970.73,340390
9/22/2021 15:30:00,970.84,975.76,962.41,969.27,250729
9/23/2021 15:30:00,973.38,973.72,954,959.46,560073
9/24/2021 15:30:00,961.2,964.22,955.61,958.07,251615
9/27/2021 15:30:00,959.46,961.13,946.6,958.33,226057
9/28/2021 15:30:00,961.98,970.82,951.02,966.63,305446
9/29/2021 15:30:00,966.6,984.58,958.33,976.2,655070
9/30/2021 15:30:00,977.98,997,973.09,976.14,776015
10/1/2021 15:30:00,970.6,994,970.45,991.17,342133
10/4/2021 15:30:00,991,1015.4,990,1008.54,760353
10/5/2021 15:30:00,1007.42,1010,994,1006.92,354847
10/6/2021 15:30:00,1003.5,1008.44,981.36,991.32,529264
10/7/2021 15:30:00,995.18,997.98,976.59,978.22,343974
10/8/2021 15:30:00,981.33,989.33,964.2,969.84,348310
10/11/2021 15:30:00,974,984.3,965.58,978.87,688064
10/12/2021 15:30:00,980,991.4,971.2,982.06,285488
10/13/2021 15:30:00,981.8,989.2,978.02,985.69,241596
10/14/2021 15:30:00,984.8,1001.93,982.81,991.74,292060
10/18/2021 15:30:00,989,994.99,973.13,975.5,333651
10/19/2021 15:30:00,981,984,958,960.36,539719
10/20/2021 15:30:00,960.21,968.89,943.6,950.78,316097
10/21/2021 15:30:00,956,957.76,920,930.33,516800
10/22/2021 15:30:00,931,937.56,918.65,927.49,362996
10/25/2021 15:30:00,930.18,939.8,907.4,935.23,276167
10/26/2021 15:30:00,939,939.76,927.4,933.24,272713
10/27/2021 15:30:00,931.1,945.6,929.41,932.54,385808
10/28/2021 15:30:00,935,937.94,910.21,913.99,268395
10/29/2021 15:30:00,918.6,983.57,905.21,931.84,1945164
11/1/2021 15:30:00,937,966.99,925.81,960.29,676701
11/2/2021 15:30:00,959.97,960.8,944.4,949.22,409332
11/3/2021 15:30:00,951.8,959.65,950.71,954.33,372432
11/4/2021 19:15:00,955,957.73,950.8,953.23,20836
11/8/2021 15:30:00,952,962.03,940.22,957.75,238252
11/9/2021 15:30:00,958,967,955.06,958.47,249887
11/10/2021 15:30:00,956.82,969.99,954.8,965.87,342234
11/11/2021 15:30:00,966.2,969.87,956.8,962.99,317260
11/12/2021 15:30:00,970,974,963,968.65,233342
11/15/2021 15:30:00,968.2,979.8,966.61,974.73,267479
11/16/2021 15:30:00,980.2,980.2,959.47,963.52,335971
11/17/2021 15:30:00,963.52,964.97,950.02,953.66,196659
11/18/2021 15:30:00,951.96,953.54,930.22,934.29,233664
11/22/2021 15:30:00,935.29,937.92,916.32,921.52,182018
11/23/2021 15:30:00,920,932.37,910.3,926.39,212699
11/24/2021 15:30:00,925.78,930.72,917.32,919.61,199258
11/25/2021 15:30:00,922.8,939.2,917,918.32,545374
11/26/2021 15:30:00,916,964,915.23,950.18,1072273
11/29/2021 15:30:00,970,977,933.12,939.52,900185
11/30/2021 15:30:00,942.78,949.65,930,935.17,717823
12/1/2021 15:30:00,939.2,942.48,918,921.27,425421
12/2/2021 15:30:00,921.98,933.8,921.81,932.55,232748
12/3/2021 15:30:00,930.44,932.8,916.6,919.3,547773
12/6/2021 15:30:00,921.85,921.85,896.86,899.74,267275
12/7/2021 15:30:00,904,910,888.26,904.14,532500
12/8/2021 15:30:00,905.45,917.94,905.45,914.14,195856
12/9/2021 15:30:00,920,923.59,913.07,918.85,226177
12/10/2021 15:30:00,922,923.9,914.7,918.66,160513
12/13/2021 15:30:00,935.6,935.6,913.29,919.96,271005
12/14/2021 15:30:00,919.2,932,915.42,929.31,239183
12/15/2021 15:30:00,929.02,929.31,914.46,920.06,307545
12/16/2021 15:30:00,926,927.79,914,919.47,201321
12/17/2021 15:30:00,926,929.6,899.36,903.59,483512
12/20/2021 15:30:00,899.24,915,892.4,912.14,341777
12/21/2021 15:30:00,912.21,925.84,908.76,924.18,258754
12/22/2021 15:30:00,928,935.86,922,929.7,213679
12/23/2021 15:30:00,934.74,940,931.02,938.96,166240
12/24/2021 15:30:00,945,946,922.2,927.73,251826
12/27/2021 15:30:00,924.82,949,924.22,947.38,339268
12/28/2021 15:30:00,947.38,954.72,940.61,948.76,668594
12/29/2021 15:30:00,948.76,969.63,948.76,966.63,505604
12/30/2021 15:30:00,966,985.59,965.01,980.94,553146
12/31/2021 15:30:00,980.8,986.21,975.3,981.4,288568
1/3/2022 15:30:00,981.4,986.06,969.54,970.63,292601
1/4/2022 15:30:00,972.2,978.58,965,967.09,253438
1/5/2022 15:30:00,976,980.92,951.41,958.08,536802
1/6/2022 15:30:00,958.08,967.21,945.66,947.89,381643
1/7/2022 15:30:00,953.89,953.89,938,941.68,267123
1/10/2022 15:30:00,945.68,945.68,931.03,939.81,315019
1/11/2022 15:30:00,942,947.98,932.11,933.85,309432
1/12/2022 15:30:00,936,940.66,926.8,938.68,237769
1/13/2022 15:30:00,940,951.92,936.92,945.19,454051
1/14/2022 15:30:00,944.04,944.6,932.11,937.84,318860
1/17/2022 15:30:00,933.1,939.99,921.1,934.48,538649
1/18/2022 15:30:00,934,944.89,924.2,938.71,424528
1/19/2022 15:30:00,939,946.88,930.99,936.99,307887
1/20/2022 15:30:00,942.4,942.4,914,918.31,317739
1/21/2022 15:30:00,912.25,914,887,899.23,557548
1/24/2022 15:30:00,897.22,897.96,862.2,872.87,556498
1/25/2022 15:30:00,872.87,883.79,860.2,880.57,340902
1/27/2022 15:30:00,868,873.03,846.4,851.27,705506
1/28/2022 15:30:00,849.76,876,835.09,843.72,1302984
1/31/2022 15:30:00,849.99,873.72,848.01,860.56,618555
2/1/2022 15:30:00,864,865.28,851.6,861.89,371663
2/2/2022 15:30:00,865,885.95,863.02,883.07,305001
2/3/2022 15:30:00,883.6,887.39,872,874.93,221537
2/4/2022 15:30:00,880.91,881.3,867.4,870.39,246993
2/7/2022 15:30:00,864,870,850.01,861.84,255958
2/8/2022 15:30:00,861.8,875.87,856.01,864.39,396403
2/9/2022 15:30:00,864.44,879,862.3,873.75,198880
2/10/2022 15:30:00,877,877.75,866.74,874.14,237865
2/11/2022 15:30:00,862.2,869.91,856.03,865.08,337538
2/14/2022 15:30:00,850,853.32,833.35,840.92,449386
2/15/2022 15:30:00,846.8,858.89,837.72,855.51,358011
2/16/2022 15:30:00,855.6,874.56,848.71,863.29,380613
2/17/2022 15:30:00,864.58,867.05,858.64,860.2,229031
2/18/2022 15:30:00,856,868.6,852.92,864.23,358108
2/21/2022 15:30:00,875.2,883.33,856.52,859.65,587951
2/22/2022 15:30:00,837.99,847.12,831.14,843.7,480840
2/23/2022 15:30:00,852,852.13,838.17,840.19,371484
2/24/2022 15:30:00,810,829.8,809.99,818.5,697127
2/25/2022 15:30:00,822.8,840.2,820.42,835.32,305433
2/28/2022 15:30:00,830,830,810.5,812.68,982850
3/2/2022 15:30:00,812.27,812.68,765,770.63,1540635
3/3/2022 15:30:00,775.8,778.85,740,743.77,1334725
3/4/2022 15:30:00,742,774.79,730.8,765.73,1208050
3/7/2022 15:30:00,749.8,758.39,733.6,753.88,603086
3/8/2022 15:30:00,750,777.39,747.57,773.71,784169
3/9/2022 15:30:00,780.3,796.26,776.44,786.09,809369
3/10/2022 15:30:00,795,797.3,775.11,778.5,712099
3/11/2022 15:30:00,778.6,799.2,774.6,795.12,1113263
3/14/2022 15:30:00,792.2,798.93,785,791.46,570058
3/15/2022 15:30:00,791.6,799.8,776,779.97,471294
3/16/2022 15:30:00,794.8,794.8,778,788.76,358776
3/17/2022 15:30:00,793.02,810,789.24,808.43,772587
3/21/2022 15:30:00,814.8,816.59,799.35,800.99,401639
3/22/2022 15:30:00,804.2,811.39,794,806.07,1290222
3/23/2022 15:30:00,808,837.79,808,825.46,1044114
3/24/2022 15:30:00,822.6,869.71,820.29,865.7,1738147
3/25/2022 15:30:00,865.4,875,858,872.29,864397
3/28/2022 15:30:00,871.96,872.59,847.83,857.09,496907
3/29/2022 15:30:00,858.8,871.11,849.41,864.71,421084
3/30/2022 15:30:00,870.56,873.3,856.82,870.88,616826
3/31/2022 15:30:00,870.6,877.5,856.02,859.09,611719
4/1/2022 15:30:00,859,866.93,852.6,855.89,313871
4/4/2022 15:30:00,868,868,854,863.43,259774
4/5/2022 15:30:00,867.78,881.6,860.55,865.98,479865
4/6/2022 15:30:00,866,871,853.26,855.35,411951
4/7/2022 15:30:00,859,871.41,855.35,863.48,279402
4/8/2022 15:30:00,869.4,895.53,865.37,886.07,671775
4/11/2022 15:30:00,886,890,874.69,876.1,215559
4/12/2022 15:30:00,875.2,881.62,865.73,874.47,371014
4/13/2022 15:30:00,870.2,872.47,858.12,859.84,369436
4/18/2022 15:30:00,855,863.69,846.14,856.99,339676
4/19/2022 15:30:00,862,863.22,838,841.94,310144
4/20/2022 15:30:00,843.4,868,842.61,858.68,450415
4/21/2022 15:30:00,863.8,870.31,862,864.06,394436
4/22/2022 15:30:00,859.39,859.8,833.4,838.55,390743
4/25/2022 15:30:00,830,835.94,812.2,823.09,341136
4/26/2022 15:30:00,835,837.05,826.21,830.91,158445
4/27/2022 15:30:00,830.91,832.74,814.51,815.41,198700
4/28/2022 15:30:00,820,830.33,816.32,824.43,300961
4/29/2022 15:30:00,832,853.2,823.02,826.39,523035
5/2/2022 15:30:00,824.43,829.05,814,824.78,185060
5/4/2022 15:30:00,824.8,827.08,793.4,798.47,342495
5/5/2022 15:30:00,810,814.98,790.2,792.76,252931
5/6/2022 15:30:00,785.96,789.77,776,786.13,239479
5/9/2022 15:30:00,785.8,787.19,774.13,781.16,177355
5/10/2022 15:30:00,780,786.8,778,782.8,202828
5/11/2022 15:30:00,779.1,788.59,770.2,776.81,271256
5/12/2022 15:30:00,772.3,779.24,757.97,776,293629
5/13/2022 15:30:00,779.88,795.8,778.1,784.86,218401
5/16/2022 15:30:00,784.6,791,772.21,777.68,217915
5/17/2022 15:30:00,786.98,788.97,774.2,780.8,255464
5/18/2022 15:30:00,782.8,796.99,776.4,781.16,500158
5/19/2022 15:30:00,777.2,802.95,765.81,785.89,1825811
5/20/2022 15:30:00,795,859.82,795,849.82,2480315
5/23/2022 15:30:00,849.82,865.4,847.24,854.99,607072
5/24/2022 15:30:00,854.78,875,851.29,869.42,1010896
5/25/2022 15:30:00,878.22,879.6,859.26,861.49,500040
5/26/2022 15:30:00,863.2,869.8,857.93,860.83,429072
5/27/2022 15:30:00,864,881.8,853.79,878.1,434291
5/30/2022 15:30:00,880.8,885.35,870.22,874.06,464803
5/31/2022 15:30:00,871,879.8,866.12,873.93,476015
6/1/2022 15:30:00,870,872.33,860.22,863.8,354506
6/2/2022 15:30:00,860.62,872,858,866.63,327935
6/3/2022 15:30:00,871.94,878.33,862.96,868,284773
6/6/2022 15:30:00,866.4,870.73,854.2,861.15,113211
6/7/2022 15:30:00,852,855,820.74,828.79,721003
6/8/2022 15:30:00,834.8,842.46,822.6,839.83,452982
6/9/2022 15:30:00,834.02,867,834.02,864.58,740586
6/10/2022 15:30:00,864.58,872.8,856.36,870.31,421496
6/13/2022 15:30:00,864.6,871,851.3,853.44,367963
6/14/2022 15:30:00,850,864.99,847.81,862.21,407181
6/15/2022 15:30:00,861.34,869.82,857.41,867.1,317063
6/16/2022 15:30:00,870,871.86,855.13,857.5,350007
6/17/2022 15:30:00,858,859.78,813.21,829.34,952974
6/20/2022 15:30:00,829.34,835.84,821.42,830.36,277515
6/21/2022 15:30:00,832.02,855.31,832.02,853.73,238311
6/22/2022 15:30:00,856.2,869.77,832,852.18,569557
6/23/2022 15:30:00,859,861.54,851,858.98,335102
6/24/2022 15:30:00,864.4,874.51,858.4,861.93,303659
6/27/2022 15:30:00,879.97,879.97,861.17,864.11,332753
6/28/2022 15:30:00,865.85,876,862.4,874.92,282443
6/29/2022 15:30:00,871.42,881.75,866.88,872.87,381147
6/30/2022 15:30:00,873.95,883,870.2,878.76,369065
7/1/2022 15:30:00,877,879,858.01,877.18,304799
7/4/2022 15:30:00,872.42,882.25,859.2,870.89,260698
7/5/2022 15:30:00,872.98,893.5,870.24,878.84,486899
7/6/2022 15:30:00,879,888.66,875.87,878,335701
7/7/2022 15:30:00,885.35,888.6,865.6,867.29,432222
7/8/2022 15:30:00,866,882.99,860.88,881.24,417896
7/11/2022 15:30:00,875.83,913.74,870.02,900.2,959408
7/12/2022 15:30:00,894.02,907.8,885.2,896.74,415874
7/13/2022 15:30:00,898.9,906.94,890,900.32,378767
7/14/2022 15:30:00,901.2,921.6,900.61,915.08,884767
7/15/2022 15:30:00,919.08,922.51,904.2,909.2,300945
7/18/2022 15:30:00,915.2,922.76,891.06,893.22,467463
7/19/2022 15:30:00,891.56,899.6,887.03,889.58,392384
7/20/2022 15:30:00,898,898.4,888,891.75,226140
7/21/2022 15:30:00,893.8,897.37,871.2,874.22,625220
7/22/2022 15:30:00,878.8,881.36,870.6,874.7,361263
7/25/2022 15:30:00,875.53,878.17,860,866.11,345382
7/26/2022 15:30:00,865.76,865.76,838.81,842.4,594233
7/27/2022 15:30:00,841.59,860,832.6,857.21,373254
7/28/2022 15:30:00,862.8,862.98,839,852.01,566567
7/29/2022 15:30:00,836.59,836.59,811.12,818.07,1974495
8/1/2022 15:30:00,827.96,827.96,820.1,822.09,427370
8/2/2022 15:30:00,825.6,825.6,814.24,817.08,527023
8/3/2022 15:30:00,818.99,820.8,808,819.26,520197
8/4/2022 15:30:00,822,831.86,817.81,829.59,601335
8/5/2022 15:30:00,831,838.76,828.77,831.37,415079
8/8/2022 15:30:00,831.37,846.8,831.37,844.67,408377
8/10/2022 15:30:00,848.72,852.8,842.91,848.66,421623
8/11/2022 15:30:00,852,855.6,847.18,851.66,257037
8/12/2022 15:30:00,851.6,857.92,844.2,852.16,404258
8/16/2022 15:30:00,855,863.8,852.56,859.56,262813
8/17/2022 15:30:00,863.59,865.98,858.35,863.18,433811
8/18/2022 15:30:00,848,848,826.67,845.02,1027584
8/19/2022 15:30:00,846.4,849.42,837,840.8,385741
8/22/2022 15:30:00,833.82,845.99,832,837.39,338562
8/23/2022 15:30:00,829,847.04,829,845.03,279630
8/24/2022 15:30:00,849.26,849.26,839.4,843.61,293437
8/25/2022 15:30:00,847.83,852.78,842.4,847.58,310575
8/26/2022 15:30:00,854.6,855,842.43,844.66,163737
8/29/2022 15:30:00,834,844.65,831.43,842.03,193210
8/30/2022 15:30:00,842.8,852.32,838.53,849.01,471981
9/1/2022 15:30:00,843.2,846.5,839.41,840.42,331340
9/2/2022 15:30:00,844.63,846.4,834.79,837.99,201656
9/5/2022 15:30:00,839,843.91,831,842.85,316343
9/6/2022 15:30:00,846,850.4,837,847.84,225875
9/7/2022 15:30:00,843,853.2,842.46,849.86,214795
9/8/2022 15:30:00,859.39,859.39,850.54,854.33,315509
9/9/2022 15:30:00,854.5,863.9,849.21,851.02,314126
9/12/2022 15:30:00,852,860,848.94,852.23,252549
9/13/2022 15:30:00,852.81,861.39,847.4,850.58,441873
9/14/2022 15:30:00,833.07,852.49,833.07,842.83,344708
9/15/2022 15:30:00,847.05,847.05,828.27,833.8,376273
9/16/2022 15:30:00,837,837,812.16,815.47,378704
9/19/2022 15:30:00,814,822.21,799.4,819.83,301288
9/20/2022 15:30:00,822.4,847.6,821.22,843.2,591569
9/21/2022 15:30:00,843.99,853.82,826.57,830.55,378945
9/22/2022 15:30:00,822.02,844.42,821.68,836.48,478383
9/23/2022 15:30:00,832.6,842.95,825.9,827.84,331988
9/26/2022 15:30:00,823.84,831.76,817.86,825.57,411058
9/27/2022 15:30:00,829.7,840,825.06,836.32,297089
9/28/2022 15:30:00,835.63,859.4,835.63,853.94,626648
9/29/2022 15:30:00,858.25,881.4,857.2,872.14,1088558
9/30/2022 15:30:00,876.51,881,854.41,867.14,632913
10/3/2022 15:30:00,863,887.8,862.48,883.93,695258
10/4/2022 15:30:00,889.2,889.98,875.21,882.79,308654
10/6/2022 15:30:00,887.21,889.59,873.98,879.51,246239
10/7/2022 15:30:00,878,881.71,874.4,875.33,267773
10/10/2022 15:30:00,870,877.6,864,876,243749
10/11/2022 15:30:00,877.4,877.6,850.4,856.55,297382
10/12/2022 15:30:00,860,862,843.01,848.23,294020
10/13/2022 15:30:00,849.99,861.8,848.26,850.93,302784
10/14/2022 15:30:00,861,868,852.61,862.16,248801
10/17/2022 15:30:00,861,874.8,856.5,867.04,210140
10/18/2022 15:30:00,871.38,874.73,867.04,871.31,144236
10/19/2022 15:30:00,872.01,878.81,861.01,863.38,172168
10/20/2022 15:30:00,861,871,856,869.81,257524
10/21/2022 15:30:00,871,877.79,861.72,866.16,200595
10/25/2022 15:30:00,877.99,895.5,874.2,888.47,623655
10/27/2022 15:30:00,892,903.8,890.07,898.24,441474
10/28/2022 15:30:00,897,900.55,886,891.99,353586
10/31/2022 15:30:00,906.2,925,868.93,886.74,1825761
11/1/2022 15:30:00,887.05,916,887.05,907.06,1070196
11/2/2022 15:30:00,909.01,929,909.01,911.13,741756
11/3/2022 15:30:00,911.13,920,905.47,917.98,353215
11/4/2022 15:30:00,918.01,920,902.49,905.02,492676
11/7/2022 15:30:00,906.2,909.46,888.88,897.09,420017
11/9/2022 15:30:00,908,913.16,900.02,906.98,713112
11/10/2022 15:30:00,907.99,923.2,905.6,909.89,591953
11/11/2022 15:30:00,914.44,915.8,900.4,907.89,325043
11/14/2022 15:30:00,880,896.77,863,872.73,744485
11/15/2022 15:30:00,873.44,888.52,872.74,886.74,374520
11/16/2022 15:30:00,886.73,908.99,878.64,896.2,522192
11/17/2022 15:30:00,896.19,897.69,876.47,884.26,312373
11/18/2022 15:30:00,884.75,886.91,875.1,881.81,338734
11/21/2022 15:30:00,876,878.6,863.51,869.97,430608
11/22/2022 15:30:00,874.32,880.52,865.2,872.5,403095
11/23/2022 15:30:00,876,884,872,881.13,392869
11/24/2022 15:30:00,885.54,887.99,875.17,882.77,237622
11/25/2022 15:30:00,884.77,886.99,877.8,883.62,295409
11/28/2022 15:30:00,882.95,889.48,877.3,880.4,306168
11/29/2022 15:30:00,881.02,895.74,880.81,890.67,409138
11/30/2022 15:30:00,894,903.59,888.2,897.43,851368
12/1/2022 15:30:00,901.92,906.36,889.36,894.87,387346
12/2/2022 15:30:00,896.99,904.8,892.03,902.08,416008
12/5/2022 15:30:00,905.98,906.4,890.03,895.88,392339
12/6/2022 15:30:00,892.02,894.89,871.81,874.84,348459
12/7/2022 15:30:00,873,876.6,864,872.3,332207
12/8/2022 15:30:00,874.79,875.85,866.21,871.24,277325
12/9/2022 15:30:00,875,882.96,870.85,881.42,307973
12/12/2022 15:30:00,873.41,892.58,873.41,890.45,273595
12/13/2022 15:30:00,890.04,894.93,888.1,891.63,217509
12/14/2022 15:30:00,895,902.7,890.27,900.91,278401
12/15/2022 15:30:00,897.23,905.52,892.2,893.79,241811
12/16/2022 15:30:00,886.9,891.77,852.25,861.82,3356609
12/19/2022 15:30:00,868.99,881.73,863.01,879.21,332351
12/20/2022 15:30:00,876,878,861.62,873.95,242821
12/21/2022 15:30:00,875.99,887,870.68,881.51,347923
12/22/2022 15:30:00,886,891.2,863.02,869.85,347470
12/23/2022 15:30:00,865.01,883.6,858.25,862.09,499756
12/26/2022 15:30:00,866.41,869.4,846.01,849.72,318608
12/27/2022 15:30:00,853.96,853.96,840.2,850.17,273249
12/28/2022 15:30:00,850.17,853.33,843.19,850.55,217601
12/29/2022 15:30:00,855,870.93,844.61,852.12,812932
12/30/2022 15:30:00,856,857.02,845,847.51,176579
1/2/2023 15:30:00,851.75,853.51,841.8,847.01,132726
1/3/2023 15:30:00,847.76,851.62,843.22,847.67,162179
1/4/2023 15:30:00,847,852,844.26,850.7,166567
1/5/2023 15:30:00,853,860.77,848.3,859.5,198985
1/6/2023 15:30:00,859.9,863.86,851.82,854.35,126136
1/9/2023 15:30:00,858.63,867.99,855.03,866.8,166039
1/10/2023 15:30:00,864,869.66,856.79,857.74,234153
1/11/2023 15:30:00,860.99,864,848.88,852.38,254653
1/12/2023 15:30:00,854.99,864.4,848.42,862.12,256065
1/13/2023 15:30:00,864.8,868.34,858,864.08,246926
1/16/2023 15:30:00,867.94,870.55,858.01,865.21,89311
1/17/2023 15:30:00,867.79,871.96,861.12,870.35,155625
1/18/2023 15:30:00,870.35,878.99,868.4,872.87,263693
1/19/2023 15:30:00,872.97,876.63,863.31,866.44,248491
1/20/2023 15:30:00,866.39,876.21,856,870.12,236535
1/23/2023 15:30:00,871.99,873.09,863.87,867.57,154053
1/24/2023 15:30:00,868.2,870.96,847.4,850.55,264054
1/25/2023 15:30:00,852,853.78,835.02,840.19,294042
1/27/2023 15:30:00,856,876.18,850.67,862.8,956288
1/30/2023 15:30:00,863.99,867.89,856.99,865.76,374737
1/31/2023 15:30:00,869,875.34,858.66,864.83,631941
2/1/2023 15:30:00,868.2,876,862.05,870.3,405454
2/2/2023 15:30:00,862.6,875.81,858.31,874.02,389355
2/3/2023 15:30:00,875,885.98,863.64,871.67,374979
2/6/2023 15:30:00,876.03,876.03,857,869.91,303221
2/7/2023 15:30:00,876.13,893.65,872.05,888.05,597481
2/8/2023 15:30:00,890,899.32,886.53,897.56,239371
2/9/2023 15:30:00,888.8,905.91,886.72,897.5,410962
2/10/2023 15:30:00,898.79,901,886.51,899.92,137022
2/13/2023 15:30:00,901.62,911.48,900.02,904.94,374555
2/14/2023 15:30:00,909,912.8,900.13,907.68,240427
2/15/2023 15:30:00,909.6,912.64,900.84,903.97,256737
2/16/2023 15:30:00,908.49,909.97,901.89,903.86,270466
2/17/2023 15:30:00,900.24,907,892.7,902.07,211207
2/20/2023 15:30:00,904,907.71,893.69,894.96,152349
2/21/2023 15:30:00,900.86,900.86,891.76,897.23,158326
2/22/2023 15:30:00,897.38,904.04,893.88,895.34,176461
2/23/2023 15:30:00,895.22,903,888.2,889.92,237568
2/24/2023 15:30:00,892.98,902,888.36,898.22,352966
2/27/2023 15:30:00,898.22,898.22,871,884.2,274114
2/28/2023 15:30:00,887.8,887.8,860,863.32,539975
3/1/2023 15:30:00,863.29,871.43,859.4,868.84,199103
3/2/2023 15:30:00,871.6,880.29,864,878.12,282652
3/3/2023 15:30:00,882.52,889.39,872.1,887.59,274236
3/6/2023 15:30:00,887.4,891.76,883.21,887.84,175584
3/8/2023 15:30:00,886.6,888.8,880.25,885.25,234741
3/9/2023 15:30:00,883.13,887.67,874.36,876.19,204425
3/10/2023 15:30:00,874.59,882.61,870,879.11,337202
3/13/2023 15:30:00,875,883.19,869.1,874.08,162542
3/14/2023 15:30:00,878.8,884.18,861.8,869.91,428396
3/15/2023 15:30:00,871.39,885,868.16,878.9,343422
3/16/2023 15:30:00,882.2,886,874.07,876.75,276928
3/17/2023 15:30:00,881.14,892.63,876.75,887.23,618598
3/20/2023 15:30:00,886.2,898.8,884.5,887.89,789989
3/21/2023 15:30:00,888.39,896,881.84,883.87,396928
3/22/2023 15:30:00,885.87,896,883.17,894.99,319777
3/23/2023 15:30:00,895.8,899.9,886.11,889.39,483674
3/24/2023 15:30:00,889.99,899.6,889.99,892.83,225394
3/27/2023 15:30:00,898,905.73,893.01,897.13,351914
3/28/2023 15:30:00,899.79,909.42,896,905.36,366938
3/29/2023 15:30:00,909.89,915,904.43,913.56,416707
3/31/2023 15:30:00,916.6,931.3,913.57,924.55,456497
4/3/2023 15:30:00,929.79,936.4,919.62,931.3,300135
4/5/2023 15:30:00,930,939,928.26,936.56,364712
4/6/2023 15:30:00,938.79,942.24,935.19,939.88,292069
4/10/2023 15:30:00,946.4,954.44,937.6,951.93,184154
4/11/2023 15:30:00,954.6,961.18,941.6,952.67,461850
4/12/2023 15:30:00,952.67,983.92,945.24,976.2,680639
4/13/2023 15:30:00,977.6,977.6,966.24,970.58,233867
4/17/2023 15:30:00,975.39,984.59,963.95,970.46,341135
4/18/2023 15:30:00,972.28,983.6,969.1,982.48,359410
4/19/2023 15:30:00,977.48,988,976.11,981.87,384187
4/20/2023 15:30:00,983.2,983.2,964.45,971.64,635170
4/21/2023 15:30:00,971.62,975.8,964.63,973.75,331439
4/24/2023 15:30:00,970.8,970.8,950.42,961.22,438166
4/25/2023 15:30:00,960.71,968.23,951.55,966.66,327997
4/26/2023 15:30:00,962,974.85,962,969.02,204153
4/27/2023 15:30:00,969,987.8,963.62,983.71,219656
4/28/2023 15:30:00,983.71,987,975.42,985.97,247044
5/2/2023 15:30:00,980.68,991.79,980.68,990.08,241978
5/3/2023 15:30:00,989.98,992,983,990.45,176775
5/4/2023 15:30:00,990.45,995,984.07,993.6,201327
5/5/2023 15:30:00,994.99,997.8,985.11,988.5,92309
5/8/2023 15:30:00,989,993.34,969.33,981.42,238183
5/9/2023 15:30:00,983.61,987.98,978.01,986.65,309059
5/10/2023 15:30:00,992.97,992.97,967.98,973.46,454301
5/11/2023 15:30:00,935,940,904.81,906.4,2783359
5/12/2023 15:30:00,908.99,908.99,889,893.22,1048404
5/15/2023 15:30:00,894.03,906.42,889.3,903.71,317753
5/16/2023 15:30:00,904.6,909.58,900.91,903.01,286047
5/17/2023 15:30:00,903.96,909.01,890.22,896.3,349961
5/18/2023 15:30:00,898.4,900.44,880.98,884.62,425447
5/19/2023 15:30:00,885.59,888,876.81,878.39,326081
5/22/2023 15:30:00,881.8,893.97,876.85,891.53,244976
5/23/2023 15:30:00,891.62,899.93,889.21,892.11,323295
5/24/2023 15:30:00,893,904.8,891.98,903.85,336733
5/25/2023 15:30:00,906.78,906.78,896.48,900.79,206764
5/26/2023 15:30:00,901.01,907.8,899.99,906.19,150587
5/29/2023 15:30:00,909.58,913.8,904,911.25,185628
5/30/2023 15:30:00,911.25,911.25,899.77,903.78,273989
5/31/2023 15:30:00,902,905.93,896.19,900.21,1262701
6/1/2023 15:30:00,901.97,911.99,900.21,910.41,305791
6/2/2023 15:30:00,913.79,924,913.01,922.09,501913
6/5/2023 15:30:00,926.2,930.4,919.34,920.71,226428
6/6/2023 15:30:00,922,928,921,927.33,232331
6/7/2023 15:30:00,930,935.6,929.02,934.75,227905
6/8/2023 15:30:00,935,938.6,927.4,929.88,240698
6/9/2023 15:30:00,936.21,941,929.12,933.36,216940
6/12/2023 15:30:00,939,939,930.89,935.13,143574
6/13/2023 15:30:00,940,945.76,931.61,940.4,258981
6/14/2023 15:30:00,941.56,945.91,937,939.8,180251
6/15/2023 15:30:00,939.32,971,939.2,960.69,726149
6/16/2023 15:30:00,968.97,988,965.03,983.01,762903
6/19/2023 15:30:00,990.2,1004.8,972.41,975.8,708151
6/20/2023 15:30:00,975.8,985.35,973.41,980.24,214151
6/21/2023 15:30:00,984.39,990,978.74,982.08,224710
6/22/2023 15:30:00,982.31,985.39,978,979.89,248570
6/23/2023 15:30:00,980.2,1003,980.2,998.78,558228
6/26/2023 15:30:00,997.98,1014.8,990.4,1008.32,721425
6/27/2023 15:30:00,1008.32,1017.31,1003.2,1005.12,666063
6/28/2023 15:30:00,1005.11,1023.88,1000.87,1021.57,885268
6/30/2023 15:30:00,1023.2,1034.99,1022.02,1031.92,486141
7/3/2023 15:30:00,1031.92,1035.8,1018.06,1019.66,234827
7/4/2023 15:30:00,1022.98,1040.95,1017.01,1037.68,372667
7/5/2023 15:30:00,1037,1040.36,1027.4,1035.67,282054
7/6/2023 15:30:00,1035.69,1051.7,1034,1046.36,506874
7/7/2023 15:30:00,1046,1054.63,1022,1036.5,554344
7/10/2023 15:30:00,1038.99,1043,1029,1030.99,200725
7/11/2023 15:30:00,1028.8,1043,1022.71,1033.17,211361
7/12/2023 15:30:00,1030,1039.79,1026,1037.8,240718
7/13/2023 15:30:00,1038,1040.63,1026.98,1028.49,406983
7/14/2023 15:30:00,1031,1032.98,1015.25,1018.41,388409
7/17/2023 15:30:00,1019.93,1049,1018.6,1045.95,395354
7/18/2023 15:30:00,1040.7,1043.14,1029.31,1038.2,257391
7/19/2023 15:30:00,1036.8,1054,1032.32,1044.27,392317
7/20/2023 15:30:00,1049.8,1078.94,1048,1067.86,1203206
7/21/2023 15:30:00,1064.66,1067.95,1055.52,1057.64,230074
7/24/2023 15:30:00,1055.65,1087.37,1055.65,1078.34,423905
7/25/2023 15:30:00,1084,1095.99,1078.37,1085.08,432431
7/26/2023 15:30:00,1088,1098,1080.21,1095.13,340212
7/27/2023 15:30:00,1106,1122.8,1084.01,1101.4,1507811
7/28/2023 15:30:00,1102.4,1123.6,1102.4,1116.6,636108
7/31/2023 15:30:00,1116.91,1132.08,1114,1128.09,319898
8/1/2023 15:30:00,1127.97,1141.87,1121.42,1133.41,424547
8/2/2023 15:30:00,1133.42,1139.17,1126.89,1132.09,358359
8/3/2023 15:30:00,1129,1146.8,1124.3,1131.9,514104
8/4/2023 15:30:00,1131.92,1142.2,1128,1129.91,345304
8/7/2023 15:30:00,1132,1137.6,1123.78,1126.14,499966
8/8/2023 15:30:00,1130.4,1147.79,1129,1131.59,597402
8/9/2023 15:30:00,1134.22,1176.75,1134.22,1174.2,2013403
8/10/2023 15:30:00,1176.02,1183.33,1161.2,1170.23,552662
8/11/2023 15:30:00,1170.8,1177.01,1161.63,1164.6,451392
8/14/2023 15:30:00,1165.99,1175.8,1160,1164.67,433519
8/16/2023 15:30:00,1166,1177.9,1155,1171.57,861653
8/17/2023 15:30:00,1174.27,1181.41,1171.18,1176.13,427614
8/18/2023 15:30:00,1179.9,1196,1168.12,1174.89,856329
8/21/2023 15:30:00,1174.05,1185,1170.79,1182.17,266928
8/22/2023 15:30:00,1183.8,1189,1174.56,1185.11,337645
8/23/2023 15:30:00,1184,1194.99,1182.4,1190.67,628526
8/24/2023 15:30:00,1196,1197.94,1178.24,1181.43,824946
8/25/2023 15:30:00,1178,1178,1154.11,1155.85,942648
8/28/2023 15:30:00,1156,1165.8,1145.44,1155.18,470154
8/29/2023 15:30:00,1154,1157.3,1143,1144.76,651617
8/30/2023 15:30:00,1147.56,1151.21,1128,1129.95,710363
8/31/2023 15:30:00,1129.95,1139,1118,1121.57,635775
9/1/2023 15:30:00,1126,1126.85,1110.02,1115.71,221056
9/4/2023 15:30:00,1117,1133.34,1115.71,1131.89,294604
9/5/2023 15:30:00,1128,1128,1112.11,1115.78,393694
9/6/2023 15:30:00,1115.96,1126.99,1111.85,1116.66,451329
9/7/2023 15:30:00,1116.59,1130.9,1116.25,1123.03,526843
9/8/2023 15:30:00,1126.2,1126.73,1114,1116.76,184790
9/11/2023 15:30:00,1119,1132.8,1117.01,1122.76,262786
9/12/2023 15:30:00,1127.99,1143.4,1125.2,1134.76,516243
9/13/2023 15:30:00,1142,1151.9,1134.26,1147.78,314323
9/14/2023 15:30:00,1154,1155.26,1140.91,1148.93,227946
9/15/2023 15:30:00,1155.32,1168.57,1146.62,1163.9,413821
9/18/2023 15:30:00,1164.2,1165.76,1144.38,1145.6,251348
9/20/2023 15:30:00,1144.37,1144.37,1120.4,1123.01,453281
9/21/2023 15:30:00,1123.1,1139.4,1122.57,1133.7,585343
9/22/2023 15:30:00,1133.7,1138.78,1100.4,1103.41,489557
9/25/2023 15:30:00,1105.97,1107.98,1085.6,1087.75,243409
9/26/2023 15:30:00,1091.8,1105.39,1089.8,1093.55,275983
9/27/2023 15:30:00,1102.8,1121,1096.01,1099.29,488778
9/28/2023 15:30:00,1101.49,1101.49,1082.2,1085.82,386311
9/29/2023 15:30:00,1093.8,1126,1090.65,1117.4,620391
10/3/2023 15:30:00,1117.38,1117.38,1090,1092.34,413048
10/4/2023 15:30:00,1093,1099.8,1080.3,1083.56,421906
10/5/2023 15:30:00,1092,1095,1080,1081.45,411706
10/6/2023 15:30:00,1087,1097.44,1081.84,1084.98,314598
10/9/2023 15:30:00,1082.01,1105.47,1080.03,1098.97,473622
10/10/2023 15:30:00,1096.8,1097.4,1085.6,1095.71,303926
10/11/2023 15:30:00,1102,1117.6,1102,1113.52,392248
10/12/2023 15:30:00,1113.52,1116.81,1103,1106.04,339049
10/13/2023 15:30:00,1085.44,1104.82,1084.32,1092.04,326651
10/16/2023 15:30:00,1097.8,1101.4,1092,1098.62,171844
10/17/2023 15:30:00,1097.4,1114.6,1097.01,1108.82,325352
10/18/2023 15:30:00,1108.9,1138.95,1108.36,1135.49,602971
10/19/2023 15:30:00,1134.95,1134.95,1122.1,1126.18,505169
10/20/2023 15:30:00,1124.01,1124.01,1110.2,1113.86,228275
10/23/2023 15:30:00,1105.1,1133.39,1105.1,1110.39,361957
10/25/2023 15:30:00,1120,1122.44,1100,1102.77,420896
10/26/2023 15:30:00,1099.6,1103.5,1068.18,1084.39,308829
10/27/2023 15:30:00,1084.38,1090.79,1070.2,1079.46,431945
10/30/2023 15:30:00,1078.79,1078.79,1041.11,1069.07,538320
10/31/2023 15:30:00,1074.8,1088.19,1070.62,1073.51,376814
11/1/2023 15:30:00,1077,1084.08,1062.9,1069.29,275333
11/2/2023 15:30:00,1076,1083,1064.68,1067.7,473167
11/3/2023 15:30:00,1075.4,1075.4,1049.42,1052.61,584361
11/6/2023 15:30:00,1060,1071.43,1056.64,1067.62,569497
11/7/2023 15:30:00,1074.8,1094.61,1063.96,1080.87,699747
11/8/2023 15:30:00,1085.78,1100.07,1081.32,1090.71,419391
11/9/2023 15:30:00,1095.78,1099.79,1088,1091.59,328532
11/10/2023 15:30:00,1087.99,1090.14,1074.4,1084.98,228984
11/13/2023 15:30:00,1086,1096.36,1076.42,1083.97,171182
11/15/2023 15:30:00,1086.19,1091.03,1081,1083.99,284481
11/16/2023 15:30:00,1085,1115,1084.17,1108.85,339012
11/17/2023 15:30:00,1113,1127.9,1109,1122.31,424126
11/20/2023 15:30:00,1122.99,1131.22,1117.18,1120.83,400325
11/21/2023 15:30:00,1122,1135.79,1121.1,1129.29,380693
11/22/2023 15:30:00,1131.02,1146,1131.02,1132.91,424916
11/23/2023 15:30:00,1135,1136.89,1121.77,1128.93,302260
11/24/2023 15:30:00,1129.99,1151.37,1123,1129.23,461081
11/28/2023 15:30:00,1129.4,1142.89,1129.4,1135.16,311158
11/29/2023 15:30:00,1139.58,1148.8,1130.8,1143.07,320477
11/30/2023 15:30:00,1145,1160,1143.2,1157.63,853552
12/1/2023 15:30:00,1160,1171.31,1147.89,1149.88,278300
12/4/2023 15:30:00,1160,1160,1145.68,1151.2,224260
12/5/2023 15:30:00,1153,1163.8,1148.4,1155.29,224375
12/6/2023 15:30:00,1159.2,1164,1141.61,1146.07,531941
12/7/2023 15:30:00,1154.07,1169.98,1150.07,1157.02,758230
12/8/2023 15:30:00,1156.97,1156.97,1142.4,1152.78,228505
12/11/2023 15:30:00,1100,1115.6,1074,1094.7,1898630
12/12/2023 15:30:00,1100,1126.96,1095.48,1108.07,856305
12/13/2023 15:30:00,1112.89,1122,1106.07,1119.73,622395
12/14/2023 15:30:00,1122.37,1125.32,1113.58,1114.67,632912
12/15/2023 15:30:00,1120,1123,1108.4,1117.89,727244
12/18/2023 15:30:00,1117,1137.8,1114.99,1118.21,655852
12/19/2023 15:30:00,1124,1129.2,1118.6,1127.49,224674
12/20/2023 15:30:00,1130,1134.22,1110.41,1115.83,261446
12/21/2023 15:30:00,1108,1118.8,1094.24,1110.9,336380
12/22/2023 15:30:00,1115.6,1131.2,1112,1125.54,263008
12/26/2023 15:30:00,1125.5,1139,1120.51,1126.43,331653
12/27/2023 15:30:00,1126.96,1144.4,1120.26,1142.9,294776
12/28/2023 15:30:00,1143.77,1178.16,1134.18,1171.71,977709
12/29/2023 15:30:00,1166.02,1168.9,1152.2,1159.58,290523
1/1/2024 15:30:00,1160,1172,1160,1164.33,195680