Date,Open,High,Low,Close,Volume
1/1/2015 15:30:00,237.75,238.6,236.26,238.01,886235
1/2/2015 15:30:00,237.6,242.33,237.6,241.33,1475096
1/5/2015 15:30:00,242.5,242.64,238.78,239.29,1199000
1/6/2015 15:30:00,238.5,239.14,234.39,235.56,2054920
1/7/2015 15:30:00,234.93,237.84,234.06,236.25,1436528
1/8/2015 15:30:00,238.56,242.24,237.05,241.21,2381456
1/9/2015 15:30:00,243.23,245,241.65,243.91,2246296
1/12/2015 15:30:00,242.35,243.6,241.13,241.76,1031603
1/13/2015 15:30:00,242.24,242.99,238.93,240.84,1457087
1/14/2015 15:30:00,240.01,243.66,239.93,240.98,921308
1/15/2015 15:30:00,247.5,249.55,242.69,248.29,2849619
1/16/2015 15:30:00,250.55,253.73,249.64,250.34,1955327
1/19/2015 15:30:00,253.31,255,250.74,251.14,1059873
1/20/2015 15:30:00,252.5,256.75,250.5,255.24,2126451
1/21/2015 15:30:00,256.85,258.24,254.59,254.99,1685153
1/22/2015 15:30:00,256.25,258.13,254.64,255.31,1617670
1/23/2015 15:30:00,257.5,262,256.1,260.7,2496978
1/27/2015 15:30:00,260.75,269.44,260.23,268.51,2490600
1/28/2015 15:30:00,267.5,273.3,263.75,264.59,2841235
1/29/2015 15:30:00,268.75,275.15,265.25,273.75,5141904
1/30/2015 15:30:00,273.64,273.64,266.06,269.34,2642604
2/2/2015 15:30:00,267.13,273.25,263.09,270.4,1427588
2/3/2015 15:30:00,269.63,270.55,263.83,266.02,2550172
2/4/2015 15:30:00,265.75,270.2,264.31,266.93,1549378
2/5/2015 15:30:00,268.75,273.2,267.59,269.13,2014787
2/6/2015 15:30:00,269.25,269.74,262.51,263.38,1725780
2/9/2015 15:30:00,261.75,262.94,258.63,260.02,1307974
2/10/2015 15:30:00,257.5,265.58,257.5,263.61,2318938
2/11/2015 15:30:00,264.5,266.2,263.25,264.6,1040397
2/12/2015 15:30:00,266.27,270.48,263.18,269,1381435
2/13/2015 15:30:00,270.3,270.5,265.9,266.45,1928625
2/16/2015 15:30:00,268.95,271.25,265.63,266.89,1847179
2/18/2015 15:30:00,266.89,270.74,264.26,268.7,1345423
2/19/2015 15:30:00,268.5,271.23,265.95,269.95,1126751
2/20/2015 15:30:00,270.75,272.48,267.13,268.26,1551506
2/23/2015 15:30:00,269.27,270.39,265.5,266.88,1395391
2/24/2015 15:30:00,267.58,267.75,264.27,266.91,1461572
2/25/2015 15:30:00,267.5,268.7,262.5,263.11,1162131
2/26/2015 15:30:00,263.41,264,258.77,259.54,3106736
2/27/2015 15:30:00,261.36,264.64,261.36,263.5,2565446
3/2/2015 15:30:00,270.09,274.75,267,270.64,3596308
3/3/2015 15:30:00,271.61,273,269.26,270.84,1507337
3/4/2015 15:30:00,276.25,277.33,265,266.33,3069406
3/5/2015 15:30:00,266.25,272.5,265.63,271.27,2425613
3/9/2015 15:30:00,269.26,270.45,264,264.75,1438952
3/10/2015 15:30:00,265.5,265.56,261.25,263.14,1283709
3/11/2015 15:30:00,262.73,265.48,262.5,264.11,1366384
3/12/2015 15:30:00,265.02,265.98,262.77,263.65,1882709
3/13/2015 15:30:00,265,266,258.65,260.66,1356695
3/16/2015 15:30:00,261.25,264.48,260.63,262.89,1337193
3/17/2015 15:30:00,265,266.48,260.71,264.51,1342326
3/18/2015 15:30:00,265.04,267.98,263.3,265.89,1287083
3/19/2015 15:30:00,267.75,268.45,262.18,263.05,1343393
3/20/2015 15:30:00,262.75,264.88,261.49,263.98,1620809
3/23/2015 15:30:00,263.99,264.85,261.5,261.94,1361685
3/24/2015 15:30:00,260.83,264.25,258.86,259.49,2243391
3/25/2015 15:30:00,260.01,261.68,257.77,258.56,2652225
3/26/2015 15:30:00,256.73,258.05,250.53,251.74,8950155
3/27/2015 15:30:00,253.74,255.89,252.03,253.66,2710224
3/30/2015 15:30:00,255,259.75,253.2,259.23,1738786
3/31/2015 15:30:00,259.98,259.98,253.71,255.68,1490564
4/1/2015 15:30:00,256.52,259.21,253.25,258.31,961049
4/6/2015 15:30:00,258.75,259.21,254.95,257.99,1787793
4/7/2015 15:30:00,258.31,259.55,255.91,258.19,1549268
4/8/2015 15:30:00,260.01,260.61,257.51,258.89,1026536
4/9/2015 15:30:00,259.56,264.75,257.5,264.02,1750696
4/10/2015 15:30:00,263.25,263.25,258.71,260.66,1529831
4/13/2015 15:30:00,260,261.58,258.7,259.7,1140809
4/15/2015 15:30:00,260,262.18,256.3,257.91,1223499
4/16/2015 15:30:00,257,258.39,254.5,257.41,1402530
4/17/2015 15:30:00,256.27,256.96,254.01,254.56,1012253
4/20/2015 15:30:00,255,256.25,250.65,251.28,1297220
4/21/2015 15:30:00,251.25,253.6,248.9,250.75,1627686
4/22/2015 15:30:00,251.63,255.25,248.38,253.28,1691484
4/23/2015 15:30:00,255.01,256.05,251.53,253.38,2406957
4/24/2015 15:30:00,254.73,254.75,250.09,251.61,1801311
4/27/2015 15:30:00,251.74,253.13,249,251.36,1842676
4/28/2015 15:30:00,249.89,252.86,247.53,251.14,1985527
4/29/2015 15:30:00,251,252.38,247,248.29,1965891
4/30/2015 15:30:00,247.75,248.75,244.76,247.2,3785921
5/4/2015 15:30:00,248.51,252.38,248,250.24,785362
5/5/2015 15:30:00,249.76,250.98,246.46,246.91,1284501
5/6/2015 15:30:00,246.88,246.88,241.38,242.65,2751924
5/7/2015 15:30:00,242,242.5,236.05,237.83,2934166
5/8/2015 15:30:00,240.38,246.95,238.85,245.5,2892983
5/11/2015 15:30:00,246.51,248.19,243.51,247.58,1682836
5/12/2015 15:30:00,247.5,247.5,241.75,242.99,2776892
5/13/2015 15:30:00,243.96,248.35,242.9,247.56,1947962
5/14/2015 15:30:00,247.25,248.71,243.5,247.76,1113797
5/15/2015 15:30:00,248.73,249.39,246.05,247.53,2038406
5/18/2015 15:30:00,249,253,248,252.46,1428326
5/19/2015 15:30:00,251.59,254.5,249.53,251.89,1196587
5/20/2015 15:30:00,252.41,256.7,252.39,256.01,1002210
5/21/2015 15:30:00,256,257.5,253.78,256.18,983595
5/22/2015 15:30:00,256.18,257.25,254.59,256.08,1172384
5/25/2015 15:30:00,257.1,257.75,254.4,255.89,1092265
5/26/2015 15:30:00,256.11,257.55,254.51,256.85,1226586
5/27/2015 15:30:00,255.95,260,255.35,259.54,804648
5/28/2015 15:30:00,259.76,260.93,255.55,257.35,2390290
5/29/2015 15:30:00,257.49,263.5,256.79,262.64,1264670
6/1/2015 15:30:00,262.24,264,257.75,259.05,960330
6/2/2015 15:30:00,259.6,260.08,251.23,252.2,1181502
6/3/2015 15:30:00,252.25,254.25,249.5,251.39,1456208
6/4/2015 15:30:00,252.21,254.46,248.75,253.74,1389397
6/5/2015 15:30:00,252.56,254.63,250.63,252.94,1688465
6/8/2015 15:30:00,251.06,253.06,248.89,250.86,952999
6/9/2015 15:30:00,251.25,251.5,249.28,250.46,1510065
6/10/2015 15:30:00,249.5,254.75,249.25,253.9,1996562
6/11/2015 15:30:00,254.4,254.64,248.68,250.05,2273544
6/12/2015 15:30:00,250.25,252.71,247.54,252.29,1632086
6/15/2015 15:30:00,250.5,253.44,250,251.3,1499957
6/16/2015 15:30:00,250,252.61,249.26,252.1,1502631
6/17/2015 15:30:00,252.25,253.38,249.88,251.18,2421567
6/18/2015 15:30:00,251.48,255.95,250.56,254.9,2107929
6/19/2015 15:30:00,256.2,258.74,253.29,257.63,935581
6/22/2015 15:30:00,258.02,264.23,257.13,261.79,1362413
6/23/2015 15:30:00,263,265.3,260.63,263.02,1413795
6/24/2015 15:30:00,263.5,264.45,260.68,261.45,1566849
6/25/2015 15:30:00,262.06,267.71,260.66,266.25,4143392
6/26/2015 15:30:00,266.75,267.74,262.88,265.71,1411876
6/29/2015 15:30:00,261.23,265.44,257.63,264.16,1621959
6/30/2015 15:30:00,263.06,268,262,266.79,1822534
7/1/2015 15:30:00,265.34,269.25,265.01,268.09,1242797
7/2/2015 15:30:00,266.25,266.93,263.91,264.55,1120861
7/3/2015 15:30:00,263.51,269.04,263.51,268.56,1009822
7/6/2015 15:30:00,266.01,271.25,265.06,270.88,816945
7/7/2015 15:30:00,269.63,272.88,269.63,271.71,1035368
7/8/2015 15:30:00,269.77,270.15,266.5,267.21,1350169
7/9/2015 15:30:00,265.68,269.23,265.02,268.51,699491
7/10/2015 15:30:00,267.45,273.75,267.13,272.69,1225022
7/13/2015 15:30:00,271.25,276.48,271.25,274.04,1769021
7/14/2015 15:30:00,273.88,275.48,271.5,272.96,1418529
7/15/2015 15:30:00,273.25,275.36,272.7,274.18,962351
7/16/2015 15:30:00,274.7,279.75,274.52,278.68,1827606
7/17/2015 15:30:00,279.85,280.44,276.4,277.64,877747
7/20/2015 15:30:00,278.99,279.75,276.75,278.81,1137817
7/21/2015 15:30:00,279.14,282,273.27,274.51,2757034
7/22/2015 15:30:00,274.1,279.26,272.16,278.6,1821600
7/23/2015 15:30:00,278.23,279.18,275.02,276.98,1270793
7/24/2015 15:30:00,275.79,278.75,275.13,276.96,1190252
7/27/2015 15:30:00,275.98,276.13,267.5,273.96,832143
7/28/2015 15:30:00,273.5,278.48,273.11,277.13,1586418
7/29/2015 15:30:00,276.27,279.48,276.26,277.09,985758
7/30/2015 15:30:00,276.75,279.25,275.27,277.64,2365547
7/31/2015 15:30:00,278.9,280.25,275.75,277.91,1412375
8/3/2015 15:30:00,278.19,279.38,273.36,273.85,1086432
8/4/2015 15:30:00,274.52,275.5,270.49,271.61,1347732
8/5/2015 15:30:00,273.04,274.43,271.3,273.05,1030695
8/6/2015 15:30:00,272.98,275.34,271.36,273.99,935928
8/7/2015 15:30:00,273.49,274.38,272.15,273.16,806785
8/10/2015 15:30:00,273.75,276.49,272,273.66,988594
8/11/2015 15:30:00,273.76,274.71,271.06,273.68,681922
8/13/2015 15:30:00,269.25,270.68,266.65,269.39,866263
8/14/2015 15:30:00,270.77,275.91,269.98,275.45,900415
8/17/2015 15:30:00,274.76,275.45,268.95,272.88,625053
8/18/2015 15:30:00,272.9,274.02,269.61,271.59,464329
8/19/2015 15:30:00,271.21,271.75,268.75,270.46,751144
8/20/2015 15:30:00,267,271.19,267,268.68,761213
8/21/2015 15:30:00,266,268.24,262.75,265.33,1939743
8/24/2015 15:30:00,261.18,261.18,252.81,254.76,3671582
8/25/2015 15:30:00,256.18,258.08,251.43,254.61,3086980
8/26/2015 15:30:00,254.35,257.25,252.25,253.38,1393250
8/27/2015 15:30:00,256.25,258.61,252.28,255.53,3468358
8/28/2015 15:30:00,257.76,260.69,254.85,256.99,1388284
8/31/2015 15:30:00,255.28,258.23,253.89,256.86,860365
9/1/2015 15:30:00,255.33,255.33,248.25,250.03,2617286
9/2/2015 15:30:00,251.28,253.49,246.25,248.79,2170422
9/3/2015 15:30:00,250.58,253.75,249.75,252.58,1626842
9/4/2015 15:30:00,250.55,251.5,245,249.01,2851148
9/7/2015 15:30:00,250.25,252.45,245,246.11,1345435
9/8/2015 15:30:00,246.68,252.5,244.25,251.01,1861122
9/9/2015 15:30:00,253.63,256.25,251.25,254.08,1638280
9/10/2015 15:30:00,250.75,254.24,249.08,252.75,1115935
9/11/2015 15:30:00,253.63,255,251.7,252.63,1075440
9/14/2015 15:30:00,252.21,255.58,250.88,254.93,1265086
9/15/2015 15:30:00,254.49,0,0,254.75,0
9/16/2015 15:30:00,254.73,257.02,252.89,255.84,1063513
9/18/2015 15:30:00,258.75,265.5,257.79,262.44,1960292
9/21/2015 15:30:00,259.49,263.75,259.09,263.24,1069172
9/22/2015 15:30:00,262.51,265,256.33,257.66,1506303
9/23/2015 15:30:00,254.8,263.36,254.66,262.3,1290288
9/24/2015 15:30:00,261.75,263.5,259,262.85,2063209
9/28/2015 15:30:00,263.75,265,260.77,261.6,1444277
9/29/2015 15:30:00,258,268.48,256.27,266.2,2604710
9/30/2015 15:30:00,267,268.25,265.34,267.2,2256949
10/1/2015 15:30:00,268.8,269.23,264.84,266.91,1258697
10/5/2015 15:30:00,269.3,276.2,269.3,274.59,2013343
10/6/2015 15:30:00,276.75,276.98,270.75,271.49,1189741
10/7/2015 15:30:00,272,274.59,270.84,271.94,1096567
10/8/2015 15:30:00,272.02,272.68,268.85,270.77,970477
10/9/2015 15:30:00,273.75,273.75,270.05,271.54,860807
10/12/2015 15:30:00,271.93,273.88,269.45,270.14,554335
10/13/2015 15:30:00,268.89,270.54,268.3,269.09,455913
10/14/2015 15:30:00,267.2,271.63,266.76,271.19,687287
10/15/2015 15:30:00,271.43,274.13,270.25,271.04,981488
10/16/2015 15:30:00,272.5,0,0,271.27,0
10/19/2015 15:30:00,275,275.52,273.58,274.45,663555
10/20/2015 15:30:00,274.5,275.73,272.8,273.73,962839
10/21/2015 15:30:00,274.73,276,271.25,273.75,1818301
10/23/2015 15:30:00,274.86,278.43,274,277.13,1116762
10/26/2015 15:30:00,278.49,278.55,274.25,275.38,1221996
10/27/2015 15:30:00,273.89,278.5,273.89,277.73,2246008
10/28/2015 15:30:00,276.26,281,276.26,277.88,1923690
10/29/2015 15:30:00,277.5,278.63,275,275.89,1675592
10/30/2015 15:30:00,275.5,278,272.61,274.9,2024365
11/2/2015 15:30:00,273.76,273.98,269.13,270.77,789138
11/3/2015 15:30:00,272.74,273,269.8,271.23,637148
11/4/2015 15:30:00,272.51,274.52,269.56,270.43,674111
11/5/2015 15:30:00,269.63,270.75,267.38,269.96,899238
11/6/2015 15:30:00,270.18,272.25,268.81,270.23,1470251
11/9/2015 15:30:00,264.5,267.41,262.75,266.2,2857358
11/10/2015 15:30:00,265.01,266.25,263.11,263.65,1100645
11/13/2015 15:30:00,262.35,263.75,260.25,263.01,985007
11/16/2015 15:30:00,262.19,266.25,261.31,265.24,1183683
11/17/2015 15:30:00,265.83,265.95,262.8,265.2,641851
11/18/2015 15:30:00,265.43,266.46,261.58,262.15,611680
11/19/2015 15:30:00,263.75,267.74,262.4,267.23,819420
11/20/2015 15:30:00,266.23,270.06,265,267.71,1162040
11/23/2015 15:30:00,268.5,268.88,264.76,266.51,852070
11/24/2015 15:30:00,266.31,268.38,265.52,266.09,1000563
11/26/2015 15:30:00,264.75,266.75,262.77,265.99,2197871
11/27/2015 15:30:00,266.21,270.55,265.24,269.85,1731268
11/30/2015 15:30:00,269.8,0,0,269.59,0
12/1/2015 15:30:00,269.26,271.23,268.38,270.75,473833
12/2/2015 15:30:00,272.5,273.18,267.96,269.45,640571
12/3/2015 15:30:00,268.13,270.25,266.83,269.19,951928
12/4/2015 15:30:00,268.4,268.4,264,264.73,1464957
12/7/2015 15:30:00,267.05,267.77,265.27,265.49,1453702
12/8/2015 15:30:00,265.25,265.48,261.75,262.31,1225665
12/9/2015 15:30:00,261.77,264.25,261.21,261.86,972654
12/10/2015 15:30:00,261.25,265.8,260.58,265.15,1628585
12/11/2015 15:30:00,265,265.15,260.5,261.59,758480
12/14/2015 15:30:00,260.25,264.96,260.02,263.76,1469504
12/15/2015 15:30:00,263.25,265.61,261.33,264.86,1139354
12/16/2015 15:30:00,265.75,268.34,264.84,266.83,1710692
12/17/2015 15:30:00,268.48,271,266.25,270.06,1219503
12/18/2015 15:30:00,271.25,271.25,267.13,268.25,793032
12/21/2015 15:30:00,267.94,269.98,267.26,268.85,774375
12/22/2015 15:30:00,268.63,269.13,266,266.61,607384
12/23/2015 15:30:00,268.15,269.49,267.29,268.52,753492
12/24/2015 15:30:00,269.05,269.1,267.08,268.5,536588
12/28/2015 15:30:00,268.5,269.98,266.94,269.31,1938857
12/29/2015 15:30:00,269.74,269.96,267.83,269.49,1057903
12/30/2015 15:30:00,270,270.49,268.14,268.58,528140
12/31/2015 15:30:00,268.75,271.23,268.75,270.54,2322502
1/1/2016 15:30:00,270.6,272.56,269.04,272.19,798769
1/4/2016 15:30:00,271,271,267.02,267.63,1296884
1/5/2016 15:30:00,267.55,268.7,265.34,265.6,790218
1/6/2016 15:30:00,264.16,269.19,264.16,266.77,1041384
1/7/2016 15:30:00,265.02,266.23,262.43,264.05,1513857
1/8/2016 15:30:00,265.49,266.13,264.31,265.59,872089
1/11/2016 15:30:00,263.01,265.25,261.33,264.65,822228
1/12/2016 15:30:00,265.98,265.98,260.88,261.5,1064684
1/13/2016 15:30:00,263,265.69,259.25,265.04,1128787
1/14/2016 15:30:00,262.54,264.35,259.88,262.44,1569796
1/15/2016 15:30:00,262,263.86,259.52,260.54,1354315
1/18/2016 15:30:00,258.91,260.36,255.25,256.46,1623847
1/19/2016 15:30:00,256.8,259.39,256.58,258.95,1601303
1/20/2016 15:30:00,256.25,277,251.98,254.58,2390897
1/21/2016 15:30:00,255.25,258.31,253.35,255.75,1575201
1/22/2016 15:30:00,256.43,261.06,255.51,257.58,1059071
1/25/2016 15:30:00,259.99,261.68,258.26,260.29,2535971
1/27/2016 15:30:00,262.11,262.18,258.25,258.91,1009867
1/28/2016 15:30:00,259.75,261.73,257.5,257.93,2487993
1/29/2016 15:30:00,258.8,263.74,258.8,262.46,1340046
2/1/2016 15:30:00,264.5,266.75,263.43,264.94,1152371
2/2/2016 15:30:00,266.25,266.31,262.55,263.45,1632157
2/3/2016 15:30:00,261.13,262.85,260.5,260.96,1212561
2/4/2016 15:30:00,262,263.73,261.39,262.3,1418998
2/5/2016 15:30:00,263.2,265.95,261.4,263.81,1880976
2/8/2016 15:30:00,263.75,264.5,257.58,257.93,870481
2/9/2016 15:30:00,256.68,257.89,255.16,256.51,1383865
2/10/2016 15:30:00,255.98,257.54,252.53,253.24,1920570
2/11/2016 15:30:00,252.5,253.25,242.05,243.83,2200900
2/12/2016 15:30:00,244.75,0,0,244.5,0
2/15/2016 15:30:00,245,247.06,242.78,243.4,2728240
2/16/2016 15:30:00,245.38,245.5,240.5,243.36,1784024
2/17/2016 15:30:00,244.23,244.98,239.75,243.73,1875981
2/18/2016 15:30:00,246.5,247.81,244.25,247.36,1699964
2/19/2016 15:30:00,247.19,248.15,243.38,247.33,832165
2/22/2016 15:30:00,245.75,249,245.75,247.19,1000599
2/23/2016 15:30:00,246.23,246.38,241.5,242.51,1519580
2/24/2016 15:30:00,240,240.73,236.6,237.4,1615867
2/25/2016 15:30:00,238.5,239.31,234.55,235.66,2115799
2/26/2016 15:30:00,237.5,242.75,236.25,240.25,1552347
2/29/2016 15:30:00,240.28,245.65,232,242.96,2203188
3/1/2016 15:30:00,243.74,246.69,242.96,246.04,1080640
3/2/2016 15:30:00,249.5,252.73,248.75,251.8,1589744
3/3/2016 15:30:00,252.69,255,252.5,253.96,1152600
3/4/2016 15:30:00,253.86,256.23,248.28,255.14,1426156
3/8/2016 15:30:00,256,256,252.38,253.54,478422
3/9/2016 15:30:00,253.25,257.48,251.69,256.2,1632043
3/10/2016 15:30:00,256.2,256.44,252.53,255.31,667848
3/11/2016 15:30:00,254.98,257.7,253.25,257.18,1182714
3/14/2016 15:30:00,257,259.49,256.31,256.89,752164
3/15/2016 15:30:00,256.98,258.35,255.41,256.68,1922509
3/16/2016 15:30:00,256.75,258.56,254.74,257.61,1200887
3/17/2016 15:30:00,258.74,259.75,252.79,254.6,1278371
3/18/2016 15:30:00,255.74,258,253.84,257.1,1033767
3/21/2016 15:30:00,258.25,261.84,258.06,261.4,1329699
3/22/2016 15:30:00,261.63,264.15,260.18,263.46,1030066
3/23/2016 15:30:00,263.26,263.26,260.14,262.34,2116075
3/28/2016 15:30:00,261.25,263.25,260.41,261.88,2817717
3/29/2016 15:30:00,261.88,264.88,261.06,263.45,1683488
3/30/2016 15:30:00,264.5,267.48,263.48,266.24,1953595
3/31/2016 15:30:00,266.71,269.73,266.26,267.79,5020098
4/1/2016 15:30:00,267.2,269.1,264.2,266.11,1289662
4/4/2016 15:30:00,266.3,268.2,266,267.26,1544990
4/5/2016 15:30:00,267.25,269.23,263.91,264.36,1665757
4/6/2016 15:30:00,265.25,266.74,264.19,265.38,1073844
4/7/2016 15:30:00,266,266.19,261.76,263.88,977923
4/8/2016 15:30:00,263.75,265.84,263.56,264.84,740699
4/11/2016 15:30:00,265.08,268.52,260.71,267.74,1012405
4/12/2016 15:30:00,267.4,267.75,264.81,265.75,1235370
4/13/2016 15:30:00,268,271.24,267.38,270.44,1243651
4/18/2016 15:30:00,270.88,273,267.9,271.95,1029267
4/20/2016 15:30:00,272.98,275,270.89,274.46,955338
4/21/2016 15:30:00,273.75,276.29,272.25,272.79,2047932
4/22/2016 15:30:00,272.38,275.21,271.3,273.04,1952330
4/25/2016 15:30:00,275,275,271.13,273.31,1390490
4/26/2016 15:30:00,273.75,278.75,273.13,278.46,1763449
4/27/2016 15:30:00,277.46,281.25,277.25,281.05,1440909
4/28/2016 15:30:00,281.05,284.18,277.59,278.49,2022396
4/29/2016 15:30:00,278.45,284,276.55,283.09,1402985
5/2/2016 15:30:00,281.94,282.5,279,279.41,965679
5/3/2016 15:30:00,280.48,283.75,278.29,279.5,1173824
5/4/2016 15:30:00,279.38,283.63,278.56,281.84,1323082
5/5/2016 15:30:00,282,283.69,280.68,283.08,1303562
5/6/2016 15:30:00,283,283.06,279.31,279.91,683288
5/9/2016 15:30:00,280,286.24,279.75,285.35,1738295
5/10/2016 15:30:00,285.88,286.88,284.02,286.23,1363250
5/11/2016 15:30:00,283.68,286.25,282.43,284.7,1536843
5/12/2016 15:30:00,286,288,283.13,287.27,1055422
5/13/2016 15:30:00,287,287,282.5,285.23,1261329
5/16/2016 15:30:00,286.25,291.48,283.14,290.7,1129692
5/17/2016 15:30:00,291.26,292.31,287.83,288.36,1073856
5/18/2016 15:30:00,287.75,287.75,282.88,285.16,1040661
5/19/2016 15:30:00,285.02,285.68,283,284.83,963949
5/20/2016 15:30:00,284.99,287.13,283.4,285.23,504158
5/23/2016 15:30:00,285.49,287.49,283.3,284.19,865883
5/24/2016 15:30:00,284.6,285.91,283.89,284.99,814867
5/25/2016 15:30:00,286.58,293.99,286.58,293.33,1441837
5/26/2016 15:30:00,294.02,297.23,291.56,295.81,3426390
5/27/2016 15:30:00,295.81,297.5,294.18,296.7,1443796
5/30/2016 15:30:00,296.75,298.75,294.52,294.94,953633
5/31/2016 15:30:00,296.48,296.48,294.35,295.48,1378910
6/1/2016 15:30:00,295.74,295.74,292.75,293.79,1418908
6/2/2016 15:30:00,293.68,295.15,292.75,293.74,1977654
6/3/2016 15:30:00,295.02,296.25,292.26,292.94,1131105
6/6/2016 15:30:00,294,295.6,292.51,292.77,1386827
6/7/2016 15:30:00,294.24,295,291.91,293.43,1407126
6/8/2016 15:30:00,293.95,294.5,290.25,290.65,1185703
6/9/2016 15:30:00,290.63,291.05,288.13,289.85,1162046
6/10/2016 15:30:00,289.6,293.18,289.05,290.34,1580578
6/13/2016 15:30:00,288.69,291.24,287.76,288.23,830809
6/14/2016 15:30:00,288.75,289.25,286.06,287.96,957192
6/15/2016 15:30:00,288.75,292.73,288.3,292.39,761456
6/16/2016 15:30:00,291.64,292.21,288.84,290.54,1181942
6/17/2016 15:30:00,291.75,294.5,291.39,292.5,940413
6/20/2016 15:30:00,289.75,294.81,289.7,293.01,685691
6/21/2016 15:30:00,293.75,293.86,290.3,291.66,667742
6/22/2016 15:30:00,291.5,293.75,291.5,292.88,950960
6/23/2016 15:30:00,292.45,297.96,291.88,297.52,981683
6/24/2016 15:30:00,289.96,292.98,286.75,290.48,2793491
6/27/2016 15:30:00,290.5,292.25,288.26,289.99,1040947
6/28/2016 15:30:00,290.31,293.27,287.5,291.74,1008745
6/29/2016 15:30:00,291.25,292.38,289.93,292.08,1355167
6/30/2016 15:30:00,292.75,295,290.54,294.11,4069723
7/1/2016 15:30:00,295,296.25,292.95,293.63,1076219
7/4/2016 15:30:00,294.55,294.88,292.85,293.2,1812463
7/5/2016 15:30:00,293.2,293.58,290.5,291.4,534082
7/7/2016 15:30:00,291.98,297.19,290.23,296.41,1208154
7/8/2016 15:30:00,296.27,296.4,292.81,293.71,779717
7/11/2016 15:30:00,296.5,300.48,295.26,299.94,1275633
7/12/2016 15:30:00,302.48,302.48,298.89,300.54,1761508
7/13/2016 15:30:00,299.95,300.49,298.33,299.44,1671768
7/14/2016 15:30:00,300.25,300.54,298.05,300.09,864917
7/15/2016 15:30:00,300.95,306.5,298.77,305.93,1443554
7/18/2016 15:30:00,306.25,309.63,305.66,306.86,1109621
7/19/2016 15:30:00,307.25,307.69,303.46,304.59,646501
7/20/2016 15:30:00,305.75,309.63,305.44,308.05,1172583
7/21/2016 15:30:00,307.68,309.98,305.63,307.15,2278226
7/22/2016 15:30:00,308.34,308.66,305.38,307.7,1405068
7/25/2016 15:30:00,308.25,312.36,306.75,311.74,2468221
7/26/2016 15:30:00,310.6,311.41,308.79,309.7,1416498
7/27/2016 15:30:00,310.25,311.89,307.5,309.24,2683684
7/28/2016 15:30:00,309.5,312.81,308.89,312.11,2661632
7/29/2016 15:30:00,312,312.5,308.75,311.55,848919
8/1/2016 15:30:00,312.25,314.74,306.91,310.58,1390216
8/2/2016 15:30:00,311.75,314.11,310.1,310.83,1332349
8/3/2016 15:30:00,310.27,312.49,307.75,310.11,1183469
8/4/2016 15:30:00,311.65,311.68,308.4,310.25,1165720
8/5/2016 15:30:00,311.85,313.91,310.44,312.31,1446228
8/8/2016 15:30:00,313.23,313.75,311.14,312.4,1182194
8/9/2016 15:30:00,313.23,313.23,309.43,311.8,1052714
8/10/2016 15:30:00,311.25,312.74,304.94,306.73,904930
8/11/2016 15:30:00,306.7,308.75,305.5,307.06,714018
8/12/2016 15:30:00,307.76,308.75,304.85,307.18,1160374
8/16/2016 15:30:00,308.25,309.61,303.45,306.83,867142
8/17/2016 15:30:00,308.35,309.38,306.5,308.73,1377759
8/18/2016 15:30:00,309.5,313.73,308.64,313.13,1527914
8/19/2016 15:30:00,312.5,312.5,310.36,311.77,1027659
8/22/2016 15:30:00,311.26,313.61,310.25,312.58,1375323
8/23/2016 15:30:00,312.75,313.5,311.51,312.86,1328631
8/24/2016 15:30:00,313.01,316.05,311.76,315.45,1392734
8/25/2016 15:30:00,316,316.7,313.58,314.64,2182472
8/26/2016 15:30:00,315,315.48,313.48,314.27,630284
8/29/2016 15:30:00,313.88,313.88,309.05,309.52,736046
8/30/2016 15:30:00,311.27,317.63,310.99,317.16,2466902
8/31/2016 15:30:00,317.25,323.75,316.38,322.8,2790341
9/1/2016 15:30:00,322,322.5,318.85,320.93,1306169
9/2/2016 15:30:00,321.38,322.25,320.29,321.27,988797
9/6/2016 15:30:00,322.51,325.98,322.51,325.1,1377221
9/7/2016 15:30:00,325.25,326.25,320.77,321.69,1004111
9/8/2016 15:30:00,322.5,323.81,320.9,322.35,726345
9/9/2016 15:30:00,322.5,323.63,319.58,322.6,1003442
9/12/2016 15:30:00,318.68,321.1,317.88,319.98,996432
9/14/2016 15:30:00,318.75,319.25,316.35,317.36,962377
9/15/2016 15:30:00,318,320.98,317.46,319.9,875453
9/16/2016 15:30:00,320.95,326.13,320.95,324.46,1631454
9/19/2016 15:30:00,324.25,325.63,322,322.54,1473708
9/20/2016 15:30:00,323.16,323.75,321.01,322.11,944562
9/21/2016 15:30:00,323,324.5,321.98,323.25,1064100
9/22/2016 15:30:00,326.25,329.24,325.14,326.73,1638950
9/23/2016 15:30:00,326.51,329.61,325.38,328.18,1219202
9/26/2016 15:30:00,326.52,327.23,323.43,324.04,1394193
9/27/2016 15:30:00,324.75,326.54,323.71,324.51,1014203
9/28/2016 15:30:00,324.98,325,322.25,323.81,1247413
9/29/2016 15:30:00,324.49,326.5,316.99,319.38,4112503
9/30/2016 15:30:00,319.27,320.25,316.85,318.21,1034607
10/3/2016 15:30:00,320.25,322.48,319.1,321.8,975137
10/4/2016 15:30:00,322.15,323.75,320.58,322.39,693878
10/5/2016 15:30:00,324.5,325.01,319.1,321.52,911755
10/6/2016 15:30:00,321.77,323.9,319.76,320.49,723928
10/7/2016 15:30:00,321,321.94,319.06,320.15,834366
10/10/2016 15:30:00,321.25,321.98,319.69,321.09,1179828
10/13/2016 15:30:00,319.75,319.75,314.11,315.69,1129839
10/14/2016 15:30:00,316.44,317,313.5,315.45,1016779
10/17/2016 15:30:00,316.38,316.6,308.19,309.43,1283840
10/18/2016 15:30:00,310.8,315,309.75,314.46,652742
10/19/2016 15:30:00,315.27,315.75,312,314.59,761226
10/20/2016 15:30:00,315.06,316.86,312.75,313.88,800089
10/21/2016 15:30:00,314,318.24,312.5,317.68,989102
10/24/2016 15:30:00,317.94,319.21,315.26,315.89,813916
10/25/2016 15:30:00,317,317,311.01,312.58,1375449
10/26/2016 15:30:00,310.84,316.25,308.76,309.83,1341635
10/27/2016 15:30:00,309.75,314.25,306.04,313.02,2905965
10/28/2016 15:30:00,313.63,315.48,310.02,314.76,1330134
11/1/2016 15:30:00,314,315.96,311.76,314.95,850604
11/2/2016 15:30:00,312.77,313.93,310.38,311.54,1618608
11/3/2016 15:30:00,311.25,315,307.94,313.74,1578953
11/4/2016 15:30:00,313.2,313.2,310.44,310.93,1433730
11/7/2016 15:30:00,313,313.71,310,312.36,1417848
11/8/2016 15:30:00,312.77,314.5,310.02,313.58,1337041
11/9/2016 15:30:00,300,314.35,298.84,312.81,3411367
11/10/2016 15:30:00,315.94,320.75,313.52,319.64,2675184
11/11/2016 15:30:00,318.5,320.5,316.4,318.95,1784830
11/15/2016 15:30:00,319.38,322.25,312.66,313.69,3128131
11/16/2016 15:30:00,317,317,310.01,311.09,2161936
11/17/2016 15:30:00,309.58,312.23,306.29,307.55,1203906
11/18/2016 15:30:00,309,309,302.3,302.85,1719975
11/21/2016 15:30:00,304.88,304.88,297.09,299.68,1388130
11/22/2016 15:30:00,301.7,301.7,297.34,299.51,2504446
11/23/2016 15:30:00,300.75,300.75,295.27,296.19,883173
11/24/2016 15:30:00,296,296.58,290.23,291.38,3821499
11/25/2016 15:30:00,292.25,298.3,289.5,297.33,1492490
11/28/2016 15:30:00,295.06,299.73,294.52,296.11,1032545
11/29/2016 15:30:00,296.18,298.24,294.13,294.69,983161
11/30/2016 15:30:00,296.25,300.5,295.27,299.9,1610710
12/1/2016 15:30:00,300.58,301.98,298.25,299.31,1119246
12/2/2016 15:30:00,297.25,300.49,294.18,297.27,1015668
12/5/2016 15:30:00,296.9,299.74,294.13,299.09,1137984
12/6/2016 15:30:00,298.75,300.71,297.55,298.61,675741
12/7/2016 15:30:00,300.46,301.48,291.75,295.4,1407048
12/8/2016 15:30:00,296.75,301.39,296.75,299.88,1077424
12/9/2016 15:30:00,299.77,300.58,297,299.58,1096988
12/12/2016 15:30:00,298,298.04,295.27,296.11,856318
12/13/2016 15:30:00,295.06,297.59,294.64,296.56,631717
12/14/2016 15:30:00,296.75,297,293.35,293.93,1078536
12/15/2016 15:30:00,291.05,298.63,290.9,294.15,1235372
12/16/2016 15:30:00,294.15,296.25,292.89,295.58,813957
12/19/2016 15:30:00,294.2,294.88,292.63,294.19,790109
12/20/2016 15:30:00,294,296.25,292.93,295.48,1047498
12/21/2016 15:30:00,296,296.25,293.75,295,664719
12/22/2016 15:30:00,294.1,294.88,292.1,293.27,701429
12/23/2016 15:30:00,292.75,297.31,292.33,296.56,1188129
12/26/2016 15:30:00,294.64,296.52,292.52,293.75,1045966
12/27/2016 15:30:00,294.83,296.73,293.48,296.3,1224824
12/28/2016 15:30:00,297.48,298.74,295.25,296.69,1626960
12/29/2016 15:30:00,296.25,301.99,295.36,301.3,2025204
12/30/2016 15:30:00,300,303,299.99,301.55,1016635
1/2/2017 15:30:00,302.36,302.52,298.01,299.27,927164
1/3/2017 15:30:00,300.2,300.49,296.44,297.48,961875
1/4/2017 15:30:00,297.46,298,295.95,296.38,1741780
1/5/2017 15:30:00,297.25,298.63,295.77,296.55,1694096
1/6/2017 15:30:00,297.52,299.6,297.05,298.41,1381315
1/9/2017 15:30:00,299.71,301.04,298.04,298.8,1143449
1/10/2017 15:30:00,299.05,304.2,298.83,303.59,1386529
1/11/2017 15:30:00,304.38,309.52,303.88,307.65,2335851
1/12/2017 15:30:00,308.75,310.93,306.38,308.75,729079
1/13/2017 15:30:00,309.75,309.93,307.15,308.13,962603
1/16/2017 15:30:00,308.38,312.36,308.2,311.91,941466
1/17/2017 15:30:00,311.75,313.1,309.06,309.63,889903
1/18/2017 15:30:00,310.23,314,310.21,310.65,1153222
1/19/2017 15:30:00,311.23,311.23,308.75,309.08,878103
1/20/2017 15:30:00,309,311.25,307.5,309.09,3485517
1/23/2017 15:30:00,309,312.5,308.95,311.16,1198462
1/24/2017 15:30:00,312.5,317.88,312.31,316.89,2565466
1/25/2017 15:30:00,318.15,323.9,317.52,322.65,3909246
1/27/2017 15:30:00,324.75,325,322,322.98,1713059
1/30/2017 15:30:00,323.24,323.24,320.14,321.24,1329907
1/31/2017 15:30:00,320.6,323.18,319.25,321.66,1525260
2/1/2017 15:30:00,321.55,327.5,320.13,326.43,2727666
2/2/2017 15:30:00,326.43,326.43,323.15,324.68,1492909
2/3/2017 15:30:00,324.75,329,324.13,327.76,2001276
2/6/2017 15:30:00,328.08,330,327.86,328.53,1077555
2/7/2017 15:30:00,329,329.5,325.74,326.79,852980
2/8/2017 15:30:00,326.89,329.68,324.54,326.41,1235240
2/9/2017 15:30:00,327.35,329.98,323.14,324.41,1116344
2/10/2017 15:30:00,324.59,327.19,324.5,325.9,824184
2/13/2017 15:30:00,326.89,328.75,324.8,327.55,698948
2/14/2017 15:30:00,328.5,328.5,326,327.78,611515
2/15/2017 15:30:00,328,331,326.86,330.55,1531735
2/16/2017 15:30:00,330.75,333.25,330.06,331.98,1260925
2/17/2017 15:30:00,361.25,363.5,340.11,344.26,100564990
2/20/2017 15:30:00,340.3,353.86,339.79,352.28,2641679
2/21/2017 15:30:00,351.51,355.45,349.35,353.89,1565007
2/22/2017 15:30:00,353.75,354.7,348.71,349.79,1324194
2/23/2017 15:30:00,350.95,355.34,346.76,348.58,8623745
2/27/2017 15:30:00,347.73,349.59,344.65,348.4,1170344
2/28/2017 15:30:00,348.23,349.06,346.13,347.53,732002
3/1/2017 15:30:00,349.11,349.13,346.6,347.91,870434
3/2/2017 15:30:00,348.64,349,344.06,345.03,1150497
3/3/2017 15:30:00,346.13,346.13,342.25,344.25,623206
3/6/2017 15:30:00,344.2,347.48,343.28,345.19,919781
3/7/2017 15:30:00,345.56,346.88,344.05,346.55,778219
3/8/2017 15:30:00,346.98,349.8,345.26,348.05,945536
3/9/2017 15:30:00,345.41,349.68,345.41,348.55,877329
3/10/2017 15:30:00,348.75,352,348.29,350.03,1465176
3/14/2017 15:30:00,355.53,356.04,351.66,352.68,1788755
3/15/2017 15:30:00,352.74,355,352.64,354.15,1067965
3/16/2017 15:30:00,354.53,355.71,353.41,354.34,1245027
3/17/2017 15:30:00,354.64,356.88,353.21,356.46,847616
3/20/2017 15:30:00,356.66,359.96,356.49,359.03,2035586
3/21/2017 15:30:00,358.5,361.25,358.5,360.24,1389320
3/22/2017 15:30:00,356.93,359.25,356.45,357.73,1409136
3/23/2017 15:30:00,358.6,358.75,355.73,357.73,1230618
3/24/2017 15:30:00,358.25,358.61,355.5,356.09,952591
3/27/2017 15:30:00,356,356,351.01,352.46,1466021
3/28/2017 15:30:00,354.58,356.18,353.28,355.05,2015350
3/29/2017 15:30:00,355.2,358.7,355,357.15,2143943
3/30/2017 15:30:00,357,369.99,356.26,366.55,8580273
3/31/2017 15:30:00,363.45,363.5,359.14,360.64,2412848
4/3/2017 15:30:00,361.5,362.53,356.5,358.3,1037263
4/5/2017 15:30:00,358.81,361.63,356.89,358.09,1436020
4/6/2017 15:30:00,357.88,360.75,356.26,359.63,1531104
4/7/2017 15:30:00,357.76,361.25,357.15,359.71,1162090
4/10/2017 15:30:00,360.75,360.75,358.16,358.54,848469
4/11/2017 15:30:00,358.5,360.3,357.88,359.88,1089065
4/12/2017 15:30:00,359.75,362.49,358.88,360.93,891273
4/13/2017 15:30:00,360.75,362.23,359.26,360.08,1201059
4/17/2017 15:30:00,360.08,360.95,357.06,359.2,1784264
4/18/2017 15:30:00,360,363.75,359.5,361.83,909715
4/19/2017 15:30:00,361.75,364.19,359.5,362.25,1084536
4/20/2017 15:30:00,363.25,366.51,363.24,365.54,1445343
4/21/2017 15:30:00,366.5,374.75,363.33,374.15,4314508
4/24/2017 15:30:00,374.53,384.75,374.25,383.26,5051738
4/25/2017 15:30:00,383.76,386.38,382.4,384.26,2264445
4/26/2017 15:30:00,385.74,388.25,367.11,387.66,1948963
4/27/2017 15:30:00,386.53,393.49,386.53,392.15,4045105
4/28/2017 15:30:00,389.98,389.98,384.28,386.63,1359432
5/2/2017 15:30:00,386.75,387.73,382.59,385.15,1001760
5/3/2017 15:30:00,388.56,388.56,384.84,386.08,626991
5/4/2017 15:30:00,384.81,385.73,380.65,383.7,1282757
5/5/2017 15:30:00,385.53,385.73,381.58,383.05,689474
5/8/2017 15:30:00,384.5,385,382.14,383.7,936813
5/9/2017 15:30:00,383.7,386.4,383.16,383.94,836459
5/10/2017 15:30:00,385,388.75,384.26,387.95,585561
5/11/2017 15:30:00,387.75,390,385.25,386.6,968936
5/12/2017 15:30:00,386.48,389.23,384.05,387.91,1536901
5/15/2017 15:30:00,387.5,389.3,385.56,388.35,701195
5/16/2017 15:30:00,388.75,390.5,387.06,389.91,897594
5/17/2017 15:30:00,389.7,391.35,387.88,389.29,868118
5/18/2017 15:30:00,387.25,390.38,387.03,389.28,776820
5/19/2017 15:30:00,389.88,392.48,386.31,390.31,713534
5/22/2017 15:30:00,391.28,395,390.78,394,715013
5/23/2017 15:30:00,395,395.89,391.25,392.28,770043
5/24/2017 15:30:00,392.26,393.86,390.5,391.69,866847
5/25/2017 15:30:00,391.78,407.35,391.78,404.29,5022701
5/26/2017 15:30:00,401.66,408,400.28,406.5,1360789
5/29/2017 15:30:00,404.95,412,404.41,407.98,1479085
5/30/2017 15:30:00,407.5,408.38,404.04,407.26,1108546
5/31/2017 15:30:00,406.25,410.75,405.79,409.05,1329728
6/1/2017 15:30:00,409.75,409.96,405.14,407.15,839885
6/2/2017 15:30:00,408.5,411.53,406.55,408.56,803386
6/5/2017 15:30:00,408.43,409.74,406.25,408.89,724975
6/6/2017 15:30:00,408.75,410.95,407.5,409.74,1250658
6/7/2017 15:30:00,410.1,411.23,407.59,410.2,638569
6/8/2017 15:30:00,410.98,414.85,410.41,411.19,1062192
6/9/2017 15:30:00,410.03,417.5,410.03,416.7,1326318
6/12/2017 15:30:00,416,419,415,417.19,992853
6/13/2017 15:30:00,415.44,422.98,415.25,419.18,1262905
6/14/2017 15:30:00,418.75,419.99,416.75,417.8,964590
6/15/2017 15:30:00,417,418.9,413.4,416.09,881673
6/16/2017 15:30:00,416.25,418.68,414.53,417.31,938776
6/19/2017 15:30:00,417.75,424,417.1,423.23,956383
6/20/2017 15:30:00,422.5,423.5,419.96,421.64,915066
6/21/2017 15:30:00,420.65,425.31,419.9,424.68,852733
6/22/2017 15:30:00,423.74,429,422.8,424.5,1668865
6/23/2017 15:30:00,425.5,425.69,418.8,419.66,1304367
6/27/2017 15:30:00,422.25,423.75,414.06,416.91,1500108
6/28/2017 15:30:00,416.25,418.75,414.45,416.61,1112259
6/29/2017 15:30:00,416.75,420.48,412.78,415.76,2296927
6/30/2017 15:30:00,413.45,415,410.75,413.01,1082608
7/3/2017 15:30:00,413.15,416.88,411.81,414.65,876083
7/4/2017 15:30:00,415.06,416.68,413,413.34,941520
7/5/2017 15:30:00,413.28,414.88,411.25,412.19,1003550
7/6/2017 15:30:00,413.14,415.75,412.84,414.54,1142919
7/7/2017 15:30:00,415.21,417.4,414.5,416.8,1379349
7/10/2017 15:30:00,417,437,415.26,419.09,327313
7/11/2017 15:30:00,419.39,422.7,416.78,420.1,1102570
7/12/2017 15:30:00,420,421.25,414.64,420.31,1434723
7/13/2017 15:30:00,422,423.33,419.91,420.89,1120251
7/14/2017 15:30:00,420.98,421.51,418,419.99,610813
7/17/2017 15:30:00,420.64,421.91,419.25,420.59,599835
7/18/2017 15:30:00,419.93,421.96,419.34,420.89,580547
7/19/2017 15:30:00,421.25,424.05,420.46,423.08,996811
7/20/2017 15:30:00,423.48,428.75,422.04,427.73,924619
7/21/2017 15:30:00,428.53,428.81,425,425.76,968377
7/24/2017 15:30:00,427.5,435,423.75,433.78,4919544
7/25/2017 15:30:00,439.75,439.75,433.26,434.91,2790117
7/26/2017 15:30:00,435.5,438.75,433.13,436.89,973836
7/27/2017 15:30:00,439,449.7,437.89,447.41,4490428
7/28/2017 15:30:00,443,446.63,440.28,444.63,2313849
7/31/2017 15:30:00,444.39,447.75,441.64,446.1,1842285
8/1/2017 15:30:00,445.46,452.29,443.05,449.3,2129215
8/2/2017 15:30:00,451.75,451.75,445.51,447.91,1849479
8/3/2017 15:30:00,447,448,443.6,444.99,1064196
8/4/2017 15:30:00,444.25,449.19,441.54,447.56,886267
8/7/2017 15:30:00,446.5,449.11,446.25,447.14,479665
8/8/2017 15:30:00,448.03,449.31,441.53,444.48,1008843
8/9/2017 15:30:00,442.75,444.26,439.59,441.11,817514
8/10/2017 15:30:00,440,441.5,438.21,440.11,1947111
8/11/2017 15:30:00,436.25,439.5,432.79,437.26,1589959
8/14/2017 15:30:00,438.25,443.74,437,439.3,894271
8/16/2017 15:30:00,440.59,447.45,437.14,445.31,1106708
8/17/2017 15:30:00,444.06,445.24,438.44,441.35,1363717
8/18/2017 15:30:00,440,440.25,435.75,438.04,926866
8/21/2017 15:30:00,438.5,439.75,434.55,435.8,1002431
8/22/2017 15:30:00,437.83,438.5,434.2,436.75,1652389
8/23/2017 15:30:00,437.5,444.49,437.5,443.11,840131
8/24/2017 15:30:00,443.73,443.74,439.79,440.63,1969569
8/28/2017 15:30:00,440.6,442.79,439.59,440.56,376946
8/29/2017 15:30:00,439.75,439.75,434.5,436.54,1229649
8/30/2017 15:30:00,437.99,442.5,437.51,442.14,673580
8/31/2017 15:30:00,443,444.96,439.1,444.11,1825859
9/1/2017 15:30:00,445.25,445.36,440.28,441.9,573793
9/4/2017 15:30:00,441.25,441.25,436.53,437.73,910631
9/5/2017 15:30:00,439.25,441.23,437.75,438.84,920609
9/6/2017 15:30:00,435.94,440.7,434.5,439.98,1437908
9/7/2017 15:30:00,440.03,444.19,440.03,441.64,1736605
9/8/2017 15:30:00,443.35,447.5,442.75,446.91,2077916
9/11/2017 15:30:00,448.25,457.25,447.55,455.84,2869419
9/12/2017 15:30:00,456.93,459.98,454.58,458.8,1671920
9/13/2017 15:30:00,458.75,462.25,456,460.46,1248844
9/14/2017 15:30:00,460.04,463.13,457.88,459.85,2038504
9/15/2017 15:30:00,459,462.95,458.36,462.24,941833
9/18/2017 15:30:00,463.39,466.11,463.13,465.11,1021232
9/19/2017 15:30:00,466.23,467,461.89,462.43,1060367
9/20/2017 15:30:00,462,465.36,461.31,462.21,861532
9/21/2017 15:30:00,462,462.13,457.68,459.78,1928124
9/22/2017 15:30:00,458.7,459.74,455,456.03,2060881
9/25/2017 15:30:00,455.61,455.61,448.15,449.94,2537307
9/26/2017 15:30:00,447.26,449.15,446.25,448.08,2859683
9/27/2017 15:30:00,449,451.4,442.5,444.13,1834305
9/28/2017 15:30:00,443.5,449.75,440.83,448.83,6911616
9/29/2017 15:30:00,450.03,455.5,449.06,451.43,1553408
10/3/2017 15:30:00,452,455.25,449.28,452.21,1098606
10/4/2017 15:30:00,451.98,452.98,448.34,449.25,1656276
10/5/2017 15:30:00,448.75,451.25,448.28,449.65,834049
10/6/2017 15:30:00,449.5,451.11,448.5,450.03,757665
10/9/2017 15:30:00,449.7,450.75,447.63,448.88,765623
10/10/2017 15:30:00,449.75,453.74,448.16,450.68,949545
10/11/2017 15:30:00,450.81,453.81,446.9,447.54,1316860
10/12/2017 15:30:00,448.78,455.36,447,454.7,1345390
10/13/2017 15:30:00,456.68,464.14,455.5,462.7,1608366
10/16/2017 15:30:00,465,468.31,460.5,464.29,818636
10/17/2017 20:00:00,462.5,463.43,459.78,462.81,653322
10/18/2017 15:30:00,460.25,468.75,459.75,467.13,981680
10/19/2017 20:00:00,465.45,466.25,460.16,461.25,142502
10/23/2017 15:30:00,464.98,467.43,459.01,465.83,1040723
10/24/2017 15:30:00,465.75,469.9,463.25,466.78,2832218
10/25/2017 15:30:00,465,465.75,446.25,448.78,5341802
10/26/2017 15:30:00,442,452.5,439.46,448.84,7142866
10/27/2017 15:30:00,451.1,451.88,444.75,447.76,1868022
10/30/2017 15:30:00,449.56,454,448.1,453.75,1355588
10/31/2017 15:30:00,452.88,452.88,449.81,452.13,1170615
11/1/2017 15:30:00,453.78,456.25,453,455.3,1047653
11/2/2017 15:30:00,455.75,457.45,454.24,455.53,1184486
11/3/2017 15:30:00,456.43,460,455.4,457.68,952622
11/6/2017 15:30:00,456.25,460,455.65,457.15,1537061
11/7/2017 15:30:00,459.5,461.24,455.19,455.93,1861594
11/8/2017 15:30:00,456.3,458.4,454.75,456.49,820786
11/9/2017 15:30:00,456.75,458.75,455.28,456.96,778327
11/10/2017 15:30:00,455.43,458.7,453.09,455.5,1936090
11/13/2017 15:30:00,455.5,455.79,448.75,453.39,833968
11/14/2017 15:30:00,453.98,454.75,450,450.59,1178117
11/15/2017 15:30:00,449.5,450.91,447,450.06,1537092
11/16/2017 15:30:00,451,454,448.8,451.93,1003243
11/17/2017 15:30:00,457.18,459.58,453.29,456.39,1589693
11/20/2017 15:30:00,457.25,459.93,457.25,459.54,598106
11/21/2017 15:30:00,459.36,462.5,459.03,461.56,568883
11/22/2017 15:30:00,462.43,465,461.14,463.81,1415199
11/23/2017 15:30:00,464.75,465,459.5,460.71,808145
11/24/2017 15:30:00,460.75,464.45,460.25,462.85,1300921
11/27/2017 15:30:00,462.25,465.5,461.4,464.39,967618
11/28/2017 15:30:00,464,467.75,463.96,466.34,1272635
11/29/2017 15:30:00,466.25,468.88,463.95,468.33,818646
11/30/2017 15:30:00,467.18,468.49,460,463.43,1449078
12/1/2017 15:30:00,463.73,465,461.03,462.05,964537
12/4/2017 15:30:00,463.73,463.73,457.53,458.53,910483
12/5/2017 15:30:00,456.5,457.14,451.75,455.11,973340
12/6/2017 15:30:00,454.99,455.34,449.75,450.83,1598780
12/7/2017 15:30:00,451.66,454.15,450.78,452.73,1057826
12/8/2017 15:30:00,453.5,463.25,453.5,460.1,2239100
12/11/2017 15:30:00,462,462.94,460,461.6,799558
12/12/2017 15:30:00,462.28,462.48,453.99,454.98,602647
12/13/2017 15:30:00,455.01,461.25,453.78,455.34,726865
12/14/2017 15:30:00,456,460,453,459.51,920773
12/15/2017 15:30:00,464,472,463.88,468.36,3112531
12/18/2017 15:30:00,463.75,474.75,452.33,469.74,3074497
12/19/2017 15:30:00,469.95,473.41,469.04,471.13,1238028
12/20/2017 15:30:00,474.73,475.78,465.91,467.04,2335876
12/21/2017 15:30:00,469.98,471.25,466.3,467.08,1713636
12/22/2017 15:30:00,469.75,470,465.44,469.16,1117726
12/26/2017 15:30:00,470.25,470.7,464.18,467.09,1696424
12/27/2017 15:30:00,467.53,467.58,462.79,464.19,872346
12/28/2017 15:30:00,464.73,470.23,464.5,469.51,2175130
12/29/2017 15:30:00,469.2,469.8,467.04,468.1,1586468
1/1/2018 15:30:00,468.18,470.19,462.63,463.63,1645129
1/2/2018 15:30:00,464.64,468.75,464.64,468.09,1194079
1/3/2018 15:30:00,468.75,469.56,462.8,463.16,1132822
1/4/2018 15:30:00,463.25,466.38,463.25,464.98,593444
1/5/2018 15:30:00,465.75,467.01,463.89,465.9,717717
1/8/2018 15:30:00,466.25,467.68,464.44,465.15,1142577
1/9/2018 15:30:00,465.5,467.46,463.75,465.93,1326382
1/10/2018 15:30:00,466.3,466.98,464.33,466.05,1153972
1/11/2018 15:30:00,466.05,469,464.06,468.14,1014774
1/12/2018 15:30:00,468.25,469.54,465,466.33,1084177
1/15/2018 15:30:00,467.49,476.1,464.96,474.44,3144111
1/16/2018 15:30:00,475.86,477.5,471.31,475.04,1611346
1/17/2018 15:30:00,474.25,475.64,471.75,472.63,726374
1/18/2018 15:30:00,481,488.5,479.51,483.58,4162385
1/19/2018 15:30:00,483.79,489.98,479.81,488.05,2863997
1/22/2018 15:30:00,490,497,488.29,490.84,2212442
1/23/2018 15:30:00,491.25,491.68,485.83,487.83,1261949
1/24/2018 15:30:00,488.14,492.25,487.65,489.41,1197642
1/25/2018 15:30:00,488.48,495,487.63,493.74,2180917
1/29/2018 15:30:00,494.5,501.74,494.5,499.91,2058973
1/30/2018 15:30:00,499.45,500.48,496.04,498.88,1599390
1/31/2018 15:30:00,497.35,503.38,496.75,501.43,1735837
2/1/2018 15:30:00,501.5,503.75,496.33,497.79,1630355
2/2/2018 15:30:00,496.5,497.48,485.38,487,1836531
2/5/2018 15:30:00,479.5,483.81,476.46,478.46,1981696
2/6/2018 15:30:00,465,478,459.08,474.2,2687451
2/7/2018 15:30:00,476.75,476.75,465.6,468.2,2091243
2/8/2018 15:30:00,471,474.65,466.63,470.24,1292861
2/9/2018 15:30:00,461.98,466.18,461.03,462.38,1602238
2/12/2018 15:30:00,465,471.5,463.79,469.16,1095277
2/14/2018 15:30:00,472.45,474.48,468.66,470.79,894297
2/15/2018 15:30:00,472.43,473.69,468.75,470.48,1228806
2/16/2018 15:30:00,470.98,473.71,468.91,469.65,895880
2/19/2018 15:30:00,470.65,471.9,464.76,469.55,913638
2/20/2018 15:30:00,471.19,471.46,464.7,465.8,1021017
2/21/2018 15:30:00,466.99,467.14,463.05,464.35,688268
2/22/2018 15:30:00,462.5,465,460.39,463.3,3313399
2/23/2018 15:30:00,464.23,471.21,462.6,470.14,1019187
2/26/2018 15:30:00,472.03,478.7,470.89,477.89,1197221
2/27/2018 15:30:00,478.69,480.44,475,475.64,1196832
2/28/2018 15:30:00,472.39,473.86,469.5,471.05,1016591
3/1/2018 15:30:00,469.83,473.33,467,468.59,977460
3/5/2018 15:30:00,468.54,469.5,464.56,467.49,945366
3/6/2018 15:30:00,467.5,469.98,459.88,461.56,1144207
3/7/2018 15:30:00,460,463.35,457.13,458.15,1407041
3/8/2018 15:30:00,459.95,464.63,458,463.21,1379681
3/9/2018 15:30:00,463.74,466.31,461,462.76,1027027
3/12/2018 15:30:00,465.05,467.36,463.35,466.81,1639279
3/13/2018 15:30:00,466.86,471.19,463.75,465.06,1281050
3/14/2018 15:30:00,464,466.98,462,466.13,920098
3/15/2018 15:30:00,466.3,471.88,466.3,470.2,1467731
3/16/2018 15:30:00,470,470.28,461.64,463.25,1974084
3/19/2018 15:30:00,463.25,465,460.79,461.81,1959685
3/20/2018 15:30:00,461.28,463.98,458.81,459.88,914343
3/21/2018 15:30:00,462,465.8,460.83,464.73,1480285
3/22/2018 15:30:00,464.73,470,463.78,466.94,1668306
3/23/2018 15:30:00,461.66,463.28,459.31,460.39,1797538
3/26/2018 15:30:00,459.98,475,458.38,473.36,2625442
3/27/2018 15:30:00,473.45,474.75,469,473.15,1534209
3/28/2018 15:30:00,470.74,474.93,469.01,471.53,2209377
4/2/2018 15:30:00,472.63,483.94,472.63,482.8,1149092
4/3/2018 15:30:00,480.99,481.43,477.75,478.98,1019971
4/4/2018 15:30:00,478.24,481.24,469.61,470.81,928527
4/5/2018 15:30:00,475.33,478.5,472.55,477.23,1214723
4/6/2018 15:30:00,478.05,481.61,476.45,480.85,930002
4/9/2018 15:30:00,479.7,485.5,479.1,484.76,1000884
4/10/2018 15:30:00,485.75,485.75,478.38,480.21,1516809
4/11/2018 15:30:00,478.98,480,476.35,479.71,717703
4/12/2018 15:30:00,479,483.23,476.48,482.2,1178129
4/13/2018 15:30:00,482,485,479.78,481.25,824293
4/16/2018 15:30:00,480,487.5,479.96,485.53,711936
4/17/2018 15:30:00,485.88,487.75,483.53,487.13,666958
4/18/2018 15:30:00,487.75,488.38,482.51,483.15,678180
4/19/2018 15:30:00,485,486.2,483.25,484.75,792258
4/20/2018 15:30:00,485.25,490.25,483.04,488.98,2340345
4/23/2018 15:30:00,494.75,494.75,465.08,483.94,3826155
4/24/2018 15:30:00,483.75,487.01,481.5,483.75,1259354
4/25/2018 15:30:00,481.98,484.5,478,480.19,1005148
4/26/2018 15:30:00,479.2,484.8,477.81,482.56,1961870
4/27/2018 15:30:00,483.25,483.88,478.13,480.85,1444252
4/30/2018 15:30:00,482.5,488.7,482.2,486.08,1152388
5/2/2018 15:30:00,487.5,494.5,486.5,492.38,1775012
5/3/2018 15:30:00,492.01,493.73,486.5,491.98,1038193
5/4/2018 15:30:00,492.5,497.5,491.58,497.13,1720359
5/7/2018 15:30:00,495.41,496.83,493.75,494.35,1316032
5/8/2018 15:30:00,494.81,494.98,488.65,491.76,1775141
5/9/2018 15:30:00,489.04,495.13,489.04,494.6,1081833
5/10/2018 15:30:00,497.15,499.75,495.5,498.18,1792918
5/11/2018 15:30:00,498.18,504.25,496.5,502.94,1514267
5/14/2018 15:30:00,504.3,506.85,503.1,505.44,1185729
5/15/2018 15:30:00,506.76,516.25,506.68,509.45,2456671
5/16/2018 15:30:00,507.64,512.25,504.29,505.84,1710401
5/17/2018 15:30:00,505.96,511.11,503.13,506.94,1653869
5/18/2018 15:30:00,506.18,506.18,500.88,503.04,1304365
5/21/2018 15:30:00,504.03,505.25,496.51,498.26,1212027
5/22/2018 15:30:00,499.68,503.49,496.38,497.48,990093
5/23/2018 15:30:00,496.95,498.5,490.85,491.88,1431573
5/24/2018 15:30:00,491.78,497.56,489.09,496.5,1130186
5/25/2018 15:30:00,497.5,504,497.48,502.18,1189897
5/28/2018 15:30:00,501.95,513,501.5,510.55,1275985
5/29/2018 15:30:00,509.5,513.17,507.2,508.15,837811
5/30/2018 15:30:00,504.93,513.25,504.08,512.09,1216749
5/31/2018 15:30:00,525,540,520,534.86,9909798
6/1/2018 15:30:00,529,534.5,525.25,527.65,5287839
6/4/2018 15:30:00,537.5,539.25,509.49,511.55,22199081
6/5/2018 15:30:00,512.5,516.74,505.75,515.9,4276365
6/6/2018 15:30:00,515.05,516.2,511.25,514.34,2445500
6/7/2018 15:30:00,518.3,519.95,513.3,515.55,2640974
6/8/2018 15:30:00,514.75,515.31,508.75,512.34,1545222
6/11/2018 15:30:00,512.98,515.74,509.7,510.58,1772797
6/12/2018 15:30:00,512.98,513.17,509.6,510.96,1308564
6/13/2018 15:30:00,513,513.7,506.03,507.86,1974490
6/14/2018 15:30:00,507.5,511.25,506.25,509.35,4231894
6/15/2018 15:30:00,506.5,509.73,505.58,507.4,2720204
6/18/2018 15:30:00,507.53,509.7,502.28,504.79,1871851
6/19/2018 15:30:00,506.24,510.18,504.83,505.88,2745288
6/20/2018 15:30:00,506.5,514.5,506.25,514.04,2262928
6/21/2018 15:30:00,515,517.7,511.76,514.4,3377676
6/22/2018 15:30:00,514.24,522.2,512.46,520.84,1962245
6/25/2018 15:30:00,520.76,524.45,518.26,523.74,1748084
6/26/2018 15:30:00,521.51,525.75,519.96,523.42,2290483
6/27/2018 15:30:00,523.25,529.88,522.5,528.15,4781701
6/28/2018 15:30:00,528.75,535,527.8,532.71,9383385
6/29/2018 15:30:00,530.42,535,526.28,527.11,4864530
7/2/2018 15:30:00,527.09,527.1,515.81,518.31,2466219
7/3/2018 15:30:00,518.31,521.25,516.4,517.55,1715775
7/4/2018 15:30:00,519.06,527.01,517.25,525.89,1524498
7/5/2018 15:30:00,526.25,532.25,523.14,530.94,2433992
7/6/2018 15:30:00,528.33,533.89,527.84,528.79,2030336
7/9/2018 15:30:00,530.46,532.5,526.94,531.41,1545574
7/10/2018 15:30:00,532.48,537.4,531.25,536.6,2737684
7/11/2018 15:30:00,536.26,538.92,533.7,537.06,1464480
7/12/2018 15:30:00,538.23,544.96,538,541.49,2005167
7/13/2018 15:30:00,542.1,547.7,540.78,545.23,1790297
7/16/2018 15:30:00,544.85,547.51,540.94,542.21,2254334
7/17/2018 15:30:00,540.81,545.25,540.81,544.19,1590481
7/18/2018 15:30:00,546.75,555,543.41,544.05,4365068
7/19/2018 15:30:00,545.75,548.38,542.75,546.53,1326194
7/20/2018 15:30:00,546.53,550.71,542.78,547.26,2501741
7/23/2018 15:30:00,537.5,544.5,534.51,539.11,4220033
7/24/2018 15:30:00,536.75,542.25,536.75,539.94,1302198
7/25/2018 15:30:00,541.16,544.2,540,542.59,1759654
7/26/2018 15:30:00,541.25,550.86,541.25,548.15,5320273
7/27/2018 15:30:00,550.49,552.99,546.17,550.54,2638649
7/30/2018 15:30:00,549.75,549.75,539.85,542.48,1792280
7/31/2018 15:30:00,540,546.48,537.51,544.88,2215236
8/1/2018 15:30:00,540.7,543.75,537.92,539.67,1517890
8/2/2018 15:30:00,538.38,538.42,530.34,532.55,2226426
8/3/2018 15:30:00,533.39,536.76,528.5,530.41,3401002
8/6/2018 15:30:00,530.25,534.35,526.53,528.58,1436158
8/7/2018 15:30:00,531.25,533.63,527,532.73,1857114
8/8/2018 15:30:00,533.96,537.95,533.26,534.09,2486345
8/9/2018 15:30:00,535.5,535.5,523.66,529.63,2236102
8/10/2018 15:30:00,530.88,530.95,524.5,528.61,1360735
8/13/2018 15:30:00,521,525.99,520,522.91,2513563
8/14/2018 15:30:00,524.5,526.25,521.8,522.28,1233991
8/16/2018 15:30:00,520.75,521.67,516.6,518.92,2656290
8/17/2018 15:30:00,520.73,523.26,517.91,519.34,1516332
8/20/2018 15:30:00,518.75,526.9,518.75,524.05,1952784
8/21/2018 15:30:00,524.5,528,523.16,524.01,1944080
8/23/2018 15:30:00,526.25,526.75,519.21,519.98,3143638
8/24/2018 15:30:00,517.75,523.4,516.51,517.46,2428657
8/27/2018 15:30:00,519.25,522.13,517.56,520.11,3143697
8/28/2018 15:30:00,522,524.56,519.7,523.71,2493383
8/29/2018 15:30:00,523.04,523.51,518.19,519.63,2468423
8/30/2018 15:30:00,520.9,521.98,515.46,516.53,5456865
8/31/2018 15:30:00,517.3,519.69,514.56,515.3,3942875
9/3/2018 15:30:00,517.35,519.74,515.88,518.76,1915402
9/4/2018 15:30:00,519.23,519.49,512.25,512.95,1782634
9/5/2018 15:30:00,513.45,515.05,508.89,511.46,1410377
9/6/2018 15:30:00,512.25,514.75,508.15,513.05,2600603
9/7/2018 15:30:00,512.75,515,510.19,514.24,1479825
9/10/2018 15:30:00,513.75,513.75,506.28,510.29,2149648
9/11/2018 15:30:00,511.58,512,498.54,500.1,4546634
9/12/2018 15:30:00,500.48,505.34,497.39,502.96,3061502
9/14/2018 15:30:00,504.96,509.35,504.74,507.4,2583668
9/17/2018 15:30:00,505.33,505.74,497,498.05,2334555
9/18/2018 15:30:00,498.73,502.46,495.24,497.3,2331434
9/19/2018 15:30:00,498.71,499.5,489.13,490.34,4178066
9/21/2018 15:30:00,493.48,499.96,477.55,492.56,5652537
9/24/2018 15:30:00,491.81,493.05,478.75,481.43,3347698
9/25/2018 15:30:00,481.43,490.5,478.75,488.1,4170638
9/26/2018 15:30:00,490.74,494.5,488.83,492.05,3681681
9/27/2018 15:30:00,492.35,496.5,488.79,494.04,4588052
9/28/2018 15:30:00,495.16,503.86,494.29,501.51,3615179
10/1/2018 15:30:00,502.45,510.5,499.45,508.86,3112397
10/3/2018 15:30:00,507.61,513.05,501.75,507.79,3833037
10/4/2018 15:30:00,502,504.45,485.75,489.44,4492646
10/5/2018 15:30:00,488.49,497.5,485.04,491.33,3932295
10/8/2018 15:30:00,491.25,492.25,482.5,486.25,5032005
10/9/2018 15:30:00,486.1,491.25,482.5,485.15,3114841
10/10/2018 15:30:00,486.25,495.56,483.88,491.79,3984983
10/11/2018 15:30:00,481.25,487.08,479.4,484.39,3589976
10/12/2018 15:30:00,486.25,499.28,485.5,495.46,2400080
10/15/2018 15:30:00,497.5,502.7,492.58,502.01,3146492
10/16/2018 15:30:00,500.75,504.55,496.88,498.19,2351501
10/17/2018 15:30:00,501.53,503.25,490.88,493.65,1985199
10/19/2018 15:30:00,489.73,495.21,489.5,491.94,2466837
10/22/2018 15:30:00,503.5,505,497.15,499.73,5082790
10/23/2018 15:30:00,493.25,499.73,493.25,496.21,4857141
10/24/2018 15:30:00,501,502.2,493.15,498.06,4518084
10/25/2018 15:30:00,493.4,500.9,490.61,492.2,7461764
10/26/2018 15:30:00,492.2,494.3,487.25,490.3,3788928
10/29/2018 15:30:00,491.03,491.24,473.8,481.58,4261070
10/30/2018 15:30:00,481.25,483,474.83,478.19,3457176
10/31/2018 15:30:00,475.51,479.48,471.25,477.94,5862351
11/1/2018 15:30:00,482.5,482.5,474,478.05,4907263
11/2/2018 15:30:00,481.5,490,478,487.36,7523217
11/5/2018 19:00:00,487.48,489.91,484.5,489,1426324
11/6/2018 15:30:00,488.75,494,485.74,486.64,2121397
11/9/2018 15:30:00,489.55,489.98,484.08,486.35,2525405
11/12/2018 15:30:00,487.88,490.5,479.29,480.26,1976941
11/13/2018 15:30:00,479.75,484.43,477.05,481.94,3337605
11/14/2018 15:30:00,484.64,490,484.15,489.44,6527659
11/15/2018 15:30:00,490.48,494.33,482.8,493.79,2598131
11/16/2018 15:30:00,495.25,503.25,495,501.08,3953304
11/19/2018 15:30:00,502.75,505.25,500.48,503.48,3071607
11/20/2018 15:30:00,503.25,504.9,499.76,503.11,1426292
11/21/2018 15:30:00,503.19,505.99,501,504.69,1636401
11/22/2018 15:30:00,503.31,508.75,500.04,501.38,3243638
11/26/2018 15:30:00,503.48,513,503.01,512.45,4546109
11/27/2018 15:30:00,510.26,516.98,510.19,516,3223860
11/28/2018 15:30:00,516.25,524.65,515.03,522.31,3255277
11/29/2018 15:30:00,525.25,534.35,523.5,532.76,7977159
11/30/2018 15:30:00,532.5,534.39,527.5,532.11,3260231
12/3/2018 15:30:00,532.75,535.5,526.73,528.33,2699964
12/4/2018 15:30:00,526.35,527.75,519.65,521.39,2039355
12/5/2018 15:30:00,519.5,526.33,518.99,524.8,2949711
12/6/2018 15:30:00,522.42,525.41,521.25,524.26,2932563
12/7/2018 15:30:00,526.67,529.5,520.08,526.9,2475980
12/10/2018 15:30:00,516.48,526.2,516.48,522.19,2728764
12/11/2018 15:30:00,514,517.83,508,514.89,4726445
12/12/2018 15:30:00,516.74,522.45,515.03,521.33,2842622
12/13/2018 15:30:00,523.75,531.25,522.83,525.33,1766059
12/14/2018 15:30:00,526.23,529.5,522.01,523.92,1539571
12/17/2018 15:30:00,526,533.15,524.75,532.55,2109331
12/18/2018 15:30:00,531,534.75,525.65,533.86,1853492
12/19/2018 15:30:00,533.28,539.85,528.39,530.86,2252474
12/20/2018 15:30:00,528.14,535.11,525.66,534.36,1995119
12/21/2018 15:30:00,533.5,537.28,527.26,527.79,2555077
12/24/2018 15:30:00,526,526,519.34,520.16,1400372
12/26/2018 15:30:00,519.25,531.75,517.25,530.59,1900479
12/27/2018 15:30:00,533.25,534.55,524.61,526.26,2909967
12/28/2018 15:30:00,529.34,534.44,528.88,530.73,2353903
12/31/2018 15:30:00,534.25,534.25,529.17,530.42,1466632
1/1/2019 15:30:00,531.91,537.75,526.4,537.03,1593360
1/2/2019 15:30:00,535.7,536.88,529.92,532.13,2033558
1/3/2019 15:30:00,531.05,532.06,525.75,527.95,3192916
1/4/2019 15:30:00,528.81,532.13,527.59,529.36,1821780
1/7/2019 15:30:00,531.92,533.84,529.5,530.16,1346753
1/8/2019 15:30:00,530.5,530.88,524.16,525.75,2085865
1/9/2019 15:30:00,529.5,530.34,525.65,529.2,2142157
1/10/2019 15:30:00,529.25,530.95,523.16,527.13,1922885
1/11/2019 15:30:00,528.45,531,527,527.98,1602010
1/14/2019 15:30:00,527.48,527.48,524.61,525.41,1213790
1/15/2019 15:30:00,526.26,531.63,525.5,530.48,1271889
1/16/2019 15:30:00,530.01,531.25,527.06,530.05,1313113
1/17/2019 15:30:00,531.31,533.98,528.34,533.08,2060057
1/18/2019 15:30:00,533.75,534.75,528.64,532.56,1301994
1/21/2019 15:30:00,534.99,541.63,531.63,537.04,4390378
1/22/2019 15:30:00,536.5,536.7,532.26,533.96,2199244
1/23/2019 15:30:00,533.5,533.96,525.36,526.35,1906072
1/24/2019 15:30:00,527.5,530.41,524.48,525.56,2527893
1/25/2019 15:30:00,523.25,527.5,522.5,524,2815559
1/28/2019 15:30:00,522.5,525.51,519.19,521.04,3840109
1/29/2019 15:30:00,519.56,520.75,513.25,514.4,3690697
1/30/2019 15:30:00,514.31,514.31,507,508.68,4628540
1/31/2019 15:30:00,507.75,522.44,505.5,519.99,4144851
2/1/2019 15:30:00,519.99,529.25,519.15,522.61,3913547
2/4/2019 15:30:00,523.75,528.25,520.66,526.23,1984572
2/5/2019 15:30:00,527,529.75,524.25,528.51,2172572
2/6/2019 15:30:00,529.06,531.75,528.4,530.66,2718921
2/7/2019 15:30:00,531.26,532.5,526.46,529.31,1804327
2/8/2019 15:30:00,528,536.24,526.66,530.66,3058911
2/11/2019 15:30:00,528.33,535.73,528.33,534.91,1759091
2/12/2019 15:30:00,534.5,537,531.2,532.42,2443097
2/13/2019 15:30:00,533.89,538.75,533.08,535.86,2360187
2/14/2019 15:30:00,535,535,526.4,527.55,1860347
2/15/2019 15:30:00,526.84,527.03,519.55,525.16,2104131
2/19/2019 15:30:00,522.42,527.04,519.55,521.01,1317159
2/20/2019 15:30:00,522.13,527.75,520.48,527.09,1223125
2/21/2019 15:30:00,525.42,529.99,523.4,528.98,1315386
2/22/2019 15:30:00,529.85,532.03,522.28,522.86,2222677
2/25/2019 15:30:00,523.79,532.49,523.79,531.35,2035149
2/26/2019 15:30:00,527.81,531.25,525.28,527.66,2401857
2/27/2019 15:30:00,529.03,531.11,522.04,523.06,1757523
2/28/2019 15:30:00,523.28,526.46,518.3,519.39,2911344
3/1/2019 15:30:00,521.56,525.23,519.25,520.84,2338232
3/5/2019 15:30:00,522.23,527.78,517.5,526.78,2959319
3/6/2019 15:30:00,527.5,527.58,522.64,526.06,2114511
3/7/2019 15:30:00,527.4,532.5,523.75,531.63,2551213
3/8/2019 15:30:00,528.76,532.5,527.36,532.05,1763365
3/11/2019 15:30:00,533,535.92,530.55,532.11,2306027
3/12/2019 15:30:00,536.75,543.75,534.25,542.75,3774323
3/13/2019 15:30:00,543.75,558.5,543.03,556.64,14291587
3/14/2019 15:30:00,561.21,561.88,552.65,556.19,3844966
3/15/2019 15:30:00,557.75,564.98,557.01,563.25,3190772
3/18/2019 15:30:00,565.48,572.91,561.75,565.36,3589680
3/19/2019 15:30:00,567.38,568.98,562.75,566.94,2989498
3/20/2019 15:30:00,567.25,575,565.26,574.75,2927998
3/22/2019 15:30:00,575,576.75,567.7,569.04,7600970
3/25/2019 15:30:00,565,571.96,563.25,570.33,2299815
3/26/2019 15:30:00,568.98,578.75,568.15,577.84,2946712
3/27/2019 15:30:00,579.64,582.01,569.76,574.86,3471325
3/28/2019 15:30:00,574.7,581.25,571.96,575.7,4888582
3/29/2019 15:30:00,576.15,581.25,573.5,579.73,2986742
4/1/2019 15:30:00,581.31,583,576.15,577.95,2411769
4/2/2019 15:30:00,580,580,571.36,573.71,2727624
4/3/2019 15:30:00,573.03,579,572.06,573.19,1914863
4/4/2019 15:30:00,573.19,578.25,570,570.99,2302888
4/5/2019 15:30:00,571.95,578.44,570.5,576.4,2087795
4/8/2019 15:30:00,579.75,580.74,570.03,572.35,1599533
4/9/2019 15:30:00,574.15,575.75,566.75,571.81,2694400
4/10/2019 15:30:00,562.5,571,557.75,559.34,27032175
4/11/2019 15:30:00,561.23,565.75,559.24,564.38,2198325
4/12/2019 15:30:00,563.03,568.05,563.03,566.31,2292611
4/15/2019 15:30:00,567.5,573.23,566.09,572.2,2554945
4/16/2019 15:30:00,572.74,577.48,570.08,576.26,2068444
4/18/2019 15:30:00,578.25,578.76,572,573.41,2653714
4/22/2019 15:30:00,581.25,581.25,565.25,567.17,5245105
4/23/2019 15:30:00,569.39,572.5,560.4,561.33,3820600
4/24/2019 15:30:00,562.5,570.98,561.76,569.94,3088532
4/25/2019 15:30:00,571.73,574.7,564.49,565.86,4521659
4/26/2019 15:30:00,566.48,571.25,564.23,570.24,2926892
4/30/2019 15:30:00,571.25,580,569.6,579.36,3134209
5/2/2019 15:30:00,580.88,589.91,579.38,588.95,4292325
5/3/2019 15:30:00,591.05,594.5,589.13,591.99,3087880
5/6/2019 15:30:00,587,587.98,579.26,582.11,3437023
5/7/2019 19:00:00,587.98,589.5,579.5,580.59,2481051
5/8/2019 15:30:00,580.64,580.95,572,576.81,3016052
5/9/2019 15:30:00,575,575,567.9,572.73,2256931
5/10/2019 15:30:00,572.84,581.23,572.84,574.13,2648550
5/13/2019 15:30:00,574.01,578.34,570,571.8,2767908
5/14/2019 15:30:00,574.17,577.75,568.89,571.98,2623686
5/15/2019 15:30:00,574,576.8,570.55,571.67,2239087
5/16/2019 15:30:00,570.14,579.75,570,577.66,2012534
5/17/2019 15:30:00,578.25,592.33,577.9,590.53,3689695
5/20/2019 15:30:00,602,609.67,595,608.09,4424908
5/21/2019 15:30:00,609.5,612.35,599.86,600.92,2581294
5/22/2019 15:30:00,602.96,606.5,598.56,601.44,2846665
5/23/2019 15:30:00,602.25,609.98,579.78,583.03,8270499
5/24/2019 15:30:00,589.92,596.54,585.04,593.34,3423200
5/27/2019 15:30:00,594.73,605.48,593.06,602.09,3012256
5/28/2019 15:30:00,604.13,605,596.76,604.05,1841210
5/29/2019 15:30:00,602.55,607.7,602.55,604.23,1868804
5/30/2019 15:30:00,604,611.98,603.26,609.89,2339800
5/31/2019 15:30:00,614.2,616.25,589.2,606.34,4946270
6/3/2019 15:30:00,606.75,614.95,606.24,614.28,2120215
6/4/2019 15:30:00,613.75,616.44,610.26,613.08,1610747
6/6/2019 15:30:00,613.3,617.5,603.34,605.84,3908731
6/7/2019 15:30:00,606.41,613.56,602.25,611.91,1992733
6/10/2019 15:30:00,617.49,617.49,608.03,610.05,1769285
6/11/2019 15:30:00,612.88,614.98,610.09,612.1,1775823
6/12/2019 15:30:00,611.25,612.1,605.91,606.76,1827155
6/13/2019 15:30:00,608.99,613,603.99,611.17,2776987
6/14/2019 15:30:00,610.74,614.74,606.25,608.78,2989230
6/17/2019 15:30:00,608.75,609.98,604.33,605.5,3202505
6/18/2019 15:30:00,604.5,608,601,604.31,3104913
6/19/2019 15:30:00,606.75,611.23,604.17,607.09,2686069
6/20/2019 15:30:00,607.09,609.25,603.65,606.59,2792873
6/21/2019 15:30:00,606.5,607.42,601.41,603.55,3312565
6/24/2019 15:30:00,602.99,607.65,602.5,604.49,1728750
6/25/2019 15:30:00,604.96,610.38,600.75,607.17,2224950
6/26/2019 15:30:00,606.17,617.5,605.5,616.98,2633409
6/27/2019 15:30:00,617.19,623.63,614.04,615.58,4969809
6/28/2019 15:30:00,616,618.75,609.26,610.94,3189211
7/1/2019 15:30:00,614,622.25,612.51,621.39,2131040
7/2/2019 15:30:00,622,624.38,616.8,623.75,1811707
7/3/2019 15:30:00,624.75,625.83,620.75,622.41,1865814
7/4/2019 15:30:00,623.7,624.48,618,620.95,1998491
7/5/2019 15:30:00,621.28,623.74,615,618.1,1895765
7/8/2019 15:30:00,618.64,618.65,599.26,602.4,3651785
7/9/2019 15:30:00,600.96,602.7,593.25,594.79,4120672
7/10/2019 15:30:00,594.69,599.5,591.56,597.19,2892287
7/11/2019 15:30:00,600.75,603.5,598.91,601.79,2274399
7/12/2019 15:30:00,604.5,604.5,596.26,598.48,2244068
7/15/2019 15:30:00,599,600.75,594.34,598.69,2058296
7/16/2019 15:30:00,604.5,604.5,595.5,597.8,3192642
7/17/2019 15:30:00,598.24,602.9,597.83,599.36,1939934
7/18/2019 15:30:00,600.75,607.25,600.48,602.98,2700646
7/19/2019 15:30:00,603.75,605.17,591.75,593.91,2234807
7/22/2019 15:30:00,586.25,587.46,570.31,574.31,5542824
7/23/2019 15:30:00,573.63,573.63,560.51,565.88,6950716
7/24/2019 15:30:00,564.19,573.25,562.75,570.23,4340935
7/25/2019 15:30:00,571.25,578.86,570.06,571.51,4865502
7/26/2019 15:30:00,569.55,573.41,568.21,569.33,3207457
7/29/2019 15:30:00,568.39,568.39,555.76,561.08,2494123
7/30/2019 15:30:00,563.75,567.8,559.98,563.06,2598534
7/31/2019 15:30:00,560,566.75,558.56,562.91,3472960
8/1/2019 15:30:00,557.28,560,549.25,555.45,4560419
8/2/2019 15:30:00,552.75,556,545.5,553.59,6956384
8/5/2019 15:30:00,549.26,550,540.63,544.81,4955610
8/6/2019 15:30:00,541.75,552.56,541.75,547.28,6222735
8/7/2019 15:30:00,547.5,550.5,541.25,546,4687534
8/8/2019 15:30:00,549.5,560.75,545.75,558.29,4927900
8/9/2019 15:30:00,561.75,572.25,559.95,570.5,7609028
8/13/2019 15:30:00,568.33,568.33,550.65,555.09,3860017
8/14/2019 15:30:00,558.85,558.85,550.76,557.36,3563513
8/16/2019 15:30:00,553.5,558.25,551.03,556.92,3811890
8/19/2019 15:30:00,559.63,560.5,550.42,551.71,2124550
8/20/2019 15:30:00,552.31,556.95,551.71,555.15,2567648
8/21/2019 15:30:00,556.23,560.3,553.55,556.46,2618178
8/22/2019 15:30:00,555.21,555.21,541.76,543.53,3498011
8/23/2019 15:30:00,540.25,544.25,534.9,540.67,5024904
8/26/2019 15:30:00,548.73,566.54,541.75,564.04,6320061
8/27/2019 15:30:00,564,568.23,560.03,564.99,5165208
8/28/2019 15:30:00,562.5,564.34,556.59,561.88,3415647
8/29/2019 15:30:00,561.5,563.42,555.08,556.74,3695929
8/30/2019 15:30:00,558.38,565,555.5,556.99,4808330
9/3/2019 15:30:00,555,555.25,549.04,552.74,2857169
9/4/2019 15:30:00,551.75,568.5,549.75,561.94,3765176
9/5/2019 15:30:00,562.25,568.1,556.25,558.79,4324063
9/6/2019 15:30:00,557,564.15,555.33,561.48,3217501
9/9/2019 15:30:00,561.5,565.23,554.03,562.4,2660851
9/11/2019 15:30:00,568.5,568.5,560.29,562.83,3802279
9/12/2019 15:30:00,562.67,572.2,562.04,567.71,4533075
9/13/2019 15:30:00,562.75,566.86,559.5,564.36,3842835
9/16/2019 15:30:00,562.98,565.66,560.25,561.04,2757546
9/17/2019 15:30:00,561.98,562.13,549.53,552.84,2664139
9/18/2019 15:30:00,554.33,556.04,545,546.94,3239971
9/19/2019 15:30:00,549.95,553.53,542,550.53,5311655
9/20/2019 15:30:00,554,604.95,552.7,599.8,23075017
9/23/2019 15:30:00,629.78,641.35,614.5,628.63,20960205
9/24/2019 15:30:00,625,630.98,613.78,626.9,11689524
9/25/2019 15:30:00,624.95,624.95,615.05,619.85,7804488
9/26/2019 15:30:00,619.9,637.5,618.17,621.25,15335780
9/27/2019 15:30:00,624.13,626.75,618.8,622.1,7436585
9/30/2019 15:30:00,614.4,620,608.25,613.73,9109229
10/1/2019 15:30:00,615.75,627.5,610.55,624.4,9384176
10/3/2019 15:30:00,619.98,621.9,608.17,611.78,8149438
10/4/2019 15:30:00,618.33,619.8,592.65,594.85,9201816
10/7/2019 15:30:00,600.6,609.92,590.58,593.45,11256610
10/9/2019 15:30:00,598.55,614.95,595,614.08,8713635
10/10/2019 15:30:00,610.9,612.98,598.6,600.28,5778429
10/11/2019 15:30:00,606.7,612,594.48,599.4,8593159
10/14/2019 15:30:00,604.5,609.95,598.7,602.2,6133901
10/15/2019 15:30:00,603.5,612.5,603.42,611.53,4200187
10/16/2019 15:30:00,615.83,617.5,605.05,610.55,5293408
10/17/2019 15:30:00,613.75,614.92,606.55,610,6121807
10/18/2019 15:30:00,612.73,616.92,610.17,614.5,5616903
10/22/2019 15:30:00,628.5,628.5,616.3,619.65,10003114
10/23/2019 15:30:00,623.42,624.88,616.5,620.8,5095107
10/24/2019 15:30:00,624,627.08,613.17,618.05,6553747
10/25/2019 19:00:00,620,623.42,610,614.5,6496771
10/27/2019 19:25:00,619.98,620.95,617.5,619,875041
10/29/2019 15:30:00,619,628.67,618.85,621.25,7116284
10/30/2019 15:30:00,623.45,631.35,621.5,624.17,6005683
10/31/2019 15:30:00,628.85,631.95,613.55,615.17,6608853
11/1/2019 15:30:00,619.5,621.88,613.8,620.03,5756130
11/4/2019 15:30:00,623.23,625,614.53,618.42,4967588
11/5/2019 15:30:00,620.5,622.4,614.53,619.75,6183905
11/6/2019 15:30:00,621.23,629.5,614.03,628.33,6065168
11/7/2019 15:30:00,630.5,634.85,625,631.85,8481517
11/8/2019 15:30:00,629.5,633.5,625.73,627.8,6625748
11/11/2019 15:30:00,626.28,634.25,625.25,632.38,7143305
11/13/2019 15:30:00,630.98,635,626.8,628.78,4646748
11/14/2019 15:30:00,631.9,638.5,628.6,636.95,5527609
11/15/2019 15:30:00,641.92,642.5,635.55,638.95,4639506
11/18/2019 15:30:00,638.5,639.73,629.35,631.03,4565146
11/19/2019 15:30:00,632.65,637.5,630.55,635.95,5285289
11/20/2019 15:30:00,636.5,641.48,633.5,636.67,5527129
11/21/2019 15:30:00,635.13,643.5,634.17,641.67,6009763
11/22/2019 15:30:00,641.83,641.83,631,632.38,3844005
11/25/2019 15:30:00,632.08,639.75,632.08,635.55,3946778
11/26/2019 15:30:00,639.23,639.88,633.48,637.53,4358001
11/27/2019 15:30:00,638,642.88,635.6,639.2,4790333
11/28/2019 15:30:00,640.1,641.53,631,632.65,6183020
11/29/2019 15:30:00,633.85,639.95,626,637.48,7783813
12/2/2019 15:30:00,636.98,636.98,629.3,631.28,4473102
12/3/2019 15:30:00,634.1,634.5,626.9,627.7,3495953
12/4/2019 15:30:00,626.25,628.45,617.1,625.83,5697807
12/5/2019 15:30:00,627.8,629.38,620.38,622.8,6386247
12/6/2019 15:30:00,624.48,630,619.1,623.03,6887325
12/9/2019 15:30:00,624.75,624.92,618.78,621.48,4132675
12/10/2019 15:30:00,625.5,626.83,622.55,624.75,4894450
12/11/2019 15:30:00,625.05,627,621.25,624.38,5527321
12/12/2019 15:30:00,626.5,634.73,626.5,631.8,6456574
12/13/2019 15:30:00,632.5,636.17,629.63,631.92,5887593
12/16/2019 15:30:00,634.63,635,624.1,628.67,5663788
12/17/2019 15:30:00,630,637.4,627.67,635.55,6213677
12/18/2019 15:30:00,641.5,649.5,636.83,646.17,8723586
12/19/2019 15:30:00,652.5,652.75,643.05,644.4,6509188
12/20/2019 15:30:00,644.38,649.8,640.03,648.35,7513022
12/23/2019 15:30:00,649.5,652,644.4,651.2,5097891
12/24/2019 15:30:00,649.3,650.55,643.48,644.58,3589604
12/26/2019 15:30:00,644.85,645.92,632.33,635.23,7474879
12/27/2019 15:30:00,636,639.5,635,637.5,3546496
12/30/2019 15:30:00,641,644.38,637.03,641.08,4667095
12/31/2019 15:30:00,640.98,640.98,634.33,636.05,4178528
1/1/2020 15:30:00,638.05,640,635.3,639.3,1836849
1/2/2020 15:30:00,639.5,644,639.5,643.38,3068583
1/3/2020 15:30:00,641.1,642.5,631.8,634.2,5427775
1/6/2020 15:30:00,630,630.9,618,620.48,5445093
1/7/2020 15:30:00,629.45,635.73,626.13,630.3,7362247
1/8/2020 15:30:00,623.48,631.08,620.03,628.65,5666055
1/9/2020 15:30:00,632.5,637.9,631.55,635.7,4773158
1/10/2020 15:30:00,642.05,643.45,637.55,641.35,4607290
1/13/2020 15:30:00,641.35,648.25,638,643,3725784
1/14/2020 15:30:00,644.5,646.28,638.75,644.75,3943145
1/15/2020 15:30:00,643.2,643.98,637.05,642.13,5893724
1/16/2020 15:30:00,641.03,645.5,639.67,643.83,3575200
1/17/2020 15:30:00,640.88,642.45,635.95,639.08,8459407
1/20/2020 15:30:00,652.42,652.42,626.25,627.45,11089225
1/21/2020 15:30:00,625,625,619.2,622.17,7492402
1/22/2020 15:30:00,624.03,627.5,617.2,620.42,9184155
1/23/2020 15:30:00,620,623.42,615.5,622.42,5754460
1/24/2020 15:30:00,623,627,619.55,622.28,5915878
1/27/2020 15:30:00,617.5,617.5,605.88,606.6,9444276
1/28/2020 15:30:00,609.4,613.9,606.63,611.6,6706079
1/29/2020 15:30:00,612.65,621,611.13,617.92,6894175
1/30/2020 15:30:00,619.48,619.48,608.6,613.03,6055992
1/31/2020 15:30:00,615.73,618.9,610.13,613.15,5589134
2/1/2020 17:00:00,610,613.85,595.67,599.88,4769310
2/3/2020 15:30:00,598.5,598.98,588.85,596.4,6538505
2/4/2020 15:30:00,599,617,599,614.9,10448852
2/5/2020 15:30:00,617.45,624,613.65,622.33,9010341
2/6/2020 15:30:00,622.33,624.35,618.6,619.9,5913775
2/7/2020 15:30:00,623,623.5,615.8,621.1,3407724
2/10/2020 15:30:00,621.48,621.48,613.03,620.15,4609917
2/11/2020 15:30:00,621.65,627.5,619.03,620.3,5806760
2/12/2020 15:30:00,622.6,626.45,622.03,624.5,3148965
2/13/2020 15:30:00,629.95,629.95,616.8,620.7,4556070
2/14/2020 15:30:00,621.6,624.2,607.5,609.67,7344429
2/17/2020 15:30:00,612.5,616.5,607.23,608.58,5076345
2/18/2020 15:30:00,608.45,609.25,601.75,606.63,5264558
2/19/2020 15:30:00,611.25,615,606.95,613.6,5006134
2/20/2020 15:30:00,615,615,607.05,608.55,5561707
2/24/2020 15:30:00,604.48,607.38,600,604.98,8284042
2/25/2020 15:30:00,602,604.5,599,600.15,6943340
2/26/2020 15:30:00,598.75,602.35,592.83,599.63,6907393
2/27/2020 15:30:00,597.5,601.25,590.5,599.73,10327549
2/28/2020 15:30:00,587.75,592.5,585.05,588.83,12156528
3/2/2020 15:30:00,600.1,600.58,583.08,589.8,7332449
3/3/2020 15:30:00,587.5,592.67,584,590.9,11184775
3/4/2020 15:30:00,589.17,590,566.55,574.42,17144435
3/5/2020 15:30:00,576.5,582.5,571.38,575.67,9774854
3/6/2020 15:30:00,562.5,570.45,550.5,567.45,11526783
3/9/2020 15:30:00,555,559.2,532.5,553.65,17210297
3/11/2020 15:30:00,552.5,560,546,556.9,17769198
3/12/2020 15:30:00,537.5,540,501.73,510.65,29500406
3/13/2020 15:30:00,490.03,540.73,459.6,534.9,33171603
3/16/2020 15:30:00,517.5,518.5,497.5,499.75,15993174
3/17/2020 15:30:00,504,505,477.35,487.55,21338641
3/18/2020 15:30:00,492.5,496.5,432.5,438.45,30593809
3/19/2020 15:30:00,423.5,459.98,397.5,447.78,33610239
3/20/2020 15:30:00,437.5,457.3,412.28,441.43,44319015
3/23/2020 15:30:00,397.3,419.38,382.5,385.78,25142273
3/24/2020 15:30:00,397.63,405,369.38,383.85,30528676
3/25/2020 15:30:00,385.23,433.73,377.63,428.38,23614449
3/26/2020 15:30:00,435.05,468.85,420.5,450.55,28521681
3/27/2020 15:30:00,472.48,494.33,436.05,452.23,27619436
3/30/2020 15:30:00,440,443.5,414,415.83,19634313
3/31/2020 15:30:00,426.9,436.8,419,430.95,17605997
4/1/2020 15:30:00,431.93,431.93,410,414.83,14551758
4/3/2020 15:30:00,421.5,422,405,406.93,17499063
4/7/2020 15:30:00,437,453.65,422.68,448.05,30206626
4/8/2020 15:30:00,439.98,472.5,433.05,444.45,28109877
4/9/2020 15:30:00,456.5,465.45,445,462.53,22229012
4/13/2020 15:30:00,467,473.35,443.1,447.68,17079259
4/15/2020 15:30:00,465.25,465.25,421.5,431.65,28989523
4/16/2020 15:30:00,432.5,445.35,428.13,439.88,26927231
4/17/2020 15:30:00,457.5,460,443.63,455.15,27941831
4/20/2020 15:30:00,475.5,480.48,467.5,472.43,33116614
4/21/2020 15:30:00,462.5,467,454,460.83,16589148
4/22/2020 15:30:00,459.58,466.5,453.65,464.3,19144678
4/23/2020 15:30:00,467.5,479.25,456.28,477.48,20450895
4/24/2020 15:30:00,466.5,479.2,463,469.03,16642831
4/27/2020 15:30:00,472.58,478.7,463.15,464.85,13710727
4/28/2020 15:30:00,471.9,471.9,461,465.7,14720773
4/29/2020 15:30:00,467.5,496.35,467.05,488.55,27939019
4/30/2020 15:30:00,500.7,509.5,496.05,500.9,21897643
5/4/2020 15:30:00,478.75,480,458.75,461.5,13361177
5/5/2020 15:30:00,469,472,454.03,455.73,14837190
5/6/2020 15:30:00,459.5,475,452.83,473.2,16893140
5/7/2020 15:30:00,470.25,471.65,460.68,462.5,10916003
5/8/2020 15:30:00,471,471.98,462.6,464.53,10403747
5/11/2020 15:30:00,468.5,477,457,457.9,14275392
5/12/2020 15:30:00,450.5,454.7,435.55,450.78,24784324
5/13/2020 15:30:00,475.5,480,461.05,463.83,22173554
5/14/2020 15:30:00,449,455.5,445,446.85,19777445
5/15/2020 15:30:00,445.25,446.2,437.5,444.08,12174870
5/18/2020 15:30:00,444,444,415.65,418.33,23326656
5/19/2020 15:30:00,430.43,433.65,413.05,415.33,23730561
5/20/2020 15:30:00,418.23,432,416.1,428.55,20007413
5/21/2020 15:30:00,430.73,442,426.15,429.78,24239683
5/22/2020 15:30:00,425,435.15,416.53,419.43,21025849
5/26/2020 15:30:00,428.5,435.88,424.38,426.2,19002589
5/27/2020 15:30:00,429.95,454.9,428.58,451.83,28013227
5/28/2020 15:30:00,460,475,456.98,472.63,37744926
5/29/2020 15:30:00,472,477.5,461.73,475.83,26512600
6/1/2020 15:30:00,487.5,497.5,483.05,493.83,19595373
6/2/2020 15:30:00,493.35,502.5,487.6,500.5,20811909
6/3/2020 15:30:00,510,523.13,507.73,511.13,25273067
6/4/2020 15:30:00,514.03,519.48,495.55,500.85,27139478
6/5/2020 15:30:00,501.55,521.2,501.4,516.67,17598103
6/8/2020 15:30:00,530,533.33,503.2,507.95,24906362
6/9/2020 15:30:00,510,513.38,489.78,493.65,30922894
6/10/2020 15:30:00,495,499.93,489.1,495.93,18248880
6/11/2020 15:30:00,492.5,494.2,482.5,484.3,15449142
6/12/2020 15:30:00,464,493.33,464,491.38,21322880
6/15/2020 15:30:00,484,487,471.5,474.93,16004973
6/16/2020 15:30:00,487.5,496.98,476,495.2,22700113
6/17/2020 15:30:00,494.5,499.45,486.63,489.63,18479504
6/18/2020 15:30:00,490,512.45,486,509.98,20435469
6/19/2020 15:30:00,508.98,521.5,506.08,516.67,23939324
6/22/2020 15:30:00,519.73,522.98,511.9,514.38,14847321
6/23/2020 15:30:00,519.5,522.5,508.28,521.15,14415640
6/24/2020 15:30:00,524.25,528.75,515.03,516.25,19714664
6/25/2020 15:30:00,510.95,524.5,503.5,514.38,35323457
6/26/2020 15:30:00,520.5,531.5,514,528.23,19986677
6/29/2020 15:30:00,518.5,541.3,518.5,538.03,23003725
6/30/2020 15:30:00,537,539.28,528.15,532.92,17873316
7/1/2020 15:30:00,532.92,548,530.65,542.3,17423378
7/2/2020 15:30:00,545.15,555.63,542.6,544.7,18477248
7/3/2020 15:30:00,546.5,547.9,535,536.98,13798879
7/6/2020 15:30:00,553.98,559.95,550,551.5,17779243
7/7/2020 15:30:00,554.7,555.85,546.53,552.58,12175425
7/8/2020 15:30:00,553.5,562.45,552.5,555.17,15028412
7/9/2020 15:30:00,559,564.85,553.63,562.48,10057717
7/10/2020 15:30:00,558.95,560,549.78,552.55,8781604
7/13/2020 15:30:00,554.95,556.5,535.65,540.13,14961695
7/14/2020 15:30:00,531.3,534.45,525,529.42,13306511
7/15/2020 15:30:00,535.1,539.5,525.05,526.58,10487246
7/16/2020 15:30:00,526.83,532.75,517.05,531.28,11831256
7/17/2020 15:30:00,529.53,552,529.15,549.23,14202933
7/20/2020 15:30:00,567.5,576.45,562.08,566.53,32562064
7/21/2020 15:30:00,576.03,578.98,567,569.28,23757768
7/22/2020 15:30:00,569.25,572.25,558.78,563.17,12359024
7/23/2020 15:30:00,562.5,571.95,558.13,565.2,10074805
7/24/2020 15:30:00,561.45,561.45,550.63,559.55,9799222
7/27/2020 15:30:00,549.92,551.5,537.67,539.75,18985167
7/28/2020 15:30:00,539.5,547.2,529.75,543.33,17798330
7/29/2020 15:30:00,540.5,544.25,527.78,532.3,16796652
7/30/2020 15:30:00,537,541.83,523.35,525.33,13478951
7/31/2020 15:30:00,528.85,528.85,510.03,516.4,18865230
8/3/2020 15:30:00,512.98,513.48,496.5,501,15891781
8/4/2020 15:30:00,504,530.53,501.5,520.83,30153418
8/5/2020 15:30:00,523.98,527.9,510,513.78,16610696
8/6/2020 15:30:00,518.5,527.5,513.13,520.35,16823558
8/7/2020 15:30:00,517.42,523.6,510.3,521.92,12418816
8/10/2020 15:30:00,522,532,521.9,525.33,11086465
8/11/2020 15:30:00,524.25,535.5,524.25,533.33,10068150
8/12/2020 15:30:00,532.5,533,524,531.85,10333222
8/13/2020 15:30:00,533.98,535.67,528.25,529.53,9946370
8/14/2020 15:30:00,532.95,532.95,513.65,517.23,10462350
8/17/2020 15:30:00,523.5,523.5,510.1,516.38,9780591
8/18/2020 15:30:00,514,530.83,511,528.25,12020562
8/19/2020 15:30:00,532.5,534.9,528.13,533.3,8858056
8/20/2020 15:30:00,527.48,534.48,526,529.5,9608591
8/21/2020 15:30:00,532.7,544.4,532.3,542.83,14462237
8/24/2020 15:30:00,543,561.48,542.83,558.53,18389929
8/25/2020 15:30:00,559.5,563.5,553.1,559.85,13800972
8/26/2020 15:30:00,560.5,565.88,554.75,559.23,12595131
8/27/2020 15:30:00,562.9,564.95,553.13,556.05,10323015
8/28/2020 15:30:00,555.98,562.5,547.5,557.25,19349069
8/31/2020 15:30:00,564.75,574.4,550.35,557.92,19250721
9/1/2020 15:30:00,564,571.8,554,563.65,14438949
9/2/2020 15:30:00,562.05,569.5,560.35,567.08,9880855
9/3/2020 15:30:00,568.63,572.98,564,565.45,9916701
9/4/2020 15:30:00,555,562.7,552.2,559.65,11830686
9/7/2020 15:30:00,558.15,559.75,549.5,555.25,8807764
9/8/2020 15:30:00,557,559.4,551.5,556.23,7312460
9/9/2020 15:30:00,550.5,555,545.63,548.25,7864545
9/10/2020 15:30:00,551.5,552.42,542,545.28,7594209
9/11/2020 15:30:00,548.23,552.42,535.5,539.33,10397545
9/14/2020 15:30:00,544,547,526.17,528.98,10825874
9/15/2020 15:30:00,534,538.08,529.05,535.25,8252566
9/16/2020 15:30:00,535.1,548,534.17,546.83,9355126
9/17/2020 15:30:00,542,547,539,541.8,9159413
9/18/2020 15:30:00,546,546.1,523.6,528.65,11740889
9/21/2020 15:30:00,527.5,535.67,520.75,524.65,9921439
9/22/2020 15:30:00,527.03,529.08,514.75,517.7,9310339
9/23/2020 15:30:00,523,527.5,517.17,523.63,8039935
9/24/2020 15:30:00,519,523.5,512.5,515.2,9904895
9/25/2020 15:30:00,525,525.98,512.83,522,10160775
9/28/2020 15:30:00,524.48,529.5,521.33,527.1,8076211
9/29/2020 15:30:00,529,534.95,525.5,531.28,6322274
9/30/2020 15:30:00,530,543.45,526,539.3,9407038
10/1/2020 15:30:00,545.05,555,545.05,553.48,10601566
10/5/2020 15:30:00,556,566,555.5,557.17,8470109
10/6/2020 15:30:00,567.53,574,563.1,572.05,9685997
10/7/2020 15:30:00,572.45,582.42,568.8,581.13,10624527
10/8/2020 15:30:00,590,601.5,581.67,595.9,17530368
10/9/2020 15:30:00,600.5,618.5,595.83,616.78,22486215
10/12/2020 15:30:00,615.78,621.38,602.8,606.83,9610277
10/13/2020 15:30:00,606.7,611.23,597.5,599.23,9177015
10/14/2020 15:30:00,597.78,607.15,587.75,605.75,11291473
10/15/2020 15:30:00,607.1,608.5,582,584.63,14123569
10/16/2020 15:30:00,590,601.75,586.5,599.67,12911559
10/19/2020 15:30:00,617.5,617.5,596.3,601.78,21179884
10/20/2020 15:30:00,603.75,613.7,602.95,611.98,13705994
10/21/2020 15:30:00,615.3,625.5,610.85,623.35,17820565
10/22/2020 15:30:00,619.98,625,611.5,616.65,10956548
10/23/2020 15:30:00,621.75,624.23,615.6,617.9,7933126
10/26/2020 15:30:00,614.9,621,602.3,605.45,9786023
10/27/2020 15:30:00,613,618,598.92,616.55,12158922
10/28/2020 15:30:00,614,616,600.75,604.8,8285625
10/29/2020 15:30:00,600.3,602.23,589.25,593.6,11530152
10/30/2020 15:30:00,591.28,599.65,588.17,591.78,5761470
11/2/2020 15:30:00,597.17,612.5,588.75,607.63,10963040
11/3/2020 15:30:00,613.23,625.38,612.75,623.98,14082115
11/4/2020 15:30:00,626,632.4,615,628.7,11702411
11/5/2020 15:30:00,633,638,626.17,634.6,10716964
11/6/2020 15:30:00,633.13,655,632.75,653.83,17852862
11/9/2020 15:30:00,657.6,672.98,657.6,670.28,13144220
11/10/2020 15:30:00,678.5,697.5,675.78,696.83,20758678
11/11/2020 15:30:00,699.95,707.4,685.25,694.98,18058097
11/12/2020 15:30:00,688.7,694.28,680,685.85,13526974
11/13/2020 15:30:00,684.4,684.4,673.5,679.4,11236240
11/17/2020 15:30:00,692.9,706.3,690.3,704.23,15529950
11/18/2020 15:30:00,701.5,709.5,699.53,704.35,9431388
11/19/2020 15:30:00,694.85,699.73,684,687.18,10133441
11/20/2020 15:30:00,686.33,704.2,682.53,701.83,10202681
11/23/2020 15:30:00,707.5,711.83,687.68,697.3,12623318
11/24/2020 15:30:00,704,722.5,701.03,719.1,20077200
11/25/2020 15:30:00,725.65,732.2,698.5,701.4,12076301
11/26/2020 15:30:00,707.5,716,693.5,713.33,13971563
11/27/2020 15:30:00,715.9,723,707.78,720.43,8997290
12/1/2020 15:30:00,720.43,724.5,712.75,716.65,8573787
12/2/2020 15:30:00,715.5,715.9,697.4,703.48,8946075
12/3/2020 15:30:00,714.5,716,687.03,688.6,18966611
12/4/2020 15:30:00,690.5,700.73,686.65,692.8,13456161
12/7/2020 15:30:00,687.5,689.98,679.05,686.13,12158159
12/8/2020 15:30:00,687.5,694.4,682.58,688.15,9728948
12/9/2020 15:30:00,688.5,705.03,687.53,703.6,11034537
12/10/2020 15:30:00,699,701,687.88,692.93,9863983
12/11/2020 15:30:00,695.03,697.5,686.5,691.4,10678192
12/14/2020 15:30:00,691.5,694,684,686.08,8611025
12/15/2020 15:30:00,690.4,697.48,683,695.65,10780718
12/16/2020 15:30:00,702,708.4,697.25,705.35,8416046
12/17/2020 15:30:00,709.3,722.5,702.25,720.9,10962239
12/18/2020 15:30:00,717.5,719.85,703.15,705.68,11497959
12/21/2020 15:30:00,708.75,711.93,683.35,686.33,11880912
12/22/2020 15:30:00,692.4,692.4,672.5,686.55,11425779
12/23/2020 15:30:00,683.75,690.48,680.53,687.83,7733697
12/24/2020 15:30:00,694.7,702,688.5,698.55,7476094
12/28/2020 15:30:00,702.5,710.5,702,706.43,5849597
12/29/2020 15:30:00,710.53,717.38,710,713.6,7247673
12/30/2020 15:30:00,719.95,719.95,706.5,716.25,8108363
12/31/2020 15:30:00,717.5,722,712.53,718.15,11072875
1/1/2021 15:30:00,720,721.5,710.3,712.53,4405469
1/4/2021 15:30:00,719,719,699.5,708,7870096
1/5/2021 15:30:00,709.6,715.38,704.5,713.35,7193412
1/6/2021 15:30:00,717.5,720,706.55,710.28,11067025
1/7/2021 15:30:00,716.25,716.3,706.28,708.13,9947421
1/8/2021 15:30:00,716,721,711.55,715.83,6884382
1/11/2021 15:30:00,725,732.45,718.15,725.73,8665696
1/12/2021 15:30:00,726.23,743.85,724.55,740.5,10194078
1/13/2021 15:30:00,746.45,748.45,731.05,735.33,8467325
1/14/2021 15:30:00,735.58,744,728,734.38,6148583
1/15/2021 15:30:00,734.55,735.83,722.5,733.33,7082618
1/18/2021 15:30:00,734.95,751.43,733.5,741.55,21412816
1/19/2021 15:30:00,745.9,755.83,733.5,751.93,8680127
1/20/2021 15:30:00,750.5,750.5,743,746,6673026
1/21/2021 15:30:00,746,747.18,734.08,737.4,13166527
1/22/2021 15:30:00,733.95,733.95,720.08,721.78,7696182
1/25/2021 15:30:00,732.55,740.5,727.58,731.43,10172359
1/27/2021 15:30:00,734,735.95,703.08,704.8,11778138
1/28/2021 15:30:00,694.95,700.65,671,685.73,21352223
1/29/2021 15:30:00,695.68,704.38,682.25,695.25,14352251
2/1/2021 15:30:00,705.13,741.25,700.5,738.38,13185272
2/2/2021 15:30:00,750.5,789.25,748.7,780.28,21210103
2/3/2021 15:30:00,789.5,790.85,771,787.4,10118627
2/4/2021 15:30:00,783,794,771.73,789.55,12242342
2/5/2021 15:30:00,774,809.13,774,798.8,13527358
2/8/2021 15:30:00,810,815.83,797.85,802.63,8723790
2/9/2021 15:30:00,805,814,793.35,805.93,9210683
2/10/2021 15:30:00,804.18,807.43,783.5,790.88,9894003
2/11/2021 15:30:00,791,798.9,782.1,786.18,6824309
2/12/2021 15:30:00,786.95,796.25,786.5,790.98,4955053
2/15/2021 15:30:00,800.05,812.5,798.35,808.3,5177622
2/16/2021 15:30:00,810.6,820.5,804.23,813.33,6948679
2/17/2021 15:30:00,810,810.9,791.5,793.25,6397213
2/18/2021 15:30:00,802.98,802.98,774,777.15,7360280
2/19/2021 15:30:00,772.5,782.1,766.5,769.55,8569754
2/22/2021 15:30:00,772.53,786.95,769.73,774,14725919
2/23/2021 15:30:00,776.88,778.85,761.33,764.58,9119953
2/24/2021 15:30:00,763.25,806.98,758.13,803.23,7157166
2/25/2021 15:30:00,804.88,818.13,801,803.2,10054785
2/26/2021 15:30:00,793.53,794.45,760.5,767.2,13956423
3/1/2021 15:30:00,782,786.28,770.35,779.45,6768009
3/2/2021 15:30:00,787.85,793.75,775.5,784.1,8055019
3/3/2021 15:30:00,792,798,782.5,793.43,5611205
3/4/2021 15:30:00,774.28,785.5,769.55,776.03,8145719
3/5/2021 15:30:00,765.5,772.8,760.55,765,8722911
3/8/2021 15:30:00,771,777.5,756.25,759.75,7558525
3/9/2021 15:30:00,772.5,782.85,769.13,781.25,7533348
3/10/2021 15:30:00,786,787.5,776.08,777.88,5527508
3/12/2021 15:30:00,800,800,767.53,775.98,7815602
3/15/2021 15:30:00,774.2,774.2,757.65,764.33,6115242
3/16/2021 15:30:00,765.45,770.2,755,756.08,6861183
3/17/2021 15:30:00,762.13,769.5,745.1,747.68,10532214
3/18/2021 15:30:00,755.88,761.03,740.58,745.5,9032770
3/19/2021 15:30:00,742.5,755.6,737.03,748.75,10617510
3/22/2021 15:30:00,747.45,747.45,730.2,734.58,7007816
3/23/2021 15:30:00,735,753.73,734.55,750.08,9880714
3/24/2021 15:30:00,745.45,753.23,735.5,739.4,8184450
3/25/2021 15:30:00,745.1,747.78,725.13,731.68,11982178
3/26/2021 15:30:00,747,749.5,737,745.65,6010629
3/30/2021 15:30:00,753.33,781.28,750.78,776.85,12804032
3/31/2021 15:30:00,774,774,744,746.83,15387253
4/1/2021 15:30:00,749.7,749.7,732.5,743.38,17881881
4/5/2021 15:30:00,740,742.5,715.5,724.8,8003293
4/6/2021 15:30:00,730,731.33,716.33,720.13,7537867
4/7/2021 15:30:00,719.65,728.35,710.78,723.6,12544090
4/8/2021 15:30:00,726.5,730.45,715.25,716.4,8806796
4/9/2021 15:30:00,713,716.4,707.55,710.88,14078908
4/12/2021 15:30:00,696.5,699.5,676.5,683.53,11274564
4/13/2021 15:30:00,684,703.23,680.5,700.18,9300341
4/15/2021 15:30:00,702.5,718.35,695.5,715.05,17222492
4/16/2021 15:30:00,717.48,722.5,711.75,714.33,7803263
4/19/2021 15:30:00,695,708.85,686.15,706.2,12034621
4/20/2021 15:30:00,712.5,713.2,691.98,695.7,11593135
4/22/2021 15:30:00,690,713.4,685.53,711.25,19242656
4/23/2021 15:30:00,704.5,717.3,700.1,707.08,11356764
4/26/2021 15:30:00,706.5,714.5,701.38,702.4,15085476
4/27/2021 15:30:00,703.63,721,702.4,719.35,10296453
4/28/2021 15:30:00,718.13,739.5,715.5,738.4,12051970
4/29/2021 15:30:00,743.1,751.83,730.5,736.25,12039276
4/30/2021 15:30:00,722.5,726.9,703.75,706.15,17616451
5/3/2021 15:30:00,696.5,710.95,688.65,707.23,11236850
5/4/2021 15:30:00,704.98,711.5,691.65,694.18,10743164
5/5/2021 15:30:00,700.5,704.8,690.85,701.3,7210806
5/6/2021 15:30:00,703.8,705.4,697.5,700.45,5738522
5/7/2021 15:30:00,706.48,712.48,705.13,707.38,6024167
5/10/2021 15:30:00,713.5,715,706.4,709.93,5530025
5/11/2021 15:30:00,698,712.1,697.53,701.78,7259517
5/12/2021 15:30:00,699.88,704.3,694.43,699.75,6887463
5/14/2021 15:30:00,697.18,699.45,691.18,693.43,5302071
5/17/2021 15:30:00,697.58,721.3,690.65,720.13,7560346
5/18/2021 15:30:00,729.48,741.38,727.5,738.35,11082640
5/19/2021 15:30:00,735.1,739.43,726.28,729.1,5065458
5/20/2021 15:30:00,729.18,732.95,714.25,716.4,5342092
5/21/2021 15:30:00,721.5,750.95,721.5,748.65,9670823
5/24/2021 15:30:00,751.63,760.23,749.25,754.98,11073051
5/25/2021 15:30:00,755.25,756.88,735.25,739.48,9618487
5/26/2021 15:30:00,740,743.5,735,738.53,6141995
5/27/2021 15:30:00,736.55,744.5,731.23,741.33,10219748
5/28/2021 15:30:00,745.45,756.5,739.38,751.73,8875010
5/31/2021 15:30:00,750,759.75,743.75,757.93,7830527
6/1/2021 15:30:00,760.15,763.5,753.63,755.85,5515081
6/2/2021 15:30:00,755,755.1,746.5,752,5312008
6/3/2021 15:30:00,754,762.48,743.88,760.28,5143630
6/4/2021 15:30:00,758,760.33,749.6,750.48,4712238
6/7/2021 15:30:00,755,757,748,749.93,4045834
6/8/2021 15:30:00,748.28,750.65,740.75,741.53,4936270
6/9/2021 15:30:00,741.95,751,736.03,740.15,5111721
6/10/2021 15:30:00,741.05,744.5,736.83,740.53,5741770
6/11/2021 15:30:00,745.5,748.28,740.53,743.18,3602987
6/14/2021 15:30:00,739.13,743,731.28,739.73,4440982
6/15/2021 15:30:00,743,748,737.4,745.13,3784801
6/16/2021 15:30:00,744,747,739.05,742.3,3851049
6/17/2021 15:30:00,733,739.38,730,733.05,4641901
6/18/2021 15:30:00,734.75,745,727.5,739.9,5969030
6/21/2021 15:30:00,730.68,745.9,729.5,744.35,3630236
6/22/2021 15:30:00,748.5,754,740,741.9,7183412
6/23/2021 15:30:00,745,748.9,739.3,742.75,3922434
6/24/2021 15:30:00,745,756.73,744,753.13,7392512
6/25/2021 15:30:00,755.55,761,753.5,757.55,5191588
6/28/2021 15:30:00,760,761.5,752.5,754.18,4678393
6/29/2021 15:30:00,753.5,754.1,746.08,751.03,5485846
6/30/2021 15:30:00,749,754.5,747.05,748.95,4839511
7/1/2021 15:30:00,751,751,741.5,743.38,8455721
7/2/2021 15:30:00,742.5,744.63,738.5,740.2,7413518
7/5/2021 15:30:00,744.98,752.25,742.28,747.73,3686941
7/6/2021 15:30:00,748.5,770,748,767.35,8834516
7/7/2021 15:30:00,767,772.68,763.85,769.75,4814595
7/8/2021 15:30:00,762.5,768.85,756.73,760.23,4210461
7/9/2021 15:30:00,756.28,758,748.75,751,5347921
7/12/2021 15:30:00,751,751,742,743.5,7229489
7/13/2021 15:30:00,748.05,753.05,742.05,750.93,9089071
7/14/2021 15:30:00,748.75,753.68,745.55,749.58,4894247
7/15/2021 15:30:00,752.5,763.38,749.83,760.35,5219401
7/16/2021 15:30:00,763.98,764.98,759.4,761.18,2585314
7/19/2021 15:30:00,743.5,744.43,733,735.5,12555800
7/20/2021 15:30:00,721,727,718.08,721.58,12087125
7/22/2021 15:30:00,728.05,734.25,722.5,724.35,6603557
7/23/2021 15:30:00,725.75,728.73,717.65,721.38,6563342
7/26/2021 15:30:00,715,722,714.05,717.28,6583583
7/27/2021 15:30:00,718.05,724.95,718.05,719.88,11200715
7/28/2021 15:30:00,717.53,719.35,702,708.65,10335171
7/29/2021 15:30:00,714.13,714.98,706.65,709.13,6851115
7/30/2021 15:30:00,709.5,715.88,703.98,713.23,5827744
8/2/2021 15:30:00,717.5,717.5,708.13,711.33,6629393
8/3/2021 15:30:00,705,719.95,705,717.35,6016560
8/4/2021 15:30:00,720.5,737.25,720,732.65,11026974
8/5/2021 15:30:00,733.55,753.53,728.7,742.43,9411204
8/6/2021 15:30:00,741.78,750,737,746.33,6669635
8/9/2021 15:30:00,746,753.68,738,751.95,5499024
8/10/2021 15:30:00,744.5,759.88,744.5,753.83,7419173
8/11/2021 15:30:00,757.45,759.43,745.53,747.48,6292893
8/12/2021 15:30:00,748.5,753.8,744.65,750.7,4298837
8/13/2021 15:30:00,750.6,765.5,750.5,763.1,8329214
8/16/2021 15:30:00,763.08,767.5,760.73,765.3,3126389
8/17/2021 15:30:00,758.6,762,752.65,757.33,4141333
8/18/2021 15:30:00,778.35,782.68,754.18,756.5,11492966
8/20/2021 15:30:00,743.03,759.9,743.03,757.38,6575203
8/23/2021 15:30:00,764.93,766.58,754.33,762.3,5421527
8/24/2021 15:30:00,765,782.25,763.73,779.43,9190657
8/25/2021 15:30:00,776.05,782.4,774,778.7,3863987
8/26/2021 15:30:00,775,785.5,771.73,777.4,5559501
8/27/2021 15:30:00,776,779.33,772.63,774.23,3191069
8/30/2021 15:30:00,777.8,785,775.8,784.13,4524583
8/31/2021 15:30:00,781.75,791.68,781.1,790.7,6031288
9/1/2021 15:30:00,787.5,799,787.25,789.55,6211279
9/2/2021 15:30:00,787.05,796,785.63,794.5,4809262
9/3/2021 15:30:00,793.05,799,784.15,788.03,5367667
9/6/2021 15:30:00,789.98,790.48,780.98,782.85,3938448
9/7/2021 15:30:00,781.25,791,777.6,784.63,3622748
9/8/2021 15:30:00,785.98,790.25,782.8,788.2,3362040
9/9/2021 15:30:00,787,789.73,780.5,784.3,4125474
9/13/2021 15:30:00,781,792,776.83,777.78,4479582
9/14/2021 15:30:00,780,782.25,773.3,774.28,4879253
9/15/2021 15:30:00,767.5,777.4,767.5,773.4,7411499
9/16/2021 15:30:00,768.88,782.15,768.15,779.98,5130275
9/17/2021 15:30:00,784.5,794.5,779.6,791.08,10249051
9/20/2021 15:30:00,782,790.85,779,779.93,4390805
9/21/2021 15:30:00,781,784.33,764.48,775.98,7387498
9/22/2021 15:30:00,774.5,775.08,765,766.85,5291101
9/23/2021 15:30:00,771,786,771,785,6832152
9/24/2021 15:30:00,789.5,803.98,787.5,800.78,10403351
9/27/2021 15:30:00,807.85,817.75,804,812.55,8207731
9/28/2021 15:30:00,816,816,791,807.53,6386895
9/29/2021 15:30:00,798.5,803.3,792.58,796.93,8131518
9/30/2021 15:30:00,793,803.18,791.55,797.48,7987674
10/1/2021 15:30:00,791.5,794.5,782.63,791.35,5564298
10/4/2021 15:30:00,794.5,800.68,791.8,792.88,3525514
10/5/2021 15:30:00,796,798.75,788.13,797.73,5128589
10/6/2021 15:30:00,798,813.43,793.5,807.45,9300415
10/7/2021 15:30:00,813.3,813.85,803.5,805.25,5632862
10/8/2021 15:30:00,806,811,800.08,801.33,3622781
10/11/2021 15:30:00,799.95,822.5,799.5,816.9,6540424
10/12/2021 15:30:00,812.5,820.78,812.5,814.8,4088473
10/13/2021 15:30:00,818.5,824,815,819.7,3112822
10/14/2021 15:30:00,819,845,819,843.7,7378644
10/18/2021 15:30:00,852.5,862.5,833.53,835.15,14428228
10/19/2021 15:30:00,837.73,846.23,835.5,844.35,4493770
10/20/2021 15:30:00,844.55,849.38,832.23,836.93,5454284
10/21/2021 15:30:00,835.9,840.98,830.43,838.15,4869095
10/22/2021 15:30:00,840.05,854,835.38,840.38,6087777
10/25/2021 15:30:00,845,845,806.9,828.5,8213383
10/26/2021 15:30:00,825,836.93,823.18,826.38,6045328
10/27/2021 15:30:00,826.38,832.53,818.65,821.4,6624821
10/28/2021 15:30:00,825,825,793.58,796.8,8898875
10/29/2021 15:30:00,795,801,780,791.43,6203437
11/1/2021 15:30:00,792.5,805.5,791.78,802.65,4061160
11/2/2021 15:30:00,803,811,800.03,803.38,6618861
11/3/2021 15:30:00,802.55,804.95,787.78,790.73,5103669
11/4/2021 19:15:00,797.5,798.93,795.05,796.98,548404
11/8/2021 15:30:00,796.05,802.35,785.23,800.13,9471790
11/9/2021 15:30:00,797.3,797.3,784.53,786.13,6347738
11/10/2021 15:30:00,784,784.5,775,777.63,6857063
11/11/2021 15:30:00,775.03,777.45,767.8,774.15,3999702
11/12/2021 15:30:00,775,779.53,772.53,776.5,7457046
11/15/2021 15:30:00,781.05,785.93,777.2,778.63,4766797
11/16/2021 15:30:00,777.5,778.6,770.8,774,4122703
11/17/2021 15:30:00,768.45,772,764.25,765.4,3799439
11/18/2021 15:30:00,763.03,771.75,762.63,769.7,4576437
11/22/2021 15:30:00,773,776.35,749.53,757.68,7630636
11/23/2021 15:30:00,751,763.9,748.18,757.78,5617607
11/24/2021 15:30:00,762,768.18,757.03,759.03,15401143
11/25/2021 15:30:00,757.4,766.65,753.5,762.98,5125826
11/26/2021 15:30:00,750,753.35,742.5,744.95,9312468
11/29/2021 15:30:00,747.4,753.83,731,750.63,6495498
11/30/2021 15:30:00,747.5,764.5,743.28,746.78,12610771
12/1/2021 15:30:00,747.5,753.53,744.55,752.33,4338817
12/2/2021 15:30:00,752.25,764.4,750,762.88,5601555
12/3/2021 15:30:00,762.9,767.98,753.53,756.78,4062347
12/6/2021 15:30:00,756.5,759.4,748.68,751.9,3514766
12/7/2021 15:30:00,756.98,766,754.95,762.85,6213767
12/8/2021 15:30:00,768,777.53,767,776.9,7647767
12/9/2021 15:30:00,772.6,777.35,761,763.43,5873872
12/10/2021 15:30:00,762.45,764,754.23,761.28,3889692
12/13/2021 15:30:00,763,768.83,753.6,755.58,5161071
12/14/2021 15:30:00,751.25,758,748.53,751.23,4595550
12/15/2021 15:30:00,751.5,761.68,747.83,750,5057574
12/16/2021 15:30:00,756.4,758.5,747,750.05,6605216
12/17/2021 15:30:00,748.5,753,733.85,736.53,7497384
12/20/2021 15:30:00,726,729,707.05,712.83,10578334
12/21/2021 15:30:00,719.75,725.38,715,720.9,4559375
12/22/2021 15:30:00,726.15,728,717.85,722.6,4288742
12/23/2021 15:30:00,726.63,728.9,718.43,722.05,4889583
12/24/2021 15:30:00,722.75,726,714,719.45,2780512
12/27/2021 15:30:00,714.45,727,711.08,725.4,2352549
12/28/2021 15:30:00,730.35,733.45,726.7,730.4,2725339
12/29/2021 15:30:00,728.03,730.5,723.7,726.93,3834351
12/30/2021 15:30:00,729.25,733.43,722.5,730.75,3607959
12/31/2021 15:30:00,730.75,742.4,730.75,739.7,3162868
1/3/2022 15:30:00,742.5,761.5,740.25,759.83,4534592
1/4/2022 15:30:00,760,766.45,753.9,764.28,4428676
1/5/2022 15:30:00,768.4,786,764.05,782.43,7166319
1/6/2022 15:30:00,771.5,777.38,765.03,769.88,4814465
1/7/2022 15:30:00,772,783.38,767.95,775.28,5589692
1/10/2022 15:30:00,779,786,772.75,779.58,4428248
1/11/2022 15:30:00,780.78,784.35,773.9,782.95,4194599
1/12/2022 15:30:00,784,788.33,776,778.33,10542765
1/13/2022 15:30:00,777.5,777.5,760.2,764,20981948
1/14/2022 15:30:00,765,774.35,759.5,772.58,5604484
1/17/2022 15:30:00,765,778,759.58,760.75,11494686
1/18/2022 15:30:00,766.5,775.45,761.5,764.63,6170576
1/19/2022 15:30:00,767,769.88,756.68,759.23,7158813
1/20/2022 15:30:00,764.23,764.25,750.05,754.5,7598923
1/21/2022 15:30:00,750,764.9,742.8,760.8,5768847
1/24/2022 15:30:00,754.98,760.63,733.78,743.33,5934254
1/25/2022 15:30:00,729.33,747.5,722,744.03,6797124
1/27/2022 15:30:00,725,742.5,717.5,737.48,14308919
1/28/2022 15:30:00,738.75,743.35,730,731.63,12462604
1/31/2022 15:30:00,736.38,745.78,733.4,742.85,6421273
2/1/2022 15:30:00,754.25,758.5,736.73,748.5,7369742
2/2/2022 15:30:00,755.98,767.5,752.8,765.6,6984645
2/3/2022 15:30:00,764.38,769.98,754.5,757.68,5282381
2/4/2022 15:30:00,764.2,766.43,757.05,762,5789979
2/7/2022 15:30:00,756.05,759.5,730,734.08,6134021
2/8/2022 15:30:00,738.2,739.23,722.28,730.93,6990565
2/9/2022 15:30:00,737,749.85,733.5,748.8,5654171
2/10/2022 15:30:00,757,767.75,750.83,762.55,7157265
2/11/2022 15:30:00,750.13,762.5,749.75,759.43,5355552
2/14/2022 15:30:00,745,749.73,734.65,736.85,7328310
2/15/2022 15:30:00,738,762.45,736.53,758.9,6567533
2/16/2022 15:30:00,767.18,767.38,753.5,757.88,5016132
2/17/2022 15:30:00,756.55,761,751,753.25,3675604
2/18/2022 15:30:00,749.15,758.5,745.23,756.18,3898064
2/21/2022 15:30:00,752,765.35,747.78,761.05,3734033
2/22/2022 15:30:00,744.9,761.05,743.98,755.35,4768098
2/23/2022 15:30:00,762.55,762.85,747.83,750.45,4514781
2/24/2022 15:30:00,724.95,737.48,703.58,709.7,11815383
2/25/2022 15:30:00,719.98,732.95,716.43,728.05,9159327
2/28/2022 15:30:00,713,719.28,707.03,713.13,12440416
3/2/2022 15:30:00,693.25,699.2,677.2,687.13,19252780
3/3/2022 15:30:00,690.5,696,681.45,685.5,8763961
3/4/2022 15:30:00,680,693,668.45,683.25,10609682
3/7/2022 15:30:00,659.25,666.18,648.53,662.4,13527229
3/8/2022 15:30:00,651.1,667,646,663.9,19606246
3/9/2022 15:30:00,665,687.35,659.43,685.58,11567347
3/10/2022 15:30:00,713.5,713.5,690.13,696.35,11136603
3/11/2022 15:30:00,694,704.48,686.35,698.4,7575390
3/14/2022 15:30:00,707.5,725,707.5,721.28,12509063
3/15/2022 15:30:00,721.75,724.75,705.88,712,9433964
3/16/2022 15:30:00,723.5,727.5,718.1,724.08,6682054
3/17/2022 15:30:00,736,744.9,735.28,740.03,7411977
3/21/2022 15:30:00,743.5,746.83,736.4,743.25,6128938
3/22/2022 15:30:00,740.65,749,728.6,747.08,5230907
3/23/2022 15:30:00,753.5,759.4,736.8,739.63,15594128
3/24/2022 15:30:00,733,734.83,717.28,721.33,10080022
3/25/2022 15:30:00,725.5,726,709.5,715.45,8183231
3/28/2022 15:30:00,715.45,719,700.8,716.4,7877443
3/29/2022 15:30:00,720.5,730.13,715,725.9,6188724
3/30/2022 15:30:00,736,741.38,727.03,738.48,10054871
3/31/2022 15:30:00,735.5,742.35,732.95,735.18,7147857
4/1/2022 15:30:00,738.2,755,735.15,753,7284278
4/4/2022 15:30:00,790,861.05,781.28,828.4,48725485
4/5/2022 15:30:00,833.35,833.35,801,804.13,15461291
4/6/2022 15:30:00,793.85,794.9,773.68,775.43,13513930
4/7/2022 15:30:00,770.65,770.68,756.85,758.38,20390866
4/8/2022 15:30:00,756.05,762.88,748.65,757.33,20628161
4/11/2022 15:30:00,753,755,746.63,748.08,10399533
4/12/2022 15:30:00,742,753.43,740.08,746.75,13717701
4/13/2022 15:30:00,745,751.15,731.33,732.48,14446260
4/18/2022 15:30:00,709.43,715.83,695.03,697.73,22810188
4/19/2022 15:30:00,690.45,694.78,663.5,671.1,37048011
4/20/2022 15:30:00,677.23,679.95,667.68,677.15,24662868
4/21/2022 15:30:00,682.5,689.9,676.65,687.18,26223135
4/22/2022 15:30:00,680,687.68,674.58,677.8,10329574
4/25/2022 15:30:00,675,685.33,661.13,682.88,10467744
4/26/2022 15:30:00,686,690.98,678.58,686.03,8508421
4/27/2022 15:30:00,680,689.5,678.05,686.28,9027167
4/28/2022 15:30:00,686,689.5,681.05,685.68,10386861
4/29/2022 15:30:00,690.18,702.38,685.78,692.3,14200738
5/2/2022 15:30:00,681.03,703.23,681.03,701.85,9747158
5/4/2022 15:30:00,700,701.8,675,678,14527958
5/5/2022 15:30:00,687.5,687.5,673.25,676.48,8931456
5/6/2022 15:30:00,665,667.5,656.5,658.8,13365634
5/9/2022 15:30:00,650,663.25,647.75,659.93,16381217
5/10/2022 15:30:00,657.53,676.5,657.53,670.53,10056906
5/11/2022 15:30:00,676.5,677.5,664.33,674.3,8551462
5/12/2022 15:30:00,660.55,663.4,646.5,651.53,11191145
5/13/2022 15:30:00,655.03,659,643.5,645.67,8384119
5/16/2022 15:30:00,649.5,656,642.65,652.55,4902178
5/17/2022 15:30:00,656.3,658.5,649.1,657,8320722
5/18/2022 15:30:00,662.03,666.65,655,656.95,7866192
5/19/2022 15:30:00,643.1,648.2,639.15,643.53,10268753
5/20/2022 15:30:00,651.5,662.1,646.17,660.48,6959675
5/23/2022 15:30:00,657,664.98,649.55,652,9743160
5/24/2022 15:30:00,650,662.5,648.45,659.48,6435398
5/25/2022 15:30:00,665,667.98,661.6,664.4,6443556
5/26/2022 15:30:00,671.08,685.5,670,683.35,13496214
5/27/2022 15:30:00,685.9,697.35,685.38,696.03,12015859
5/30/2022 15:30:00,705.13,710.25,699.23,700.78,6312337
5/31/2022 15:30:00,697.95,702.4,690,694.48,6742694
6/1/2022 15:30:00,690,700.23,689.58,697.43,6045948
6/2/2022 15:30:00,693.63,694,689.3,692.55,5737510
6/3/2022 15:30:00,699.15,700.38,688.15,690.15,3478622
6/6/2022 15:30:00,688.15,693.5,680.33,689.23,3086633
6/7/2022 15:30:00,681,687.15,677.05,681.3,5126983
6/8/2022 15:30:00,686.65,690.5,678.5,683.7,2993294
6/9/2022 15:30:00,681.13,691.03,678.58,688.85,3655908
6/10/2022 15:30:00,680.05,683.98,671.8,675.55,4577715
6/13/2022 15:30:00,661.8,665,654.15,663.3,5446286
6/14/2022 15:30:00,655.63,663,652.5,656,5935178
6/15/2022 15:30:00,650.83,657.9,649.2,653.73,5905235
6/16/2022 15:30:00,655,660.28,639,640.65,6084596
6/17/2022 15:30:00,637.5,649.5,635.8,644.88,7361961
6/20/2022 15:30:00,652.35,662.5,647.08,661.08,7968420
6/21/2022 15:30:00,668.45,677,662.03,668.28,6610342
6/22/2022 15:30:00,666.13,668.48,661.6,665.13,4079849
6/23/2022 15:30:00,665.25,674,659.25,667.58,7686122
6/24/2022 15:30:00,669.28,680.83,669.28,676.9,4006716
6/27/2022 15:30:00,685,688,676,678.13,4902082
6/28/2022 15:30:00,672,675.5,669.2,672.95,4885287
6/29/2022 15:30:00,665.63,675.38,665.63,671.98,4997023
6/30/2022 15:30:00,668,677,668,674,6237911
7/1/2022 15:30:00,671.98,680,665.03,676.88,5736226
7/4/2022 15:30:00,676.85,680.1,671.13,677.83,4243740
7/5/2022 15:30:00,682,689.68,674.15,676.3,7162859
7/6/2022 15:30:00,674,686.7,673.55,685.63,7524539
7/7/2022 15:30:00,690,699,687.23,697.9,8871571
7/8/2022 15:30:00,705,705,697.38,698.55,6237015
7/11/2022 15:30:00,697,704.95,696.63,703.08,3731440
7/12/2022 15:30:00,702.63,702.63,694.7,695.9,4938487
7/13/2022 15:30:00,695,697.1,677.13,678.93,7972805
7/14/2022 15:30:00,681,686.33,674.63,675.53,5186205
7/15/2022 15:30:00,676.5,682.45,673.4,681.03,6797823
7/18/2022 15:30:00,674,683.05,671.03,673.78,10166110
7/19/2022 15:30:00,668.5,679.28,668.5,674.03,7896269
7/20/2022 15:30:00,679.95,685.55,677.63,682.53,10173931
7/21/2022 15:30:00,680.28,684.75,679.05,680.38,6320139
7/22/2022 15:30:00,683,698.5,681.2,696.25,6364796
7/25/2022 15:30:00,697.5,702.3,691.65,698.3,5071563
7/26/2022 15:30:00,698,701,693.15,696.88,4263982
7/27/2022 15:30:00,694.45,703,692.13,702.2,4606389
7/28/2022 15:30:00,707.53,712,705.5,708.43,8710203
7/29/2022 15:30:00,719,719.3,707.65,717.1,10009868
8/1/2022 15:30:00,719.5,724.23,715.03,723.08,6596518
8/2/2022 15:30:00,721,722.3,711.53,715.13,7518255
8/3/2022 15:30:00,712.48,717.88,708.5,716.8,5487749
8/4/2022 15:30:00,720,723.35,706.48,715.95,6006103
8/5/2022 15:30:00,716.5,718.48,710.58,713.53,4634491
8/8/2022 15:30:00,714,732.25,713.55,731.03,7678868
8/10/2022 15:30:00,730.68,735.75,724.53,733.15,8676551
8/11/2022 15:30:00,743.25,745.5,737.28,742.85,9150883
8/12/2022 15:30:00,742.5,744.65,737.98,742.58,4425185
8/16/2022 15:30:00,747.4,754.25,744.03,751.08,6281878
8/17/2022 15:30:00,750,756.38,742.88,754.95,6192175
8/18/2022 15:30:00,750,756.95,749.83,755.85,4171069
8/19/2022 15:30:00,755,756,745,746.53,4031851
8/22/2022 15:30:00,742.4,744.18,733.85,735.18,4117033
8/23/2022 15:30:00,726.65,737.98,725.2,732.9,7483442
8/24/2022 15:30:00,730.95,737.75,729.6,736.43,6727760
8/25/2022 15:30:00,739.95,743.4,728.5,732.43,5911520
8/26/2022 15:30:00,736.03,740.9,730.6,732.55,3853088
8/29/2022 15:30:00,718.5,723,714.3,719.7,4326589
8/30/2022 15:30:00,723.23,744.98,721.55,743.05,5067700
9/1/2022 15:30:00,732.38,744.73,729.5,736.08,11201568
9/2/2022 15:30:00,736.08,745.25,732.6,742.75,6019043
9/5/2022 15:30:00,743.05,749.5,742.05,747.53,6065966
9/6/2022 15:30:00,749.45,753.33,743.23,744.68,6119348
9/7/2022 15:30:00,735.65,745,735.65,741.15,4888103
9/8/2022 15:30:00,745.05,750,741.08,748.8,5582345
9/9/2022 15:30:00,748.1,754.5,747.03,749.3,7564444
9/13/2022 15:30:00,749.45,757.95,749.28,756.55,6500983
9/14/2022 15:30:00,747.03,769.45,746.18,764.33,10109880
9/15/2022 15:30:00,765,770.48,756,760.35,6769686
9/16/2022 15:30:00,751.55,757.35,741.5,746.38,10280023
9/19/2022 15:30:00,744.5,757,740,751.3,6038019
9/20/2022 15:30:00,757,762,754.95,760.35,5390834
9/21/2022 15:30:00,754,760.75,752.5,759.18,4536152
9/22/2022 15:30:00,751,755.08,741.38,743,6024072
9/23/2022 15:30:00,736.18,737.5,718.5,723.08,7903126
9/26/2022 15:30:00,712.68,718.23,709,713.33,4461743
9/27/2022 15:30:00,716.2,720,703.5,706.93,6319850
9/28/2022 15:30:00,703,705.3,692.95,694.78,5908066
9/29/2022 15:30:00,698.15,701.1,689.4,691.18,7205194
9/30/2022 15:30:00,689.4,715.73,682.5,710.68,7890878
10/3/2022 15:30:00,704.98,708.93,700.55,706.6,5770556
10/4/2022 15:30:00,714.75,729,713.08,726.5,5769263
10/6/2022 15:30:00,729.98,731.3,717.1,718.5,6274599
10/7/2022 15:30:00,715.13,717.48,710.18,715.4,6648997
10/10/2022 15:30:00,704,713,699.1,707.5,6554651
10/11/2022 15:30:00,700.55,708.5,699.73,700.33,7260810
10/12/2022 15:30:00,701.6,707.43,698.65,704.9,4612525
10/13/2022 15:30:00,701.03,703.13,692,696.8,7357117
10/14/2022 15:30:00,708.5,723.5,707.63,719.5,6424960
10/17/2022 15:30:00,717.5,728.8,713.5,723.28,9205250
10/18/2022 15:30:00,729.03,731.45,720,721.93,5280554
10/19/2022 15:30:00,732,738.7,726.7,729.33,6483520
10/20/2022 15:30:00,722,726.45,721.25,724.4,3949039
10/21/2022 15:30:00,726,728.83,717,719.3,5246303
10/25/2022 15:30:00,730.55,733.9,722.5,725.45,6886697
10/27/2022 15:30:00,732.25,733.68,725.63,727.2,7968638
10/28/2022 15:30:00,725,733.5,723.7,729.35,5237139
10/31/2022 15:30:00,736,749,733.63,748.35,6415264
11/1/2022 15:30:00,751.75,764.5,749.45,756.63,9536878
11/2/2022 15:30:00,758.5,764.13,755.8,757.1,6360203
11/3/2022 15:30:00,748.85,760.13,748.5,753.78,5166176
11/4/2022 15:30:00,751.6,758.05,744.8,748.58,5409030
11/7/2022 15:30:00,755,756,746.05,754.4,4917917
11/9/2022 15:30:00,757.53,758.98,752,754.18,4634895
11/10/2022 15:30:00,748.55,763.5,747.53,762.38,6387091
11/11/2022 15:30:00,772.5,818.5,769,805.58,28361169
11/14/2022 15:30:00,806,814,799,807.53,9597695
11/15/2022 15:30:00,811.58,811.58,802.63,809.5,5515101
11/16/2022 15:30:00,809.33,821,806,816.45,6789075
11/17/2022 15:30:00,809.05,815.78,806.95,809.08,6050465
11/18/2022 15:30:00,810.5,811.5,802.63,806.95,5229616
11/21/2022 15:30:00,803.83,806,795.1,798.68,4172408
11/22/2022 15:30:00,800,802.18,795.5,797.5,4273157
11/23/2022 15:30:00,802.5,802.5,797,799.58,5092869
11/24/2022 15:30:00,802.98,816,799.58,812.58,8598980
11/25/2022 15:30:00,814.85,815.85,807.05,808.83,4205248
11/28/2022 15:30:00,801.45,803.73,797.03,800.13,8052990
11/29/2022 15:30:00,798.63,806.18,796.43,798.93,6319118
11/30/2022 15:30:00,798.55,806.45,798.55,804.23,7592403
12/1/2022 15:30:00,811,818.5,807.5,809.75,10223183
12/2/2022 15:30:00,805,809.3,802.58,803.55,3905539
12/5/2022 15:30:00,804.98,807.3,798.1,806.48,5796311
12/6/2022 15:30:00,800.5,806.85,800,805.58,6176546
12/7/2022 15:30:00,807.08,809.3,802.23,805.23,5837360
12/8/2022 15:30:00,805,813,802.5,809.75,7401817
12/9/2022 15:30:00,813,817.43,810,815.53,5981692
12/12/2022 15:30:00,812.5,826.8,810.7,821.88,7217404
12/13/2022 15:30:00,825,828.5,822.5,824.15,8515851
12/14/2022 15:30:00,826.5,832.75,825,831.13,7113820
12/15/2022 15:30:00,828.53,834.7,813.53,815.9,9091324
12/16/2022 15:30:00,810.03,822.55,804.5,819.83,7323979
12/19/2022 15:30:00,822,823.33,813.1,822.38,4802271
12/20/2022 15:30:00,810.1,818.2,810.1,816.7,3587349
12/21/2022 15:30:00,820.5,822.4,803.28,808.8,4634599
12/22/2022 15:30:00,811.1,813.75,804.5,806.03,4873548
12/23/2022 15:30:00,793.5,802.08,792.73,798.83,5346576
12/26/2022 15:30:00,799.75,819.5,795,814.73,4953661
12/27/2022 15:30:00,816.5,817.98,806.75,815.55,3963386
12/28/2022 15:30:00,811.55,816.5,811.55,814.9,4345935
12/29/2022 15:30:00,810.05,821.75,805.5,820.65,5506448
12/30/2022 15:30:00,822.5,822.5,810,814.08,3561320
1/2/2023 15:30:00,813.5,819.88,809.28,814.35,2190689
1/3/2023 15:30:00,811.1,821.5,811.1,819.68,4189015
1/4/2023 15:30:00,817.5,822.88,803.5,805.03,5175800
1/5/2023 15:30:00,807.5,809.03,794.7,799.85,5470718
1/6/2023 15:30:00,801,804.55,789.1,797.2,4546231
1/9/2023 15:30:00,798,805.78,795,798.75,5364670
1/10/2023 15:30:00,800,800,782.5,784.15,8185883
1/11/2023 15:30:00,783.98,799,780,795.45,7597899
1/12/2023 15:30:00,793.9,801.95,792.08,799.7,4625035
1/13/2023 15:30:00,799.38,804.95,793,800.33,4622273
1/16/2023 15:30:00,807.5,810.65,790.15,792.65,7374047
1/17/2023 15:30:00,794.9,805.5,788.75,804.45,5393177
1/18/2023 15:30:00,802.5,820.8,799.85,818.65,9545321
1/19/2023 15:30:00,818.5,825,816.5,822.05,5586081
1/20/2023 15:30:00,822.05,834.5,821.7,830.48,9421702
1/23/2023 15:30:00,833.13,841.3,830.7,836.55,7722200
1/24/2023 15:30:00,837.53,851.2,837.5,847.75,12491970
1/25/2023 15:30:00,845.7,846.48,822.65,824.33,7352071
1/27/2023 15:30:00,816,818.5,794.98,807.9,17589974
1/30/2023 15:30:00,797.5,812.65,791,807.08,9256411
1/31/2023 15:30:00,809.85,811.35,797.5,801.75,9298122
2/1/2023 15:30:00,812,832.5,803,813.78,8651395
2/2/2023 15:30:00,804.05,812.25,794.38,801.68,8748553
2/3/2023 15:30:00,805.5,830.25,803.5,829.4,7205550
2/6/2023 15:30:00,830,834.7,823.1,825.88,5583836
2/7/2023 15:30:00,829.7,832.45,816.3,827.1,5132294
2/8/2023 15:30:00,827.13,834.1,825,827,4222413
2/9/2023 15:30:00,830,830.83,817.78,825.28,5888668
2/10/2023 15:30:00,824.4,829.25,821.1,828.55,4086058
2/13/2023 15:30:00,827.5,830.88,822.28,829.18,2868472
2/14/2023 15:30:00,832.5,838.75,828.98,836.85,5454296
2/15/2023 15:30:00,839,839,828.38,835.15,5719356
2/16/2023 15:30:00,836.6,840.95,830.5,832.13,4031250
2/17/2023 15:30:00,830.5,834.08,821.48,827.95,4478135
2/20/2023 15:30:00,830,834.73,817.4,820.18,4043353
2/21/2023 15:30:00,820,831.18,817,823.25,6194648
2/22/2023 15:30:00,819.5,820.98,804.53,807.1,5179551
2/23/2023 15:30:00,806.5,809.43,796.05,801.63,13941005
2/24/2023 15:30:00,808.95,808.95,792.6,794.48,8530870
2/27/2023 15:30:00,792.95,799.5,788.65,796.45,7156486
2/28/2023 15:30:00,796,802.65,794.35,799.8,9496996
3/1/2023 15:30:00,806,806.5,797.88,799.03,7068628
3/2/2023 15:30:00,797,802.98,791,792.23,8695907
3/3/2023 15:30:00,798,810,794,807.95,7493117
3/6/2023 15:30:00,810,819.73,809.03,813.65,13502355
3/8/2023 15:30:00,810,819.75,810,815.28,10049887
3/9/2023 15:30:00,814.98,822.98,813.5,815.35,10350083
3/10/2023 15:30:00,805.23,806.88,792.5,794.33,13693500
3/13/2023 15:30:00,793.95,801.9,782.48,784.28,13221775
3/14/2023 15:30:00,785.13,791.8,779.65,782.18,16592806
3/15/2023 15:30:00,789,791.45,768.3,770.95,18632377
3/16/2023 15:30:00,769.5,779.55,766.03,775.95,10876671
3/17/2023 15:30:00,778.75,789.6,770,786.33,11475438
3/20/2023 15:30:00,783.98,784.05,772.7,780.88,13251557
3/21/2023 15:30:00,785.98,791.25,778.1,789.73,16525247
3/22/2023 15:30:00,792,793.03,782.65,787.9,7088662
3/23/2023 15:30:00,783.88,795.18,779.28,781.58,14182089
3/24/2023 15:30:00,780,786.95,777.48,780.33,15738874
3/27/2023 15:30:00,781.1,789.73,779.45,783.73,15936003
3/28/2023 15:30:00,782.85,791.45,782.05,790.1,19638151
3/29/2023 15:30:00,792,801,790.95,793.9,19881806
3/31/2023 15:30:00,797.8,806.48,796.2,804.78,17355614
4/3/2023 15:30:00,803.78,807.85,801.38,805.28,20012699
4/5/2023 15:30:00,809.3,828,808,826.88,21682696
4/6/2023 15:30:00,824.28,834.6,823.55,833.18,22318672
4/10/2023 15:30:00,831.63,835.5,827,829.23,15906643
4/11/2023 15:30:00,829.5,834.7,825.55,831.65,21180771
4/12/2023 15:30:00,834,844.1,833.9,842.45,13477752
4/13/2023 15:30:00,844.15,848.53,839.08,846.23,17665043
4/17/2023 15:30:00,860,860,826.65,833.33,16202574
4/18/2023 15:30:00,835,838.63,828.2,829.8,14818613
4/19/2023 15:30:00,832.5,835.15,828.58,832.85,12370584
4/20/2023 15:30:00,835.85,838.73,833.2,835.95,16461358
4/21/2023 15:30:00,834.5,838.48,831.63,837.3,10064309
4/24/2023 15:30:00,843.5,845.73,837.05,844.08,17837926
4/25/2023 15:30:00,843.85,843.85,830.95,832.08,25176534
4/26/2023 15:30:00,830,837.5,827.5,835.9,13696375
4/27/2023 15:30:00,835.25,842.63,832.93,840.5,23895196
4/28/2023 15:30:00,842.35,845.5,835,843.8,13958136
5/2/2023 15:30:00,844.35,849.5,841,843.63,16110592
5/3/2023 15:30:00,842.48,848,839.83,846.58,14703635
5/4/2023 15:30:00,843.55,867.23,843.55,863.9,28427319
5/5/2023 15:30:00,819.5,830.48,811.05,812.83,31385208
5/8/2023 15:30:00,817.5,825.18,815,822.23,18622262
5/9/2023 15:30:00,824.95,828,819.98,822.25,21844469
5/10/2023 15:30:00,822.25,827.33,816.55,826.05,23170275
5/11/2023 15:30:00,832.58,844,824.63,826.6,17867309
5/12/2023 15:30:00,823.5,836.4,822.13,833.9,11239380
5/15/2023 15:30:00,836,840.38,832.55,837.9,9256130
5/16/2023 15:30:00,835.9,835.9,822,823.65,16361043
5/17/2023 15:30:00,825,825,812.68,819.23,15233434
5/18/2023 15:30:00,824,826.98,820,822.5,24823471
5/19/2023 15:30:00,824,825,815.78,823.45,15230166
5/22/2023 15:30:00,822.5,826.45,816.35,820.53,14167016
5/23/2023 15:30:00,824.5,824.8,816.73,818.6,11235037
5/24/2023 15:30:00,813.78,817.38,806.8,807.9,16794056
5/25/2023 15:30:00,807.85,810.03,798.68,804.8,14888465
5/26/2023 15:30:00,809.5,809.5,801.13,807.9,13317533
5/29/2023 15:30:00,814.25,820.5,812.43,817.75,10908146
5/30/2023 15:30:00,816.8,821.33,814.28,818.38,18562964
5/31/2023 15:30:00,814.95,817.48,802.33,805.43,21667135
6/1/2023 15:30:00,809.95,809.95,800,802,25183469
6/2/2023 15:30:00,806.23,807.4,800.5,803.25,8929855
6/5/2023 15:30:00,807.25,808.25,801.23,802.2,9348621
6/6/2023 15:30:00,803.83,804.93,796.13,799.7,16091426
6/7/2023 15:30:00,801.73,806.28,798,803.85,12474513
6/8/2023 15:30:00,801.63,813,801.63,804.35,18697761
6/9/2023 15:30:00,807.95,809.25,803.5,805.3,9106289
6/12/2023 15:30:00,806.28,807.9,799.73,800.4,6704146
6/13/2023 15:30:00,795.05,804.5,795.05,801.75,13963054
6/14/2023 15:30:00,805.23,806,800.1,800.88,10056984
6/15/2023 15:30:00,802,802.98,789.5,791.03,17688738
6/16/2023 15:30:00,793.58,804.6,792,801.38,7889636
6/19/2023 15:30:00,805.5,807.13,799.18,802.08,12414573
6/20/2023 15:30:00,802.08,805.5,795.33,803.75,10002813
6/21/2023 15:30:00,808,818.63,805.5,817.8,12154473
6/22/2023 15:30:00,820,828.78,819.53,821.8,28298070
6/23/2023 15:30:00,818.78,829.95,817.03,821.75,10669609
6/26/2023 15:30:00,822.5,825.38,814.35,817.78,8065157
6/27/2023 15:30:00,821.48,836.45,819.28,829.3,16915932
6/28/2023 15:30:00,835,839.95,830.25,838.08,29781475
6/30/2023 15:30:00,852,854.4,841.63,850.7,20349508
7/3/2023 15:30:00,856.25,878.75,855,859.9,22052058
7/4/2023 15:30:00,861.73,873.5,856.9,864.1,19397594
7/5/2023 15:30:00,858.13,860,834.28,836.65,18582877
7/6/2023 15:30:00,836.5,843.93,830.2,837.5,26078272
7/7/2023 15:30:00,832.5,837.5,828.15,830.2,9963168
7/10/2023 15:30:00,830.5,838.38,824.85,828.23,19199221
7/11/2023 15:30:00,831.5,838,822.75,824.2,25335213
7/12/2023 15:30:00,827.68,833.15,813.58,816.48,35479179
7/13/2023 15:30:00,828.35,828.73,819.03,820.55,20956773
7/14/2023 15:30:00,826.8,826.8,817.5,822.25,12363607
7/17/2023 15:30:00,825,841,816.5,839.45,24626464
7/18/2023 15:30:00,849,852,835,838.75,40538409
7/19/2023 15:30:00,840.55,844.38,837.5,842.55,16467567
7/20/2023 15:30:00,840.58,846,840,844.38,28105474
7/21/2023 15:30:00,840,844.9,836.63,837.88,21077124
7/24/2023 15:30:00,839.25,842.33,835.05,839.2,16089722
7/25/2023 15:30:00,842.33,849.5,839.2,848.3,27996298
7/26/2023 15:30:00,849.8,849.8,844,845.35,12397179
7/27/2023 15:30:00,849.95,851.5,833.73,836.58,29870651
7/28/2023 15:30:00,830.75,834.45,820.55,821.75,20507842
7/31/2023 15:30:00,825.03,828.4,819.35,825.6,17282503
8/1/2023 15:30:00,827.23,833.73,825,831.13,17697094
8/2/2023 15:30:00,821,825.75,816.58,820.25,14058161
8/3/2023 15:30:00,820,825.68,811.5,814.33,28836973
8/4/2023 15:30:00,817.58,828.25,814.63,826.1,18694152
8/7/2023 15:30:00,831.55,831.55,823.78,825.63,14150459
8/8/2023 15:30:00,825.85,827.8,821.03,824.95,21886914
8/9/2023 15:30:00,826.5,827.25,815.55,825.25,16680618
8/10/2023 15:30:00,823.53,827.13,815.5,817.93,25390559
8/11/2023 15:30:00,819.2,819.2,808.1,809.4,14112911
8/14/2023 15:30:00,805.5,807.5,800.13,805.45,15652205
8/16/2023 15:30:00,791.55,804.83,790.65,803.1,17068771
8/17/2023 15:30:00,798.8,804.95,797,798.65,26442020
8/18/2023 15:30:00,793.78,798.15,792.75,795.38,12816683
8/21/2023 15:30:00,800.25,800.25,793.5,794.75,10918635
8/22/2023 15:30:00,798.18,799,790,791.35,16136785
8/23/2023 15:30:00,790,795.28,786.63,793.3,18249294
8/24/2023 15:30:00,796.65,798.1,788.08,789.65,21572896
8/25/2023 15:30:00,787.28,788.75,779.2,780.75,15034878
8/28/2023 15:30:00,780.75,791.33,780.75,788.88,14433619
8/29/2023 15:30:00,794.85,796.33,790.73,795.15,17769466
8/30/2023 15:30:00,801.98,801.98,786.85,789.35,14042102
8/31/2023 15:30:00,789.5,791.58,781.55,785.73,50037886
9/1/2023 15:30:00,785.5,789.5,779.68,787.35,21613388
9/4/2023 15:30:00,795,795.73,787.45,792.28,12536819
9/5/2023 15:30:00,794.2,794.2,785.3,787.45,19356041
9/6/2023 15:30:00,788.4,800,787.45,797.75,28160455
9/7/2023 15:30:00,797.75,807,793.58,805.43,17104171
9/8/2023 15:30:00,804.15,816.45,803.8,811.7,17251105
9/11/2023 15:30:00,814.45,818.25,812,815.9,15786511
9/12/2023 15:30:00,820,821.45,812.53,818.45,19516670
9/13/2023 15:30:00,815.65,825.8,814.3,821.95,23210047
9/14/2023 15:30:00,822.13,825,817.55,821.45,11769424
9/15/2023 15:30:00,825,835,825,830.88,86705601
9/18/2023 15:30:00,826.88,827.5,813.05,814.53,18528144
9/20/2023 15:30:00,799.5,799.5,780.2,781.85,57737324
9/21/2023 15:30:00,776.5,784.48,768.53,776.68,36420721
9/22/2023 15:30:00,779.5,782.2,761.88,764.83,30852125
9/25/2023 15:30:00,762.5,770.35,762.5,765.5,20104377
9/26/2023 15:30:00,762.5,770,762.5,768.83,13787654
9/27/2023 15:30:00,761.5,766.25,757.5,763.43,19669269
9/28/2023 15:30:00,767,768.8,759.18,761.85,27677094
9/29/2023 15:30:00,761.85,767.73,761.15,763.15,16026891
10/3/2023 15:30:00,763.5,763.5,753,754.03,19485847
10/4/2023 15:30:00,747.5,767.5,744.63,764.78,27324715
10/5/2023 15:30:00,767.53,775.78,766.3,767.88,24256337
10/6/2023 15:30:00,772,772.5,764.93,767.03,8879678
10/9/2023 15:30:00,764,765,756,758.13,8227486
10/10/2023 15:30:00,760.28,764.5,757.6,762.43,16633146
10/11/2023 15:30:00,765.05,771.08,764.25,769.8,15666680
10/12/2023 15:30:00,768.05,776,765.8,774.93,11012668
10/13/2023 15:30:00,770,774.4,764.98,767.88,19872650
10/16/2023 15:30:00,765.75,767.23,760.25,764.8,8928042
10/17/2023 15:30:00,777.88,777.88,767.5,770.6,16451279
10/18/2023 15:30:00,770.6,770.6,759.05,759.88,15608100
10/19/2023 15:30:00,752.7,763.13,751.6,757.48,15126182
10/20/2023 15:30:00,752.5,763.5,752.5,761.4,10547005
10/23/2023 15:30:00,761.75,764.38,750.05,753.03,11188068
10/25/2023 15:30:00,760.5,761.4,745.73,748.25,14155998
10/26/2023 15:30:00,745.63,746,730.13,731.7,27780899
10/27/2023 15:30:00,734.75,739,733.45,734.58,15970266
10/30/2023 15:30:00,731.63,744.98,730.95,742.55,11655491
10/31/2023 15:30:00,752,752,737,738.25,16317412
11/1/2023 15:30:00,731.13,738.73,731.13,737.25,16938733
11/2/2023 15:30:00,742.5,745.25,733.58,738.38,22612577
11/3/2023 15:30:00,744,745.7,740.83,741.88,9047670
11/6/2023 15:30:00,749,749,741.5,747.25,12796865
11/7/2023 15:30:00,747,747,738.6,743.63,20976424
11/8/2023 15:30:00,741.98,746.73,740.5,745.78,15699773
11/9/2023 15:30:00,743,746.3,741.75,742.83,11058370
11/10/2023 15:30:00,740.05,748,740.03,745.75,7007593
11/13/2023 15:30:00,746.05,747.98,742.95,744.4,10302957
11/15/2023 15:30:00,752.05,755.48,750.28,752.2,20622730
11/16/2023 15:30:00,754.85,759.5,751.88,754.18,14856919
11/17/2023 15:30:00,745,753.75,744.5,752.55,11850937
11/20/2023 15:30:00,756.5,756.5,750.78,752.6,9665726
11/21/2023 15:30:00,759.5,761,756.05,758.98,12479986
11/22/2023 15:30:00,760,760,751.78,756.28,14561825
11/23/2023 15:30:00,754.25,761.93,754.25,760.65,6523110
11/24/2023 15:30:00,760.6,766.58,759.93,766.05,8234596
11/28/2023 15:30:00,767.6,768.63,762.9,764.33,14244669
11/29/2023 15:30:00,766.95,781.5,766.5,779.58,17021244
11/30/2023 15:30:00,784.58,786.23,771.08,779.4,34745720
12/1/2023 15:30:00,778.95,782.88,776.05,777.7,11076768
12/4/2023 15:30:00,794,806,786.83,804.7,25331228
12/5/2023 15:30:00,818.25,819.5,808.25,811.85,26115410
12/6/2023 15:30:00,819.23,819.23,808.33,813.9,19306530
12/7/2023 15:30:00,812.5,817,808.1,815.23,10225193
12/8/2023 15:30:00,815.23,827.5,815.23,826.6,16864019
12/11/2023 15:30:00,825.03,831.85,823.5,825.5,11593810
12/12/2023 15:30:00,827.1,828.13,815.93,817.3,18290738
12/13/2023 15:30:00,816.23,818,807.55,815.45,14673457
12/14/2023 15:30:00,823,829.48,822.5,825.08,17586183
12/15/2023 15:30:00,825,834,823.3,828.28,69418565
12/18/2023 15:30:00,830.35,832.35,825.48,827.85,9007377
12/19/2023 15:30:00,825,829.33,822.03,826.45,12004223
12/20/2023 15:30:00,829,834.48,822.23,828.5,17116260
12/21/2023 15:30:00,828.5,844.88,825.13,843.35,18294620
12/22/2023 15:30:00,841.8,842.95,833.55,835.43,24289425
12/26/2023 15:30:00,836.63,842.98,834.28,841.23,9022928
12/27/2023 15:30:00,840.75,853.25,839.3,851.65,13504539
12/28/2023 15:30:00,854.65,860.7,851,852.63,22038235
12/29/2023 15:30:00,848.5,857.45,848,854.63,12505713
1/1/2024 15:30:00,853,854.58,846,849.05,7119843