Date,Open,High,Low,Close,Volume
1/1/2015 15:30:00,759.3,761.9,754.15,758.45,372132
1/2/2015 15:30:00,757,766,752.65,755.95,1207322
1/5/2015 15:30:00,759.75,761.9,755.1,760.3,849252
1/6/2015 15:30:00,767,779.9,755.4,774.7,2738679
1/7/2015 15:30:00,779,806.8,779,801.9,3744143
1/8/2015 15:30:00,803.9,825,803.15,817.05,3076833
1/9/2015 15:30:00,818.5,868.4,817.05,864.6,3825060
1/12/2015 15:30:00,867.5,899.8,864.25,896.6,4338065
1/13/2015 15:30:00,899.95,908.65,876.4,884.55,3371700
1/14/2015 15:30:00,888.8,934.5,886,924.05,4578199
1/15/2015 15:30:00,934.95,937.4,909.7,921.55,3534537
1/16/2015 15:30:00,928,947,925,941.05,2021113
1/19/2015 15:30:00,946.3,947.4,886.05,892.55,7705398
1/20/2015 15:30:00,889.9,903,877.75,895.45,4355821
1/21/2015 15:30:00,897,948.4,888.5,941.95,4103989
1/22/2015 15:30:00,944,961.3,931.3,944.65,3585572
1/23/2015 15:30:00,947,968.85,944.65,965.3,2450001
1/27/2015 15:30:00,962.1,967.9,936.6,941.95,3274894
1/28/2015 15:30:00,938,940.8,928.15,933.85,2246526
1/29/2015 15:30:00,931,948,926.4,941.6,3421454
1/30/2015 15:30:00,941,941,927.8,932.55,1562161
2/2/2015 15:30:00,926.35,929.95,904.8,908,1822825
2/3/2015 15:30:00,910.2,930.85,908,910.85,1544881
2/4/2015 15:30:00,910.9,919.8,895.1,899.9,1181845
2/5/2015 15:30:00,907.3,919.8,901.2,909.05,1711139
2/6/2015 15:30:00,906,915.85,899.4,905.75,717674
2/9/2015 15:30:00,905.75,914.6,895.9,900.15,860239
2/10/2015 15:30:00,895,907.5,885.4,887.75,1058750
2/11/2015 15:30:00,890.35,902.95,884.6,900.3,897359
2/12/2015 15:30:00,905,910.8,885.3,887.8,1121008
2/13/2015 15:30:00,892.4,898.8,885.2,892.8,1344229
2/16/2015 15:30:00,886.35,920,886.35,907,1635273
2/18/2015 15:30:00,902,923.35,902,912.9,2178775
2/19/2015 15:30:00,919.95,922.8,895,908.15,1034454
2/20/2015 15:30:00,905.5,909.7,899,900.25,623253
2/23/2015 15:30:00,903,913.85,883.05,886.15,1054383
2/24/2015 15:30:00,889,915.6,887,913.7,2100402
2/25/2015 15:30:00,916.5,917.5,894,901.9,1141174
2/26/2015 15:30:00,905.7,905.7,883.8,886.4,1194401
2/27/2015 15:30:00,889.8,893,880.4,887.15,1906598
3/2/2015 15:30:00,914,939.95,906.1,935.65,2792110
3/3/2015 15:30:00,939.9,939.9,923.25,929.7,1510436
3/4/2015 15:30:00,931.1,945.3,913,916.1,1202376
3/5/2015 15:30:00,913.45,946.35,913.45,939.7,2301603
3/9/2015 15:30:00,936,981,931,976,3529726
3/10/2015 15:30:00,978.3,978.65,951.05,957.15,1323330
3/11/2015 15:30:00,957.15,978.9,949.45,968.9,1742798
3/12/2015 15:30:00,968,972.8,955.6,960.55,1358419
3/13/2015 15:30:00,963.7,964.9,938.95,941.7,1466001
3/16/2015 15:30:00,939.45,957.25,902.5,931.75,1244490
3/17/2015 15:30:00,934.95,946.8,921.4,931.8,1239535
3/18/2015 15:30:00,932.4,937.25,911.5,922.1,1436285
3/19/2015 15:30:00,931,940.8,916.65,922.65,1249067
3/20/2015 15:30:00,922,922,892,895.75,1854369
3/23/2015 15:30:00,899.7,910,892.35,902.4,989354
3/24/2015 15:30:00,896.2,901.15,885.35,887.2,1288989
3/25/2015 15:30:00,889.75,897.6,883,886.4,2848966
3/26/2015 15:30:00,884.85,885,858.2,865.9,2570353
3/27/2015 15:30:00,870.5,870.9,848.95,851.3,2023538
3/30/2015 15:30:00,857.95,871,852,862.05,1415143
3/31/2015 15:30:00,862.95,884,858,873.55,1503993
4/1/2015 15:30:00,873.5,885.8,871.5,883.5,865861
4/6/2015 15:30:00,883.65,910.8,882.5,907.95,1482378
4/7/2015 15:30:00,911.35,919.05,897.6,913.45,1212932
4/8/2015 15:30:00,914.9,921.65,909.4,912.55,1296825
4/9/2015 15:30:00,913.9,932,913.6,926.45,1237632
4/10/2015 15:30:00,929.9,935.8,916.35,933.8,1161659
4/13/2015 15:30:00,931.35,950.95,928,949.15,1374251
4/15/2015 15:30:00,942.9,948.95,933,934.7,924855
4/16/2015 15:30:00,932.5,937.8,918.1,933.1,1071747
4/17/2015 15:30:00,936.7,944.2,928.85,937.65,764984
4/20/2015 15:30:00,938.4,940.75,905.6,913.45,879556
4/21/2015 15:30:00,914.05,919.85,870.35,873.1,2535704
4/22/2015 15:30:00,887.45,913,875,907.15,2106687
4/23/2015 15:30:00,911,922,892.8,902.65,1027886
4/24/2015 15:30:00,903.95,903.95,873.75,889.5,1122637
4/27/2015 15:30:00,885,901.8,860.25,866.65,945769
4/28/2015 15:30:00,863.35,873.9,851.5,860.6,1844291
4/29/2015 15:30:00,860.4,875,852.15,857.7,1323821
4/30/2015 15:30:00,857.25,859.45,832.2,850.35,3001302
5/4/2015 15:30:00,860,865.7,844.15,861.75,558193
5/5/2015 15:30:00,858,883.4,854,879.05,1663346
5/6/2015 15:30:00,879,879,850.1,858.2,1989322
5/7/2015 15:30:00,860,871.75,853.7,866.25,982642
5/8/2015 15:30:00,875.7,907.05,854.5,895.2,5244650
5/11/2015 15:30:00,899.8,901,862.2,864.7,2712131
5/12/2015 15:30:00,867,873.55,841.65,843.95,1837756
5/13/2015 15:30:00,850.1,855.65,827.1,841.05,1842567
5/14/2015 15:30:00,842.8,850.85,831,846.45,1458520
5/15/2015 15:30:00,848,852.3,840.1,844.8,861417
5/18/2015 15:30:00,848,854.9,837.5,852.7,794940
5/19/2015 15:30:00,852.4,855.85,841.25,844.75,1115144
5/20/2015 15:30:00,847.2,858.15,846,855.6,1051609
5/21/2015 15:30:00,856.4,865.9,848.05,864.35,998351
5/22/2015 15:30:00,867.45,868.85,853.95,863.75,1369038
5/25/2015 15:30:00,864.95,864.95,847.55,852.45,642231
5/26/2015 15:30:00,855,858.15,845.95,855.35,732655
5/27/2015 15:30:00,855.5,860,845.7,857.7,530542
5/28/2015 15:30:00,858.7,860,842.35,846.2,2062630
5/29/2015 15:30:00,847.5,860.7,843.1,859.55,3787109
6/1/2015 15:30:00,859.55,883.5,852.45,880.8,950336
6/2/2015 15:30:00,884,884.65,850.9,852.75,928603
6/3/2015 15:30:00,853,854.7,828.6,831.45,1074518
6/4/2015 15:30:00,833.5,835,820.05,822.65,1273078
6/5/2015 15:30:00,821.6,847.3,816.35,829.1,1564172
6/8/2015 15:30:00,828,829,809,812.25,1108643
6/9/2015 15:30:00,807,828.55,806.1,819.75,769058
6/10/2015 15:30:00,818.25,825,814,820.45,959272
6/11/2015 15:30:00,820,836.5,816,816.7,1263695
6/12/2015 15:30:00,813.35,821.5,810.85,814.5,833644
6/15/2015 15:30:00,814,827.45,808.45,821.75,626620
6/16/2015 15:30:00,818.1,839.35,817.3,834.95,864766
6/17/2015 15:30:00,840,868.85,840,862.05,2574818
6/18/2015 15:30:00,862,868,857.1,862.6,1234051
6/19/2015 15:30:00,851.1,864.9,844.85,857.7,1376406
6/22/2015 15:30:00,863.9,876,858.45,873.45,1039509
6/23/2015 15:30:00,878,879.8,871.35,875.7,741773
6/24/2015 15:30:00,877.5,908.9,877,896.55,1812148
6/25/2015 15:30:00,888.55,897.9,879.1,883.25,1257404
6/26/2015 15:30:00,884,891.4,875,887.95,758668
6/29/2015 15:30:00,872,905,868.35,900.4,1221747
6/30/2015 15:30:00,907,923.1,906,916.7,2318253
7/1/2015 15:30:00,916.7,926,912,918.3,1456248
7/2/2015 15:30:00,919.8,929.2,912,923.45,962649
7/3/2015 15:30:00,922,929.5,917.05,924.5,512931
7/6/2015 15:30:00,917,930,914.65,927.45,595187
7/7/2015 15:30:00,921.6,927.4,915.6,924.35,715696
7/8/2015 15:30:00,920,944,918.1,927.65,1791894
7/9/2015 15:30:00,927.65,934.8,912.4,921.55,1153644
7/10/2015 15:30:00,924.5,924.5,891.3,900.25,2198242
7/13/2015 15:30:00,900.8,914.5,890.5,910.7,1103160
7/14/2015 15:30:00,910.5,929.1,902.8,927.3,662369
7/15/2015 15:30:00,927,935,920.35,929,980533
7/16/2015 15:30:00,930,939.5,923.25,936.85,667588
7/17/2015 15:30:00,937.05,941.95,922.25,924.3,848156
7/20/2015 15:30:00,924,931.5,909.05,913.1,738505
7/21/2015 15:30:00,915,916.85,871.1,891.3,4915170
7/22/2015 15:30:00,894,923,891.15,920.5,1433553
7/23/2015 15:30:00,919,919,895.2,904.25,1049783
7/24/2015 15:30:00,905,911.45,897.6,906.8,624104
7/27/2015 15:30:00,906,910.15,895,900.1,1305606
7/28/2015 15:30:00,893.25,916,891.5,904.75,1648693
7/29/2015 15:30:00,906.15,919.05,897,899.2,1332413
7/30/2015 15:30:00,905,934.45,899.2,920.7,1997547
7/31/2015 15:30:00,920.3,928.2,913.2,921.65,1616033
8/3/2015 15:30:00,921,924.8,906.5,909.7,1813626
8/4/2015 15:30:00,910.5,914.45,900.05,908.1,2728548
8/5/2015 15:30:00,910.7,912.85,905,908.6,2869226
8/6/2015 15:30:00,910,910.4,902.55,907.75,1105175
8/7/2015 15:30:00,907.75,909.05,900.9,904.85,849340
8/10/2015 15:30:00,905,909,901,906.15,1089645
8/11/2015 15:30:00,903,905.85,885,888.2,1430428
8/12/2015 15:30:00,889,0,0,886.95,0
8/13/2015 15:30:00,866,879,850,866.55,976700
8/14/2015 15:30:00,871,879,857.5,870.55,742844
8/17/2015 15:30:00,874.45,879,860,872.65,373170
8/18/2015 15:30:00,872,877.85,868.05,872.85,606035
8/19/2015 15:30:00,869.35,885.25,861.4,876.2,548163
8/20/2015 15:30:00,870,901.85,867,872.05,1086427
8/21/2015 15:30:00,867,888,860.95,884.15,1428246
8/24/2015 15:30:00,865.35,880,844.95,851.15,2392818
8/25/2015 15:30:00,861,878,855.1,865.95,2303018
8/26/2015 15:30:00,866.25,868.55,850,855,1894521
8/27/2015 15:30:00,860.65,864.45,851,857.8,2087603
8/28/2015 15:30:00,870,870.5,852,854.5,1427528
8/31/2015 15:30:00,862.9,870,848.8,860.9,1990625
9/1/2015 15:30:00,855,861.35,848.35,853.75,1483369
9/2/2015 15:30:00,857,862.4,824.2,830.6,1463479
9/3/2015 15:30:00,830.5,841.75,815.1,833.75,1228866
9/4/2015 15:30:00,831.35,840.75,823.2,830,1332041
9/7/2015 15:30:00,831,834,817.4,819.85,868619
9/8/2015 15:30:00,827.8,827.8,785,801.1,2511604
9/9/2015 15:30:00,806,812.45,790.9,803.05,1519952
9/10/2015 15:30:00,801,801,777.6,790.15,2651147
9/11/2015 15:30:00,792,799.7,784.05,795.25,1368043
9/14/2015 15:30:00,800.9,800.9,788.1,794.75,1115042
9/15/2015 15:30:00,794.75,808.65,791.15,804.6,1239118
9/16/2015 15:30:00,811,811.8,796.75,806.85,1000450
9/18/2015 15:30:00,807,816.8,793,797.85,3196079
9/21/2015 15:30:00,795,799.9,788.4,790.7,1097798
9/22/2015 15:30:00,792,796.85,783.2,785.9,1900127
9/23/2015 15:30:00,788.8,789.4,780.15,785,1108731
9/24/2015 15:30:00,789,789,776.25,781.7,2627897
9/28/2015 15:30:00,785,802.5,780.8,790.65,1121534
9/29/2015 15:30:00,782.6,801,781.35,784.35,2377821
9/30/2015 15:30:00,799.8,818,787,814.75,2321962
10/1/2015 15:30:00,817.8,827.25,811.2,816.4,903859
10/5/2015 15:30:00,820.55,824,801,809.8,1344972
10/6/2015 15:30:00,816.95,832,811.9,829.3,1470601
10/7/2015 15:30:00,818,828,816,823.55,1126929
10/8/2015 15:30:00,827,831.95,817.5,821.9,673062
10/9/2015 15:30:00,826,830.4,810,818,740404
10/12/2015 15:30:00,819,822.5,807.35,814.85,760378
10/13/2015 15:30:00,817,819,805.8,812.9,860797
10/14/2015 15:30:00,814.05,815,787,797.2,3479601
10/15/2015 15:30:00,783,801,769,791.55,4110634
10/16/2015 15:30:00,788,790.9,782,785,2121262
10/19/2015 15:30:00,784.9,796.95,778,793.9,1733760
10/20/2015 15:30:00,797.45,797.45,783,787.1,1428531
10/21/2015 15:30:00,788,794.45,787,790.35,879891
10/23/2015 15:30:00,795,805.6,791.25,800.2,1956438
10/26/2015 15:30:00,802.8,810,800.65,808.6,754383
10/27/2015 15:30:00,806.75,814.85,799.2,812.15,876427
10/28/2015 15:30:00,811.6,820.5,807.9,818.5,1123867
10/29/2015 15:30:00,811,818,799.2,801.45,1558590
10/30/2015 15:30:00,802,810.95,795,800.65,1209468
11/2/2015 15:30:00,799.25,804.85,791.55,802.75,553599
11/3/2015 15:30:00,805,808.5,801.2,804.45,349296
11/4/2015 15:30:00,806.8,818.1,799.2,801,945881
11/5/2015 15:30:00,801,811.6,797.75,802.65,462520
11/6/2015 15:30:00,806.7,806.95,796.3,799.05,726024
11/9/2015 15:30:00,794,807,784,802.6,1247468
11/10/2015 15:30:00,802,809.6,793.4,803.55,880293
11/13/2015 15:30:00,792.35,799.5,792.35,796.7,1029232
11/16/2015 15:30:00,794,802.1,780.1,784.1,1186659
11/17/2015 15:30:00,785.9,800,782,798.3,792593
11/18/2015 15:30:00,798,806.85,790.45,793.5,721764
11/19/2015 15:30:00,797.5,801.85,792.3,794.6,861404
11/20/2015 15:30:00,799.85,803.45,794.3,798.15,845026
11/23/2015 15:30:00,795.05,800.7,787,791.2,692990
11/24/2015 15:30:00,794,813.5,790.75,811.95,1188716
11/26/2015 15:30:00,814.7,821.5,808.15,812.45,1282221
11/27/2015 15:30:00,812.5,820.75,808,816.2,897445
11/30/2015 15:30:00,813.5,826,804.1,812,2959644
12/1/2015 15:30:00,811.85,836.8,811.85,833.4,1404347
12/2/2015 15:30:00,832.9,835.7,823.4,829.9,983626
12/3/2015 15:30:00,827.85,827.9,814,816.6,680102
12/4/2015 15:30:00,813.35,824.45,805,814.95,1445988
12/7/2015 15:30:00,815,835.5,815,833.5,1273142
12/8/2015 15:30:00,831.9,839.8,822.6,825.75,1136199
12/9/2015 15:30:00,827,835,816.15,820.15,1028736
12/10/2015 15:30:00,823,830.85,812.25,815.9,1144862
12/11/2015 15:30:00,818.3,831.95,816.65,822.1,1214169
12/14/2015 15:30:00,825,842.5,813.45,839,1307321
12/15/2015 15:30:00,839.2,862.5,839.2,858.6,2303845
12/16/2015 15:30:00,865,868.4,852.7,855.4,1101128
12/17/2015 15:30:00,840,865.7,840,864.25,1214526
12/18/2015 15:30:00,865.6,875.6,852.15,857.05,2114632
12/21/2015 15:30:00,861.95,861.95,849.75,851.6,1112136
12/22/2015 15:30:00,852.95,857.9,843.2,851.45,913032
12/23/2015 15:30:00,859.45,870.5,856.05,863.25,770192
12/24/2015 15:30:00,868,869.3,862,864.25,538736
12/28/2015 15:30:00,865,873,862.5,865.85,976331
12/29/2015 15:30:00,867,867,855,857.9,754046
12/30/2015 15:30:00,858,862.9,854.7,857.45,677471
12/31/2015 15:30:00,857.45,866.45,851.5,862.75,743363
1/1/2016 15:30:00,860,862,853.5,856.55,230366
1/4/2016 15:30:00,856.55,868.7,851.15,859,828876
1/5/2016 15:30:00,857.3,859.05,845.5,847.95,1118709
1/6/2016 15:30:00,850,850,840.95,843.05,2135092
1/7/2016 15:30:00,840,840.95,817.5,820.25,1353969
1/8/2016 15:30:00,819,831.5,807.7,809.85,1324046
1/11/2016 15:30:00,806,819.7,801.35,811.75,1514504
1/12/2016 15:30:00,808.5,822.15,804.55,818,1110037
1/13/2016 15:30:00,821.8,836.2,813.75,832.75,1338356
1/14/2016 15:30:00,829.5,837.9,818.55,827.25,1531002
1/15/2016 15:30:00,827.25,828.95,776.65,804.25,3249884
1/18/2016 15:30:00,796.3,816.65,795,809.95,1525578
1/19/2016 15:30:00,813,821.75,807.65,810.45,867289
1/20/2016 15:30:00,805,815,785,795.05,1543575
1/21/2016 15:30:00,797.2,799,774.2,775.6,1679165
1/22/2016 15:30:00,780.5,783.5,770,771.5,1465143
1/25/2016 15:30:00,772,784.75,769.7,783.3,1036869
1/27/2016 15:30:00,781,783.85,766.4,767.9,1291178
1/28/2016 15:30:00,769.8,797,766.5,791.75,1967418
1/29/2016 15:30:00,791.1,820,791.1,816.9,1733695
2/1/2016 15:30:00,816,817.4,799,800.95,1025869
2/2/2016 15:30:00,809.5,809.95,796.95,800.1,960236
2/3/2016 15:30:00,795.5,828.5,795.5,821.6,1843081
2/4/2016 15:30:00,824.5,838.4,816.55,834.8,1698770
2/5/2016 15:30:00,830,855.5,830,844.95,2043434
2/8/2016 15:30:00,844,848.2,826.45,832.05,490426
2/9/2016 15:30:00,826.35,842.15,824.7,826.35,964658
2/10/2016 15:30:00,826,832.1,820.1,824.55,781041
2/11/2016 15:30:00,823.9,828,791.2,802.6,1010277
2/12/2016 15:30:00,800.5,816.7,795,814,1318480
2/15/2016 15:30:00,817,821.95,798,804.7,1206980
2/16/2016 15:30:00,810,811.85,799.45,803.2,926079
2/17/2016 15:30:00,800.5,814,789.75,812.55,783633
2/18/2016 15:30:00,814.05,830.5,812.5,827.4,1179011
2/19/2016 15:30:00,831.85,831.85,813.45,827.6,620200
2/22/2016 15:30:00,827,866,826.35,861.65,1883688
2/23/2016 15:30:00,858.45,858.45,834.2,836.85,590731
2/24/2016 15:30:00,836.9,844.9,828.2,836.75,1062120
2/25/2016 15:30:00,837.7,846.2,832.4,842.8,859877
2/26/2016 15:30:00,848,852.65,841.1,849.9,1191495
2/29/2016 15:30:00,851,851.7,823.5,830.4,1974971
3/1/2016 15:30:00,829.85,829.85,818.1,824.15,1777318
3/2/2016 15:30:00,830,855,830,849.25,1221727
3/3/2016 15:30:00,855.5,856.1,845.75,848.9,746384
3/4/2016 15:30:00,848.5,855.9,841.45,848.75,1331537
3/8/2016 15:30:00,848,848,824,826.25,1342346
3/9/2016 15:30:00,826.55,843.9,826.55,839.65,1929618
3/10/2016 15:30:00,837,841,829,837.55,1140147
3/11/2016 15:30:00,842,857.95,831.5,851.6,1527676
3/14/2016 15:30:00,855.05,860,845,857.15,825367
3/15/2016 15:30:00,852.1,856.8,835.55,840.8,1330602
3/16/2016 15:30:00,844.9,845.85,831,844.15,1511400
3/17/2016 15:30:00,848.1,855,843,849.65,1970969
3/18/2016 15:30:00,850,852,838,848.35,1848223
3/21/2016 15:30:00,847.1,883,847.1,879.65,1587554
3/22/2016 15:30:00,876.05,880.65,862.4,870.15,2024654
3/23/2016 15:30:00,870,877.35,860.55,873.6,1373555
3/28/2016 15:30:00,876,876.1,860.2,863.65,2033190
3/29/2016 15:30:00,860.3,871.35,858.6,861.15,1389839
3/30/2016 15:30:00,862,878.95,858.9,861.65,1453623
3/31/2016 15:30:00,855.5,875.7,855.5,869.5,2635929
4/1/2016 15:30:00,867.1,874.9,856,867.8,1096484
4/4/2016 15:30:00,863.1,874.95,861.3,872.2,960124
4/5/2016 15:30:00,870.2,882.85,862.3,868.5,1096886
4/6/2016 15:30:00,869,872.9,863,871.7,1041648
4/7/2016 15:30:00,870,874.85,855.05,860,848064
4/8/2016 15:30:00,861,863,845.8,850.4,712487
4/11/2016 15:30:00,853,867.85,845.1,864.3,943737
4/12/2016 15:30:00,866.9,874.4,860.2,872.5,867406
4/13/2016 15:30:00,875,899.6,873.5,897.7,1897529
4/18/2016 15:30:00,900.2,904.95,886.5,899.15,1091523
4/20/2016 15:30:00,899.1,906,893.15,904.1,1424850
4/21/2016 15:30:00,905,906.9,896,904.05,1162870
4/22/2016 15:30:00,897.8,904.3,883,884.2,1078366
4/25/2016 15:30:00,880.5,889,875.5,884.15,828061
4/26/2016 15:30:00,881.6,896,880.7,885.75,1214609
4/27/2016 15:30:00,884.4,894,880.9,892.2,778693
4/28/2016 15:30:00,893.2,896.8,871,876.25,2715410
4/29/2016 15:30:00,876,879.35,859.2,867.9,1581281
5/2/2016 15:30:00,867,867,855,863.95,787156
5/3/2016 15:30:00,863.95,869,848,851,1305303
5/4/2016 15:30:00,850,855.9,844,853.4,568460
5/5/2016 15:30:00,859,861.9,846.8,850.15,760873
5/6/2016 15:30:00,848,856.5,846.75,853.4,411253
5/9/2016 15:30:00,851,869.7,839.2,845.5,3215773
5/10/2016 15:30:00,848.8,867.9,845.6,862.45,1523285
5/11/2016 15:30:00,855,866.8,851.1,862.55,697299
5/12/2016 15:30:00,858.4,862,849.35,853,730642
5/13/2016 15:30:00,852.95,852.95,821.95,831.8,2369627
5/16/2016 15:30:00,833,848.5,817,846.25,1940183
5/17/2016 15:30:00,850,850.35,831,834.05,1434067
5/18/2016 15:30:00,833.7,834.55,823,825.5,1428456
5/19/2016 15:30:00,826.1,829.85,810.35,815.1,1866764
5/20/2016 15:30:00,820,821,806.15,812.4,1624617
5/23/2016 15:30:00,817,825.75,813.05,819.6,1118741
5/24/2016 15:30:00,819,824.45,815.45,823.1,946784
5/25/2016 15:30:00,828,841.45,827.05,840.1,1127694
5/26/2016 15:30:00,840.2,854,832,850.35,2479387
5/27/2016 15:30:00,851.35,865.95,850.5,861.2,1531278
5/30/2016 15:30:00,864,867.2,849.75,854.35,776274
5/31/2016 15:30:00,857.8,859.9,845,848.2,12132028
6/1/2016 15:30:00,852.15,863.4,846.05,855.15,1223721
6/2/2016 15:30:00,855,873.95,835,868.2,3409326
6/3/2016 15:30:00,872,888,869.4,884.85,1752265
6/6/2016 15:30:00,887.6,892,875.05,879.35,1941227
6/7/2016 15:30:00,884,898.8,880.4,897.05,2185954
6/8/2016 15:30:00,895,908,891.6,897.2,1470489
6/9/2016 15:30:00,899,899,874.45,876.45,1376923
6/10/2016 15:30:00,876,884.8,871.15,874.65,793113
6/13/2016 15:30:00,867.35,880.95,867.35,874.2,1071858
6/14/2016 15:30:00,872.1,875.2,860.3,865.7,826228
6/15/2016 15:30:00,868,876.6,863,874.65,863255
6/16/2016 15:30:00,871.85,880.85,859.15,879.45,803719
6/17/2016 15:30:00,883.95,884.7,872.5,881.35,849716
6/20/2016 15:30:00,875,882.35,870.55,879.4,526386
6/21/2016 15:30:00,876.5,879,866.15,870.25,1214022
6/22/2016 15:30:00,862.95,867.75,857,859.25,723156
6/23/2016 15:30:00,860,873,854.3,869.35,574726
6/24/2016 15:30:00,858.55,862.2,847.1,859.1,1157925
6/27/2016 15:30:00,858,873.85,855.25,858.85,815766
6/28/2016 15:30:00,861,889.95,859,887.75,1607560
6/29/2016 15:30:00,889.9,894.15,877,883.8,857945
6/30/2016 15:30:00,891,902.9,890.55,898.55,2029009
7/1/2016 15:30:00,898.6,904.55,886.1,897.6,1099564
7/4/2016 15:30:00,900,902.75,888,893.05,674938
7/5/2016 15:30:00,895.2,896.2,886.85,890.2,631452
7/7/2016 15:30:00,890,920,888.6,918.3,1689043
7/8/2016 15:30:00,919,926.3,913.45,920.7,1579861
7/11/2016 15:30:00,927,934.9,921.35,929.4,746028
7/12/2016 15:30:00,933.9,933.9,913.65,925.3,813346
7/13/2016 15:30:00,923.1,929.75,917.45,927.45,598072
7/14/2016 15:30:00,927,935,922.05,932.95,757072
7/15/2016 15:30:00,935,951.45,932.05,941.5,1284879
7/18/2016 15:30:00,944,946.6,910,921.95,3013256
7/19/2016 15:30:00,904.1,906.9,888,895.15,2602482
7/20/2016 15:30:00,899.45,910.3,897.2,906.9,897886
7/21/2016 15:30:00,907,913.65,900.5,910.05,876194
7/22/2016 15:30:00,911.2,915,897,903.2,967993
7/25/2016 15:30:00,900.5,909.3,895.7,906.95,1297630
7/26/2016 15:30:00,911.9,911.9,899,902.7,1094799
7/27/2016 15:30:00,900,909.45,898.25,903.85,1168069
7/28/2016 15:30:00,904.9,913,895.1,909.4,1760367
7/29/2016 15:30:00,905.4,925,902.55,922.55,1284438
8/1/2016 15:30:00,930,930.05,916.15,925,1270582
8/2/2016 15:30:00,928.9,940.85,924.2,927.4,1442265
8/3/2016 15:30:00,926.8,926.8,909.55,913.8,1067729
8/4/2016 15:30:00,922,922.25,908.85,918.05,685515
8/5/2016 15:30:00,921.15,928.65,916.4,925.5,936293
8/8/2016 15:30:00,926.55,934.35,922.4,929.5,640018
8/9/2016 15:30:00,929.5,935.9,924.15,934.25,912239
8/10/2016 15:30:00,935,935.35,922.8,924.95,675289
8/11/2016 15:30:00,924.9,938.1,922.55,935.65,859803
8/12/2016 15:30:00,934.8,947,926,935,664203
8/16/2016 15:30:00,931.25,943.9,921.35,926.2,847402
8/17/2016 15:30:00,924.9,925.7,910.3,913.2,685242
8/18/2016 15:30:00,913,916.7,905.25,906.9,1047855
8/19/2016 15:30:00,909,915.7,901.25,910.65,1232642
8/22/2016 15:30:00,911.9,933.9,911.9,930.05,1405730
8/23/2016 15:30:00,931,931.65,919.05,921.7,923109
8/24/2016 15:30:00,921,924.95,908.25,919.4,929753
8/25/2016 15:30:00,921,922,907.2,910.8,1760911
8/26/2016 15:30:00,914.8,914.8,900,904.5,753284
8/29/2016 15:30:00,906,908,901,905.2,488018
8/30/2016 15:30:00,908,926.3,907.6,924.8,921470
8/31/2016 15:30:00,925,926.5,911.85,917.05,2185015
9/1/2016 15:30:00,917.1,929.5,913.35,925.8,654587
9/2/2016 15:30:00,923.5,926.55,917.55,920.75,968873
9/6/2016 15:30:00,924.25,939.75,922.3,937.85,811241
9/7/2016 15:30:00,937,938.9,927.4,933,728867
9/8/2016 15:30:00,933,953.6,931.5,951.55,1528195
9/9/2016 15:30:00,950,954,927.4,929.95,888951
9/12/2016 15:30:00,924.85,924.85,912.45,918.45,677577
9/14/2016 15:30:00,917,924.5,905,908.45,1349809
9/15/2016 15:30:00,910.2,920.85,906,914,964711
9/16/2016 15:30:00,916.25,928.6,909.4,911.7,1542460
9/19/2016 15:30:00,915.45,922.5,909.1,911.95,793036
9/20/2016 15:30:00,912.15,916.8,900.9,902.9,1133099
9/21/2016 15:30:00,902,914.55,900.55,913.05,1102665
9/22/2016 15:30:00,913,917.95,903.25,910.15,1250220
9/23/2016 15:30:00,911,912.5,901,910.55,1498875
9/26/2016 15:30:00,909,913.9,886.5,892.6,1153660
9/27/2016 15:30:00,895,900.95,889.4,897.3,849724
9/28/2016 15:30:00,900,900.85,881.25,887.15,1877866
9/29/2016 15:30:00,891,892.8,873.5,878.3,3307074
9/30/2016 15:30:00,877.1,879.85,865,867.85,3104818
10/3/2016 15:30:00,878,878,860.2,868.75,2066037
10/4/2016 15:30:00,872,872,858.8,860.4,1465854
10/5/2016 15:30:00,865,873.7,862.4,870.95,1781339
10/6/2016 15:30:00,874,886.85,874,884.45,1360160
10/7/2016 15:30:00,889.7,889.7,868.15,877.25,1088191
10/10/2016 15:30:00,879.7,885.55,874.45,876.15,734544
10/13/2016 15:30:00,869.5,874.75,852.5,862.05,2130773
10/14/2016 15:30:00,854.75,855.55,837,842.25,2077909
10/17/2016 15:30:00,844,851,839,849.25,1136539
10/18/2016 15:30:00,850.3,857,849,855.6,1146943
10/19/2016 15:30:00,855,855.95,844.05,846,1171167
10/20/2016 15:30:00,848.55,849.45,838.6,840.3,818580
10/21/2016 15:30:00,840,852.25,837.05,851.2,1247395
10/24/2016 15:30:00,851.8,855,844.25,848.35,1639740
10/25/2016 15:30:00,847.1,849.8,829.55,832.35,1925999
10/26/2016 15:30:00,831.1,846.8,826.55,842.85,1928005
10/27/2016 15:30:00,850,850,818.4,840.3,3193498
10/28/2016 15:30:00,841,846.95,833.8,836.5,1396899
11/1/2016 15:30:00,835,842.7,831.65,835.25,891827
11/2/2016 15:30:00,835,848.45,832.05,841.1,1085441
11/3/2016 15:30:00,838.15,848.5,834.7,839.4,1975240
11/4/2016 15:30:00,849,866.4,842.5,848,2273336
11/7/2016 15:30:00,850,851.75,834.55,837.65,803129
11/8/2016 15:30:00,838.45,846.75,836.1,844.6,797363
11/9/2016 15:30:00,820,835.35,799,828.3,2122893
11/10/2016 15:30:00,840,841.9,813.8,818.55,1017007
11/11/2016 15:30:00,815,815,798.1,801.75,1758762
11/15/2016 15:30:00,804,809.8,783.25,805.45,2007604
11/16/2016 15:30:00,809,813.5,798,808.75,2677282
11/17/2016 15:30:00,808.75,816,803,811.65,665671
11/18/2016 15:30:00,813,814.8,795.55,802.85,1462211
11/21/2016 15:30:00,802.85,805.8,792.65,797.75,993597
11/22/2016 15:30:00,806.3,822.5,802.8,819.9,1226008
11/23/2016 15:30:00,820.35,834,815.1,831.7,1254013
11/24/2016 15:30:00,828.8,834.5,820.55,825.3,1588843
11/25/2016 15:30:00,830,838,825.65,833.6,788448
11/28/2016 15:30:00,830.45,841.95,829,837.85,930063
11/29/2016 15:30:00,837,841,830.25,832.7,1157881
11/30/2016 15:30:00,835.25,850.3,831.05,844,2734453
12/1/2016 15:30:00,844,855.7,840.9,848.1,951938
12/2/2016 15:30:00,845,848.4,828.15,831.45,623704
12/5/2016 15:30:00,832.9,851.4,832,844.9,760110
12/6/2016 15:30:00,845.4,849.8,833.2,836,611314
12/7/2016 15:30:00,839.85,844,832.05,833.7,394177
12/8/2016 15:30:00,836,846.8,836,843,609858
12/9/2016 15:30:00,839.9,847,836.35,845.05,463868
12/12/2016 15:30:00,845,845.85,830.35,832.6,317031
12/13/2016 15:30:00,834,836.4,824.9,831.15,716723
12/14/2016 15:30:00,831,832.85,818.8,821.8,418711
12/15/2016 15:30:00,818,823.7,813.65,816.05,552176
12/16/2016 15:30:00,817.5,827,813.6,816.95,907271
12/19/2016 15:30:00,817,817.8,808,809.75,709550
12/20/2016 15:30:00,808.75,812.75,798.45,801.4,1057366
12/21/2016 15:30:00,802,805,795.9,796.8,1024157
12/22/2016 15:30:00,796,802.5,783.85,787.05,1147406
12/23/2016 15:30:00,786.5,799.4,781.95,789.5,893290
12/26/2016 15:30:00,788,804.9,785.05,801.8,686679
12/27/2016 15:30:00,801.9,808.5,796.6,806.75,552306
12/28/2016 15:30:00,808,821.2,806,810.3,811567
12/29/2016 15:30:00,811.25,821.95,806.55,818.5,1295881
12/30/2016 15:30:00,819.45,829.45,818.5,826.35,709395
1/2/2017 15:30:00,828,828,819.1,825.35,439748
1/3/2017 15:30:00,826.45,832.8,819.5,829.85,617599
1/4/2017 15:30:00,829.85,837.4,816.55,821.6,1298675
1/5/2017 15:30:00,824.9,835.75,822,833.15,800848
1/6/2017 15:30:00,832.9,874.8,831.7,833.75,545826
1/9/2017 15:30:00,838,838.55,828.35,831.05,323290
1/10/2017 15:30:00,833.8,835.95,829,830.55,337793
1/11/2017 15:30:00,832.1,845,830.1,840.4,867646
1/12/2017 15:30:00,843.7,843.7,824.7,825.9,985100
1/13/2017 15:30:00,830,835.6,825.1,827.95,567779
1/16/2017 15:30:00,828,831.35,822.45,827.5,472383
1/17/2017 15:30:00,826.75,843,826.75,840.65,1081184
1/18/2017 15:30:00,840.7,867.75,837.6,864.95,2032995
1/19/2017 15:30:00,865.4,875.95,858.55,860.3,1350359
1/20/2017 15:30:00,855.2,872,854.5,860.45,1032081
1/23/2017 15:30:00,854.6,866.8,851.55,862.4,1615902
1/24/2017 15:30:00,856,862.4,842.1,860.35,1843785
1/25/2017 15:30:00,857,869.95,855.95,869.2,1360342
1/27/2017 15:30:00,869,875.7,853.8,855.95,1272497
1/30/2017 15:30:00,856.95,863.2,851.15,853.55,600766
1/31/2017 15:30:00,856,862.9,851.25,855.4,1210100
2/1/2017 15:30:00,857,867.55,849.2,854.05,1750447
2/2/2017 15:30:00,857.5,858.8,841.8,845.3,1617828
2/3/2017 15:30:00,845,852.45,838.6,849.75,999913
2/6/2017 15:30:00,850.05,862,850,860.55,1007603
2/7/2017 15:30:00,863,863.3,851,855.25,866921
2/8/2017 15:30:00,859.9,859.9,847.35,852.95,995337
2/9/2017 15:30:00,856,856.1,843.5,850.75,884351
2/10/2017 15:30:00,848.25,858.4,847.65,850.9,648644
2/13/2017 15:30:00,854.95,864.75,852.45,862.3,688095
2/14/2017 15:30:00,863,868.05,845,848.15,1294385
2/15/2017 15:30:00,848.55,852.5,843.4,850.05,863541
2/16/2017 15:30:00,852,852.5,844.05,846.1,529692
2/17/2017 15:30:00,847,847.95,837.5,841.25,917969
2/20/2017 15:30:00,850.7,858,847.5,854.45,1511663
2/21/2017 15:30:00,853.5,866.6,852.05,862.75,1061217
2/22/2017 15:30:00,866,869,852,864.15,1996095
2/23/2017 15:30:00,870.9,872,856.25,858.25,1313518
2/27/2017 15:30:00,859.05,870.55,854.25,866.45,1194357
2/28/2017 15:30:00,865.5,868.45,858.15,865.9,1409380
3/1/2017 15:30:00,868.4,880.9,862.95,875.5,1199589
3/2/2017 15:30:00,878,883,873.35,877.5,1116347
3/3/2017 15:30:00,878,879.75,870.9,877.15,909059
3/6/2017 15:30:00,877,883.15,866.25,873.1,620823
3/7/2017 15:30:00,874.1,874.95,868.15,872.05,581168
3/8/2017 15:30:00,870,876.15,863.25,871.3,689050
3/9/2017 15:30:00,868.9,872,862.2,870.3,649123
3/10/2017 15:30:00,871,877.75,867.4,875.2,1533750
3/14/2017 15:30:00,881.2,915,879.05,913.75,2763421
3/15/2017 15:30:00,910,917.2,899,900.5,1247829
3/16/2017 15:30:00,908,912.4,895.35,906.2,1052674
3/17/2017 15:30:00,907.55,911,900,902.55,2071209
3/20/2017 15:30:00,900.55,915.25,896,898.45,849554
3/21/2017 15:30:00,898.8,907.1,888.3,903.45,1016256
3/22/2017 15:30:00,894.05,908,894.05,904.95,928431
3/23/2017 15:30:00,905,909,898.15,902,737393
3/24/2017 15:30:00,901,905.2,897,900.2,809976
3/27/2017 15:30:00,899.85,913.35,895.1,898.8,2830764
3/28/2017 15:30:00,900,905,897.5,903.1,565803
3/29/2017 15:30:00,904.2,914.9,900.35,912.55,1067420
3/30/2017 15:30:00,911.1,923.8,909.2,919.2,2105056
3/31/2017 15:30:00,919.2,920.25,905.2,911.75,1454650
4/3/2017 15:30:00,914,924.35,904.4,920.65,832000
4/5/2017 15:30:00,918.15,937.45,918.15,935.35,2246395
4/6/2017 15:30:00,930.85,936.25,921,934.65,1588953
4/7/2017 15:30:00,925.7,932.7,921.2,924.5,770117
4/10/2017 15:30:00,922.8,929.7,916,925.95,460843
4/11/2017 15:30:00,922.95,925.8,917.25,923.7,715100
4/12/2017 15:30:00,920.2,925.7,918.45,923.75,2006885
4/13/2017 15:30:00,921.85,929.2,918.5,923.85,1200252
4/17/2017 15:30:00,923,923.8,912.1,914.05,449115
4/18/2017 15:30:00,915,920.95,911.05,912.75,605252
4/19/2017 15:30:00,914.6,918.45,906,908.55,1245002
4/20/2017 15:30:00,912,917.6,906.25,915.7,1955164
4/21/2017 15:30:00,919.5,923.9,903.5,906.4,761841
4/24/2017 15:30:00,909.9,909.9,898.55,904.55,789135
4/25/2017 15:30:00,907,927,903.05,924,1105317
4/26/2017 15:30:00,924,945,920.3,941.35,1296199
4/27/2017 15:30:00,941.1,951,936.2,947.3,1096343
4/28/2017 15:30:00,944,945.5,932.15,934.95,3585324
5/2/2017 15:30:00,930.2,937.25,924,928.1,1615426
5/3/2017 15:30:00,933,936.95,922.6,934,977037
5/4/2017 15:30:00,934.25,960,933.8,956.7,1234682
5/5/2017 15:30:00,953.5,959.45,949.3,953.9,571239
5/8/2017 15:30:00,955,960,946.05,954.85,672197
5/9/2017 15:30:00,957,958,947.5,952.05,1292861
5/10/2017 15:30:00,954.1,999,954.1,996.35,2928370
5/11/2017 15:30:00,994.4,996,975.95,978.75,1354465
5/12/2017 15:30:00,978.3,988,970.25,980.2,890243
5/15/2017 15:30:00,981.3,988.85,974.55,983.25,734446
5/16/2017 15:30:00,983,1002.5,982.05,1000.4,1503815
5/17/2017 15:30:00,1004,1012,991.1,1009.4,1999387
5/18/2017 15:30:00,1008,1009,983,990.25,2690943
5/19/2017 15:30:00,1000,1022.75,1000,1008,3059815
5/22/2017 15:30:00,1011.35,1028.2,1009,1018.6,1788720
5/23/2017 15:30:00,1018.8,1032,1014,1024.8,2640069
5/24/2017 15:30:00,1026.55,1040,1023.5,1038.05,1992083
5/25/2017 15:30:00,1037.9,1050,1030.3,1043.45,1918721
5/26/2017 15:30:00,1042.05,1046.95,1032.4,1040.95,716421
5/29/2017 15:30:00,1041,1077,1038.75,1072.25,1771026
5/30/2017 15:30:00,1071.1,1074.95,1053.3,1072.6,890684
5/31/2017 15:30:00,1065.8,1074.45,1061.05,1067,2226704
6/1/2017 15:30:00,1067,1099.45,1061.2,1095.35,1782269
6/2/2017 15:30:00,1100.05,1103,1046.1,1086.4,2216247
6/5/2017 15:30:00,1092,1101.3,1088,1097.75,612171
6/6/2017 15:30:00,1097.95,1101.8,1087,1091.55,1203091
6/7/2017 15:30:00,1105.2,1114.25,1091.5,1106.35,2392047
6/8/2017 15:30:00,1106.7,1115,1088.55,1093.5,935574
6/9/2017 15:30:00,1091,1105.4,1090,1095.35,691085
6/12/2017 15:30:00,1096,1105,1083,1099.65,1059705
6/13/2017 15:30:00,1096,1109.35,1095.05,1102.75,1040661
6/14/2017 15:30:00,1105,1119.6,1094.2,1113.7,1139136
6/15/2017 15:30:00,1117.5,1121.5,1101.6,1104,1051935
6/16/2017 15:30:00,1104,1110.85,1088.45,1091.8,1550451
6/19/2017 15:30:00,1094.4,1101,1090.3,1095.65,859068
6/20/2017 15:30:00,1098.85,1101,1091.1,1093.05,1272735
6/21/2017 15:30:00,1094.25,1129,1093.95,1123.45,1411671
6/22/2017 15:30:00,1117,1117.4,1092.05,1094.05,1000211
6/23/2017 15:30:00,1093.9,1102.75,1075,1097.9,1600881
6/27/2017 15:30:00,1096.5,1114.95,1087,1092.1,1809437
6/28/2017 15:30:00,1095,1104.95,1084.25,1090,1084236
6/29/2017 15:30:00,1094.65,1094.65,1084.25,1088.1,1771369
6/30/2017 15:30:00,1085,1092.7,1064,1079.6,1501780
7/3/2017 15:30:00,1093,1100.1,1081.1,1097.75,823810
7/4/2017 15:30:00,1104.4,1112,1083.85,1088.1,938993
7/5/2017 15:30:00,1087,1098,1082.05,1096.7,364842
7/6/2017 15:30:00,1096.7,1096.7,1086.4,1092.5,653440
7/7/2017 15:30:00,1091,1109.9,1089.8,1097.7,780216
7/10/2017 15:30:00,1102.5,1104.95,1090,1096.25,123910
7/11/2017 15:30:00,1102,1112.95,1097,1106.45,1088867
7/12/2017 15:30:00,1110,1138.4,1105,1131.65,1749266
7/13/2017 15:30:00,1134.7,1139.9,1131,1134.7,1390586
7/14/2017 15:30:00,1135,1144.95,1125.3,1139.3,1430776
7/17/2017 15:30:00,1140,1156,1130.05,1152.95,1177146
7/18/2017 15:30:00,1153.25,1169.8,1147.3,1157.85,3322231
7/19/2017 15:30:00,1190,1195.05,1135.5,1154.35,4799441
7/20/2017 15:30:00,1155.45,1161.05,1145,1152.9,1295206
7/21/2017 15:30:00,1158.9,1164.2,1145,1158.65,1690899
7/24/2017 15:30:00,1162,1164.3,1154.05,1159.35,1102676
7/25/2017 15:30:00,1155.55,1161,1143,1149.6,1686360
7/26/2017 15:30:00,1154,1167,1141.35,1164.55,1563285
7/27/2017 15:30:00,1163.8,1192.45,1162.15,1171.9,2090566
7/28/2017 15:30:00,1168.6,1168.6,1141.6,1153.85,860381
7/31/2017 15:30:00,1159.95,1162.6,1142.1,1155.75,955459
8/1/2017 15:30:00,1154,1176.9,1154,1173.95,1359063
8/2/2017 15:30:00,1174,1175,1159.7,1168.75,587711
8/3/2017 15:30:00,1165.5,1179.6,1158,1169.9,597333
8/4/2017 15:30:00,1162,1196.3,1162,1192.1,1116836
8/7/2017 15:30:00,1173,1193.1,1171.35,1186.3,868190
8/8/2017 15:30:00,1181.7,1209,1181,1191,1329938
8/9/2017 15:30:00,1189.5,1195.5,1176.35,1185.35,833002
8/10/2017 15:30:00,1174.85,1183.6,1166.2,1170.7,699787
8/11/2017 15:30:00,1160.05,1174.8,1143.55,1152.8,861457
8/14/2017 15:30:00,1154.5,1169.9,1147.2,1155.7,526828
8/16/2017 15:30:00,1151,1190.6,1151,1186.35,1366648
8/17/2017 15:30:00,1185,1185,1165,1177.3,961319
8/18/2017 15:30:00,1170,1206.3,1169.45,1202.2,1407292
8/21/2017 15:30:00,1202.3,1208,1182.35,1191.45,965962
8/22/2017 15:30:00,1206.3,1207.35,1188.05,1199.6,916218
8/23/2017 15:30:00,1195.1,1195.45,1183,1188.15,831796
8/24/2017 15:30:00,1188,1189.7,1175.3,1179.7,780599
8/28/2017 15:30:00,1181.35,1202.85,1178.75,1199.7,630713
8/29/2017 15:30:00,1195.15,1198.55,1183,1190.45,1002082
8/30/2017 15:30:00,1197.5,1209.6,1187.25,1204.3,666156
8/31/2017 15:30:00,1201.85,1222.8,1194.3,1219.75,1425125
9/1/2017 15:30:00,1216.25,1222,1207.15,1216.15,622867
9/4/2017 15:30:00,1214.85,1214.85,1193.75,1197.15,586791
9/5/2017 15:30:00,1196.4,1211.5,1192.3,1205.2,699191
9/6/2017 15:30:00,1202,1212,1200.3,1206.4,670064
9/7/2017 15:30:00,1209,1221.75,1203.7,1208.75,781792
9/8/2017 15:30:00,1210.25,1218.35,1202.1,1207.55,663219
9/11/2017 15:30:00,1206,1232,1206,1219.9,794869
9/12/2017 15:30:00,1224,1255,1223,1249.8,1164498
9/13/2017 15:30:00,1250,1259,1245.2,1250.95,848136
9/14/2017 15:30:00,1262.1,1262.1,1230.1,1247.85,1239363
9/15/2017 15:30:00,1242.1,1256.8,1235.6,1246,1333125
9/18/2017 15:30:00,1250,1285.95,1246,1280.05,781532
9/19/2017 15:30:00,1287.6,1287.6,1273.55,1279.3,563558
9/20/2017 15:30:00,1280,1281.35,1255.1,1259.35,1179496
9/21/2017 15:30:00,1261,1261.9,1248,1256.7,913615
9/22/2017 15:30:00,1252.2,1252.25,1234.1,1239.2,1208698
9/25/2017 15:30:00,1239.9,1259,1237.5,1247.15,1271436
9/26/2017 15:30:00,1261.1,1261.1,1201.05,1217.35,1751337
9/27/2017 15:30:00,1217,1217.5,1188,1205.9,2299025
9/28/2017 15:30:00,1205.8,1212.95,1192.15,1202.8,3007522
9/29/2017 15:30:00,1209.8,1209.8,1169,1173.9,2274339
10/3/2017 15:30:00,1176.5,1191.85,1171,1186.35,1970990
10/4/2017 15:30:00,1191.1,1204.5,1178.7,1197.5,2448425
10/5/2017 15:30:00,1204.35,1204.5,1183.2,1187.65,2305862
10/6/2017 15:30:00,1193,1211.6,1192.15,1207.3,508700
10/9/2017 15:30:00,1217.5,1223.35,1205.05,1220.25,720819
10/10/2017 15:30:00,1224.1,1230.35,1205,1209.2,802675
10/11/2017 15:30:00,1215,1220.5,1198.6,1218.05,1096016
10/12/2017 15:30:00,1220.05,1245,1216.25,1241,982442
10/13/2017 15:30:00,1238,1253,1231.2,1248.6,840717
10/16/2017 15:30:00,1250,1287.5,1249.95,1281.3,1276141
10/17/2017 20:00:00,1285,1288.65,1271,1282.15,654497
10/18/2017 15:30:00,1277,1282.6,1260,1263.95,697765
10/19/2017 20:00:00,1265,1270,1253.7,1255,67835
10/23/2017 15:30:00,1266,1277.6,1238.6,1249.95,791883
10/24/2017 15:30:00,1254.9,1274,1254,1270.05,1055569
10/25/2017 15:30:00,1281,1283.4,1265.1,1272.45,1332232
10/26/2017 15:30:00,1285,1285,1253.5,1273.7,2321903
10/27/2017 15:30:00,1273.7,1273.7,1246,1260.15,875032
10/30/2017 15:30:00,1260,1269.45,1230,1234.2,1063165
10/31/2017 15:30:00,1241,1249.9,1230.45,1237.45,722440
11/1/2017 15:30:00,1238.7,1263,1238,1258,1243886
11/2/2017 15:30:00,1261,1261.05,1238.05,1241.5,762274
11/3/2017 15:30:00,1245,1245,1232,1239.5,656886
11/6/2017 15:30:00,1239,1249.5,1234.95,1240.6,532305
11/7/2017 15:30:00,1235.1,1252.2,1226.35,1234.2,949224
11/8/2017 15:30:00,1240.35,1247.9,1228.6,1235.3,872203
11/9/2017 15:30:00,1249.5,1286.05,1241.2,1252.9,1417669
11/10/2017 15:30:00,1254.65,1299.25,1244.3,1290.65,1933002
11/13/2017 15:30:00,1295,1315,1269.25,1279.5,1413270
11/14/2017 15:30:00,1286.1,1289,1279.25,1283.9,1131348
11/15/2017 15:30:00,1283.9,1285,1258.55,1265,1195740
11/16/2017 15:30:00,1270,1287,1246.15,1276.5,911479
11/17/2017 15:30:00,1282,1297.4,1271.3,1278.15,1134503
11/20/2017 15:30:00,1280,1281.15,1266.15,1274.5,707096
11/21/2017 15:30:00,1275,1285,1272,1277.35,828746
11/22/2017 15:30:00,1275,1277,1263.65,1270.45,646368
11/23/2017 15:30:00,1275,1276,1262,1267.5,891839
11/24/2017 15:30:00,1269.4,1270,1253,1265.95,971523
11/27/2017 15:30:00,1261,1266.9,1250.55,1260.3,763155
11/28/2017 15:30:00,1263,1272.95,1262.4,1267.85,975006
11/29/2017 15:30:00,1267.85,1281.1,1263.5,1276.15,819468
11/30/2017 15:30:00,1273,1276.15,1258,1272.45,2308732
12/1/2017 15:30:00,1272.45,1278.75,1245.25,1250.5,470360
12/4/2017 15:30:00,1256.65,1274,1241.2,1268.6,833814
12/5/2017 15:30:00,1274,1274,1255,1261,862459
12/6/2017 15:30:00,1258.25,1282.3,1255.6,1275.6,1516859
12/7/2017 15:30:00,1277.2,1298.85,1272.05,1296,1407824
12/8/2017 15:30:00,1296.4,1331,1291.3,1326.65,1267860
12/11/2017 15:30:00,1329,1329,1311.65,1324.05,597953
12/12/2017 15:30:00,1319.1,1324,1308.65,1314.65,873443
12/13/2017 15:30:00,1319.4,1337,1306.2,1315.05,917877
12/14/2017 15:30:00,1314,1326.85,1304.25,1321.6,834383
12/15/2017 15:30:00,1328.3,1335,1310.6,1324.55,1420357
12/18/2017 15:30:00,1320,1345,1300.95,1331.75,918171
12/19/2017 15:30:00,1333.1,1352,1326.5,1349.7,1227087
12/20/2017 15:30:00,1346.2,1367.95,1333.5,1362.65,1198943
12/21/2017 15:30:00,1365,1365.15,1345.1,1348.45,557871
12/22/2017 15:30:00,1341.3,1359.5,1341.3,1356.5,561400
12/26/2017 15:30:00,1350.4,1353.9,1340,1348.1,913529
12/27/2017 15:30:00,1350.8,1364,1342.65,1352.45,569851
12/28/2017 15:30:00,1358,1382.8,1348.8,1354.5,2608574
12/29/2017 15:30:00,1359,1374.9,1350,1367.85,799006
1/1/2018 15:30:00,1367,1367,1340.05,1344.5,746852
1/2/2018 15:30:00,1345,1349.8,1328.55,1338.6,695988
1/3/2018 15:30:00,1344.7,1356.8,1335,1350.35,832810
1/4/2018 15:30:00,1350.1,1356.15,1341.45,1352.25,640189
1/5/2018 15:30:00,1351,1362.95,1348.25,1356.55,568451
1/8/2018 15:30:00,1348.6,1371,1348.6,1368.4,801796
1/9/2018 15:30:00,1374,1375.9,1356,1361.3,708386
1/10/2018 15:30:00,1361.35,1370,1355,1365.8,939525
1/11/2018 15:30:00,1357,1382.9,1357,1378.65,629248
1/12/2018 15:30:00,1380.8,1384.4,1357,1374,872539
1/15/2018 15:30:00,1375.6,1375.6,1364,1367.2,1324592
1/16/2018 15:30:00,1369.3,1389.5,1363.75,1382,896453
1/17/2018 15:30:00,1389,1391,1366.25,1371.2,1409691
1/18/2018 15:30:00,1400,1406.9,1350.6,1356.95,2465412
1/19/2018 15:30:00,1370.4,1372.85,1350.05,1362.45,1491194
1/22/2018 15:30:00,1363,1365,1346.45,1355.1,1014403
1/23/2018 15:30:00,1360.7,1372.35,1350.05,1368.35,1284895
1/24/2018 15:30:00,1368,1372,1335.05,1365.9,1819330
1/25/2018 15:30:00,1368.9,1378,1359.55,1372.75,2125894
1/29/2018 15:30:00,1370,1400,1367.2,1397.3,1406390
1/30/2018 15:30:00,1397.3,1410,1390.1,1400.25,1310365
1/31/2018 15:30:00,1400,1400,1362.6,1369.35,1491912
2/1/2018 15:30:00,1373,1384.8,1351,1371.25,1563429
2/2/2018 15:30:00,1352,1377.9,1352,1372.2,1699619
2/5/2018 15:30:00,1352.1,1361.45,1341.25,1355.75,1585136
2/6/2018 15:30:00,1300,1348.5,1299,1325.35,1540401
2/7/2018 15:30:00,1322,1330,1307.05,1312.65,1561287
2/8/2018 15:30:00,1325.7,1337.55,1305.25,1329.55,1146084
2/9/2018 15:30:00,1319,1340,1311.8,1333.05,810004
2/12/2018 15:30:00,1340,1349.9,1333.15,1344.45,1166428
2/14/2018 15:30:00,1349.8,1353.2,1332,1349.4,857401
2/15/2018 15:30:00,1353,1364.45,1338.75,1358.15,844856
2/16/2018 15:30:00,1364,1364,1348,1352.1,1091144
2/19/2018 15:30:00,1359,1359,1328.8,1335.9,495950
2/20/2018 15:30:00,1332.15,1343.35,1327.85,1331.8,688130
2/21/2018 15:30:00,1339,1339,1323,1330.6,1406451
2/22/2018 15:30:00,1330.1,1333.8,1313.25,1326.45,2173259
2/23/2018 15:30:00,1326.5,1331.6,1320.2,1323.15,896708
2/26/2018 15:30:00,1316.25,1338.4,1316.25,1333.3,1109668
2/27/2018 15:30:00,1340,1352.5,1334.1,1346.35,1316559
2/28/2018 15:30:00,1338.4,1338.5,1311,1317.75,1862621
3/1/2018 15:30:00,1320,1329,1314.25,1324.25,961945
3/5/2018 15:30:00,1320,1320.95,1293.75,1299.75,842790
3/6/2018 15:30:00,1300,1307.9,1289.2,1293.2,738512
3/7/2018 15:30:00,1293.05,1307.6,1291.1,1293.85,917890
3/8/2018 15:30:00,1300,1305.55,1284.2,1293.15,739272
3/9/2018 15:30:00,1295,1303,1286.1,1300.75,852176
3/12/2018 15:30:00,1305,1327.95,1294.05,1324.2,874857
3/13/2018 15:30:00,1324.9,1331.45,1313.7,1320.55,1067772
3/14/2018 15:30:00,1317.4,1325,1311.15,1316.9,760665
3/15/2018 15:30:00,1313.9,1320,1294.25,1299.95,536838
3/16/2018 15:30:00,1303,1310.7,1281.1,1299.15,3646692
3/19/2018 15:30:00,1308,1318.2,1303.25,1309.4,1244199
3/20/2018 15:30:00,1306,1320.5,1306,1313.25,1249242
3/21/2018 15:30:00,1313.25,1323.1,1305,1315.6,1698614
3/22/2018 15:30:00,1312.5,1320.5,1309.05,1311.85,950972
3/23/2018 15:30:00,1290,1314,1283.8,1301.65,1301609
3/26/2018 15:30:00,1303,1329.9,1298,1324.3,1032138
3/27/2018 15:30:00,1339,1340,1321.15,1332.8,1040328
3/28/2018 15:30:00,1326.05,1339.4,1322.2,1333.35,1337677
4/2/2018 15:30:00,1315,1360.55,1315,1351.3,708747
4/3/2018 15:30:00,1347.1,1355.5,1338.65,1348.4,979726
4/4/2018 15:30:00,1348,1360,1339.55,1357.45,912607
4/5/2018 15:30:00,1380,1383.8,1362.7,1382.2,588716
4/6/2018 15:30:00,1381.95,1381.95,1362.45,1374.8,633937
4/9/2018 15:30:00,1367.95,1396.4,1367.5,1391.6,923543
4/10/2018 15:30:00,1398.8,1402.8,1387,1391.5,969036
4/11/2018 15:30:00,1393,1420.5,1385.55,1409.15,1015714
4/12/2018 15:30:00,1408,1416,1397.1,1412.75,510556
4/13/2018 15:30:00,1412,1413.85,1399.2,1410.55,534981
4/16/2018 15:30:00,1408.9,1423.2,1404.85,1419.5,325041
4/17/2018 15:30:00,1420.5,1450.5,1419.8,1445.55,1176082
4/18/2018 15:30:00,1450.5,1456.15,1440,1450.5,765225
4/19/2018 15:30:00,1451.4,1467.9,1448.35,1454.2,682820
4/20/2018 15:30:00,1442,1472.15,1441.2,1467.8,674146
4/23/2018 15:30:00,1471,1471,1450,1452.75,395622
4/24/2018 15:30:00,1464,1469.75,1445.7,1459.65,1218174
4/25/2018 15:30:00,1459,1463,1449.05,1459.2,504777
4/26/2018 15:30:00,1463,1498.6,1459.85,1491.25,1321586
4/27/2018 15:30:00,1491.25,1497.5,1469.9,1473.95,818770
4/30/2018 15:30:00,1475,1513.55,1474.55,1508.9,612159
5/2/2018 15:30:00,1512,1514,1464.65,1471.95,1047583
5/3/2018 15:30:00,1465.6,1468.95,1441.6,1452.2,1243694
5/4/2018 15:30:00,1455,1471,1447.65,1464.2,586841
5/7/2018 15:30:00,1472.4,1502,1465,1497.9,887065
5/8/2018 15:30:00,1494,1504.8,1478.5,1496.05,906975
5/9/2018 15:30:00,1496.9,1511,1486.25,1496,759263
5/10/2018 15:30:00,1494,1506.85,1480,1486.5,932116
5/11/2018 15:30:00,1489,1506,1485.1,1504.1,591179
5/14/2018 15:30:00,1515,1521.2,1494.05,1503.55,1479249
5/15/2018 15:30:00,1530,1542.4,1510.5,1515.5,3239290
5/16/2018 15:30:00,1509,1582.4,1506.6,1574.1,2420630
5/17/2018 15:30:00,1574.1,1596.4,1560.25,1569.8,2082393
5/18/2018 15:30:00,1563.3,1612.5,1563.3,1605.8,2041908
5/21/2018 15:30:00,1613,1619.4,1573.05,1578.65,1510806
5/22/2018 15:30:00,1565.75,1588.95,1558.2,1574.3,1137466
5/23/2018 15:30:00,1567,1586.3,1561,1568.1,891664
5/24/2018 15:30:00,1570.1,1571.65,1550.05,1561.1,915840
5/25/2018 15:30:00,1566,1591.25,1557.3,1575.75,968884
5/28/2018 15:30:00,1585,1585.7,1576,1582.85,563972
5/29/2018 15:30:00,1575.55,1597.8,1563.7,1572.7,944652
5/30/2018 15:30:00,1569.5,1594.8,1557,1585.8,1089156
5/31/2018 15:30:00,1595,1617.65,1579.7,1611.45,3315162
6/1/2018 15:30:00,1613,1624.4,1581.1,1588.85,1444570
6/4/2018 15:30:00,1590,1590,1558,1563.2,857157
6/5/2018 15:30:00,1564,1573,1547.05,1562.8,1531015
6/6/2018 15:30:00,1561.1,1579,1557.45,1571.15,1085135
6/7/2018 15:30:00,1575,1606.7,1575,1603.05,1479204
6/8/2018 15:30:00,1599.9,1601.25,1581.5,1595.6,760059
6/11/2018 15:30:00,1596,1617,1584.4,1601.4,905198
6/12/2018 15:30:00,1604.8,1645,1590.4,1638.45,1707972
6/13/2018 15:30:00,1644,1644.75,1619.5,1621.2,845842
6/14/2018 15:30:00,1617.8,1644,1598.3,1609.6,1348038
6/15/2018 15:30:00,1590,1628.9,1590,1621.3,2101892
6/18/2018 15:30:00,1629.95,1639,1603.5,1608.55,846403
6/19/2018 15:30:00,1603.6,1612,1589.7,1601,1118708
6/20/2018 15:30:00,1597,1617.6,1597,1602.4,1535703
6/21/2018 15:30:00,1594,1610.5,1588,1593.45,1185462
6/22/2018 15:30:00,1592,1610.7,1581,1608.1,1098709
6/25/2018 15:30:00,1616,1629,1607.4,1615.15,1082199
6/26/2018 15:30:00,1615,1630.8,1614.25,1621.75,759142
6/27/2018 15:30:00,1629,1656.65,1598.35,1609.3,2251405
6/28/2018 15:30:00,1610,1620.5,1596,1602.75,1177218
6/29/2018 15:30:00,1605.45,1645,1605.45,1641.15,1722592
7/2/2018 15:30:00,1640.9,1647.75,1625.05,1643.45,1099574
7/3/2018 15:30:00,1645,1661.1,1635,1643.5,1381265
7/4/2018 15:30:00,1642,1682.4,1639.65,1676,1244751
7/5/2018 15:30:00,1679,1692.35,1668.4,1688,1449303
7/6/2018 15:30:00,1689,1697.65,1672.4,1678.3,1458899
7/9/2018 15:30:00,1682,1696,1674,1691.9,773248
7/10/2018 15:30:00,1693.25,1698.85,1678.1,1687,1093651
7/11/2018 15:30:00,1685,1721,1679.05,1718.15,1158397
7/12/2018 15:30:00,1720,1749.4,1718.25,1742.35,1471465
7/13/2018 15:30:00,1742,1750.05,1724,1742.65,976456
7/16/2018 15:30:00,1749.8,1779,1743.85,1751.25,2218046
7/17/2018 15:30:00,1767,1780,1678.2,1681.7,6188478
7/18/2018 15:30:00,1693,1699.7,1627,1643.75,2372869
7/19/2018 15:30:00,1651.9,1670,1643.65,1647.45,1457149
7/20/2018 15:30:00,1655.9,1671.45,1628.8,1655.85,1734748
7/23/2018 15:30:00,1668.95,1702.95,1660.55,1689.65,1382893
7/24/2018 15:30:00,1700,1709.7,1662.45,1667.9,1084438
7/25/2018 15:30:00,1671,1679.45,1638.25,1652.95,1526620
7/26/2018 15:30:00,1655,1679.65,1645.05,1669.95,2088548
7/27/2018 15:30:00,1670,1674.8,1641.45,1659,1030665
7/30/2018 15:30:00,1666.25,1692,1651,1688.7,1237254
7/31/2018 15:30:00,1690,1737.45,1681.7,1731.65,1877744
8/1/2018 15:30:00,1732.95,1743,1718.6,1734.3,1191134
8/2/2018 15:30:00,1742.25,1759.75,1739,1748.5,1127209
8/3/2018 15:30:00,1754,1767.35,1746.9,1763,758933
8/6/2018 15:30:00,1760,1760,1715.05,1730.3,1629015
8/7/2018 15:30:00,1730.8,1742,1724,1730.05,863577
8/8/2018 15:30:00,1728,1763,1721.35,1757.15,1423256
8/9/2018 15:30:00,1761.5,1765,1738.2,1754.2,939345
8/10/2018 15:30:00,1750,1763.6,1741.5,1752.7,730724
8/13/2018 15:30:00,1739,1756.5,1725.75,1728.85,691024
8/14/2018 15:30:00,1729,1759.3,1729,1744.25,850399
8/16/2018 15:30:00,1741,1751.95,1730.6,1737.4,638454
8/17/2018 15:30:00,1741.1,1788.6,1731.75,1784.75,1420289
8/20/2018 15:30:00,1790,1808.65,1773.2,1777,924623
8/21/2018 15:30:00,1777,1777,1750,1752.5,1169476
8/23/2018 15:30:00,1764.95,1783.5,1757.5,1772.8,1375102
8/24/2018 15:30:00,1773.25,1789,1762.25,1780.95,866648
8/27/2018 15:30:00,1791,1798,1778.7,1792.3,627163
8/28/2018 15:30:00,1789,1790.95,1767.85,1771.2,991764
8/29/2018 15:30:00,1775,1779.4,1751.25,1755.85,777922
8/30/2018 15:30:00,1755,1779.8,1755,1772.85,1586926
8/31/2018 15:30:00,1777,1789.95,1765,1780.1,1335542
9/3/2018 15:30:00,1791.5,1791.5,1695.85,1699.1,1744229
9/4/2018 15:30:00,1697,1697.95,1623.85,1651.2,3852609
9/5/2018 15:30:00,1643,1647.55,1596,1611.7,2693195
9/6/2018 15:30:00,1623.45,1636.5,1598.65,1608.6,2008264
9/7/2018 15:30:00,1611.9,1644.7,1601,1638.75,1571003
9/10/2018 15:30:00,1632.7,1640.4,1604,1610.3,1423511
9/11/2018 15:30:00,1613,1624,1576.05,1590.65,2381214
9/12/2018 15:30:00,1599.95,1636.9,1587.5,1626.85,1789295
9/14/2018 15:30:00,1637.9,1649,1612.5,1629.3,1920969
9/17/2018 15:30:00,1620,1626,1595,1605.45,904395
9/18/2018 15:30:00,1622,1670.95,1618,1664.95,2932792
9/19/2018 15:30:00,1671,1678.5,1637.15,1647.1,1589108
9/21/2018 15:30:00,1651,1656.9,1606.3,1621.3,3032792
9/24/2018 15:30:00,1622.05,1639.5,1564.1,1590.45,1817390
9/25/2018 15:30:00,1600,1640,1577.05,1630.85,1229970
9/26/2018 15:30:00,1644.4,1649,1598,1610.75,980726
9/27/2018 15:30:00,1610,1625,1603.2,1620.1,1572603
9/28/2018 15:30:00,1620.1,1627.3,1600.05,1608.4,1735076
10/1/2018 15:30:00,1606.5,1652.4,1601.6,1642.3,1721675
10/3/2018 15:30:00,1642,1642.05,1606.65,1618.85,1213562
10/4/2018 15:30:00,1600,1602.8,1562.1,1573.95,1544573
10/5/2018 15:30:00,1559.5,1574.85,1528.6,1558.55,1638027
10/8/2018 15:30:00,1551,1570.4,1537.1,1559.35,1998863
10/9/2018 15:30:00,1563,1570,1492.5,1512.45,1562134
10/10/2018 15:30:00,1512.5,1543.2,1490.55,1527.65,2294071
10/11/2018 15:30:00,1490,1540,1477.2,1526.1,1823960
10/12/2018 15:30:00,1555.5,1577.5,1540.1,1569.6,1728063
10/15/2018 15:30:00,1549.7,1592.95,1500,1526.3,3913322
10/16/2018 15:30:00,1535.7,1557.55,1526.5,1546.2,1374834
10/17/2018 15:30:00,1558.1,1577.8,1546.05,1562,1223188
10/19/2018 15:30:00,1551.2,1585.75,1543.05,1578.4,932433
10/22/2018 15:30:00,1588,1590,1566.6,1584.9,614209
10/23/2018 15:30:00,1575.55,1582,1547.5,1552.05,989355
10/24/2018 15:30:00,1562,1591,1552.4,1585.95,690618
10/25/2018 15:30:00,1574,1591.75,1552.65,1571.55,2397242
10/26/2018 15:30:00,1567.1,1579.5,1549.95,1558.25,1049382
10/29/2018 15:30:00,1559.45,1559.45,1522,1552.9,1478828
10/30/2018 15:30:00,1553.9,1603.6,1542.45,1593.05,1366068
10/31/2018 15:30:00,1593,1624,1561.95,1621.7,1478902
11/1/2018 15:30:00,1624.5,1624.5,1583.55,1607.65,1037308
11/2/2018 15:30:00,1610.7,1648.2,1608.25,1638.45,1332970
11/5/2018 19:00:00,1635,1647,1610,1643.75,764645
11/6/2018 15:30:00,1650,1654,1620.1,1631.95,656676
11/9/2018 15:30:00,1650,1680,1638.3,1672.6,1125863
11/12/2018 15:30:00,1672,1681.95,1649.2,1654.3,805817
11/13/2018 15:30:00,1644.1,1678.6,1636.55,1671.1,673435
11/14/2018 15:30:00,1672,1739.5,1668.05,1715.5,1780843
11/15/2018 15:30:00,1717.75,1728.4,1696.65,1706.05,997169
11/16/2018 15:30:00,1704.9,1718,1683.3,1689.1,1071547
11/19/2018 15:30:00,1693.3,1707,1677,1701.4,910054
11/20/2018 15:30:00,1701,1709.9,1685.05,1694,740827
11/21/2018 15:30:00,1690.05,1706,1678.7,1689.95,932133
11/22/2018 15:30:00,1692.9,1703.7,1663,1675.1,808599
11/26/2018 15:30:00,1678.1,1750,1678.1,1744,2314140
11/27/2018 15:30:00,1738.9,1741.5,1709.25,1733.3,1592918
11/28/2018 15:30:00,1731,1748,1716.75,1732.2,1205956
11/29/2018 15:30:00,1745.9,1780,1737.5,1768.5,1936534
11/30/2018 15:30:00,1770.95,1798.3,1742.25,1754,2373749
12/3/2018 15:30:00,1769.5,1838.3,1748.05,1825.6,4310053
12/4/2018 15:30:00,1835,1848.95,1801,1807.65,3155914
12/5/2018 15:30:00,1803,1854.8,1788,1848.1,2847336
12/6/2018 15:30:00,1840,1847,1797.65,1801.5,2399579
12/7/2018 15:30:00,1801.3,1832.75,1792.1,1824.3,1774240
12/10/2018 15:30:00,1796.8,1815,1790,1795.8,1216028
12/11/2018 15:30:00,1781,1819.9,1770.1,1794.9,2237806
12/12/2018 15:30:00,1796,1845.05,1795.95,1839.1,1449484
12/13/2018 15:30:00,1848,1867.45,1837.05,1855.55,1586900
12/14/2018 15:30:00,1837,1865.85,1832.75,1860.55,1573884
12/17/2018 15:30:00,1865,1869.5,1845.05,1850.7,1179613
12/18/2018 15:30:00,1848.9,1848.9,1833,1840.75,1521255
12/19/2018 15:30:00,1849.95,1858,1842,1844.8,1687085
12/20/2018 15:30:00,1839,1854.9,1821,1834.25,1500656
12/21/2018 15:30:00,1833,1842.6,1800,1803.5,1439522
12/24/2018 15:30:00,1814,1814,1777.55,1784.65,1023418
12/26/2018 15:30:00,1760,1798.65,1741.25,1791.6,2212019
12/27/2018 15:30:00,1802.7,1823,1793.15,1814.9,1516851
12/28/2018 15:30:00,1817.9,1834.9,1815.7,1822.05,963189
12/31/2018 15:30:00,1830,1836.9,1811.25,1819.65,757071
1/1/2019 15:30:00,1824.8,1824.8,1798.35,1801.1,807345
1/2/2019 15:30:00,1792.4,1808.85,1771.3,1784.6,1598707
1/3/2019 15:30:00,1782.6,1803.45,1782.6,1788.4,1182624
1/4/2019 15:30:00,1798.9,1802,1772.15,1781.7,1454134
1/7/2019 15:30:00,1791.5,1804,1782.45,1784.95,909032
1/8/2019 15:30:00,1792,1793.5,1761.1,1770.85,1262707
1/9/2019 15:30:00,1777.5,1797,1773.4,1785,1324628
1/10/2019 15:30:00,1785,1799.1,1779,1786.2,1313981
1/11/2019 15:30:00,1795,1795.4,1758.55,1769.4,1113837
1/14/2019 15:30:00,1771,1780.75,1760.1,1763.9,1018068
1/15/2019 15:30:00,1767.4,1793.4,1767.4,1789.85,1614600
1/16/2019 15:30:00,1790,1794.8,1766.8,1772.55,2054033
1/17/2019 15:30:00,1776.9,1779.25,1742.5,1751.5,1941204
1/18/2019 15:30:00,1750,1768.85,1727.3,1744.1,3234056
1/21/2019 15:30:00,1749,1758,1736.05,1746.9,1628067
1/22/2019 15:30:00,1746,1755,1741.25,1750.2,1776472
1/23/2019 15:30:00,1752,1784.05,1749.4,1767.2,2321782
1/24/2019 15:30:00,1766.8,1784.05,1756.7,1759.5,1350870
1/25/2019 15:30:00,1762,1778.75,1750,1756.8,1131790
1/28/2019 15:30:00,1758.9,1771.55,1740.15,1743,1289774
1/29/2019 15:30:00,1745,1763.85,1726.1,1756.7,1319822
1/30/2019 15:30:00,1760,1760.75,1728.1,1733.35,1259978
1/31/2019 15:30:00,1735.9,1774.9,1735.25,1763.25,1880257
2/1/2019 15:30:00,1763.25,1832.5,1761.45,1799.3,2342251
2/4/2019 15:30:00,1799.9,1823,1794.7,1802.6,1116390
2/5/2019 15:30:00,1805,1834.95,1804.95,1821.45,1278708
2/6/2019 15:30:00,1828.4,1836.45,1820,1829.95,859789
2/7/2019 15:30:00,1834,1845,1828.35,1839.05,927434
2/8/2019 15:30:00,1839.1,1847,1811,1817.3,1222765
2/11/2019 15:30:00,1811.05,1815.4,1795.75,1804.8,797453
2/12/2019 15:30:00,1810,1812,1789,1794.5,990035
2/13/2019 15:30:00,1800,1814.9,1791.6,1798.95,1227463
2/14/2019 15:30:00,1796,1798.5,1777,1785.05,1341658
2/15/2019 15:30:00,1790,1790,1747.5,1772.8,1177218
2/18/2019 15:30:00,1775.1,1775.1,1735,1751.9,1513430
2/19/2019 15:30:00,1750,1759.6,1730.45,1737.95,1598381
2/20/2019 15:30:00,1742.7,1745.95,1722,1733.5,1430235
2/21/2019 15:30:00,1737,1758,1736.35,1754.7,1225418
2/22/2019 15:30:00,1760,1773,1751.95,1768.55,1360163
2/25/2019 15:30:00,1772,1775.8,1759,1770.15,1490746
2/26/2019 15:30:00,1763.4,1785.9,1762,1772.25,2190515
2/27/2019 15:30:00,1779,1779,1728.55,1736.5,1491740
2/28/2019 15:30:00,1749,1756.65,1727.6,1732.65,1895136
3/1/2019 15:30:00,1735,1749,1731.05,1734.65,761115
3/5/2019 15:30:00,1739.8,1739.8,1717.5,1724.6,1406843
3/6/2019 15:30:00,1726.1,1730,1697.95,1699.8,2193045
3/7/2019 15:30:00,1706.35,1720,1699.8,1705.4,1566441
3/8/2019 15:30:00,1706,1718,1695.1,1701.6,1419614
3/11/2019 15:30:00,1708.75,1726,1703,1714.95,1427771
3/12/2019 15:30:00,1718.9,1739,1718.8,1734.8,1861116
3/13/2019 15:30:00,1749,1755.5,1741.1,1747.6,1744331
3/14/2019 15:30:00,1750.75,1751.7,1730.2,1737.3,867427
3/15/2019 15:30:00,1745,1746.5,1694.45,1698.4,3571762
3/18/2019 15:30:00,1710,1710.95,1686.9,1697.55,1621113
3/19/2019 15:30:00,1697.6,1709.4,1688.2,1699.65,1456211
3/20/2019 15:30:00,1705,1716.5,1683.45,1687.55,2312268
3/22/2019 15:30:00,1687.55,1703.85,1673.7,1678.05,1636228
3/25/2019 15:30:00,1674,1687.5,1660,1673.85,2039945
3/26/2019 15:30:00,1679.9,1691.55,1674,1683.8,1452899
3/27/2019 15:30:00,1684,1707.8,1675,1680.8,1520533
3/28/2019 15:30:00,1685,1692,1673.4,1683.9,1852958
3/29/2019 15:30:00,1695.3,1712.85,1691.9,1706.8,2348874
4/1/2019 15:30:00,1710,1721.35,1686,1690,1283162
4/2/2019 15:30:00,1693.15,1697,1680.1,1687.15,1227869
4/3/2019 15:30:00,1682,1686.6,1668.65,1670.8,1233102
4/4/2019 15:30:00,1668,1686.6,1658,1666.55,1212398
4/5/2019 15:30:00,1670,1671.5,1650,1659.1,1468074
4/8/2019 15:30:00,1664.9,1679.75,1656.9,1664.9,1647502
4/9/2019 15:30:00,1668.8,1683.9,1662.25,1680.5,1232434
4/10/2019 15:30:00,1684.7,1704.65,1675,1694.15,1720236
4/11/2019 15:30:00,1703,1716.5,1698.05,1710.4,2026954
4/12/2019 15:30:00,1716.4,1724.7,1710.2,1721.65,1437818
4/15/2019 15:30:00,1725,1731.2,1713.1,1722.05,1035378
4/16/2019 15:30:00,1726,1742,1716.15,1738.55,1625738
4/18/2019 15:30:00,1738.55,1744.1,1729.25,1739.9,1475552
4/22/2019 15:30:00,1740,1745,1730.1,1739.85,717781
4/23/2019 15:30:00,1742,1748,1733.1,1744.2,802947
4/24/2019 15:30:00,1744.6,1755,1735,1752.6,1169461
4/25/2019 15:30:00,1756,1762.6,1727.2,1734.2,1704890
4/26/2019 15:30:00,1738,1750.8,1726.15,1747.35,772993
4/30/2019 15:30:00,1750,1762,1744.95,1757.7,1171594
5/2/2019 15:30:00,1756.5,1762.5,1720.25,1723.55,793819
5/3/2019 15:30:00,1720,1727,1682,1693.55,1442888
5/6/2019 15:30:00,1687,1687,1656,1668.9,2373878
5/7/2019 19:00:00,1678.8,1710.9,1672.5,1697.5,2212617
5/8/2019 15:30:00,1697.5,1697.5,1675,1688.7,1243338
5/9/2019 15:30:00,1680.1,1713,1677,1703.75,1204995
5/10/2019 15:30:00,1708.95,1709,1678.5,1687.45,1000696
5/13/2019 15:30:00,1692,1717,1688.7,1702,1160287
5/14/2019 15:30:00,1700,1710,1680.2,1698.5,1442817
5/15/2019 15:30:00,1700,1703,1666.95,1671.05,1235429
5/16/2019 15:30:00,1674.7,1700,1672.2,1688.2,714690
5/17/2019 15:30:00,1690.1,1742.2,1685.2,1736.8,1502484
5/20/2019 15:30:00,1760,1776.65,1734.85,1772.5,1279236
5/21/2019 15:30:00,1772.9,1797.45,1772.9,1785.25,1337466
5/22/2019 15:30:00,1785,1785,1747.35,1768.3,1162653
5/23/2019 15:30:00,1785.95,1804.9,1745,1753.85,1551172
5/24/2019 15:30:00,1754,1759.8,1727.1,1749.6,1603085
5/27/2019 15:30:00,1749,1775.95,1736,1771.95,1373845
5/28/2019 15:30:00,1775,1786,1754.5,1776.9,2863139
5/29/2019 15:30:00,1775,1789.35,1770.4,1780.85,899619
5/30/2019 15:30:00,1788,1792,1781,1784.25,1038433
5/31/2019 15:30:00,1786.7,1802.65,1764,1788.5,1329926
6/3/2019 15:30:00,1794,1845,1792,1839.7,1415582
6/4/2019 15:30:00,1831,1845.5,1807.1,1815.6,842283
6/6/2019 15:30:00,1822.15,1849.9,1812.1,1837.75,1626007
6/7/2019 15:30:00,1833,1844.75,1815,1830.75,698970
6/10/2019 15:30:00,1839.8,1864.95,1835,1852.5,814577
6/11/2019 15:30:00,1855.1,1856.8,1832.1,1839.8,591026
6/12/2019 15:30:00,1838,1853.25,1822.05,1847.1,709916
6/13/2019 15:30:00,1847.05,1848.7,1823.05,1845.5,697830
6/14/2019 15:30:00,1843,1853.25,1816.35,1822.95,632971
6/17/2019 15:30:00,1831.9,1831.9,1804.6,1818.05,669276
6/18/2019 15:30:00,1810.5,1818.15,1793,1809.6,995083
6/19/2019 15:30:00,1816.8,1824.95,1802,1811.7,600455
6/20/2019 15:30:00,1799,1809.45,1791.5,1805.05,603514
6/21/2019 15:30:00,1810,1812,1760.3,1766.65,2512357
6/24/2019 15:30:00,1769,1777.6,1756.7,1764.45,762144
6/25/2019 15:30:00,1769.7,1769.7,1745,1756.45,941132
6/26/2019 15:30:00,1753,1765,1746.4,1761,1075017
6/27/2019 15:30:00,1768,1787.55,1760.25,1774.4,1235049
6/28/2019 15:30:00,1777.25,1790.65,1762.75,1787.6,1008229
7/1/2019 15:30:00,1798.9,1798.9,1772.65,1780.2,553283
7/2/2019 15:30:00,1784,1798,1770,1789.2,763979
7/3/2019 15:30:00,1793,1796.85,1776.9,1784.7,815571
7/4/2019 15:30:00,1780.55,1798.7,1780.55,1793.6,646633
7/5/2019 15:30:00,1800,1816,1786,1791.4,1098940
7/8/2019 15:30:00,1784.75,1784.75,1748.7,1753.55,776755
7/9/2019 15:30:00,1752,1756,1724.1,1740.25,1462668
7/10/2019 15:30:00,1739,1754.9,1703.1,1718.6,648476
7/11/2019 15:30:00,1708,1742.65,1708,1730.9,813618
7/12/2019 15:30:00,1726.8,1738.25,1708.25,1713.2,1107445
7/15/2019 15:30:00,1715,1724.7,1702,1716.95,725180
7/16/2019 15:30:00,1723.5,1750.6,1712.75,1741.3,1259786
7/17/2019 15:30:00,1740,1765.55,1725.85,1760.7,1278232
7/18/2019 15:30:00,1766,1766,1709,1739.15,1006299
7/19/2019 15:30:00,1748,1761.95,1709.15,1720.4,983217
7/22/2019 15:30:00,1722.3,1724.7,1659.05,1680.7,1729722
7/23/2019 15:30:00,1683,1701.55,1667.3,1693.35,1556691
7/24/2019 15:30:00,1685,1732,1678.6,1728.65,2621818
7/25/2019 15:30:00,1730,1749.9,1728,1736.65,1297267
7/26/2019 15:30:00,1731.1,1742,1719.3,1730.65,771408
7/29/2019 15:30:00,1729,1739.8,1700,1713.3,688427
7/30/2019 15:30:00,1715,1734.35,1705,1719.9,747251
7/31/2019 15:30:00,1719,1753.05,1701.05,1726.65,1371879
8/1/2019 15:30:00,1721,1744.7,1710,1731.3,1072498
8/2/2019 15:30:00,1722.2,1742,1706,1737.45,1051529
8/5/2019 15:30:00,1727.9,1753.45,1707.7,1741.2,1539739
8/6/2019 15:30:00,1731.5,1760,1727.55,1744.1,1409075
8/7/2019 15:30:00,1744.1,1786.9,1740,1777.25,2507314
8/8/2019 15:30:00,1780.5,1807,1780.5,1803.1,1761732
8/9/2019 15:30:00,1805,1846.65,1800.9,1841.35,1730596
8/13/2019 15:30:00,1838,1838,1802.15,1824.75,1907934
8/14/2019 15:30:00,1826,1854.15,1808.7,1839.05,1910376
8/16/2019 15:30:00,1838,1847.55,1816.05,1828.65,1468390
8/19/2019 15:30:00,1830.15,1845,1811,1820.9,905742
8/20/2019 15:30:00,1822,1849.7,1813,1843.4,1231835
8/21/2019 15:30:00,1842.9,1855.75,1836,1850,1933855
8/22/2019 15:30:00,1850.45,1880,1841.9,1872.1,2543055
8/23/2019 15:30:00,1874.75,1877.35,1850.65,1860,1278546
8/26/2019 15:30:00,1867.5,1883.7,1850,1876.55,855849
8/27/2019 15:30:00,1884,1889,1841.95,1861.4,2510386
8/28/2019 15:30:00,1835,1848.4,1812.5,1828.1,2519453
8/29/2019 15:30:00,1817,1843.65,1814.1,1832.95,2837369
8/30/2019 15:30:00,1834.2,1886.4,1827.15,1881.9,1766858
9/3/2019 15:30:00,1863,1875.8,1835,1841.85,1195923
9/4/2019 15:30:00,1847,1859.05,1817.3,1846.6,1147464
9/5/2019 15:30:00,1842,1843.95,1818.15,1829.75,1059065
9/6/2019 15:30:00,1831,1843.35,1814.2,1819.15,631575
9/9/2019 15:30:00,1819,1858,1815.4,1834.05,1175372
9/11/2019 15:30:00,1831,1847.55,1817.3,1824.3,1055039
9/12/2019 15:30:00,1826,1833.6,1798.5,1805.4,862635
9/13/2019 15:30:00,1806,1825,1793.6,1805.55,1299932
9/16/2019 15:30:00,1801,1824.75,1800,1816.3,945889
9/17/2019 15:30:00,1814.75,1842,1812,1831.2,1424258
9/18/2019 15:30:00,1839.5,1843.95,1818.65,1829.2,751391
9/19/2019 15:30:00,1830,1843.6,1808.25,1812.75,644684
9/20/2019 15:30:00,1823,1992,1810.25,1969.75,4539742
9/23/2019 15:30:00,1984,2100.65,1984,2039.75,3783357
9/24/2019 15:30:00,2045,2067.9,2009.1,2050.45,1784798
9/25/2019 15:30:00,2041,2062.45,2011.85,2051.5,1874109
9/26/2019 15:30:00,2055,2075,2016.95,2034.4,3907951
9/27/2019 15:30:00,2026,2044.65,2005.5,2010.9,1458672
9/30/2019 15:30:00,2007.9,2017.9,1971.4,1981.95,2169407
10/1/2019 15:30:00,1989,2019.9,1983,1990.3,1080409
10/3/2019 15:30:00,1984.75,1985.3,1958.35,1962.05,1423468
10/4/2019 15:30:00,1966,1977.3,1939.1,1944.2,1723988
10/7/2019 15:30:00,1943.95,1962.95,1927.65,1940.05,880275
10/9/2019 15:30:00,1950,1962.7,1941.25,1948,1066739
10/10/2019 15:30:00,1948,1982.5,1935.6,1968.75,1492290
10/11/2019 15:30:00,1985.85,2016.9,1975.5,2004.65,1934337
10/14/2019 15:30:00,2022.4,2031.45,2006.25,2014.25,2135148
10/15/2019 15:30:00,2050,2077.3,2025.8,2064.4,5761733
10/16/2019 15:30:00,2065.3,2080,2052.6,2071,1661705
10/17/2019 15:30:00,2067.5,2108,2061.95,2103.85,2001245
10/18/2019 15:30:00,2100,2116,2090.7,2106.85,2202270
10/22/2019 15:30:00,2120,2149,2112,2127.35,1737401
10/23/2019 15:30:00,2119.45,2137.45,2098,2133.25,1535786
10/24/2019 15:30:00,2141,2150,2118.05,2133.35,973453
10/25/2019 19:00:00,2147.55,2156.5,2129.3,2145.1,1612038
10/27/2019 19:25:00,2148,2148,2134.5,2141.5,85187
10/29/2019 15:30:00,2135,2163.95,2111.4,2160.2,1229516
10/30/2019 15:30:00,2180,2180,2142,2169.4,1195298
10/31/2019 15:30:00,2165,2187.25,2159.3,2175.35,1752830
11/1/2019 15:30:00,2165.1,2184.3,2146.4,2179.35,1609685
11/4/2019 15:30:00,2179.35,2186.85,2149.8,2158.15,1523698
11/5/2019 15:30:00,2153.5,2175.75,2143.15,2172.15,2167085
11/6/2019 15:30:00,2166,2184,2155,2179.45,1093243
11/7/2019 15:30:00,2190,2190,2128,2138.25,1970785
11/8/2019 15:30:00,2135,2145.15,2083,2086.4,1537851
11/11/2019 15:30:00,2081.3,2100.05,2068.05,2081.35,1050170
11/13/2019 15:30:00,2084,2094.9,2072.45,2091,868433
11/14/2019 15:30:00,2090.6,2090.6,2061.45,2069.05,1291198
11/15/2019 15:30:00,2062.25,2099,2050.55,2057.7,958290
11/18/2019 15:30:00,2059.8,2075.35,2038,2056.2,1200573
11/19/2019 15:30:00,2060.05,2060.05,2030,2037.75,1413218
11/20/2019 15:30:00,2044,2052.85,2017.05,2026.5,989673
11/21/2019 15:30:00,2027,2059.95,2017,2048.65,1397175
11/22/2019 15:30:00,2050,2053.2,2008,2028.35,835864
11/25/2019 15:30:00,2022.1,2066.95,2022.1,2062.4,862520
11/26/2019 15:30:00,2059,2080.75,2032.3,2058.35,3188224
11/27/2019 15:30:00,2062.55,2099.9,2055.85,2093.25,1259986
11/28/2019 15:30:00,2097.95,2098.35,2067,2087.15,1026831
11/29/2019 15:30:00,2084,2084.5,2031,2035.3,1298616
12/2/2019 15:30:00,2038,2062,2029.25,2046.9,1600494
12/3/2019 15:30:00,2041,2053.1,2020.15,2028.45,1199012
12/4/2019 15:30:00,2027,2052,2022,2048,1046309
12/5/2019 15:30:00,2047.8,2047.8,2027.3,2037.45,961085
12/6/2019 15:30:00,2044,2049,2022,2026.05,657658
12/9/2019 15:30:00,2030,2032.05,1991.2,2008.15,964222
12/10/2019 15:30:00,2014.9,2041.6,2011,2025.35,1610623
12/11/2019 15:30:00,2027.9,2030,1998,2010.45,967708
12/12/2019 15:30:00,2010,2034.5,2002,2007.35,955318
12/13/2019 15:30:00,2018.45,2024,2000,2006.2,1212988
12/16/2019 15:30:00,2000,2011,1968.15,1974.75,1683941
12/17/2019 15:30:00,1979,1994.95,1950,1961.35,2189167
12/18/2019 15:30:00,1960,1966.6,1907.35,1928.55,3986106
12/19/2019 15:30:00,1931.9,1966.4,1930.05,1951.1,2035095
12/20/2019 15:30:00,1950,1959.9,1931.45,1943.1,2169685
12/23/2019 15:30:00,1949.25,1962,1944.4,1950.4,807062
12/24/2019 15:30:00,1952,1964.8,1940.4,1946.4,790621
12/26/2019 15:30:00,1950.8,1954.25,1938.5,1944.95,862164
12/27/2019 15:30:00,1946.9,1954.45,1934,1949.9,937907
12/30/2019 15:30:00,1949.9,1954.25,1927.5,1937.25,1117498
12/31/2019 15:30:00,1940,1946.6,1920.1,1923,706593
1/1/2020 15:30:00,1930,1939.9,1918,1936.55,543035
1/2/2020 15:30:00,1940,1952.6,1930,1938.05,663275
1/3/2020 15:30:00,1937.9,1940,1918.75,1927.45,1598825
1/6/2020 15:30:00,1927.35,1929.4,1911.25,1915.45,683129
1/7/2020 15:30:00,1919.25,1931,1918,1920.7,808935
1/8/2020 15:30:00,1910,1936.05,1906.45,1929.35,1889685
1/9/2020 15:30:00,1941.55,1947.3,1931,1935.05,1544334
1/10/2020 15:30:00,1940.9,1957.5,1931.65,1954,1003336
1/13/2020 15:30:00,1961,1997.85,1957,1994.85,2040089
1/14/2020 15:30:00,1995.5,2014.95,1982.4,2008.8,1610737
1/15/2020 15:30:00,2011.15,2027,1997.35,2021.65,1559491
1/16/2020 15:30:00,2022,2054.7,2016.1,2049.25,2468958
1/17/2020 15:30:00,2055,2063.9,2040.05,2060.3,994719
1/20/2020 15:30:00,2060.5,2075.9,2050,2062.85,829399
1/21/2020 15:30:00,2059.75,2075,2052.15,2055.4,750000
1/22/2020 15:30:00,2063,2063.5,2027.2,2051.7,983169
1/23/2020 15:30:00,2051.75,2060.85,2035,2056.9,708017
1/24/2020 15:30:00,2057,2079,2050.05,2073.7,914993
1/27/2020 15:30:00,2066,2068.75,2056.75,2061.35,429312
1/28/2020 15:30:00,2062,2065,2042.7,2060.6,777052
1/29/2020 15:30:00,2062.05,2085.8,2062.05,2074.2,873433
1/30/2020 15:30:00,2074.9,2078,2049.45,2058.1,952768
1/31/2020 15:30:00,2064,2068.25,2020.05,2034.25,1930834
2/1/2020 17:00:00,2049.35,2096,2030.05,2072.9,2632067
2/3/2020 15:30:00,2074.9,2195.55,2074.9,2178.95,4012542
2/4/2020 15:30:00,2177,2204.2,2140,2155.6,1932121
2/5/2020 15:30:00,2167.4,2184,2153.9,2160.3,1514368
2/6/2020 15:30:00,2166,2196.25,2134.05,2156.4,1302116
2/7/2020 15:30:00,2165,2172,2141.6,2159.95,908152
2/10/2020 15:30:00,2160.1,2189.55,2151.7,2159.3,1389847
2/11/2020 15:30:00,2169,2179.65,2147.7,2152.65,777506
2/12/2020 15:30:00,2157.1,2272,2155,2260.35,4753325
2/13/2020 15:30:00,2256,2288.95,2233.05,2283.4,2950407
2/14/2020 15:30:00,2273,2297.6,2246.25,2255.05,1728651
2/17/2020 15:30:00,2248,2289,2243.2,2252.6,1420851
2/18/2020 15:30:00,2252.6,2262.95,2222.1,2234.4,1194605
2/19/2020 15:30:00,2250.2,2308.2,2241.25,2292.15,1299800
2/20/2020 15:30:00,2282.2,2289.95,2242.5,2248.25,1555224
2/24/2020 15:30:00,2236.8,2262,2210.1,2215.15,1409245
2/25/2020 15:30:00,2239.9,2279.7,2225.75,2233.6,2237493
2/26/2020 15:30:00,2238.8,2255.7,2202.35,2236.2,2896154
2/27/2020 15:30:00,2241.95,2259.7,2200,2254.95,2446802
2/28/2020 15:30:00,2191.1,2229.4,2155,2174.75,3837330
3/2/2020 15:30:00,2190,2241.95,2141.85,2159.45,1707337
3/3/2020 15:30:00,2171.9,2189.6,2141.7,2166.65,1753148
3/4/2020 15:30:00,2179,2185.05,2152,2175.85,1515878
3/5/2020 15:30:00,2185,2258.65,2181.85,2218,2272645
3/6/2020 15:30:00,2185,2250,2159.25,2188.9,2479414
3/9/2020 15:30:00,2140,2169.6,2112,2121.5,2485208
3/11/2020 15:30:00,2066,2169.45,2066,2155,2861649
3/12/2020 15:30:00,2102.4,2123,2031.65,2055.95,3655792
3/13/2020 15:30:00,1970,2120,1888.1,2033.2,3667035
3/16/2020 15:30:00,2000,2039.2,1933.9,1941.9,2948704
3/17/2020 15:30:00,1955.55,2088,1951.95,2004.05,3732415
3/18/2020 15:30:00,2034.05,2063.8,1909.35,1923.8,3911480
3/19/2020 15:30:00,1894.3,1899,1757.3,1838.3,5095023
3/20/2020 15:30:00,1850,2078.9,1850,2051.7,4252263
3/23/2020 15:30:00,1950,1985.05,1850,1869.7,3574682
3/24/2020 15:30:00,1975,2070.95,1930,2027.85,5789906
3/25/2020 15:30:00,2010.05,2138.95,2001.65,2088.15,3959038
3/26/2020 15:30:00,2089,2250,2060,2194.9,3201566
3/27/2020 15:30:00,2239,2267.65,2120.5,2140.55,2918796
3/30/2020 15:30:00,2123,2213,2102.85,2184.35,2809611
3/31/2020 15:30:00,2234.8,2313,2185,2298.5,2809285
4/1/2020 15:30:00,2293.2,2324.9,2158.05,2179.65,2774689
4/3/2020 15:30:00,2234,2254.1,2127.95,2154.1,4121462
4/7/2020 15:30:00,2220,2460,2220,2444.9,8510183
4/8/2020 15:30:00,2432,2614.3,2417.4,2460.85,9791892
4/9/2020 15:30:00,2499.95,2500,2345,2372.25,4770083
4/13/2020 15:30:00,2381,2423,2315,2346.45,3249562
4/15/2020 15:30:00,2425.95,2516.6,2381.5,2487.55,29485532
4/16/2020 15:30:00,2466,2526.15,2421.1,2436.1,5388258
4/17/2020 15:30:00,2498.8,2498.8,2354.05,2385,4540967
4/20/2020 15:30:00,2420,2420,2321,2336.55,2985278
4/21/2020 15:30:00,2283,2378,2282,2317.4,3227339
4/22/2020 15:30:00,2317.95,2399.95,2275.65,2386.15,2837835
4/23/2020 15:30:00,2389,2413,2308.05,2317.5,4095595
4/24/2020 15:30:00,2311,2338,2280,2283.1,2169013
4/27/2020 15:30:00,2305,2329.4,2283.25,2320.45,2013737
4/28/2020 15:30:00,2338.65,2338.65,2267,2289.95,2164048
4/29/2020 15:30:00,2290,2291.7,2221,2231.75,3642216
4/30/2020 15:30:00,2272,2272,2160,2195,8448104
5/4/2020 15:30:00,2130,2160,2066,2082.65,8474699
5/5/2020 15:30:00,2101.2,2121,2033.1,2041.5,4304146
5/6/2020 15:30:00,2049.95,2073,2000,2010.2,5127756
5/7/2020 15:30:00,1950.1,2007,1902,1992.05,185670048
5/8/2020 15:30:00,2074.95,2098,2036,2089.45,16100488
5/11/2020 15:30:00,2083,2116.55,2035.95,2048,11158836
5/12/2020 15:30:00,2020,2027.85,1985,2011.55,14881259
5/13/2020 15:30:00,2075,2075,1975.4,1995.75,8432991
5/14/2020 15:30:00,1988,2026.55,1980.65,2006.05,8510097
5/15/2020 15:30:00,2015,2037.65,2006,2032.1,5491176
5/18/2020 15:30:00,2041.5,2047.85,1988.6,2005.25,7675796
5/19/2020 15:30:00,2018,2024.8,1968.1,1975.55,5963269
5/20/2020 15:30:00,1975.55,2010,1975,1990.85,3927076
5/21/2020 15:30:00,1999,2003.4,1955.2,1970.9,4261738
5/22/2020 15:30:00,1975,1995.05,1958,1987.9,5340153
5/26/2020 15:30:00,2004.95,2020,1975,1977.8,4629114
5/27/2020 15:30:00,1990,2005.1,1961,1998.1,4261646
5/28/2020 15:30:00,2000,2015,1990,2009.95,5500915
5/29/2020 15:30:00,2009,2068,2000,2057.35,8779010
6/1/2020 15:30:00,2075,2143,2071.2,2108.55,6592707
6/2/2020 15:30:00,2122,2125,2090,2107.4,3268736
6/3/2020 15:30:00,2115,2149,2085,2120.5,4895141
6/4/2020 15:30:00,2115,2132.4,2105.25,2120.6,3264780
6/5/2020 15:30:00,2124,2128,2085,2087.6,2981896
6/8/2020 15:30:00,2107,2124.5,2078.1,2111.7,4298517
6/9/2020 15:30:00,2100,2144.8,2095.05,2106.5,3128155
6/10/2020 15:30:00,2115.9,2130,2096,2119.6,2421672
6/11/2020 15:30:00,2115,2138.2,2095.65,2106.9,2566963
6/12/2020 15:30:00,2065.25,2119,2065,2107.25,2338562
6/15/2020 15:30:00,2114.85,2131.7,2056.8,2084.3,2830788
6/16/2020 15:30:00,2109.8,2120,2057,2076.35,2806804
6/17/2020 15:30:00,2076,2099,2062.3,2078.25,2293343
6/18/2020 15:30:00,2070.25,2084.85,2054.05,2065.35,2326992
6/19/2020 15:30:00,2079,2100,2057,2092.75,4673557
6/22/2020 15:30:00,2110,2118.9,2087,2100.8,2487252
6/23/2020 15:30:00,2115,2172,2101.6,2155.95,4309193
6/24/2020 15:30:00,2172,2176.9,2125,2130.3,3023031
6/25/2020 15:30:00,2114.3,2189.9,2112,2173.15,8208083
6/26/2020 15:30:00,2179.95,2179.95,2138.1,2154.2,3176495
6/29/2020 15:30:00,2151.35,2195.9,2140,2182.95,3295050
6/30/2020 15:30:00,2193.8,2199.95,2170,2180,2373121
7/1/2020 15:30:00,2183,2191.8,2160.1,2170.4,1532935
7/2/2020 15:30:00,2167.75,2177.65,2145,2151.75,2588845
7/3/2020 15:30:00,2165.5,2188,2156.35,2173.7,1946326
7/6/2020 15:30:00,2180,2180,2153,2161.6,2375701
7/7/2020 15:30:00,2175.5,2175.5,2151.65,2154.15,2014697
7/8/2020 15:30:00,2153.6,2194,2125,2186.05,3350115
7/9/2020 15:30:00,2183,2219.95,2171.05,2175.85,3039821
7/10/2020 15:30:00,2170,2232,2167.45,2223.8,3179517
7/13/2020 15:30:00,2239,2275,2235,2265.25,4556688
7/14/2020 15:30:00,2264.8,2269.95,2226.6,2234.75,2403257
7/15/2020 15:30:00,2237.25,2291,2235.05,2275.15,2474553
7/16/2020 15:30:00,2275.25,2291.3,2238,2287.85,2495150
7/17/2020 15:30:00,2285,2340,2281,2334.55,3088773
7/20/2020 15:30:00,2334.55,2343.3,2300.6,2330.95,2816285
7/21/2020 15:30:00,2348,2350,2308,2318,3037830
7/22/2020 15:30:00,2330,2330,2241.25,2248.5,6950011
7/23/2020 15:30:00,2260,2267.15,2205.55,2211.35,3936886
7/24/2020 15:30:00,2200,2220,2168.05,2209.3,4203390
7/27/2020 15:30:00,2217.75,2235.95,2184.75,2221.5,2209431
7/28/2020 15:30:00,2230.95,2244.9,2211.05,2242.55,1567889
7/29/2020 15:30:00,2235,2262.2,2215,2231.3,2404989
7/30/2020 15:30:00,2231.3,2238.05,2190.1,2195.6,2046188
7/31/2020 15:30:00,2197.5,2221.95,2178,2209.9,1715834
8/3/2020 15:30:00,2209.8,2223.05,2188.55,2204.5,1683798
8/4/2020 15:30:00,2209.9,2218.9,2175.1,2197.8,1981721
8/5/2020 15:30:00,2202,2209.9,2181.05,2194.55,1715481
8/6/2020 15:30:00,2200,2229,2192.05,2220.45,1824540
8/7/2020 15:30:00,2223,2234.8,2205,2210.55,1778051
8/10/2020 15:30:00,2218,2226.75,2198.8,2206.75,1476389
8/11/2020 15:30:00,2209.05,2233,2206,2210.65,1665204
8/12/2020 15:30:00,2200.05,2209.05,2190,2195.1,1170455
8/13/2020 15:30:00,2200,2217,2190.95,2198.65,1453429
8/14/2020 15:30:00,2204,2216,2165.05,2173.9,1341691
8/17/2020 15:30:00,2181,2203.65,2168.4,2196.05,1559579
8/18/2020 15:30:00,2204,2216.8,2189,2214.35,1339002
8/19/2020 15:30:00,2206,2221.5,2190,2193.6,1585132
8/20/2020 15:30:00,2186,2197.8,2176.15,2185.7,1768939
8/21/2020 15:30:00,2199,2208.7,2187.45,2202.05,1374412
8/24/2020 15:30:00,2206,2211.65,2191.2,2194.4,1665474
8/25/2020 15:30:00,2194.4,2197.9,2175,2179.1,1774886
8/26/2020 15:30:00,2182.1,2186,2160,2182.8,2148246
8/27/2020 15:30:00,2182.1,2188,2165,2171.25,2172278
8/28/2020 15:30:00,2179,2182.4,2145,2151.95,1939848
8/31/2020 15:30:00,2152,2167.5,2100.65,2117.35,3534525
9/1/2020 15:30:00,2149.95,2174.9,2111.75,2161.65,1738013
9/2/2020 15:30:00,2171,2185,2136.55,2141.65,1667810
9/3/2020 15:30:00,2153,2154.45,2128.05,2139.15,1590711
9/4/2020 15:30:00,2115,2140.9,2114,2124.65,1590491
9/7/2020 15:30:00,2126,2174,2103.75,2162.6,2363028
9/8/2020 15:30:00,2154,2171.35,2131.15,2142.25,1804240
9/9/2020 15:30:00,2122,2144.2,2110,2132.25,2009945
9/10/2020 15:30:00,2142,2143.6,2118.2,2133.9,2137794
9/11/2020 15:30:00,2125,2169,2124.5,2159.25,1934716
9/14/2020 15:30:00,2167,2169.7,2115,2123.5,2096976
9/15/2020 15:30:00,2136.9,2137,2109,2124.45,1224059
9/16/2020 15:30:00,2125,2158.95,2112.7,2143.5,2087842
9/17/2020 15:30:00,2135,2145.05,2122.25,2128.2,1741644
9/18/2020 15:30:00,2120,2127.55,2090,2098.7,4475209
9/21/2020 15:30:00,2098.7,2099,2022.1,2037.8,3483981
9/22/2020 15:30:00,2040.55,2054.75,2000.05,2026.8,2345712
9/23/2020 15:30:00,2035,2060,2025.85,2052.55,2410305
9/24/2020 15:30:00,2044,2081,2035.05,2060.9,3798394
9/25/2020 15:30:00,2082,2111,2070.85,2079.05,2528928
9/28/2020 15:30:00,2083,2092.35,2060,2063.3,1524037
9/29/2020 15:30:00,2065,2069.25,2024.75,2033.2,2298854
9/30/2020 15:30:00,2038.95,2097,2034,2068.25,2417400
10/1/2020 15:30:00,2090,2108.9,2070,2095,2131593
10/5/2020 15:30:00,2100,2123.3,2082.2,2111.05,1646114
10/6/2020 15:30:00,2119,2140,2108.05,2115.9,1679500
10/7/2020 15:30:00,2123,2150,2113,2139.35,2428598
10/8/2020 15:30:00,2147,2165,2146.25,2160.8,1617382
10/9/2020 15:30:00,2150,2166.95,2121.1,2139.65,2001031
10/12/2020 15:30:00,2145.2,2147.6,2123.3,2138.4,1741171
10/13/2020 15:30:00,2137.95,2153.25,2128,2138.2,1679176
10/14/2020 15:30:00,2132.6,2165,2131,2158.15,2123033
10/15/2020 15:30:00,2160,2179.7,2141.05,2152.55,2344440
10/16/2020 15:30:00,2171.9,2171.9,2144.05,2150.55,1640402
10/19/2020 15:30:00,2153.55,2185,2152.1,2177.8,1606069
10/20/2020 15:30:00,2182.1,2208.5,2132.55,2173.1,5855301
10/21/2020 15:30:00,2190,2196.75,2136,2163.15,3954247
10/22/2020 15:30:00,2160,2187.25,2153.2,2179.35,2632959
10/23/2020 15:30:00,2188.9,2188.9,2140,2143.85,2805734
10/26/2020 15:30:00,2150,2172,2142.3,2166.75,1646050
10/27/2020 15:30:00,2157,2189,2152.45,2176.7,2334908
10/28/2020 15:30:00,2183.95,2183.95,2144.1,2164.35,1555484
10/29/2020 15:30:00,2142,2160,2116,2122.1,1934403
10/30/2020 15:30:00,2118.2,2120,2068,2071.3,2414328
11/2/2020 15:30:00,2072,2087.65,2056,2072,1486077
11/3/2020 15:30:00,2091.8,2091.8,2043,2055.7,2227402
11/4/2020 15:30:00,2050,2085,2049.95,2060.05,1479878
11/5/2020 15:30:00,2087,2112,2061.3,2102.35,2083827
11/6/2020 15:30:00,2105,2123.95,2086,2094.15,2127821
11/9/2020 15:30:00,2120,2137.65,2108.05,2132.55,2194404
11/10/2020 15:30:00,2140,2144.2,2092.5,2136.6,2471703
11/11/2020 15:30:00,2136.6,2138.6,2104.6,2131.15,2759942
11/12/2020 15:30:00,2129,2204,2123.25,2192.1,3010512
11/13/2020 15:30:00,2205,2218.4,2178.25,2185.35,2799165
11/17/2020 15:30:00,2220.35,2220.35,2172,2177.6,2733542
11/18/2020 15:30:00,2170,2170,2125.9,2132.1,3315051
11/19/2020 15:30:00,2125.8,2147.4,2114.5,2130.75,2704650
11/20/2020 15:30:00,2135,2142,2100.5,2120.25,2827038
11/23/2020 15:30:00,2140,2140,2095,2129.4,3244576
11/24/2020 15:30:00,2132,2161,2122.4,2157.35,1989749
11/25/2020 15:30:00,2162,2171,2128,2135.85,1786536
11/26/2020 15:30:00,2140,2162,2122.55,2154.2,1630887
11/27/2020 15:30:00,2167,2167.5,2126,2138.2,5687861
12/1/2020 15:30:00,2159,2159,2129.6,2133.05,2226742
12/2/2020 15:30:00,2145,2149.9,2122.1,2139.3,1634682
12/3/2020 15:30:00,2153,2156.4,2120.1,2127.75,3469163
12/4/2020 15:30:00,2141,2195.4,2133.6,2184.2,3712143
12/7/2020 15:30:00,2189.25,2259.6,2187,2256.15,4147649
12/8/2020 15:30:00,2259.5,2278.2,2240.15,2260,2768211
12/9/2020 15:30:00,2260,2296,2243.25,2292.2,2123890
12/10/2020 15:30:00,2290,2357.9,2275.05,2350.45,3041370
12/11/2020 15:30:00,2366.25,2385,2333,2374.75,2611218
12/14/2020 15:30:00,2380.95,2391.4,2356.15,2370.75,1575632
12/15/2020 15:30:00,2361,2363.95,2307.3,2320.05,2207176
12/16/2020 15:30:00,2317.1,2354.9,2303,2343.95,1748634
12/17/2020 15:30:00,2342,2342,2310,2315.3,1912868
12/18/2020 15:30:00,2322,2343.9,2312,2333.45,2229891
12/21/2020 15:30:00,2343,2350,2265.1,2305.95,2003069
12/22/2020 15:30:00,2310,2333.3,2281,2311,1764488
12/23/2020 15:30:00,2320,2377.3,2303.25,2370.35,1559556
12/24/2020 15:30:00,2382.5,2410,2360.05,2402.25,2489444
12/28/2020 15:30:00,2405,2417.4,2376.05,2388.9,1532477
12/29/2020 15:30:00,2395,2403,2354.2,2384.3,1749013
12/30/2020 15:30:00,2390,2414.65,2376,2406.6,1924886
12/31/2020 15:30:00,2396,2417,2387,2395.4,1709836
1/1/2021 15:30:00,2395.4,2404,2382,2387.55,830096
1/4/2021 15:30:00,2405,2430,2400.7,2426.5,1614486
1/5/2021 15:30:00,2405,2456.95,2405,2450.55,2356303
1/6/2021 15:30:00,2445.8,2450,2401.6,2417.3,1641627
1/7/2021 15:30:00,2432,2432.7,2365,2368.85,2403881
1/8/2021 15:30:00,2390,2400,2360.8,2391.2,2797948
1/11/2021 15:30:00,2425,2441.95,2402.1,2429.1,2787672
1/12/2021 15:30:00,2429.8,2433.1,2372,2375.9,2036708
1/13/2021 15:30:00,2381.9,2398,2364.6,2372.35,1702740
1/14/2021 15:30:00,2366,2406,2351.15,2398.55,2120413
1/15/2021 15:30:00,2392.5,2407,2342.8,2351.15,2042957
1/18/2021 15:30:00,2374.5,2374.5,2320.65,2332.6,1733797
1/19/2021 15:30:00,2342,2382.1,2323.25,2363.15,1495269
1/20/2021 15:30:00,2357,2373.95,2346.3,2355.95,1380562
1/21/2021 15:30:00,2376,2399.9,2350,2367.65,1521133
1/22/2021 15:30:00,2359,2422,2357,2409.35,2548089
1/25/2021 15:30:00,2420,2432.35,2385,2399.6,2124424
1/27/2021 15:30:00,2425,2425,2335,2391.3,2460297
1/28/2021 15:30:00,2367.9,2411.55,2290,2300.4,3867335
1/29/2021 15:30:00,2315.1,2322.3,2251,2263.9,4472694
2/1/2021 15:30:00,2276.65,2285,2226.2,2248.6,2717591
2/2/2021 15:30:00,2271.05,2275,2205,2230.45,4215607
2/3/2021 15:30:00,2231.5,2257,2217.6,2232.85,2353429
2/4/2021 15:30:00,2239,2259,2226.2,2245.6,2908003
2/5/2021 15:30:00,2245.6,2285,2241,2269.55,4036942
2/8/2021 15:30:00,2288,2288.7,2230.3,2236.65,2780672
2/9/2021 15:30:00,2247,2254.7,2210.5,2216.25,3131481
2/10/2021 15:30:00,2220,2241,2212.75,2235.5,2055520
2/11/2021 15:30:00,2242,2268,2234.05,2263,1824480
2/12/2021 15:30:00,2268,2272.25,2232,2241.55,1222094
2/15/2021 15:30:00,2251,2261.75,2213,2215.2,2449407
2/16/2021 15:30:00,2227,2229.05,2190.05,2196.1,2396356
2/17/2021 15:30:00,2196,2201.55,2160,2163.9,2447956
2/18/2021 15:30:00,2164,2168.55,2143.2,2146.85,3205806
2/19/2021 15:30:00,2152.9,2194,2150,2181.1,3364030
2/22/2021 15:30:00,2205,2205,2161.6,2167.6,2678023
2/23/2021 15:30:00,2185,2192.35,2170.2,2179.25,2062144
2/24/2021 15:30:00,2188.5,2188.5,2155.55,2178.85,924143
2/25/2021 15:30:00,2177,2185,2160,2163.3,2099460
2/26/2021 15:30:00,2158,2182.4,2120,2132.05,3413194
3/1/2021 15:30:00,2135.2,2154,2128,2143.4,1229276
3/2/2021 15:30:00,2162,2183.9,2140.55,2177.95,2095135
3/3/2021 15:30:00,2205,2205,2173.5,2193.5,2031893
3/4/2021 15:30:00,2185,2203.5,2174,2196.9,2290915
3/5/2021 15:30:00,2184.6,2209.95,2175.25,2201.1,2129837
3/8/2021 15:30:00,2210,2216.1,2169,2174.55,1440724
3/9/2021 15:30:00,2176,2205,2162.05,2198.5,1711842
3/10/2021 15:30:00,2210.5,2236.9,2193.2,2227.85,2696085
3/12/2021 15:30:00,2236,2239.9,2200,2204.75,2038930
3/15/2021 15:30:00,2206.1,2217.45,2183.3,2210.85,1632088
3/16/2021 15:30:00,2221.35,2247.5,2214.3,2244.05,2633605
3/17/2021 15:30:00,2254,2262,2219.25,2226.3,3703365
3/18/2021 15:30:00,2238,2249.9,2205,2215.2,2597091
3/19/2021 15:30:00,2204.1,2325.25,2191.5,2312.05,5382214
3/22/2021 15:30:00,2310.1,2356.5,2302,2353.2,2471516
3/23/2021 15:30:00,2363,2372.95,2333.4,2337.3,1970612
3/24/2021 15:30:00,2337.3,2350.9,2315.55,2318.6,1762743
3/25/2021 15:30:00,2318.6,2322,2231.05,2237.05,2495833
3/26/2021 15:30:00,2255,2325,2248.8,2317.9,1929236
3/30/2021 15:30:00,2325,2406,2325,2398.75,3327205
3/31/2021 15:30:00,2386,2438.6,2381.65,2431.5,2709756
4/1/2021 15:30:00,2446.8,2446.8,2392.05,2399.1,1532653
4/5/2021 15:30:00,2400,2417.2,2346.5,2373.2,2545447
4/6/2021 15:30:00,2382.3,2411,2377.35,2408.3,3683538
4/7/2021 15:30:00,2417,2435,2387.35,2405.25,1713970
4/8/2021 15:30:00,2406,2439,2395.6,2409.9,1814515
4/9/2021 15:30:00,2424,2483,2424,2476,2604858
4/12/2021 15:30:00,2441.5,2488.25,2437.6,2462,2261945
4/13/2021 15:30:00,2470,2505.9,2448.8,2454.4,1811781
4/15/2021 15:30:00,2497,2497,2421.1,2460.65,3352379
4/16/2021 15:30:00,2469.9,2478.95,2440,2458.9,1225517
4/19/2021 15:30:00,2440,2459.7,2414.05,2436.65,1746316
4/20/2021 15:30:00,2456,2456,2383.8,2397.45,1589508
4/22/2021 15:30:00,2390,2390,2332,2349.4,1721265
4/23/2021 15:30:00,2340,2350,2300,2307.75,1949756
4/26/2021 15:30:00,2324,2369.8,2311,2360.65,1946867
4/27/2021 15:30:00,2363,2386.45,2352.95,2379.85,1668456
4/28/2021 15:30:00,2380,2445,2366.3,2406.55,1951215
4/29/2021 15:30:00,2433,2448.95,2384.15,2407.6,3151150
4/30/2021 15:30:00,2410,2442.9,2330.25,2353.75,4010778
5/3/2021 15:30:00,2343,2415,2340,2408,1692239
5/4/2021 15:30:00,2409.2,2418.2,2372.2,2407.65,1453111
5/5/2021 15:30:00,2434,2434,2368.65,2394.65,1256857
5/6/2021 15:30:00,2400,2416.55,2377.05,2390,1377740
5/7/2021 15:30:00,2408.8,2424,2397.15,2411.2,1169518
5/10/2021 15:30:00,2423,2446.95,2416,2432.9,988495
5/11/2021 15:30:00,2425,2426,2394.25,2402.1,1019077
5/12/2021 15:30:00,2389,2389,2325.05,2328.95,2053932
5/14/2021 15:30:00,2328.9,2382.4,2326,2376.85,1388970
5/17/2021 15:30:00,2385,2395,2366.5,2376.25,811243
5/18/2021 15:30:00,2402.1,2408.35,2366.95,2374.25,1153722
5/19/2021 15:30:00,2360,2380,2344,2359.75,1323590
5/20/2021 15:30:00,2360,2362,2340,2344.15,856235
5/21/2021 15:30:00,2340,2366.15,2340,2362.25,771492
5/24/2021 15:30:00,2355,2359.95,2325.25,2336.55,1194864
5/25/2021 15:30:00,2355,2369.8,2338,2344.05,1098457
5/26/2021 15:30:00,2355.75,2370.2,2345.25,2354,811095
5/27/2021 15:30:00,2353,2353,2322.9,2326.4,3755182
5/28/2021 15:30:00,2333.35,2350,2319.35,2321.7,1215325
5/31/2021 15:30:00,2325,2345,2320.15,2340.05,1178704
6/1/2021 15:30:00,2347,2363,2330.6,2358.3,1141451
6/2/2021 15:30:00,2356,2373.65,2350,2358.8,1113091
6/3/2021 15:30:00,2369,2371.05,2345,2363.25,868532
6/4/2021 15:30:00,2370,2370,2333.95,2342.05,1283795
6/7/2021 15:30:00,2354,2354,2331,2339.3,1128300
6/8/2021 15:30:00,2339.3,2362,2335.15,2359,1106664
6/9/2021 15:30:00,2362,2371.95,2345.6,2356,1072858
6/10/2021 15:30:00,2364,2399.95,2355.25,2378.8,1944339
6/11/2021 15:30:00,2381,2388.55,2360,2366.5,1128097
6/14/2021 15:30:00,2358.4,2375.1,2336.6,2364.6,1761632
6/15/2021 15:30:00,2360,2395,2360,2391.95,1215463
6/16/2021 15:30:00,2385,2418.85,2383.65,2407.9,2153668
6/17/2021 15:30:00,2398,2425.9,2386.4,2417.7,1555777
6/18/2021 15:30:00,2420,2496.7,2405,2482.9,3937751
6/21/2021 15:30:00,2473.95,2529,2467,2514.35,2506277
6/22/2021 15:30:00,2518.1,2533.95,2481.65,2490.25,1945883
6/23/2021 15:30:00,2495,2514,2458.2,2480.5,1035668
6/24/2021 15:30:00,2490,2504.8,2474.1,2490.15,759681
6/25/2021 15:30:00,2488,2489.95,2445,2448.65,1112942
6/28/2021 15:30:00,2450.1,2465,2437.3,2460.2,694906
6/29/2021 15:30:00,2455,2497.5,2445,2492.55,1354397
6/30/2021 15:30:00,2492.55,2505,2463,2471.3,1447245
7/1/2021 15:30:00,2484,2484,2463,2478,735043
7/2/2021 15:30:00,2478,2492.7,2452,2487.3,860231
7/5/2021 15:30:00,2499,2513.4,2485.05,2499.05,761700
7/6/2021 15:30:00,2490,2497.95,2469,2472.5,461782
7/7/2021 15:30:00,2458,2490.8,2445.85,2481.65,623145
7/8/2021 15:30:00,2462.2,2469.75,2438.45,2447.55,1114426
7/9/2021 15:30:00,2440,2464.5,2438.45,2451.45,538094
7/12/2021 15:30:00,2453,2459.9,2430,2444.15,543898
7/13/2021 15:30:00,2455,2455.55,2430,2436.7,994396
7/14/2021 15:30:00,2439.8,2441.35,2409,2414.85,1377829
7/15/2021 15:30:00,2425,2425,2401,2412.35,693792
7/16/2021 15:30:00,2420,2430,2406,2417.4,545405
7/19/2021 15:30:00,2400.05,2417,2398.5,2408.65,463873
7/20/2021 15:30:00,2403,2460,2403,2434.9,1061476
7/22/2021 15:30:00,2450,2508,2375.5,2378.15,3546044
7/23/2021 15:30:00,2382,2391.75,2354.7,2358.1,1517589
7/26/2021 15:30:00,2357.25,2360,2338,2348.7,1311535
7/27/2021 15:30:00,2348.7,2359.45,2332,2342.4,1656945
7/28/2021 15:30:00,2350,2368.45,2343.1,2361.4,912373
7/29/2021 15:30:00,2361.4,2371.4,2330,2334.75,1012663
7/30/2021 15:30:00,2340,2356.55,2318,2333.3,1708251
8/2/2021 15:30:00,2342,2353.4,2324.6,2332.8,1229936
8/3/2021 15:30:00,2330,2393,2326.1,2386.85,1733476
8/4/2021 15:30:00,2386.85,2394.75,2367.55,2377.1,1588974
8/5/2021 15:30:00,2391,2391,2354,2357.7,921757
8/6/2021 15:30:00,2357.7,2380.75,2357.5,2371.5,1432661
8/9/2021 15:30:00,2379.45,2395,2374.85,2384.5,921476
8/10/2021 15:30:00,2394,2394,2359.1,2381.8,1061370
8/11/2021 15:30:00,2390,2395,2362.2,2390.45,1300594
8/12/2021 15:30:00,2395,2413.5,2377.45,2392.3,1226064
8/13/2021 15:30:00,2401,2409.65,2388,2404.5,1033159
8/16/2021 15:30:00,2404,2436.85,2392.65,2426.4,1146309
8/17/2021 15:30:00,2433,2487.45,2431.05,2483.8,1921902
8/18/2021 15:30:00,2485,2500,2454,2486.05,1545643
8/20/2021 15:30:00,2490,2630,2476,2619.4,5779927
8/23/2021 15:30:00,2625,2672.85,2594.5,2634.15,2163220
8/24/2021 15:30:00,2634,2658,2610,2633,1482854
8/25/2021 15:30:00,2632,2666.45,2620.65,2645,1746570
8/26/2021 15:30:00,2631,2697.8,2631,2666.4,2117291
8/27/2021 15:30:00,2669,2690,2651.1,2677.95,1176229
8/30/2021 15:30:00,2691.6,2705.75,2671.6,2687.7,1168190
8/31/2021 15:30:00,2687.9,2737.45,2675.65,2724.1,2535891
9/1/2021 15:30:00,2745,2775,2715,2732.9,1775792
9/2/2021 15:30:00,2748,2810,2730.15,2801.05,1946183
9/3/2021 15:30:00,2802.2,2808.75,2756,2766.7,1561823
9/6/2021 15:30:00,2790,2825,2775.3,2780.6,1444978
9/7/2021 15:30:00,2788.6,2808.7,2770,2777.7,1219915
9/8/2021 15:30:00,2788.9,2810,2765.1,2800.9,946711
9/9/2021 15:30:00,2782,2823.65,2782,2810.65,879454
9/13/2021 15:30:00,2797.5,2822.45,2775,2786.35,1341412
9/14/2021 15:30:00,2802,2804,2751.05,2762.55,1755061
9/15/2021 15:30:00,2774,2785,2749.05,2775.45,1362350
9/16/2021 15:30:00,2752,2797.3,2752,2768.25,1259196
9/17/2021 15:30:00,2770.1,2783,2699,2722.25,3095032
9/20/2021 15:30:00,2720,2809,2710.05,2800.35,2671330
9/21/2021 15:30:00,2810,2859.3,2796.65,2812.45,2277437
9/22/2021 15:30:00,2827.9,2839.9,2774,2784.5,1580594
9/23/2021 15:30:00,2799,2817.7,2772.85,2782.3,1054473
9/24/2021 15:30:00,2770.1,2780,2731.4,2746.65,1635284
9/27/2021 15:30:00,2765,2765,2704.5,2709.5,1465932
9/28/2021 15:30:00,2725,2754.45,2709.9,2723.85,1078052
9/29/2021 15:30:00,2714.95,2744.45,2677,2685.3,1503894
9/30/2021 15:30:00,2685.3,2705.3,2681.95,2701.8,1620199
10/1/2021 15:30:00,2706,2712,2680.1,2704.05,956111
10/4/2021 15:30:00,2700,2724,2679.7,2686.2,1025005
10/5/2021 15:30:00,2686.2,2714.95,2686,2708.65,562784
10/6/2021 15:30:00,2694.05,2734,2676,2686.05,862471
10/7/2021 15:30:00,2698,2704.25,2666,2669.4,1082816
10/8/2021 15:30:00,2670.5,2678.55,2625.4,2640.05,1579941
10/11/2021 15:30:00,2642.2,2665.5,2635.5,2645.1,1086252
10/12/2021 15:30:00,2625,2688.05,2625,2676.15,1174337
10/13/2021 15:30:00,2688.1,2693.6,2642.6,2646.75,1660007
10/14/2021 15:30:00,2646.75,2676.75,2620,2649.55,2158809
10/18/2021 15:30:00,2672.8,2678.9,2643.05,2654,1758177
10/19/2021 15:30:00,2669.9,2732,2520.5,2546.8,5431133
10/20/2021 15:30:00,2569,2584,2470,2478.65,4864654
10/21/2021 15:30:00,2503.4,2505,2428,2445.75,3254632
10/22/2021 15:30:00,2459,2498.25,2430,2454.1,1845622
10/25/2021 15:30:00,2454.1,2463.55,2410,2455.85,1560381
10/26/2021 15:30:00,2468.9,2468.9,2417.05,2436.85,1595060
10/27/2021 15:30:00,2455,2455.2,2391.15,2396.6,3083879
10/28/2021 15:30:00,2400,2416,2368,2389.65,2015791
10/29/2021 15:30:00,2400,2402,2373,2393.15,2453400
11/1/2021 15:30:00,2393,2410.9,2368.25,2407.1,1941114
11/2/2021 15:30:00,2415,2428,2402,2418.9,1350154
11/3/2021 15:30:00,2434,2434,2386.2,2411.35,1591607
11/4/2021 19:15:00,2429,2430,2420,2422.85,245719
11/8/2021 15:30:00,2449,2449,2400.1,2431.9,2555533
11/9/2021 15:30:00,2439.8,2446.2,2416.45,2431.15,1696949
11/10/2021 15:30:00,2411.05,2420,2396,2400.15,1794509
11/11/2021 15:30:00,2402.7,2406.95,2366.2,2376.2,1282647
11/12/2021 15:30:00,2388,2413.6,2376.2,2404.95,1651974
11/15/2021 15:30:00,2404.1,2430,2404.1,2424.75,1007999
11/16/2021 15:30:00,2434.65,2434.65,2400.1,2406.65,1245209
11/17/2021 15:30:00,2404,2410.05,2387.2,2391.15,956809
11/18/2021 15:30:00,2390,2406.35,2370,2399.4,1236943
11/22/2021 15:30:00,2409.4,2409.9,2377.15,2388.55,1629290
11/23/2021 15:30:00,2387.8,2400,2336.5,2394.2,1932539
11/24/2021 15:30:00,2406,2406,2367,2374.75,999070
11/25/2021 15:30:00,2387,2387,2341,2349.05,1363272
11/26/2021 15:30:00,2344,2365,2325.2,2335.1,2450902
11/29/2021 15:30:00,2334.4,2342.25,2284.7,2329.4,1724612
11/30/2021 15:30:00,2322,2361,2302,2317.55,3931035
12/1/2021 15:30:00,2340,2356.75,2323.25,2344.85,1263139
12/2/2021 15:30:00,2357,2388,2345,2383.3,1673117
12/3/2021 15:30:00,2383.3,2389.9,2337.9,2343.65,1890178
12/6/2021 15:30:00,2344,2363.95,2301,2306.5,1079171
12/7/2021 15:30:00,2327.9,2341.65,2312,2321.6,895313
12/8/2021 15:30:00,2318.25,2344.45,2318.25,2340.6,839769
12/9/2021 15:30:00,2341,2348.6,2321.55,2339.75,716666
12/10/2021 15:30:00,2347,2347,2320,2332.8,724539
12/13/2021 15:30:00,2352,2352,2301,2304.35,1804894
12/14/2021 15:30:00,2305,2324.95,2304,2318.3,1219031
12/15/2021 15:30:00,2316,2324.8,2300.5,2320.95,755122
12/16/2021 15:30:00,2320.95,2325.3,2303.95,2309.5,926493
12/17/2021 15:30:00,2303,2308.95,2226,2230.25,2439222
12/20/2021 15:30:00,2226,2274.35,2201.15,2269.1,2175705
12/21/2021 15:30:00,2290,2302.7,2252.75,2272.85,1591415
12/22/2021 15:30:00,2300,2317.4,2269,2277.65,1661605
12/23/2021 15:30:00,2298.95,2305,2274.6,2300.65,1423081
12/24/2021 15:30:00,2310,2313,2283.3,2296.95,895503
12/27/2021 15:30:00,2296.95,2308.1,2278.25,2301.4,584302
12/28/2021 15:30:00,2310,2318.4,2297.75,2309.1,783710
12/29/2021 15:30:00,2314.9,2321.85,2299.05,2306.85,1410236
12/30/2021 15:30:00,2308,2330,2296.65,2325.6,963711
12/31/2021 15:30:00,2340,2370.35,2330,2360.15,1123597
1/3/2022 15:30:00,2378,2378,2353,2361.3,879278
1/4/2022 15:30:00,2368.95,2408.1,2355.35,2401.25,1484275
1/5/2022 15:30:00,2403.8,2420,2392,2415.8,1202512
1/6/2022 15:30:00,2398,2412,2367.7,2391.4,1198901
1/7/2022 15:30:00,2388,2421.9,2388,2416.15,1026186
1/10/2022 15:30:00,2425,2425,2402,2407.05,919447
1/11/2022 15:30:00,2417.15,2418.3,2392,2403.65,1321335
1/12/2022 15:30:00,2407.2,2416,2398.5,2413.15,1487554
1/13/2022 15:30:00,2418,2421.9,2403.25,2414.2,1586299
1/14/2022 15:30:00,2420,2421,2360.8,2363.7,1596037
1/17/2022 15:30:00,2364,2394.2,2345,2389.55,912205
1/18/2022 15:30:00,2408.7,2408.7,2357.4,2369.5,1667579
1/19/2022 15:30:00,2364,2368.6,2305.05,2309.9,2145255
1/20/2022 15:30:00,2325,2325.55,2243,2261.8,2829711
1/21/2022 15:30:00,2264.8,2334.35,2250,2325.4,4596050
1/24/2022 15:30:00,2338.9,2344.95,2266.7,2284.6,2231103
1/25/2022 15:30:00,2283.5,2333.7,2240.9,2327.25,1843543
1/27/2022 15:30:00,2310,2325.6,2275,2295.35,2620474
1/28/2022 15:30:00,2294.6,2318.7,2278.05,2283.55,1967721
1/31/2022 15:30:00,2290,2311.85,2271,2273.75,1639875
2/1/2022 15:30:00,2303.3,2320,2278.4,2305.65,1270508
2/2/2022 15:30:00,2324.1,2333,2296.55,2327.9,1246111
2/3/2022 15:30:00,2329,2331.95,2290,2298.15,1448039
2/4/2022 15:30:00,2306,2312.75,2283,2306.6,1014561
2/7/2022 15:30:00,2295.25,2316.7,2237,2257.6,1207402
2/8/2022 15:30:00,2268,2268,2246.55,2264.35,1190660
2/9/2022 15:30:00,2267.55,2280.35,2255.6,2277.65,1049611
2/10/2022 15:30:00,2280,2285,2255.85,2283.15,1195100
2/11/2022 15:30:00,2279,2279,2249,2258,2100036
2/14/2022 15:30:00,2220,2236.25,2207,2228.55,1661501
2/15/2022 15:30:00,2247.95,2304.15,2222.55,2290.1,1533070
2/16/2022 15:30:00,2290.1,2303.75,2275,2286.5,995668
2/17/2022 15:30:00,2282,2313,2276,2307.55,869374
2/18/2022 15:30:00,2294,2327.8,2294,2312.55,890713
2/21/2022 15:30:00,2298,2304.05,2284.75,2294.8,737919
2/22/2022 15:30:00,2280,2280,2250.1,2269.95,902667
2/23/2022 15:30:00,2270,2273.95,2252.25,2260.4,1324411
2/24/2022 15:30:00,2200,2242,2160.3,2171.4,2997629
2/25/2022 15:30:00,2195,2196,2162.15,2170.7,2193728
2/28/2022 15:30:00,2164,2179.9,2120,2172.1,2334036
3/2/2022 15:30:00,2128.95,2154.8,2123.05,2149.1,2034688
3/3/2022 15:30:00,2157.9,2167.95,2086.6,2091,2372998
3/4/2022 15:30:00,2075,2077.95,1975.25,2019.5,6320118
3/7/2022 15:30:00,1979.5,1980.15,1927,1943.95,2976453
3/8/2022 15:30:00,1924.55,1958,1901.55,1949,3211938
3/9/2022 15:30:00,1964,2007.05,1951,1997.9,2879079
3/10/2022 15:30:00,2051.9,2114,2049,2101.95,4879791
3/11/2022 15:30:00,2100,2110.2,2070,2094.4,2481643
3/14/2022 15:30:00,2095,2095,2046.1,2059.3,1730325
3/15/2022 15:30:00,2045,2080.8,2025,2038.2,2391023
3/16/2022 15:30:00,2060,2080,2032.05,2072.15,2808685
3/17/2022 15:30:00,2098.1,2116.7,2082.35,2102.05,2995889
3/21/2022 15:30:00,2106.5,2110.9,2046,2051.2,1674982
3/22/2022 15:30:00,2053.75,2053.75,1969,1993.5,5356303
3/23/2022 15:30:00,2012,2016.55,1975.25,1978.55,3212162
3/24/2022 15:30:00,1970,1991.35,1951.35,1965.9,3054664
3/25/2022 15:30:00,1974.9,1977,1945,1953,2233647
3/28/2022 15:30:00,1959.95,1980.8,1931.3,1975.1,1794533
3/29/2022 15:30:00,1980,1994.85,1974.05,1987.05,1249125
3/30/2022 15:30:00,2000,2019,1995.05,2015.9,1476829
3/31/2022 15:30:00,2019.4,2054,2018,2048.65,2540524
4/1/2022 15:30:00,2054.9,2085.85,2038.4,2078.15,1714996
4/4/2022 15:30:00,2078,2132.45,2070.2,2128.45,1693019
4/5/2022 15:30:00,2144.5,2158,2127,2139.8,1277652
4/6/2022 15:30:00,2135,2164.4,2121.3,2142.05,1736115
4/7/2022 15:30:00,2139.95,2175,2135.1,2164.8,1824732
4/8/2022 15:30:00,2177.7,2193.5,2163.5,2183.05,1693462
4/11/2022 15:30:00,2188,2194.1,2138.9,2163.05,1380107
4/12/2022 15:30:00,2140.9,2165,2125,2132.25,1370233
4/13/2022 15:30:00,2137.7,2165,2130.7,2152.15,1071601
4/18/2022 15:30:00,2148,2182.9,2135.05,2177.65,1828131
4/19/2022 15:30:00,2185.7,2206.85,2101.05,2113.05,1775996
4/20/2022 15:30:00,2114.4,2168.65,2092.7,2164.95,1511804
4/21/2022 15:30:00,2185,2203.75,2168,2197.95,2244813
4/22/2022 15:30:00,2182,2189,2120,2126.95,3520828
4/25/2022 15:30:00,2100,2162,2047,2100.75,2437310
4/26/2022 15:30:00,2142.2,2157.95,2121,2148.35,1447088
4/27/2022 15:30:00,2147.8,2152.4,2103.5,2145.1,2214481
4/28/2022 15:30:00,2230,2250,2165,2241.85,5865359
4/29/2022 15:30:00,2244.4,2290,2222.55,2234.85,2678692
5/2/2022 15:30:00,2220,2252,2205.9,2230.5,1543544
5/4/2022 15:30:00,2241.95,2250.85,2148.65,2171.55,1608395
5/5/2022 15:30:00,2178,2201.95,2153.6,2166.6,1101451
5/6/2022 15:30:00,2125,2170,2106.2,2149.2,1585602
5/9/2022 15:30:00,2121.5,2139.4,2110.15,2116.65,1341414
5/10/2022 15:30:00,2134,2197.9,2119,2180.4,2162232
5/11/2022 15:30:00,2185,2189.7,2116,2163.5,1858636
5/12/2022 15:30:00,2164.85,2164.85,2109.2,2138.8,1531515
5/13/2022 15:30:00,2170,2218,2154.15,2194.1,2057239
5/16/2022 15:30:00,2200,2221.95,2172.3,2217.25,1396818
5/17/2022 15:30:00,2237.9,2277,2221.3,2245,2055096
5/18/2022 15:30:00,2236.1,2302,2236.1,2291.4,2137455
5/19/2022 15:30:00,2245.6,2283.8,2245.45,2264.55,1734602
5/20/2022 15:30:00,2290,2348,2282.7,2325.95,2599505
5/23/2022 15:30:00,2309,2388,2306.35,2379.8,2363306
5/24/2022 15:30:00,2380,2380,2302.05,2309.65,3078655
5/25/2022 15:30:00,2329.95,2329.95,2286.5,2298.7,1884260
5/26/2022 15:30:00,2290.15,2296,2258,2280.2,2299127
5/27/2022 15:30:00,2297,2334.9,2280.5,2330.6,1011303
5/30/2022 15:30:00,2342.2,2365,2331,2348.95,939562
5/31/2022 15:30:00,2360,2367.9,2303.9,2353.25,3123979
6/1/2022 15:30:00,2370,2413.8,2302,2308.45,2197599
6/2/2022 15:30:00,2295,2306.95,2257.15,2284.8,1460335
6/3/2022 15:30:00,2284,2324.95,2265.15,2291.95,1845303
6/6/2022 15:30:00,2272.2,2301.95,2247.6,2280.5,2131405
6/7/2022 15:30:00,2250,2259.85,2207.05,2211.6,2034730
6/8/2022 15:30:00,2215,2218.95,2186,2197.05,1506843
6/9/2022 15:30:00,2197,2208.35,2170.75,2197.7,1497867
6/10/2022 15:30:00,2163,2208.85,2162.8,2199.9,1641981
6/13/2022 15:30:00,2168,2217,2156,2196.9,1519441
6/14/2022 15:30:00,2190.85,2213.95,2160,2171,1592475
6/15/2022 15:30:00,2158.7,2158.9,2131,2146.55,1432377
6/16/2022 15:30:00,2145,2164,2135.05,2146.7,1353485
6/17/2022 15:30:00,2160,2160.4,2100,2110.45,3252189
6/20/2022 15:30:00,2111,2202.9,2108.15,2195.9,2022000
6/21/2022 15:30:00,2195,2232,2172.15,2205,1606187
6/22/2022 15:30:00,2189.2,2224.9,2186.05,2202.85,1741378
6/23/2022 15:30:00,2208,2257.35,2192.1,2252.6,1585753
6/24/2022 15:30:00,2265,2318.8,2260.05,2303.9,1930048
6/27/2022 15:30:00,2315.85,2331.85,2298.05,2320.65,1450391
6/28/2022 15:30:00,2320.65,2324,2277.85,2317.65,1404108
6/29/2022 15:30:00,2296.2,2299.9,2225,2233.45,1682914
6/30/2022 15:30:00,2224.9,2249,2213.4,2230.6,2387212
7/1/2022 15:30:00,2226,2293,2203.6,2282.35,1235612
7/4/2022 15:30:00,2276,2378.3,2276,2375.2,2410245
7/5/2022 15:30:00,2384.5,2412,2371.6,2401.5,2463079
7/6/2022 15:30:00,2400,2509.1,2400,2498.4,4770394
7/7/2022 15:30:00,2505,2531,2465.5,2472.95,3333262
7/8/2022 15:30:00,2476.45,2503.8,2452.8,2496.85,1346970
7/11/2022 15:30:00,2487,2525,2480,2490.6,1587249
7/12/2022 15:30:00,2475,2490.6,2444.45,2449.55,1116476
7/13/2022 15:30:00,2464,2519.35,2461.4,2497.75,2528792
7/14/2022 15:30:00,2502.75,2522.9,2468.2,2497.8,1663307
7/15/2022 15:30:00,2530,2573.9,2502.05,2568.5,2996964
7/18/2022 15:30:00,2581,2605,2533.05,2553.5,1566888
7/19/2022 15:30:00,2549.95,2575,2522.75,2567.95,1473121
7/20/2022 15:30:00,2575,2618,2535.6,2604.5,4012897
7/21/2022 15:30:00,2617,2629.9,2591.7,2607.45,1990695
7/22/2022 15:30:00,2617,2643.2,2611.05,2640.6,1905780
7/25/2022 15:30:00,2645.5,2654,2612,2623.6,1253821
7/26/2022 15:30:00,2625,2625,2538.1,2547.1,1685576
7/27/2022 15:30:00,2535.35,2590.5,2525,2581.95,1404133
7/28/2022 15:30:00,2625,2625,2585,2620.1,1442054
7/29/2022 15:30:00,2640,2645,2596,2637.4,1463059
8/1/2022 15:30:00,2637.5,2638,2580,2593,1559918
8/2/2022 15:30:00,2600,2639.1,2599,2635.25,1359934
8/3/2022 15:30:00,2615.25,2664,2597.9,2626.35,1767904
8/4/2022 15:30:00,2634,2643.45,2615,2627.95,1189384
8/5/2022 15:30:00,2638,2657.65,2627.55,2645.4,1176666
8/8/2022 15:30:00,2645.4,2658,2626.05,2650.35,1024511
8/10/2022 15:30:00,2650.35,2676.7,2631.2,2642.8,1098949
8/11/2022 15:30:00,2656.05,2667.75,2606.6,2613.7,810674
8/12/2022 15:30:00,2624.9,2626.1,2585.1,2594.95,1473527
8/16/2022 15:30:00,2607.95,2648.35,2590.55,2644.5,1584117
8/17/2022 15:30:00,2651,2694,2644.5,2684.65,1711381
8/18/2022 15:30:00,2685,2715,2664.65,2682.05,1465489
8/19/2022 15:30:00,2689,2698.95,2626.5,2634.55,1324508
8/22/2022 15:30:00,2648,2666.8,2620.1,2626.7,1410895
8/23/2022 15:30:00,2602.05,2629.7,2585.25,2592.75,1305045
8/24/2022 15:30:00,2576,2610,2561.3,2588.25,1242489
8/25/2022 15:30:00,2601.2,2628.4,2565.45,2574.2,1106593
8/26/2022 15:30:00,2599.9,2614.7,2562,2571.55,1048791
8/29/2022 15:30:00,2550,2607.9,2550,2575.8,1450034
8/30/2022 15:30:00,2588.7,2667,2585.6,2659.85,2227943
9/1/2022 15:30:00,2650,2655,2594,2606,1702269
9/2/2022 15:30:00,2615,2623,2585,2603.6,937600
9/5/2022 15:30:00,2597,2622.4,2586.1,2600.6,1274074
9/6/2022 15:30:00,2591.2,2620,2563,2573.1,1250776
9/7/2022 15:30:00,2571.8,2596.9,2560.8,2564.6,1344964
9/8/2022 15:30:00,2580,2596,2563,2577.15,1004533
9/9/2022 15:30:00,2598,2647,2583.45,2588.7,1785443
9/12/2022 15:30:00,2591,2605,2574,2580.4,1595709
9/13/2022 15:30:00,2598,2609,2579,2586.6,1342130
9/14/2022 15:30:00,2550,2606,2546.7,2571.4,1610054
9/15/2022 15:30:00,2580,2598.8,2551,2560.4,1199906
9/16/2022 15:30:00,2555,2563.85,2518.65,2528.15,2516820
9/19/2022 15:30:00,2531,2588,2508.05,2579.25,1166725
9/20/2022 15:30:00,2598.6,2621.5,2579.6,2583.55,1253333
9/21/2022 15:30:00,2582,2646.75,2580,2623.6,1960049
9/22/2022 15:30:00,2623.1,2701.25,2620.05,2692.75,2620240
9/23/2022 15:30:00,2697.9,2723.75,2674,2682.05,1789791
9/26/2022 15:30:00,2668.5,2729,2643.05,2660.55,2678551
9/27/2022 15:30:00,2676,2713.75,2653.4,2679.25,1898501
9/28/2022 15:30:00,2669.95,2708.75,2652.05,2702.1,1526197
9/29/2022 15:30:00,2711.1,2727,2691.1,2700.55,2019666
9/30/2022 15:30:00,2707,2714.9,2667.9,2696.45,1340054
10/3/2022 15:30:00,2723,2734,2617.55,2622.5,1683197
10/4/2022 15:30:00,2650,2676.5,2634.15,2667.95,1327939
10/6/2022 15:30:00,2681.3,2692.3,2605.05,2614,1752351
10/7/2022 15:30:00,2611.9,2613,2575,2599.7,1025923
10/10/2022 15:30:00,2570,2610.7,2542,2605.6,1043728
10/11/2022 15:30:00,2610,2610.55,2545,2550.65,1129783
10/12/2022 15:30:00,2563.45,2604.6,2554.2,2591.35,882873
10/13/2022 15:30:00,2583,2607.15,2562.9,2566.4,753331
10/14/2022 15:30:00,2590,2624.9,2570.2,2575.8,1001536
10/17/2022 15:30:00,2573.6,2609.95,2568,2590.55,778918
10/18/2022 15:30:00,2620,2642,2597,2602.25,1123374
10/19/2022 15:30:00,2615.3,2617.5,2578.4,2583,1241979
10/20/2022 15:30:00,2568.15,2610,2568.15,2600.9,1428125
10/21/2022 15:30:00,2606,2666.75,2606,2653.9,2458302
10/25/2022 15:30:00,2586,2586,2500,2505.4,2923789
10/27/2022 15:30:00,2494,2530,2488,2519,1846329
10/28/2022 15:30:00,2526.1,2550.9,2512,2524.25,1164951
10/31/2022 15:30:00,2545,2572,2542.05,2550.7,1324443
11/1/2022 15:30:00,2569,2575.85,2547.6,2551.8,1280132
11/2/2022 15:30:00,2564,2564,2501.4,2518.3,1338284
11/3/2022 15:30:00,2515.7,2549,2508.3,2546.35,730444
11/4/2022 15:30:00,2544.95,2546,2515.25,2520.35,889055
11/7/2022 15:30:00,2531.1,2552,2517,2532.8,1283685
11/9/2022 15:30:00,2510,2544.9,2492.65,2508.8,1436444
11/10/2022 15:30:00,2504,2538,2501.05,2513.6,1459152
11/11/2022 15:30:00,2545,2546.8,2495,2503.05,1162847
11/14/2022 15:30:00,2506.8,2513.75,2455.15,2457.8,2137131
11/15/2022 15:30:00,2457.8,2469,2444.15,2457.5,1558333
11/16/2022 15:30:00,2463.55,2483,2428.1,2477.85,1330395
11/17/2022 15:30:00,2479.95,2498,2454.25,2460,960476
11/18/2022 15:30:00,2470,2488.55,2448.85,2483.7,1075675
11/21/2022 15:30:00,2483.7,2512,2470.05,2501.4,1354881
11/22/2022 15:30:00,2505.9,2524,2497,2515.7,921265
11/23/2022 15:30:00,2521,2525,2502,2507.35,734152
11/24/2022 15:30:00,2517,2560,2511.15,2549.15,999929
11/25/2022 15:30:00,2555,2555.4,2518.2,2537.45,783480
11/28/2022 15:30:00,2527,2542.5,2521.8,2525.2,830905
11/29/2022 15:30:00,2527.2,2639.95,2527.2,2634.2,2542932
11/30/2022 15:30:00,2634,2698,2623,2684.35,3698270
12/1/2022 15:30:00,2680,2683,2646.85,2662.85,1675569
12/2/2022 15:30:00,2660,2660,2607.15,2615.1,2101890
12/5/2022 15:30:00,2600,2625,2585.15,2619.85,1640511
12/6/2022 15:30:00,2606.8,2659.95,2603.85,2654.55,1484562
12/7/2022 15:30:00,2660.05,2719.8,2656.25,2707.35,2368561
12/8/2022 15:30:00,2695.05,2711.05,2685.75,2705.45,1314703
12/9/2022 15:30:00,2724.7,2741.6,2711.25,2722.25,1883397
12/12/2022 15:30:00,2702.2,2724,2688.65,2717.25,1163204
12/13/2022 15:30:00,2717,2720,2697.8,2710.3,1265839
12/14/2022 15:30:00,2720,2720,2671.35,2684.65,886858
12/15/2022 15:30:00,2668.35,2683.25,2648.45,2663.25,990722
12/16/2022 15:30:00,2668,2687.7,2653.3,2671.3,1793864
12/19/2022 15:30:00,2671.3,2720,2671.3,2718.1,1546941
12/20/2022 15:30:00,2706,2706.05,2653.25,2674.55,827567
12/21/2022 15:30:00,2687.95,2695.15,2650.1,2666.2,779092
12/22/2022 15:30:00,2676.5,2688.5,2642,2645.35,852567
12/23/2022 15:30:00,2632,2649.55,2608.05,2621.1,1189702
12/26/2022 15:30:00,2620.95,2637.85,2606.75,2617.45,605144
12/27/2022 15:30:00,2625,2634.9,2575.25,2593.25,870960
12/28/2022 15:30:00,2593,2603.1,2578.1,2583.6,822651
12/29/2022 15:30:00,2580.25,2583.3,2539.4,2568.05,1345863
12/30/2022 15:30:00,2579.95,2586.45,2555.2,2561.05,696432
1/2/2023 15:30:00,2573.9,2580.05,2538.05,2558.4,681703
1/3/2023 15:30:00,2550.05,2562,2535,2542.05,821843
1/4/2023 15:30:00,2550.5,2558.4,2527.05,2536.1,1672649
1/5/2023 15:30:00,2537.55,2591.95,2537.5,2583.7,2008493
1/6/2023 15:30:00,2580,2611.9,2574.9,2576.45,991782
1/9/2023 15:30:00,2589.35,2629.45,2570,2624.05,1267078
1/10/2023 15:30:00,2624.05,2653.35,2615.1,2643.85,1413088
1/11/2023 15:30:00,2644,2647.85,2588.1,2593.25,1471687
1/12/2023 15:30:00,2586.1,2602.6,2572.75,2590.05,1703829
1/13/2023 15:30:00,2590.2,2639.25,2566.65,2624,1348015
1/16/2023 15:30:00,2627.95,2627.95,2584,2597.1,930068
1/17/2023 15:30:00,2605.45,2675,2601.8,2667.55,1892865
1/18/2023 15:30:00,2668,2693.5,2660,2686.2,2038075
1/19/2023 15:30:00,2670.1,2679.3,2611.9,2649.75,1649842
1/20/2023 15:30:00,2550,2605,2536.05,2548.75,4569549
1/23/2023 15:30:00,2560,2604,2552,2596.4,1388360
1/24/2023 15:30:00,2604,2610,2580.8,2600.5,1462462
1/25/2023 15:30:00,2600.5,2642,2594,2622.35,1591810
1/27/2023 15:30:00,2635.5,2646.55,2578.2,2612.15,1581382
1/30/2023 15:30:00,2610,2610,2530.2,2568.15,2744039
1/31/2023 15:30:00,2568,2590.2,2541.2,2576.75,2366794
2/1/2023 15:30:00,2600.2,2603,2546.85,2574.25,2014615
2/2/2023 15:30:00,2569.5,2639.75,2563,2634.85,1980667
2/3/2023 15:30:00,2640,2657.45,2631.15,2648.75,1638238
2/6/2023 15:30:00,2631,2645,2599.75,2637.6,1697446
2/7/2023 15:30:00,2645,2645.55,2595.3,2601.2,1495745
2/8/2023 15:30:00,2592.7,2607.5,2578.35,2582.8,1061956
2/9/2023 15:30:00,2587,2599.9,2566,2586.7,1102484
2/10/2023 15:30:00,2585,2586.65,2555.35,2577.5,1523011
2/13/2023 15:30:00,2560,2590.75,2550,2581,1146525
2/14/2023 15:30:00,2585,2602,2570.2,2579.6,1944364
2/15/2023 15:30:00,2550,2571.8,2537,2548.45,2009134
2/16/2023 15:30:00,2560,2561.9,2522.85,2527.1,1982857
2/17/2023 15:30:00,2525,2546.25,2506.9,2515.5,1395341
2/20/2023 15:30:00,2518,2543,2508.2,2511.45,632091
2/21/2023 15:30:00,2528,2543.95,2512.3,2516.15,862797
2/22/2023 15:30:00,2516.15,2523.55,2482.75,2494.05,885515
2/23/2023 15:30:00,2492,2515.9,2480.1,2490.65,757215
2/24/2023 15:30:00,2492.2,2511.25,2471.95,2484.2,732783
2/27/2023 15:30:00,2487,2487,2456,2468.15,853991
2/28/2023 15:30:00,2469.75,2474.35,2435.65,2460.65,1780454
3/1/2023 15:30:00,2458,2470,2448,2466.25,967339
3/2/2023 15:30:00,2466.25,2470,2444,2455.35,827174
3/3/2023 15:30:00,2466,2489.9,2455.65,2471,1176008
3/6/2023 15:30:00,2481.95,2498.85,2475.6,2484.85,1214503
3/8/2023 15:30:00,2487,2501.4,2467.2,2485.1,1448340
3/9/2023 15:30:00,2484.85,2491.95,2456.9,2461.4,1038910
3/10/2023 15:30:00,2450,2470.5,2445.1,2465.45,772024
3/13/2023 15:30:00,2466,2488.5,2445,2455.1,1314549
3/14/2023 15:30:00,2462,2472,2439.75,2442.45,1250763
3/15/2023 15:30:00,2451.9,2459.5,2393,2406.1,1738040
3/16/2023 15:30:00,2424.95,2469.3,2407.75,2459.35,1628035
3/17/2023 15:30:00,2471.65,2483.2,2439.8,2447.4,2127178
3/20/2023 15:30:00,2447.4,2516.65,2425,2511.2,1561128
3/21/2023 15:30:00,2515,2523.25,2458.75,2462.6,1595161
3/22/2023 15:30:00,2472.6,2481.4,2454.4,2476.35,1063244
3/23/2023 15:30:00,2475,2500.05,2466,2485.1,1578627
3/24/2023 15:30:00,2472.2,2497.9,2470,2480.8,1449326
3/27/2023 15:30:00,2485,2505,2464,2499,1387736
3/28/2023 15:30:00,2509.8,2513.5,2471.9,2482.8,1412387
3/29/2023 15:30:00,2485,2539.8,2480.05,2530.85,2613254
3/31/2023 15:30:00,2558.8,2568.45,2516.55,2560.35,2146167
4/3/2023 15:30:00,2570,2570,2515.05,2536.1,918048
4/5/2023 15:30:00,2512.5,2588.55,2502,2582.75,1489612
4/6/2023 15:30:00,2575,2585,2553,2565.25,797414
4/10/2023 15:30:00,2565.25,2568.95,2525,2532.15,853322
4/11/2023 15:30:00,2540,2555,2533,2547.75,913184
4/12/2023 15:30:00,2556,2556,2518.65,2528.95,1109809
4/13/2023 15:30:00,2525,2562.35,2525,2536.2,1261711
4/17/2023 15:30:00,2573,2579,2541.4,2551.85,1566977
4/18/2023 15:30:00,2560,2560,2530,2541.05,1474786
4/19/2023 15:30:00,2548,2548,2510.25,2531.6,1320243
4/20/2023 15:30:00,2517.8,2532.4,2480,2492.6,1401364
4/21/2023 15:30:00,2492,2509.5,2485.65,2497.95,1206288
4/24/2023 15:30:00,2502,2504.9,2475.1,2499.75,1735797
4/25/2023 15:30:00,2490.85,2499.75,2478.05,2490.45,1701098
4/26/2023 15:30:00,2490,2518,2482.2,2510.8,1245903
4/27/2023 15:30:00,2513.95,2522,2457,2468.95,2743893
4/28/2023 15:30:00,2436.05,2467.8,2419,2457.3,3761927
5/2/2023 15:30:00,2471.8,2478,2450,2451.7,1760370
5/3/2023 15:30:00,2456.95,2490,2452.65,2486,1258140
5/4/2023 15:30:00,2486.95,2509.35,2480.15,2506.75,1150227
5/5/2023 15:30:00,2500,2520,2494.7,2500.75,1354871
5/8/2023 15:30:00,2505.75,2526.85,2497.15,2516.3,972810
5/9/2023 15:30:00,2525,2525,2500.05,2515.8,1651327
5/10/2023 15:30:00,2521,2535,2505.85,2522.7,2025658
5/11/2023 15:30:00,2536.95,2599,2523.6,2592.4,1749356
5/12/2023 15:30:00,2594,2640,2586.4,2623.4,2170011
5/15/2023 15:30:00,2637.95,2670.75,2623.05,2662.25,1561055
5/16/2023 15:30:00,2670,2678.4,2650.6,2675.9,1477905
5/17/2023 15:30:00,2672,2674,2647.05,2661.75,839404
5/18/2023 15:30:00,2665.5,2669.2,2621.85,2627.55,1434067
5/19/2023 15:30:00,2628.65,2649,2600.65,2641.45,1174757
5/22/2023 15:30:00,2635,2655.45,2623.05,2638.1,768232
5/23/2023 15:30:00,2632,2649.8,2625,2628.3,703864
5/24/2023 15:30:00,2620,2638,2608,2614.95,628872
5/25/2023 15:30:00,2610,2626.15,2580.55,2597.25,1072231
5/26/2023 15:30:00,2603.75,2656.7,2603.1,2652.35,947073
5/29/2023 15:30:00,2670,2679.55,2645.05,2650.3,698267
5/30/2023 15:30:00,2655.5,2665,2650.85,2656.55,948051
5/31/2023 15:30:00,2656.55,2680,2638,2667.55,3388305
6/1/2023 15:30:00,2667,2731.25,2654.5,2697.9,1541080
6/2/2023 15:30:00,2710,2738.2,2691.65,2716.7,1509260
6/5/2023 15:30:00,2716.45,2722,2684.15,2695.8,1000190
6/6/2023 15:30:00,2700,2707.9,2670.15,2691.15,655372
6/7/2023 15:30:00,2690,2727,2679.35,2716.2,1428490
6/8/2023 15:30:00,2707,2721.55,2674.9,2679.9,923536
6/9/2023 15:30:00,2688.95,2688.95,2620.1,2636.2,1413808
6/12/2023 15:30:00,2645,2657,2633,2643.45,775484
6/13/2023 15:30:00,2629.6,2697,2627.5,2675.9,1787924
6/14/2023 15:30:00,2671,2702.1,2652,2698.75,1536248
6/15/2023 15:30:00,2713.95,2717.5,2678.15,2689.7,1830192
6/16/2023 15:30:00,2689.7,2724,2683.2,2715.65,1748145
6/19/2023 15:30:00,2702,2711.4,2675,2683.25,1068263
6/20/2023 15:30:00,2670,2680.4,2648.1,2676.1,1129279
6/21/2023 15:30:00,2685.95,2706.85,2668.45,2676.6,1201840
6/22/2023 15:30:00,2668.65,2678,2648.7,2654.35,830052
6/23/2023 15:30:00,2651.3,2660.55,2627.45,2641.6,991214
6/26/2023 15:30:00,2642.15,2674.2,2642.15,2652.1,758700
6/27/2023 15:30:00,2652.1,2661.6,2636,2651.35,687747
6/28/2023 15:30:00,2652.95,2687.6,2642,2661.25,1397573
6/30/2023 15:30:00,2665.95,2685.9,2651.35,2678.15,1160181
7/3/2023 15:30:00,2687,2705.85,2659.45,2701.05,980665
7/4/2023 15:30:00,2701.05,2706.7,2675,2700,721907
7/5/2023 15:30:00,2699.95,2759.4,2696.1,2755.85,1717547
7/6/2023 15:30:00,2759.9,2765,2735.65,2757.1,1265020
7/7/2023 15:30:00,2753.1,2769.65,2691,2698.1,1178930
7/10/2023 15:30:00,2709.9,2711.35,2651,2656.55,1518183
7/11/2023 15:30:00,2657.1,2716.75,2646,2684.5,2476367
7/12/2023 15:30:00,2704.95,2704.95,2642.5,2673.65,2395826
7/13/2023 15:30:00,2684.95,2687.45,2651.2,2654.7,1495067
7/14/2023 15:30:00,2655,2686.5,2651.05,2676.9,1419016
7/17/2023 15:30:00,2670,2703.2,2670,2681.7,912701
7/18/2023 15:30:00,2685.55,2701.1,2677.3,2682.8,1215904
7/19/2023 15:30:00,2682.75,2696.9,2660.9,2671.6,1166542
7/20/2023 15:30:00,2669.05,2716.3,2658.2,2703.25,1430764
7/21/2023 15:30:00,2650,2676.35,2592,2604,5198952
7/24/2023 15:30:00,2604,2605.95,2575,2580.25,1777469
7/25/2023 15:30:00,2580.2,2586.6,2562.3,2568.15,1653775
7/26/2023 15:30:00,2579.5,2598.8,2572.3,2583.3,1300033
7/27/2023 15:30:00,2561,2583,2553,2569.85,2276136
7/28/2023 15:30:00,2570,2593.75,2565.2,2584.6,966450
7/31/2023 15:30:00,2575.05,2582.9,2554,2560.8,2003252
8/1/2023 15:30:00,2570,2573.8,2545,2551.1,1758897
8/2/2023 15:30:00,2538,2573.45,2536,2568.95,2082908
8/3/2023 15:30:00,2557.95,2561.05,2537.2,2551.3,1475310
8/4/2023 15:30:00,2551.3,2558.95,2535.05,2546,1359318
8/7/2023 15:30:00,2540,2574,2538.75,2569.2,803823
8/8/2023 15:30:00,2569.2,2585.2,2555.55,2565.85,1002061
8/9/2023 15:30:00,2565.85,2568.95,2541,2552.2,1212549
8/10/2023 15:30:00,2549.05,2551.4,2527.6,2536.7,1313334
8/11/2023 15:30:00,2535,2536.65,2499,2501.8,1472199
8/14/2023 15:30:00,2501.8,2540,2488.1,2533.1,1060479
8/16/2023 15:30:00,2534,2555.05,2524.4,2552.6,1155882
8/17/2023 15:30:00,2552.6,2560.65,2533,2543.25,1532873
8/18/2023 15:30:00,2532.1,2567.75,2532.1,2554.75,1970819
8/21/2023 15:30:00,2554.75,2574.9,2539.05,2562.75,977004
8/22/2023 15:30:00,2573.6,2575,2553,2565.8,960025
8/23/2023 15:30:00,2575,2583.5,2562.5,2574.05,1136112
8/24/2023 15:30:00,2585,2591.75,2566.95,2581.25,1143934
8/25/2023 15:30:00,2567,2580.7,2551.5,2563.55,802955
8/28/2023 15:30:00,2565,2568,2539,2555.7,619841
8/29/2023 15:30:00,2558.9,2558.9,2522.1,2526.15,958564
8/30/2023 15:30:00,2526.15,2536,2520,2531.95,1227377
8/31/2023 15:30:00,2532.05,2539.8,2491.1,2505.05,3235414
9/1/2023 15:30:00,2505.05,2514.5,2500,2504.8,813413
9/4/2023 15:30:00,2514,2514,2492,2501.4,1143301
9/5/2023 15:30:00,2510,2523.45,2502.1,2507.05,844088
9/6/2023 15:30:00,2513.45,2526.1,2507.45,2523.5,1094146
9/7/2023 15:30:00,2510,2521.85,2500,2507.45,1894798
9/8/2023 15:30:00,2504,2521.05,2501.55,2513.8,1018234
9/11/2023 15:30:00,2513.8,2538.9,2509.05,2536.25,1121083
9/12/2023 15:30:00,2549,2549,2488,2498.85,3946716
9/13/2023 15:30:00,2494,2509,2492,2506.55,1231305
9/14/2023 15:30:00,2511,2514,2493.1,2500.8,2081195
9/15/2023 15:30:00,2474.8,2490,2466,2469.7,3750697
9/18/2023 15:30:00,2471.35,2492.95,2462,2488.65,1499641
9/20/2023 15:30:00,2449.65,2480,2445,2466.85,1795159
9/21/2023 15:30:00,2466,2483,2442.9,2473.35,2223720
9/22/2023 15:30:00,2468,2490,2458,2482.45,1176741
9/25/2023 15:30:00,2482.45,2499.7,2460,2475.85,1122778
9/26/2023 15:30:00,2474,2489,2461.25,2478.95,1263548
9/27/2023 15:30:00,2476,2504.8,2469,2501.75,1086791
9/28/2023 15:30:00,2500,2501,2453.2,2460.35,1612346
9/29/2023 15:30:00,2465.55,2472.8,2450.5,2465.6,1249567
10/3/2023 15:30:00,2490,2499,2461.8,2468.9,1585626
10/4/2023 15:30:00,2467.05,2511.05,2465.15,2507.85,1587335
10/5/2023 15:30:00,2518,2524.8,2495.35,2519.55,1909928
10/6/2023 15:30:00,2519.95,2520,2494,2499.4,1083342
10/9/2023 15:30:00,2485,2516.5,2481,2511.3,1468771
10/10/2023 15:30:00,2512.2,2520.85,2503.35,2516.2,1092373
10/11/2023 15:30:00,2518.35,2563.95,2516.25,2556.4,1697398
10/12/2023 15:30:00,2555,2567.55,2539.2,2557,1625010
10/13/2023 15:30:00,2553.05,2576.7,2542.7,2569.45,1531977
10/16/2023 15:30:00,2560,2582,2552.6,2558.3,954899
10/17/2023 15:30:00,2558.3,2570,2546.45,2556.15,1253538
10/18/2023 15:30:00,2570.05,2571.25,2539.55,2548.25,1084689
10/19/2023 15:30:00,2525,2554.4,2525,2548.1,1272343
10/20/2023 15:30:00,2520,2543.55,2485.05,2495.15,3608160
10/23/2023 15:30:00,2494,2509.95,2480.35,2483.5,922707
10/25/2023 15:30:00,2475.05,2490,2465,2477.3,1435836
10/26/2023 15:30:00,2461,2490,2455.65,2476.4,2650560
10/27/2023 15:30:00,2467.3,2495,2463.85,2482.05,1784812
10/30/2023 15:30:00,2471,2492,2462.4,2478.9,875135
10/31/2023 15:30:00,2470.2,2492,2467.8,2484,920414
11/1/2023 15:30:00,2485,2493.95,2466.8,2472.25,1267131
11/2/2023 15:30:00,2475,2496,2463.3,2486.8,1595123
11/3/2023 15:30:00,2497,2512.5,2485.8,2509.25,1125583
11/6/2023 15:30:00,2515,2517.75,2491.1,2497.4,1338677
11/7/2023 15:30:00,2496,2505.2,2485.25,2496.45,1473411
11/8/2023 15:30:00,2498,2525,2497.7,2519.35,745022
11/9/2023 15:30:00,2520.05,2522,2473.05,2476.7,1823094
11/10/2023 15:30:00,2477,2488.6,2465.35,2486.55,771062
11/13/2023 15:30:00,2477.2,2487.2,2471,2478.15,760809
11/15/2023 15:30:00,2501.9,2503.05,2476,2486.4,1457029
11/16/2023 15:30:00,2480.2,2505.8,2475.35,2491.2,1420578
11/17/2023 15:30:00,2465,2533.5,2465,2528.8,1756043
11/20/2023 15:30:00,2534.45,2534.5,2500,2506.45,944231
11/21/2023 15:30:00,2505,2517,2498,2505.25,1088806
11/22/2023 15:30:00,2507.75,2524.25,2504,2521.9,816610
11/23/2023 15:30:00,2506.2,2527.75,2506.2,2519.9,1023670
11/24/2023 15:30:00,2515.1,2519.8,2507.45,2515.2,735137
11/28/2023 15:30:00,2531.75,2531.75,2500,2510.55,1880641
11/29/2023 15:30:00,2512,2528.65,2508.1,2525.05,1265214
11/30/2023 15:30:00,2516.15,2554.5,2516.15,2545.55,3095684
12/1/2023 15:30:00,2547.5,2581.95,2542,2563.65,1345599
12/4/2023 15:30:00,2577,2608.4,2575,2602.3,2188039
12/5/2023 15:30:00,2637,2637,2556.3,2563.25,3108717
12/6/2023 15:30:00,2570,2583.7,2563,2567.65,1573754
12/7/2023 15:30:00,2551.1,2559.8,2498.6,2518.25,3925967
12/8/2023 15:30:00,2519,2533.95,2508.3,2522.3,1605805
12/11/2023 15:30:00,2522.3,2529.95,2499,2503.65,2012243
12/12/2023 15:30:00,2500,2518,2497,2502.75,1677929
12/13/2023 15:30:00,2507.85,2516.7,2498.05,2511.9,1513205
12/14/2023 15:30:00,2521.35,2524.8,2501.2,2516.35,2166569
12/15/2023 15:30:00,2520,2532,2507,2522.9,2543337
12/18/2023 15:30:00,2520.15,2544.5,2515,2535.5,1969036
12/19/2023 15:30:00,2535.05,2566.95,2535,2560.7,1656220
12/20/2023 15:30:00,2572.95,2572.95,2547,2557.5,1468642
12/21/2023 15:30:00,2542.25,2580,2536,2553.2,1945695
12/22/2023 15:30:00,2559.2,2579.75,2546.8,2575.6,1174984
12/26/2023 15:30:00,2575.6,2591.65,2567.05,2584.75,893776
12/27/2023 15:30:00,2586,2612,2580.9,2608.3,1073278
12/28/2023 15:30:00,2613.85,2640,2606.85,2633.8,1635216
12/29/2023 15:30:00,2633.8,2667.1,2621.25,2663.95,1305681
1/1/2024 15:30:00,2663.85,2669.4,2638,2654.75,526353