Date,Open,High,Low,Close,Volume
1/1/2015 15:30:00,492.24,495.5,489.23,493.6,500691
1/2/2015 15:30:00,493,504.76,493,503.3,1694580
1/5/2015 15:30:00,502.48,507.5,494.38,498.98,2484256
1/6/2015 15:30:00,495,496.25,483.53,488.55,2416829
1/7/2015 15:30:00,491.25,493.69,487.5,490.89,1812479
1/8/2015 15:30:00,496.4,499.25,487.5,493.36,3391230
1/9/2015 15:30:00,495.03,527.25,478.26,518.61,11215832
1/12/2015 15:30:00,523,529.8,518.75,528.99,3189722
1/13/2015 15:30:00,526.95,526.95,518.75,522.23,2200309
1/14/2015 15:30:00,524.63,533.25,523.15,532.16,2480315
1/15/2015 15:30:00,533.8,538.2,528.06,533.56,2085613
1/16/2015 15:30:00,537,540,528,529.58,1672740
1/19/2015 15:30:00,530,533.09,523.65,525.63,1021936
1/20/2015 15:30:00,526.75,533.25,525.36,531.05,1701126
1/21/2015 15:30:00,532.88,543.99,529.5,542.48,2123727
1/22/2015 15:30:00,543.7,550.75,540.33,549.11,2489599
1/23/2015 15:30:00,550,556.25,541.28,553.76,2371582
1/27/2015 15:30:00,555.25,555.25,532.53,534.13,3434992
1/28/2015 15:30:00,537.5,538.7,532.58,536.14,3283589
1/29/2015 15:30:00,536.25,537.48,531.9,536.38,3842356
1/30/2015 15:30:00,540.38,540.64,531.74,535.48,2708436
2/2/2015 15:30:00,535.38,538,531.51,534.21,2175635
2/3/2015 15:30:00,534.21,534.99,525.5,530.23,1316489
2/4/2015 15:30:00,534.98,537.5,531.6,535.71,1290004
2/5/2015 15:30:00,537.7,555,537,548.45,2968984
2/6/2015 15:30:00,551.25,561.95,547.13,557.63,1863432
2/9/2015 15:30:00,550,563.5,550,562.23,1634217
2/10/2015 15:30:00,560.75,574.5,560.25,569.58,2129230
2/11/2015 15:30:00,570.13,573.3,564.06,571.21,1449243
2/12/2015 15:30:00,570.75,580.49,568.25,577.8,1571884
2/13/2015 15:30:00,574.9,581.67,571.5,574.03,1414379
2/16/2015 15:30:00,570.08,576.73,566.31,569.69,1561069
2/18/2015 15:30:00,572.64,576.24,564.54,574.13,2153441
2/19/2015 15:30:00,573.5,583.5,573.01,581.17,2418406
2/20/2015 15:30:00,582.13,584,569.23,570.78,1742907
2/23/2015 15:30:00,575,577.3,562.03,566.4,1272622
2/24/2015 15:30:00,569.75,573.99,564.4,568.2,1609419
2/25/2015 15:30:00,572.23,583.7,570,579.4,1511243
2/26/2015 15:30:00,576.88,577.25,561.35,564.53,1611444
2/27/2015 15:30:00,568.73,570.16,562.88,566.44,1950269
3/2/2015 15:30:00,575.75,577.13,569.51,572.92,1760248
3/3/2015 15:30:00,572.5,575.74,569.58,574.46,1226388
3/4/2015 15:30:00,575,578.48,562.98,568.66,1093807
3/5/2015 15:30:00,566.76,574.69,558.34,561.9,1421229
3/9/2015 15:30:00,564.75,564.75,544.75,547.51,1996180
3/10/2015 15:30:00,549.53,551.74,540.05,549.5,1582479
3/11/2015 15:30:00,548.53,560,542.28,545.55,1695228
3/12/2015 15:30:00,544.75,556.61,544.25,554.58,1422141
3/13/2015 15:30:00,556.25,557.5,548.1,555.1,1544921
3/16/2015 15:30:00,552.64,570.5,552.64,566.66,1704658
3/17/2015 15:30:00,566.66,569.88,554.31,560.13,1384828
3/18/2015 15:30:00,563.63,565.71,555.64,557.38,1226391
3/19/2015 15:30:00,558.65,562.25,555.69,557.61,1722935
3/20/2015 15:30:00,560.25,567.23,558.24,564.36,1607724
3/23/2015 15:30:00,563.25,568.75,556.38,558.36,1269675
3/24/2015 15:30:00,558.73,563.35,551.5,552.86,1684133
3/25/2015 15:30:00,555.73,557.29,550.19,554.78,1542742
3/26/2015 15:30:00,552,553.73,533,536.59,3935210
3/27/2015 15:30:00,541,556.17,540.75,550.54,2518555
3/30/2015 15:30:00,551.4,560,548.73,557,1155772
3/31/2015 15:30:00,561.25,568.41,551.09,554.59,2004103
4/1/2015 15:30:00,549.73,549.88,539.42,543.49,1684622
4/6/2015 15:30:00,544.75,546.17,540.1,544.55,1935438
4/7/2015 15:30:00,543.75,545.7,534.5,539.88,2135567
4/8/2015 15:30:00,545.63,551.23,543.26,550.14,2546394
4/9/2015 15:30:00,552.85,554.73,546.1,553.75,2645387
4/10/2015 15:30:00,552.55,559.5,552.55,558.49,1780944
4/13/2015 15:30:00,559.5,561,554.03,559.7,1218084
4/15/2015 15:30:00,559.13,561.25,548.76,553.42,1559446
4/16/2015 15:30:00,555.5,557.75,540.13,548.66,2251953
4/17/2015 15:30:00,545.01,548.74,538.36,544.81,1612579
4/20/2015 15:30:00,544,545,528.79,533.04,3206346
4/21/2015 15:30:00,537,538.78,530.03,535.65,2220412
4/22/2015 15:30:00,537.76,538.75,524.49,534.42,3087746
4/23/2015 15:30:00,537.17,537.5,528,530.5,2972950
4/24/2015 15:30:00,533.98,537.55,495,498.8,10891363
4/27/2015 15:30:00,500,500.5,487.03,496.16,4955660
4/28/2015 15:30:00,495.5,495.5,488,490.23,2598375
4/29/2015 15:30:00,490.23,493,484.49,490.29,2072264
4/30/2015 15:30:00,490,491.25,483.08,485.56,3283565
5/4/2015 15:30:00,489.88,500,487.48,498.28,3340398
5/5/2015 15:30:00,500,500.93,488.01,490.69,2352129
5/6/2015 15:30:00,493.75,493.75,478.83,480.51,2627102
5/7/2015 15:30:00,480.5,491.78,477.5,486,1694996
5/8/2015 15:30:00,489.5,491.89,486.31,489.49,1444419
5/11/2015 15:30:00,491.25,500,488.05,498.41,1196378
5/12/2015 15:30:00,498.41,498.65,485.5,486.78,2071223
5/13/2015 15:30:00,487.94,491.23,482.13,489.18,1774771
5/14/2015 15:30:00,490,490.2,477,483.7,1558461
5/15/2015 15:30:00,483.75,491.65,483.08,490.44,1297336
5/18/2015 15:30:00,492.5,499.73,490.4,498.26,1617494
5/19/2015 15:30:00,496.83,508.93,496.5,505.59,2568019
5/20/2015 15:30:00,510,513,508.4,511.83,1470547
5/21/2015 15:30:00,512.23,515.48,509.31,512.11,2514828
5/22/2015 15:30:00,511,512.89,507.53,511.61,1722206
5/25/2015 15:30:00,512.63,514.14,501.76,504.2,1168952
5/26/2015 15:30:00,505,507.86,500.54,501.83,991260
5/27/2015 15:30:00,501.75,502.25,488.75,492.13,2113677
5/28/2015 15:30:00,493.8,508,493.8,504.15,2745135
5/29/2015 15:30:00,501.21,514.11,500.25,505.79,4748261
6/1/2015 15:30:00,508.2,516,505.81,511.95,1431223
6/2/2015 15:30:00,512.03,513.78,501.25,502.16,1168285
6/3/2015 15:30:00,504.55,509.86,502,505.23,1373949
6/4/2015 15:30:00,507.5,513.75,503.15,507.01,1872366
6/5/2015 15:30:00,507.5,511,502.04,502.91,1531447
6/8/2015 15:30:00,505,506.16,496.75,500.01,1535262
6/9/2015 15:30:00,500.94,501.91,495.75,498.03,1890435
6/10/2015 15:30:00,497.5,509.84,496.25,506.63,1596460
6/11/2015 15:30:00,508.99,511.19,498.76,499.41,2307366
6/12/2015 15:30:00,501.25,506.39,488.88,493.76,2463231
6/15/2015 15:30:00,488.48,499.4,484,495.23,2618213
6/16/2015 15:30:00,497.18,501.5,492.5,499.68,2611722
6/17/2015 15:30:00,505.5,510.5,496.1,497.85,3206034
6/18/2015 15:30:00,502.8,503.98,497.9,500.98,1737213
6/19/2015 15:30:00,505.15,505.2,496.55,497.68,3335229
6/22/2015 15:30:00,502.45,514.38,498.5,511.93,2855434
6/23/2015 15:30:00,512.5,513.7,499.08,500.2,3476058
6/24/2015 15:30:00,507.5,507.5,495.6,497.55,3536847
6/25/2015 15:30:00,499.6,501.75,493.83,495.23,3558733
6/26/2015 15:30:00,499.5,505.8,499.05,502.63,2660142
6/29/2015 15:30:00,493.5,499.75,491.25,495.08,2845334
6/30/2015 15:30:00,495,496.73,490,492.18,3106265
7/1/2015 15:30:00,494.5,502.5,493,498.7,3440426
7/2/2015 15:30:00,499.5,500.7,492.53,494,2003784
7/3/2015 15:30:00,494,496.5,491,495.15,1347653
7/6/2015 15:30:00,492.5,494,487.5,491.65,2152801
7/7/2015 15:30:00,492.5,495,489.5,490.25,1748709
7/8/2015 15:30:00,489.5,489.5,477.4,478.75,3512089
7/9/2015 15:30:00,478.75,483,467.03,469,4293886
7/10/2015 15:30:00,474.05,476.05,466.33,468.75,3705761
7/13/2015 15:30:00,470.5,477.5,467.03,475.08,3265884
7/14/2015 15:30:00,477.5,486.75,472.75,485.63,2683537
7/15/2015 15:30:00,485,492.98,484,492,2064783
7/16/2015 15:30:00,493.85,495.75,489.75,494.53,1736469
7/17/2015 15:30:00,495.5,502.25,494.55,500.93,1723989
7/20/2015 15:30:00,500.7,505.4,493.7,500.63,2188590
7/21/2015 15:30:00,517.5,574.5,517.5,556.33,19155056
7/22/2015 15:30:00,552.5,556,538.33,551.58,6332830
7/23/2015 15:30:00,551.98,558.5,545,549,3855374
7/24/2015 15:30:00,547.78,553.23,541.55,543.8,2240151
7/27/2015 15:30:00,543.45,543.98,530.23,532.65,3376122
7/28/2015 15:30:00,534.25,538,527.13,531.42,4238301
7/29/2015 15:30:00,537,546,532.5,542.7,3535667
7/30/2015 15:30:00,545,545,529,535,5978299
7/31/2015 15:30:00,539.28,540.67,530,538.53,3965506
8/3/2015 15:30:00,539,546,534.48,539.48,3980506
8/4/2015 15:30:00,539,539.48,525.5,528.63,4549527
8/5/2015 15:30:00,531,545,530.98,543.17,2376738
8/6/2015 15:30:00,547,552.75,538.5,543.48,3619126
8/7/2015 15:30:00,539.75,550.5,539.25,547.8,2494029
8/10/2015 15:30:00,549,553.17,533.5,543,1996377
8/11/2015 15:30:00,549.4,558.45,547.85,554.58,3787203
8/12/2015 15:30:00,557.5,0,0,557.5,0
8/13/2015 15:30:00,573.5,583.42,527.78,579,4893980
8/14/2015 15:30:00,582.5,584.35,571.55,574.63,2554533
8/17/2015 15:30:00,575,576.73,561.25,571.08,1553718
8/18/2015 15:30:00,575,588.85,575,582.17,2075223
8/19/2015 15:30:00,585,593.1,581.4,587.78,3434759
8/20/2015 15:30:00,579.5,584.25,564,567.28,4184557
8/21/2015 15:30:00,570.45,580.48,558.75,574.95,5411071
8/24/2015 15:30:00,554.98,561.5,539.3,546.03,7061342
8/25/2015 15:30:00,550,559.5,522.25,542.83,6867539
8/26/2015 15:30:00,544.9,548.5,529.5,532.3,5749106
8/27/2015 15:30:00,544,550.05,539.03,541.4,7671696
8/28/2015 15:30:00,550.8,562.45,550.8,555.53,3604410
8/31/2015 15:30:00,567.42,567.42,541.25,547.2,4958532
9/1/2015 15:30:00,545,557.3,541,544.5,4535775
9/2/2015 15:30:00,549,557.5,545,549.73,5585915
9/3/2015 15:30:00,555.08,556,546.25,549.67,4295268
9/4/2015 15:30:00,551.5,555.5,533.5,536.98,3659444
9/7/2015 15:30:00,542.48,542.5,527.5,529.38,2590494
9/8/2015 15:30:00,531,537,526.15,529.4,2729748
9/9/2015 15:30:00,543.55,549.8,536,544.35,4574332
9/10/2015 15:30:00,542.45,545.75,530.5,540.23,4181502
9/11/2015 15:30:00,545.78,553.2,542.75,545.38,4941905
9/14/2015 15:30:00,549.5,552,541.33,549.88,3278538
9/15/2015 15:30:00,549.7,0,0,550,0
9/16/2015 15:30:00,554,554.88,549.15,550.83,3739120
9/18/2015 15:30:00,555.9,558.95,549.53,552.23,5788438
9/21/2015 15:30:00,550,554.42,546.25,552.33,2175617
9/22/2015 15:30:00,557.5,567.98,550.55,553.73,4813493
9/23/2015 15:30:00,553.73,563.17,548.73,558.13,2379127
9/24/2015 15:30:00,556.75,576.35,555,570.28,6699631
9/28/2015 15:30:00,569.98,571.42,550.5,552.78,4894232
9/29/2015 15:30:00,551,566.7,548.75,560.92,4349685
9/30/2015 15:30:00,567.2,584.48,562.98,580.98,4747846
10/1/2015 15:30:00,584.95,598.88,580,586.53,5432197
10/5/2015 15:30:00,586.5,594.67,581,590.88,3440880
10/6/2015 15:30:00,593.53,596.28,574.05,577.3,4355940
10/7/2015 15:30:00,578,584.38,564.23,566.6,4591244
10/8/2015 15:30:00,568.2,574.8,563.03,566.08,4540437
10/9/2015 15:30:00,568,586.45,568,583.7,5891069
10/12/2015 15:30:00,599.5,609.9,554.5,561.45,15202485
10/13/2015 15:30:00,553.73,555.5,542.6,549.7,7663431
10/14/2015 15:30:00,545.73,557.78,543.6,548.8,4432755
10/15/2015 15:30:00,549.95,552.17,544.55,548.67,4127833
10/16/2015 15:30:00,549.5,0,0,548.45,0
10/19/2015 15:30:00,551,558,550.25,555.98,3673747
10/20/2015 15:30:00,556.5,565,555.3,562.98,4394155
10/21/2015 15:30:00,562.5,573.42,562.5,569.2,3639049
10/23/2015 15:30:00,570.9,576.5,562.55,574.95,3016681
10/26/2015 15:30:00,577,579.25,571.58,576.08,1597971
10/27/2015 15:30:00,575,577.5,572.05,574.7,2631874
10/28/2015 15:30:00,572.25,579,569.5,576.6,2627736
10/29/2015 15:30:00,576.55,577.95,568.03,572.53,2943662
10/30/2015 15:30:00,572.5,572.5,565,567.73,2022338
11/2/2015 15:30:00,565,567.9,557.05,565.6,1772494
11/3/2015 15:30:00,566.7,575.23,566.7,572.75,1807341
11/4/2015 15:30:00,575.05,578.8,566.15,568.4,1602786
11/5/2015 15:30:00,571.48,572.5,559.7,561.45,1172653
11/6/2015 15:30:00,561.5,571.95,561.45,569.15,1513086
11/9/2015 15:30:00,560,570,557.6,567.3,3062838
11/10/2015 15:30:00,563.75,563.75,550.05,551.92,2340026
11/13/2015 15:30:00,549.98,553,545,550.4,1760434
11/16/2015 15:30:00,541.83,547,533.6,540.1,3404167
11/17/2015 15:30:00,540,541.45,526,530.75,3592053
11/18/2015 15:30:00,520.5,522.58,505.63,510,5062626
11/19/2015 15:30:00,515.13,526,511.9,523.9,4269811
11/20/2015 15:30:00,524,531.6,521.03,526.2,3041489
11/23/2015 15:30:00,525,531.2,519,526.85,2808175
11/24/2015 15:30:00,525,525.4,518.5,520.58,2162901
11/26/2015 15:30:00,520.48,529.75,520.03,526.2,4926984
11/27/2015 15:30:00,529,535,522.5,533.17,2571239
11/30/2015 15:30:00,535,0,0,533,0
12/1/2015 15:30:00,544,547.5,536.48,539.5,2949275
12/2/2015 15:30:00,539.98,539.98,529.5,530.35,3198808
12/3/2015 15:30:00,530.5,532.4,524.53,528.88,2752363
12/4/2015 15:30:00,524.5,532.45,520.05,524.53,4187765
12/7/2015 15:30:00,527.65,529.5,520,523.13,2256935
12/8/2015 15:30:00,522.53,531.38,519.65,522.2,2862186
12/9/2015 15:30:00,521.5,523.48,511.28,514.1,3409127
12/10/2015 15:30:00,518.3,525.8,515.15,523.67,2793873
12/11/2015 15:30:00,527,530.95,522.95,526.4,2695099
12/14/2015 15:30:00,524.75,536.58,524.03,534.75,2408336
12/15/2015 15:30:00,536.63,539.55,529.4,538.78,2715904
12/16/2015 15:30:00,541.7,549,541.7,547.92,2747926
12/17/2015 15:30:00,550,554.9,544,553.55,2479391
12/18/2015 15:30:00,551.7,551.7,539.73,541.58,3609910
12/21/2015 15:30:00,538.5,553.7,532.98,551.73,2165506
12/22/2015 15:30:00,548.73,548.73,540.05,541.88,2054627
12/23/2015 15:30:00,547.53,551.25,543.53,550.42,1435464
12/24/2015 15:30:00,551.03,552.23,545.05,548.17,615027
12/28/2015 15:30:00,545,555,545,552.38,2763476
12/29/2015 15:30:00,550.63,555,548.65,552.35,1672531
12/30/2015 15:30:00,550.55,553.3,541.5,543.15,2576985
12/31/2015 15:30:00,545.08,554.98,543.5,552.7,3971969
1/1/2016 15:30:00,550,554.48,546.6,552.63,903275
1/4/2016 15:30:00,549.98,551.23,538.03,539.45,1987681
1/5/2016 15:30:00,542.75,542.75,531.13,537.03,2474893
1/6/2016 15:30:00,537.33,537.33,529.45,534.67,2794164
1/7/2016 15:30:00,530.03,533.95,523.95,525.4,2647044
1/8/2016 15:30:00,530.75,533.7,527.75,531.65,1578358
1/11/2016 15:30:00,528.15,534.98,526.05,527.85,2680311
1/12/2016 15:30:00,531,531.48,515.42,524.03,3282606
1/13/2016 15:30:00,528.5,545.5,524.05,541.7,4375647
1/14/2016 15:30:00,533,577.5,527.17,566.5,15113503
1/15/2016 15:30:00,574,582,568.78,569.95,6518307
1/18/2016 15:30:00,569.95,581.05,564.17,565.95,5033306
1/19/2016 15:30:00,567.5,579.48,564.28,569.83,3750218
1/20/2016 15:30:00,567,580,558.5,560.63,3753999
1/21/2016 15:30:00,567.5,571.25,561,568.53,3371500
1/22/2016 15:30:00,574.05,576.25,565.5,568.13,3218009
1/25/2016 15:30:00,570.13,573.42,562.28,568.83,2289631
1/27/2016 15:30:00,573.23,574.8,567.5,569.25,3485981
1/28/2016 15:30:00,568,571.3,563.1,564.8,3894299
1/29/2016 15:30:00,569,585,565.8,582.45,5116054
2/1/2016 15:30:00,585,589.95,580.8,586.67,2125563
2/2/2016 15:30:00,588.42,595,582,587.78,3816351
2/3/2016 15:30:00,583.9,587.95,576.38,578.85,2622983
2/4/2016 15:30:00,580.03,597.48,580.03,589.88,2774673
2/5/2016 15:30:00,587.75,593.33,585.92,587.35,1992112
2/8/2016 15:30:00,581.88,586.1,571.9,572.92,2110522
2/9/2016 15:30:00,564.15,564.15,546.75,553.83,3789786
2/10/2016 15:30:00,554,563.75,552.5,554.28,2933027
2/11/2016 15:30:00,555.5,556.5,535.58,539.33,2607189
2/12/2016 15:30:00,547.35,0,0,539.4,0
2/15/2016 15:30:00,548.13,550.1,543.3,545.88,2546739
2/16/2016 15:30:00,543.5,546.38,536.85,539.58,2562724
2/17/2016 15:30:00,540.88,551.5,538.5,548.92,2082299
2/18/2016 15:30:00,550,563.5,550,561.7,2094536
2/19/2016 15:30:00,559.6,567.1,556.92,563.63,1987009
2/22/2016 15:30:00,565.5,566.98,557.03,563.33,1928505
2/23/2016 15:30:00,565.13,566.25,558.03,561.95,1250980
2/24/2016 15:30:00,559.75,571.88,559.17,562.67,2475357
2/25/2016 15:30:00,562.7,565.3,550.55,555.15,2242264
2/26/2016 15:30:00,560.08,566,558,560.58,2117818
2/29/2016 15:30:00,564.75,565.2,534.15,542.03,4083038
3/1/2016 15:30:00,547.4,565.15,547.4,562.73,3193077
3/2/2016 15:30:00,568.53,581.75,562.5,578,3607449
3/3/2016 15:30:00,584,596.42,577,584.65,2907152
3/4/2016 15:30:00,587.8,592.5,579.55,585.33,2140840
3/8/2016 15:30:00,581.5,595.25,573.7,581.73,3808873
3/9/2016 15:30:00,572.5,591.88,571.48,589.25,3152891
3/10/2016 15:30:00,581.45,581.45,569.67,571.25,12190508
3/11/2016 15:30:00,573.1,577.98,569.1,571.5,2029274
3/14/2016 15:30:00,573,577.13,569.25,570.6,2087131
3/15/2016 15:30:00,572,577.25,564.48,567.2,3360129
3/16/2016 15:30:00,570.95,577.5,565.78,576.23,2794425
3/17/2016 15:30:00,578.45,584.88,577.03,580.88,3237311
3/18/2016 15:30:00,581.4,599.5,581,596.7,4238711
3/21/2016 15:30:00,594,599.5,590.03,597.45,2569196
3/22/2016 15:30:00,595.63,597,586,594.98,3548975
3/23/2016 15:30:00,595,605.35,591.05,603.9,3166588
3/28/2016 15:30:00,616.2,618.5,597.88,602.45,5393755
3/29/2016 15:30:00,599.5,609.45,595.78,598.63,3497678
3/30/2016 15:30:00,598.8,605,597.78,602.98,2878409
3/31/2016 15:30:00,605.13,614.95,600.15,609.15,8998160
4/1/2016 15:30:00,608,611.1,597.55,602.73,2755714
4/4/2016 15:30:00,606.78,624,606.78,621.85,2288527
4/5/2016 15:30:00,621,621.15,607,609.9,2395358
4/6/2016 15:30:00,614,614,598,600.35,2465677
4/7/2016 15:30:00,604.2,604.2,587.5,590.75,2828945
4/8/2016 15:30:00,587.92,588.75,581.03,582.88,2097789
4/11/2016 15:30:00,582.9,593.38,575.55,591.95,2884339
4/12/2016 15:30:00,590.25,597.45,589.3,591.1,2921069
4/13/2016 15:30:00,597.48,597.48,583.17,586.35,6255693
4/18/2016 15:30:00,625,633.95,616.75,619.35,12507995
4/20/2016 15:30:00,622,623.23,612.9,621.8,4036424
4/21/2016 15:30:00,625.5,625.5,609.05,613.15,2720550
4/22/2016 15:30:00,613.15,614.25,603.5,605.63,2571969
4/25/2016 15:30:00,606.03,612.4,600.55,607.92,2682067
4/26/2016 15:30:00,607.73,619.78,604.3,616.08,2923372
4/27/2016 15:30:00,614.6,621.17,614.28,620.08,2243104
4/28/2016 15:30:00,615.5,619.8,603.5,604.58,6082584
4/29/2016 15:30:00,605.73,611.78,602.5,604.05,2518205
5/2/2016 15:30:00,605,605.58,598.08,600.53,1807625
5/3/2016 15:30:00,601.38,606.1,585.9,588.9,3412405
5/4/2016 15:30:00,590.5,596.5,585.33,594.42,2906421
5/5/2016 15:30:00,597.58,599.5,590.55,596.23,3151334
5/6/2016 15:30:00,594.9,594.9,588.53,590.75,1298360
5/9/2016 15:30:00,591,600.78,590.3,599.53,2561839
5/10/2016 15:30:00,601.25,608.33,598.3,606.4,1697852
5/11/2016 15:30:00,599.25,607.35,596.25,600.92,1854944
5/12/2016 15:30:00,601.95,606.5,598.4,605,1703466
5/13/2016 15:30:00,603,605,596.08,603.63,2826032
5/16/2016 15:30:00,605.1,611.83,602.5,607.5,2266939
5/17/2016 15:30:00,610,612.88,604.08,607.13,1898147
5/18/2016 15:30:00,599.5,607,598.95,604.92,2128298
5/19/2016 15:30:00,605.48,608.08,600.5,602.88,1977200
5/20/2016 15:30:00,602.5,609.75,600,600.8,1997274
5/23/2016 15:30:00,601.7,602.58,592.5,594,2292973
5/24/2016 15:30:00,595.53,595.88,588.8,593.88,1742530
5/25/2016 15:30:00,597.05,606.55,597.05,604.33,1928698
5/26/2016 15:30:00,605.05,619.9,605.05,617.08,3068218
5/27/2016 15:30:00,615.8,629.75,615.8,623.75,3090382
5/30/2016 15:30:00,620.75,636,620.75,633.8,2642850
5/31/2016 15:30:00,632.5,633.38,619.5,624.33,6891019
6/1/2016 15:30:00,623.03,634.25,623,629.1,2420267
6/2/2016 15:30:00,627.5,637.45,627,630.78,2526776
6/3/2016 15:30:00,630.03,639.65,630.03,633.45,1999190
6/6/2016 15:30:00,632.45,638.5,630.55,633.38,2112884
6/7/2016 15:30:00,633.5,636.25,627.55,628.7,2846210
6/8/2016 15:30:00,631.98,631.98,617.67,619.05,4370685
6/9/2016 15:30:00,613.13,613.13,590.03,592.75,6370402
6/10/2016 15:30:00,587.7,595,585.05,590.3,3191978
6/13/2016 15:30:00,588.4,592.45,583,590.45,2643361
6/14/2016 15:30:00,591.2,591.2,583.63,587.5,1470364
6/15/2016 15:30:00,591.85,596.33,589.53,594.98,3355786
6/16/2016 15:30:00,594.75,594.75,585.05,593,2651282
6/17/2016 15:30:00,594.5,596.38,587.55,589.75,4257541
6/20/2016 15:30:00,590.5,605.9,589.85,604.38,3114783
6/21/2016 15:30:00,605.6,607.4,597.83,603.05,2380862
6/22/2016 15:30:00,602,605.98,594.08,599.75,1515629
6/23/2016 15:30:00,598.65,607.42,596.67,605.8,1914313
6/24/2016 15:30:00,594,599.5,580,597.28,3904174
6/27/2016 15:30:00,586.03,591.6,580,583.1,2791889
6/28/2016 15:30:00,581.4,586.25,577.55,579.58,3827987
6/29/2016 15:30:00,584.5,589.95,580.1,588.42,2729575
6/30/2016 15:30:00,590.25,592.25,583.98,585.4,4673112
7/1/2016 15:30:00,590,590,585.05,586.2,1995956
7/4/2016 15:30:00,588.1,597.3,588.1,591.98,2690661
7/5/2016 15:30:00,592.5,593.75,585.53,587.73,1798208
7/7/2016 15:30:00,584.35,585.5,577.5,578.63,2977438
7/8/2016 15:30:00,581.5,583.5,576.75,579.1,2775824
7/11/2016 15:30:00,583.7,589.35,580,587.53,3334441
7/12/2016 15:30:00,590,590.17,584,588.28,3098684
7/13/2016 15:30:00,590,597.9,587.6,596.9,2637710
7/14/2016 15:30:00,597.5,598.03,582,588.13,3706664
7/15/2016 15:30:00,594.75,594.95,526,536.28,30742063
7/18/2016 15:30:00,538.63,542.45,527.58,540.98,7166412
7/19/2016 15:30:00,544.3,545,537.05,543.48,5202322
7/20/2016 15:30:00,535,544.95,535,541.55,4911448
7/21/2016 15:30:00,539.5,543.6,537.8,539.95,4334001
7/22/2016 15:30:00,535,539.95,533.35,536.23,4693269
7/25/2016 15:30:00,531.5,541.63,531.5,540.42,4234776
7/26/2016 15:30:00,535.17,544.95,535.17,544.35,3594805
7/27/2016 15:30:00,542.35,548.25,539.28,542.67,3715910
7/28/2016 15:30:00,542.7,543.48,537.03,538.75,5629281
7/29/2016 15:30:00,536.3,538.38,533.25,536.92,4078392
8/1/2016 15:30:00,535.75,543.92,534.17,542.63,4548331
8/2/2016 15:30:00,539.95,542.5,537.5,541.9,3411251
8/3/2016 15:30:00,542.83,543.25,535.15,542.45,3606730
8/4/2016 15:30:00,543.2,543.45,535.03,535.9,2118639
8/5/2016 15:30:00,536,536.73,530,534,2804984
8/8/2016 15:30:00,534.5,540.5,531.28,539.35,2321532
8/9/2016 15:30:00,538.5,542.25,535.75,541.7,3596332
8/10/2016 15:30:00,538,543.95,537.6,541.17,2788227
8/11/2016 15:30:00,540.85,547.5,537.63,538.67,2519276
8/12/2016 15:30:00,537.53,539.4,530,531.28,3724964
8/16/2016 15:30:00,521,529.03,514,525.9,8214704
8/17/2016 15:30:00,524.98,526.33,515.25,516.65,3299658
8/18/2016 15:30:00,518.25,519.55,510.75,511.7,4217000
8/19/2016 15:30:00,515,519.5,509.23,510.65,2843008
8/22/2016 15:30:00,509,515,504.55,507.73,5126759
8/23/2016 15:30:00,510.05,521,510.05,519.83,3703069
8/24/2016 15:30:00,523.5,531.03,523.5,528.7,3064983
8/25/2016 15:30:00,527.5,528.8,516.05,518.08,2398281
8/26/2016 15:30:00,518,523,508.53,510.13,3440527
8/29/2016 15:30:00,508.8,515,505.5,511.4,2610141
8/30/2016 15:30:00,516.23,522.5,512.5,520.2,2187719
8/31/2016 15:30:00,518.55,522.88,513.9,517.92,5569907
9/1/2016 15:30:00,519,520.23,516,518.78,1438913
9/2/2016 15:30:00,519.53,520,513.1,515.92,1666296
9/6/2016 15:30:00,519.13,524.45,517.8,522.5,4107522
9/7/2016 15:30:00,524,529.5,522,527.17,3712735
9/8/2016 15:30:00,522.5,522.5,512,518.83,4546387
9/9/2016 15:30:00,518.5,520.5,513.28,517.75,2526719
9/12/2016 15:30:00,512.63,529,512.63,527,3101548
9/14/2016 15:30:00,526.98,528.9,520.33,522.8,2576209
9/15/2016 15:30:00,522.8,523.4,517.67,521.1,2350861
9/16/2016 15:30:00,524.5,532.25,519.05,530.08,4974692
9/19/2016 15:30:00,523,534.45,520.67,530.6,2904577
9/20/2016 15:30:00,526.65,528.58,522.88,525.08,2107002
9/21/2016 15:30:00,527,530.63,525.53,527.88,2115766
9/22/2016 15:30:00,529.5,530.5,526,529.4,1814757
9/23/2016 15:30:00,528.5,529.4,520,521.28,2602647
9/26/2016 15:30:00,521.38,522,515.5,517.95,3185899
9/27/2016 15:30:00,517.53,524.95,516.67,519.88,3262830
9/28/2016 15:30:00,520,521.15,516.63,519.48,2717354
9/29/2016 15:30:00,522.48,522.48,512,514.6,4451319
9/30/2016 15:30:00,515.55,521.95,515.55,518.03,3251177
10/3/2016 15:30:00,517.75,520,513.05,519.05,1828080
10/4/2016 15:30:00,520,525.7,519.15,524.6,2533293
10/5/2016 15:30:00,524.6,524.92,518.5,520.75,1153787
10/6/2016 15:30:00,522.5,522.5,512.98,513.7,1860941
10/7/2016 15:30:00,514.98,516.9,505.05,506.28,3144279
10/10/2016 15:30:00,508.5,515.88,505,514.98,2706585
10/13/2016 15:30:00,510.7,529,510.7,526.17,4889345
10/14/2016 15:30:00,526.45,541.35,498.13,513.58,16730845
10/17/2016 15:30:00,517.48,520.9,508.68,511.2,4007429
10/18/2016 15:30:00,515,520.25,513.65,519.53,3194067
10/19/2016 15:30:00,521,522.85,518,520.9,1754918
10/20/2016 15:30:00,522.38,525.35,516.9,518.33,1767745
10/21/2016 15:30:00,517.5,520.5,511.25,519.15,1931810
10/24/2016 15:30:00,518.75,521.35,512.75,513.55,1451487
10/25/2016 15:30:00,518.25,519.45,507.6,508.6,2818007
10/26/2016 15:30:00,508.5,509.93,504.65,507.1,1387608
10/27/2016 15:30:00,508.95,508.98,500.55,501.75,3613895
10/28/2016 15:30:00,502.6,505,496.58,498.75,2920353
11/1/2016 15:30:00,503.4,503.4,493.2,494.73,3166399
11/2/2016 15:30:00,492.4,493.75,490,490.53,2688597
11/3/2016 15:30:00,490.53,491,482.55,483.43,2612554
11/4/2016 15:30:00,483.5,489.6,480.5,485.5,3002774
11/7/2016 15:30:00,492.5,493,487.5,488.98,2268836
11/8/2016 15:30:00,493.45,493.88,485.3,491.3,2630554
11/9/2016 15:30:00,465,487.3,450.5,479.15,6382079
11/10/2016 15:30:00,481.25,481.25,467.5,469.7,3643665
11/11/2016 15:30:00,470,472.5,459.35,460.78,3548391
11/15/2016 15:30:00,462,469.98,454.28,461.78,4617925
11/16/2016 15:30:00,465,478.43,464.28,470.45,6111308
11/17/2016 15:30:00,467.13,474.5,463.2,464.9,2853365
11/18/2016 15:30:00,465,466.63,458.75,460,3020114
11/21/2016 15:30:00,463.45,463.45,453.48,455.55,3970284
11/22/2016 15:30:00,458.45,464.33,455.83,457.1,2741563
11/23/2016 15:30:00,461.05,461.45,456.23,460.13,4125893
11/24/2016 15:30:00,464.1,469.95,461.65,465.15,8390322
11/25/2016 15:30:00,465.23,492.5,465.23,488.75,6315690
11/28/2016 15:30:00,489.65,491.73,485.3,489.88,3682856
11/29/2016 15:30:00,489.4,492.35,483.55,486.3,3062753
11/30/2016 15:30:00,486.5,488.5,480.53,487.78,4250459
12/1/2016 15:30:00,488,491.78,483.5,487.8,2305795
12/2/2016 15:30:00,482.4,484.8,480.55,482.25,2226614
12/5/2016 15:30:00,482.95,484.3,479,480.83,1829788
12/6/2016 15:30:00,480.9,489.75,480.83,483.25,1781055
12/7/2016 15:30:00,484,486.5,480.1,483.2,1692990
12/8/2016 15:30:00,485.03,493.05,485.03,492.33,2970831
12/9/2016 15:30:00,492.5,504.08,490.75,494.68,4324192
12/12/2016 15:30:00,491.4,491.4,482.6,488.68,2672510
12/13/2016 15:30:00,490.25,496.43,485.55,495.1,2427141
12/14/2016 15:30:00,495.5,502.48,492.05,499.88,2691307
12/15/2016 15:30:00,498.7,509.48,494.5,496.18,3983208
12/16/2016 15:30:00,501.9,504.85,498.88,502.58,3218371
12/19/2016 15:30:00,503.05,504.13,497.05,502.33,2062067
12/20/2016 15:30:00,501,509.5,500.65,506.08,3818249
12/21/2016 15:30:00,508,511,499.13,500.78,3671988
12/22/2016 15:30:00,501.25,503.5,484.75,492.35,3530027
12/23/2016 15:30:00,492.45,503.3,486.8,494.23,3653018
12/26/2016 15:30:00,494,497,487.55,491.38,1606914
12/27/2016 15:30:00,491.38,500.95,490,499.48,2456408
12/28/2016 15:30:00,501.48,504.9,497.5,499.25,2738408
12/29/2016 15:30:00,501.88,504,494.08,496.18,3120062
12/30/2016 15:30:00,499,506,496.38,505.3,3633884
1/2/2017 15:30:00,505.55,506.48,499.68,500.55,1167611
1/3/2017 15:30:00,502.05,502.45,491,496.93,3389241
1/4/2017 15:30:00,497.53,502.1,496.13,498.88,3536793
1/5/2017 15:30:00,500.8,504.75,494.38,498.08,4103537
1/6/2017 15:30:00,497.45,499.43,484.03,486.13,7196724
1/9/2017 15:30:00,486.13,488.48,482.5,485.18,5272846
1/10/2017 15:30:00,488.5,490.5,483.98,485.28,5969927
1/11/2017 15:30:00,487.1,489.23,481.98,484.7,6120787
1/12/2017 15:30:00,488.78,502.2,488.78,500.03,5927870
1/13/2017 15:30:00,515,520,481.35,487.9,15638123
1/16/2017 15:30:00,482.5,482.73,476.23,477.83,6175686
1/17/2017 15:30:00,478.13,482,476.2,477.7,2780047
1/18/2017 15:30:00,479.05,480.5,474.9,475.4,2976481
1/19/2017 15:30:00,475.5,479.8,474.05,479.05,4438240
1/20/2017 15:30:00,475,476.58,473,474.35,4562371
1/23/2017 15:30:00,472.5,479,470,476.35,3974290
1/24/2017 15:30:00,475,475,470.05,472.78,3413005
1/25/2017 15:30:00,473.05,473.4,467.4,468.3,4989045
1/27/2017 15:30:00,466.93,473.78,450.58,471.08,5317569
1/30/2017 15:30:00,468.75,475.75,464.43,474.68,5684604
1/31/2017 15:30:00,470.75,470.75,452.18,464.3,12034267
2/1/2017 15:30:00,460.55,461.6,452.58,458.38,5765891
2/2/2017 15:30:00,458.5,472.5,455.05,467.95,5914134
2/3/2017 15:30:00,466.9,470.45,460.53,468.05,4211979
2/6/2017 15:30:00,468.63,471.88,465.28,467.63,3363967
2/7/2017 15:30:00,466.5,474.9,464.28,471.13,4634001
2/8/2017 15:30:00,468,472.05,466.23,468.25,3159981
2/9/2017 15:30:00,468.5,475,468.28,473,5953633
2/10/2017 15:30:00,473.13,486,471.65,484.15,6126226
2/13/2017 15:30:00,486.43,493.05,481.43,492.18,6862134
2/14/2017 15:30:00,490,494.5,486.18,493.85,4669409
2/15/2017 15:30:00,494.6,499.4,484.4,490.9,3629743
2/16/2017 15:30:00,495.5,506.95,495.03,506.05,6407929
2/17/2017 15:30:00,506.88,506.88,496.35,500.05,2425604
2/20/2017 15:30:00,498.25,515.5,496.75,505.13,2325331
2/21/2017 15:30:00,511.05,512.25,500.03,506.8,3806998
2/22/2017 15:30:00,507.5,507.5,493.2,495.08,3303919
2/23/2017 15:30:00,499.45,510,496.68,504.43,4771328
2/27/2017 15:30:00,503.65,511.5,503.48,506.2,2664348
2/28/2017 15:30:00,505.93,511.35,504.63,506.2,2970066
3/1/2017 15:30:00,506,513.5,505.05,512.58,2141224
3/2/2017 15:30:00,512.2,514,508.25,511.65,1474249
3/3/2017 15:30:00,505.13,517.15,500.2,515.6,2700806
3/6/2017 15:30:00,510.03,517.98,509.85,516.95,2643193
3/7/2017 15:30:00,511,512.9,507.35,509.9,2322248
3/8/2017 15:30:00,508.45,508.45,502.23,503.9,3089588
3/9/2017 15:30:00,503.9,506.5,499.5,505.78,1740315
3/10/2017 15:30:00,507.5,513.83,506.7,510.93,2275162
3/14/2017 15:30:00,511.4,520.95,511.4,517.4,3939198
3/15/2017 15:30:00,517.45,517.45,503.75,505.98,3186989
3/16/2017 15:30:00,506.65,515.85,506.65,514.42,3351478
3/17/2017 15:30:00,517.7,521.45,509.63,520.15,4753923
3/20/2017 15:30:00,513.28,513.28,507.55,510.75,2213694
3/21/2017 15:30:00,510.45,517.48,509.4,516.42,2434792
3/22/2017 15:30:00,511.23,519.98,510.2,513.85,1995426
3/23/2017 15:30:00,514.13,521.5,513.3,520.23,2250831
3/24/2017 15:30:00,519,522,513.85,515.7,2441948
3/27/2017 15:30:00,513.6,520.92,512.25,514.42,3842412
3/28/2017 15:30:00,515.75,519.5,515.03,517.58,2398398
3/29/2017 15:30:00,517.15,520.75,512.92,515.92,3490593
3/30/2017 15:30:00,517,517.95,510.13,512.75,6078590
3/31/2017 15:30:00,511.63,514.65,504,511.13,7076927
4/3/2017 15:30:00,516.08,516.23,503.05,504.4,2157800
4/5/2017 15:30:00,502.5,502.7,495.5,497.98,3699169
4/6/2017 15:30:00,499.08,502.9,496,499.8,2689504
4/7/2017 15:30:00,500.45,500.45,489.5,490.78,3202254
4/10/2017 15:30:00,492.45,494.75,475.05,476.7,4764236
4/11/2017 15:30:00,478.03,485.85,478.03,483.58,4327733
4/12/2017 15:30:00,485,488.45,480.18,484.43,3348376
4/13/2017 15:30:00,485,495,463.33,465.7,15486594
4/17/2017 15:30:00,465,466.05,461.75,462.45,3606717
4/18/2017 15:30:00,462.38,467,459.55,461.33,2323759
4/19/2017 15:30:00,461.5,465,456.33,459.6,5035851
4/20/2017 15:30:00,460.75,464.85,459.28,463.65,2274500
4/21/2017 15:30:00,467.4,467.4,460.55,461.85,1788733
4/24/2017 15:30:00,458.75,464.25,456.5,463.28,2778333
4/25/2017 15:30:00,462.95,466.5,460.28,464.68,2368530
4/26/2017 15:30:00,464.98,467.78,455.1,457.13,4542248
4/27/2017 15:30:00,458,464.5,458,462.63,3898604
4/28/2017 15:30:00,463.43,463.7,457.8,459.48,2514851
5/2/2017 15:30:00,462,463.2,457.55,461.3,1615563
5/3/2017 15:30:00,463.25,469.55,458.83,467.15,2329724
5/4/2017 15:30:00,468.5,469.83,464.45,468.83,2639903
5/5/2017 15:30:00,468,468.68,460,465.75,2216394
5/8/2017 15:30:00,469,474.28,466,472.75,2353549
5/9/2017 15:30:00,475.3,475.98,471.05,473.33,2824686
5/10/2017 15:30:00,473.58,475,468.58,471.83,1682151
5/11/2017 15:30:00,473.43,474.93,468.78,472.05,1614741
5/12/2017 15:30:00,476.5,483,475.73,482.13,5489998
5/15/2017 15:30:00,481.75,481.75,474.55,475.78,3648582
5/16/2017 15:30:00,476.55,480.08,473.48,477.5,3065084
5/17/2017 15:30:00,475.8,479.23,471.93,476.4,1457754
5/18/2017 15:30:00,471.5,486.95,471.43,480.88,4028924
5/19/2017 15:30:00,480.75,481.35,473.93,478.98,2128698
5/22/2017 15:30:00,479.2,483.45,478.28,480.73,2751526
5/23/2017 15:30:00,482.33,483.5,477.05,478.65,2019991
5/24/2017 15:30:00,480,482.75,474.8,477.4,2818143
5/25/2017 15:30:00,480.5,493.3,480.5,491.65,5219257
5/26/2017 15:30:00,493.5,500,490.3,497.85,2494002
5/29/2017 15:30:00,495.45,498.35,487.85,492.58,3154217
5/30/2017 15:30:00,491,500,489.33,498.1,1858455
5/31/2017 15:30:00,496.78,496.78,487.43,488.53,3881950
6/1/2017 15:30:00,484.65,489.85,479.28,485.7,2754303
6/2/2017 15:30:00,486.7,487.73,482.1,484.73,1958983
6/5/2017 15:30:00,485,486,478.53,479.38,2731349
6/6/2017 15:30:00,482.5,493.75,482.2,489.68,3504343
6/7/2017 15:30:00,492.5,494.45,472.5,480.65,6227523
6/8/2017 15:30:00,481.48,481.48,474.08,478.23,3097676
6/9/2017 15:30:00,469.28,475.48,461.5,474.3,7378831
6/12/2017 15:30:00,471.68,482.6,470.05,481.93,4295838
6/13/2017 15:30:00,476.75,481.48,475.8,478.9,2468897
6/14/2017 15:30:00,480,480.95,475.6,479.3,3719055
6/15/2017 15:30:00,479.83,483.98,474.8,476.05,2764031
6/16/2017 15:30:00,474.55,476.93,468,470.13,5474225
6/19/2017 15:30:00,469.98,470.13,464,464.93,3427930
6/20/2017 15:30:00,467.5,473.45,467.03,471.78,2592198
6/21/2017 15:30:00,472.5,474.5,468.03,471.68,1867932
6/22/2017 15:30:00,473.85,484.35,467.55,470.08,4732621
6/23/2017 15:30:00,472.5,474.58,469,471.63,3201509
6/27/2017 15:30:00,472.5,474,461.88,463.53,3452330
6/28/2017 15:30:00,466.4,466.5,460.5,462.35,2952612
6/29/2017 15:30:00,465.1,473.98,463.3,465.1,7957020
6/30/2017 15:30:00,465.4,469,464.5,467.78,2108350
7/3/2017 15:30:00,470.55,477.5,467.3,475.95,2544462
7/4/2017 15:30:00,476.93,485,474.7,481.08,2583863
7/5/2017 15:30:00,479.5,479.5,472.7,475.45,2113114
7/6/2017 15:30:00,472.5,478.5,472.1,473.5,1914860
7/7/2017 15:30:00,471.93,472.73,466.53,467.7,2888443
7/10/2017 15:30:00,471.6,479.9,470,478.53,732188
7/11/2017 15:30:00,478.33,494.75,478.33,487.68,5769854
7/12/2017 15:30:00,487.48,490.75,484.38,486.18,3137988
7/13/2017 15:30:00,488.63,491.73,482.05,488.53,2585196
7/14/2017 15:30:00,499.73,503.43,483.03,486.03,11239090
7/17/2017 15:30:00,487.5,496,487,492.03,3849125
7/18/2017 15:30:00,493.03,502.4,490.55,492.8,4130090
7/19/2017 15:30:00,490.73,494.33,484.55,489.93,2945139
7/20/2017 15:30:00,489.65,489.93,483.48,484.73,3404870
7/21/2017 15:30:00,486.5,491.28,485.7,490.05,2990377
7/24/2017 15:30:00,491.75,497,491.3,495.28,3064588
7/25/2017 15:30:00,495,499.5,493.1,496.93,3572807
7/26/2017 15:30:00,499.05,499.5,495.2,497.03,3435012
7/27/2017 15:30:00,498,502,483.4,485.53,6338426
7/28/2017 15:30:00,488,501.5,481.15,498.68,5549214
7/31/2017 15:30:00,495.95,510.85,493.38,505.6,9579124
8/1/2017 15:30:00,505.5,508.5,499.18,502.78,3844699
8/2/2017 15:30:00,503,506.38,493.6,496.68,2128792
8/3/2017 15:30:00,495.5,499.38,490.13,492,2320174
8/4/2017 15:30:00,494,494.5,488.03,491.88,2674509
8/7/2017 15:30:00,491.75,491.88,482.85,484.13,3036872
8/8/2017 15:30:00,484.25,485.13,477.53,481.93,3002324
8/9/2017 15:30:00,483.83,486.95,482.28,484.68,1961205
8/10/2017 15:30:00,484.95,493.75,484.68,490.63,4570342
8/11/2017 15:30:00,488,498.5,484.8,493.85,3272078
8/14/2017 15:30:00,494,494.6,488.58,490.73,1908235
8/16/2017 15:30:00,491,493.05,484.5,487.6,3089040
8/17/2017 15:30:00,502.5,514.63,499.03,510.43,12892130
8/18/2017 15:30:00,508.95,508.95,442.1,461.63,82202480
8/21/2017 15:30:00,462,462,435,436.7,45203588
8/22/2017 15:30:00,447.6,448.53,430,437.7,24621299
8/23/2017 15:30:00,440,451.85,436.95,446.4,30642095
8/24/2017 15:30:00,455,459.13,451.18,456.08,21190262
8/28/2017 15:30:00,471.98,476.98,469,470.5,20356054
8/29/2017 15:30:00,470.73,471,462.78,463.73,6684696
8/30/2017 15:30:00,468.6,469.5,462.05,463.33,8074832
8/31/2017 15:30:00,464.4,464.48,456.45,457.48,7511226
9/1/2017 15:30:00,457.98,462.95,455,459.98,4216961
9/4/2017 15:30:00,460.5,460.55,446.75,450.1,5088554
9/5/2017 15:30:00,451,452.5,448.63,450.95,4891696
9/6/2017 15:30:00,450,450.15,445,447.8,3867955
9/7/2017 15:30:00,450,450.25,446.18,447.88,3120596
9/8/2017 15:30:00,449.5,449.5,441.05,442.15,4302271
9/11/2017 15:30:00,445.2,445.9,436.83,439.35,6893821
9/12/2017 15:30:00,441.28,443.88,439.4,442.03,8620677
9/13/2017 15:30:00,442.75,443.8,440.5,441.88,5739114
9/14/2017 15:30:00,442.25,448.3,440.8,446.2,6849003
9/15/2017 15:30:00,446.15,456.63,446.1,454.13,6729730
9/18/2017 15:30:00,455,458.88,453.15,454.55,4237930
9/19/2017 15:30:00,454,458,451.75,456.13,3016665
9/20/2017 15:30:00,458.5,458.5,453.73,456.35,2883915
9/21/2017 15:30:00,457.5,457.63,454.08,454.78,4102076
9/22/2017 15:30:00,454.08,455.13,444,449.15,8802044
9/25/2017 15:30:00,450.5,450.98,444.55,447.68,4544350
9/26/2017 15:30:00,448.5,454.2,447.15,452.95,3683239
9/27/2017 15:30:00,453.05,453.95,447.55,449.9,3000069
9/28/2017 15:30:00,448.05,451.95,447.15,448,8768633
9/29/2017 15:30:00,449,451.2,447.5,449.95,2852916
10/3/2017 15:30:00,455.05,456,450.8,451.78,2473761
10/4/2017 15:30:00,451.5,452.7,448.58,449.8,2495746
10/5/2017 15:30:00,450,452.48,449.5,451.53,4305650
10/6/2017 15:30:00,452,461,451.98,460.08,4287154
10/9/2017 15:30:00,460,464.5,457,461.95,1752416
10/10/2017 15:30:00,469.98,469.98,464.78,467.73,3571610
10/11/2017 15:30:00,467.73,469,464,465.35,2991252
10/12/2017 15:30:00,465,467.18,459.78,463.65,5140486
10/13/2017 15:30:00,466.4,466.75,463.78,465.05,3590364
10/16/2017 15:30:00,467.98,471,466.5,469.5,2879375
10/17/2017 20:00:00,468.4,468.4,464.75,465.25,2812551
10/18/2017 15:30:00,464.45,465,461.48,462.18,3615926
10/19/2017 20:00:00,465,466,462.6,463.88,545717
10/23/2017 15:30:00,465,471,464.05,469.75,4577048
10/24/2017 15:30:00,473,473.33,460.8,463.25,7264664
10/25/2017 15:30:00,459.5,472.35,457.63,467.65,6992067
10/26/2017 15:30:00,471,475.9,470.05,473.68,16829629
10/27/2017 15:30:00,477.5,478.85,472,473.18,4262478
10/30/2017 15:30:00,477.33,477.33,470.53,472.05,6484163
10/31/2017 15:30:00,462.5,465,460,460.93,4977494
11/1/2017 15:30:00,462.5,464.7,461.65,463.53,2816567
11/2/2017 15:30:00,461.53,463,460,461.45,2343069
11/3/2017 15:30:00,458.5,464.95,458.48,463.33,1849543
11/6/2017 15:30:00,461.58,467.5,461.33,464.35,2533267
11/7/2017 15:30:00,463.13,480,462.93,477.75,6721410
11/8/2017 15:30:00,480.13,480.93,473.75,476.15,2684997
11/9/2017 15:30:00,476.5,481.5,474.13,477.25,2361616
11/10/2017 15:30:00,479.4,482.18,475,481.03,3294714
11/13/2017 15:30:00,481.03,484.7,474.68,475.98,2510608
11/14/2017 15:30:00,475.98,477.43,471.63,474.55,2866855
11/15/2017 15:30:00,472.58,476.75,472.25,475.9,3511758
11/16/2017 15:30:00,475.9,497.95,474.25,494.2,7843751
11/17/2017 15:30:00,492.75,492.75,482.58,485.48,4028835
11/20/2017 15:30:00,484.5,485.5,478.63,480.28,2830595
11/21/2017 15:30:00,480.65,485.75,480.03,483.13,2682328
11/22/2017 15:30:00,483.3,485.53,481.65,483.15,3042460
11/23/2017 15:30:00,485.75,497.23,484.5,495.63,5947309
11/24/2017 15:30:00,495.45,509.65,495.1,504.78,9309956
11/27/2017 15:30:00,503.35,503.35,496.65,499.38,3008865
11/28/2017 15:30:00,497.2,499.95,490.65,492.35,2308434
11/29/2017 15:30:00,493.83,495.98,490.15,491.35,1919035
11/30/2017 15:30:00,494.73,494.73,484.18,488.05,8633472
12/1/2017 15:30:00,489.7,491.6,478.53,479.4,2042500
12/4/2017 15:30:00,490,498.4,484.28,492.68,8905803
12/5/2017 15:30:00,492.68,501.5,489.5,492.18,4988369
12/6/2017 15:30:00,492.5,497.05,492,495.15,3745047
12/7/2017 15:30:00,494.5,501.45,492.8,499.93,3774772
12/8/2017 15:30:00,500.5,503.5,497.5,500.93,2991622
12/11/2017 15:30:00,497.48,503.45,496.98,502.65,2569549
12/12/2017 15:30:00,501,507,501,505.25,4660217
12/13/2017 15:30:00,505.45,509.5,498.83,501.88,2681199
12/14/2017 15:30:00,502.63,507.5,499.65,506.55,3011786
12/15/2017 15:30:00,506.5,513.2,505.93,511.45,5192067
12/18/2017 15:30:00,505.95,515.35,502.9,508.3,2017724
12/19/2017 15:30:00,508.73,508.98,499.78,501.98,3559449
12/20/2017 15:30:00,502.55,509.3,500.5,507.93,2093163
12/21/2017 15:30:00,507.4,514.48,499.2,511.03,5529581
12/22/2017 15:30:00,508,522.4,508,519.67,6453470
12/26/2017 15:30:00,515,520.75,511.5,517.8,5404453
12/27/2017 15:30:00,514,519.55,513.7,517.13,3485086
12/28/2017 15:30:00,515,520,511.9,516.63,4216736
12/29/2017 15:30:00,515.05,524.4,515,521.03,3300884
1/1/2018 15:30:00,518.85,522.25,515,516.78,2715670
1/2/2018 15:30:00,518.63,521,511.5,514.85,3056124
1/3/2018 15:30:00,514.25,515.8,509.3,510.65,3423276
1/4/2018 15:30:00,510.5,510.5,504.8,507.7,4473807
1/5/2018 15:30:00,507.65,513.2,503,506,5512988
1/8/2018 15:30:00,512.45,519.5,510.03,518.03,2797345
1/9/2018 15:30:00,520,522.45,514.45,520.67,4974118
1/10/2018 15:30:00,523.4,528,516.53,526.13,4734317
1/11/2018 15:30:00,527.63,541.7,527.63,537.9,8387735
1/12/2018 15:30:00,542.9,542.95,535.28,539.23,9008264
1/15/2018 15:30:00,540,546.48,532.55,540.58,5324625
1/16/2018 15:30:00,540.63,567.4,540.63,561.42,11323483
1/17/2018 15:30:00,562.42,580.9,561.5,576.05,13077044
1/18/2018 15:30:00,572.5,582.45,566.05,576.35,6602485
1/19/2018 15:30:00,572.5,573.95,568,571.73,2994139
1/22/2018 15:30:00,566.08,578.48,566,575,4825107
1/23/2018 15:30:00,577.5,594,577.5,588.55,7701898
1/24/2018 15:30:00,587.4,610.53,583.75,592.9,10302359
1/25/2018 15:30:00,591,591.7,581.13,587.7,6774457
1/29/2018 15:30:00,583.28,598.13,582.6,591.45,5411501
1/30/2018 15:30:00,589.45,591.55,581.35,585.33,4314156
1/31/2018 15:30:00,579.58,583.3,571.08,575.13,4606849
2/1/2018 15:30:00,571.1,578.95,559.28,572.3,6502727
2/2/2018 15:30:00,567.63,581.45,565.05,571.63,5122243
2/5/2018 15:30:00,570,577.42,567.92,569.1,4930110
2/6/2018 15:30:00,549.98,564.17,547.58,553.88,5276039
2/7/2018 15:30:00,558,562.4,551.78,554.53,4171028
2/8/2018 15:30:00,561.4,573.2,558.28,567.13,4403622
2/9/2018 15:30:00,559,560.15,553,554.58,2191345
2/12/2018 15:30:00,557.4,560.3,548.9,551.4,3145986
2/14/2018 15:30:00,553,558.65,545.1,548.88,4172856
2/15/2018 15:30:00,551.5,564.85,551.5,557.23,3993368
2/16/2018 15:30:00,562.5,570.83,559.05,564.03,4944611
2/19/2018 15:30:00,564.2,568,560.15,565.88,3230920
2/20/2018 15:30:00,551.88,574.75,551.88,568.48,3594297
2/21/2018 15:30:00,573.75,575.95,570,573.7,6885679
2/22/2018 15:30:00,572.78,582,570.23,580.38,8929987
2/23/2018 15:30:00,581.75,583,573.38,577.83,4729914
2/26/2018 15:30:00,575.5,577.53,567.17,569.3,2541804
2/27/2018 15:30:00,572.48,576.83,562.83,575.1,3308013
2/28/2018 15:30:00,573.8,594.75,571.28,586.3,8634208
3/1/2018 15:30:00,584.8,584.8,578.03,580.38,3289926
3/5/2018 15:30:00,580.38,585.4,571.63,577.95,4050728
3/6/2018 15:30:00,581.28,582.7,571.8,575.67,3344867
3/7/2018 15:30:00,577.5,580,569.03,572.05,3185208
3/8/2018 15:30:00,574.5,582.9,574.5,578.33,3046507
3/9/2018 15:30:00,581.17,583,577.78,581.7,2110482
3/12/2018 15:30:00,588,595.92,585.88,592.88,3838485
3/13/2018 15:30:00,590.1,598.5,587.58,591.9,4290526
3/14/2018 15:30:00,590,595.3,584.55,590.4,2214855
3/15/2018 15:30:00,590,594.2,586,591.25,3050750
3/16/2018 15:30:00,591,591.2,584.63,585.95,8977413
3/19/2018 15:30:00,582,590.25,571.33,573.38,3763310
3/20/2018 15:30:00,574.3,585,574.3,582.28,4276883
3/21/2018 15:30:00,585,587.75,581.1,583.75,3846497
3/22/2018 15:30:00,582.25,588.73,577.65,580.65,3406584
3/23/2018 15:30:00,573.5,586.9,571.17,583.8,6004042
3/26/2018 15:30:00,583.45,583.45,572,577.63,4465361
3/27/2018 15:30:00,580,580.65,575.05,577,1901044
3/28/2018 15:30:00,575.38,575.38,563.13,565.9,6279161
4/2/2018 15:30:00,570.5,574.78,560.65,568.58,4036351
4/3/2018 15:30:00,567.35,571.78,564.05,570.23,2038584
4/4/2018 15:30:00,572,572.28,560,562.1,2406651
4/5/2018 15:30:00,569.78,575.65,564.55,573.78,3881772
4/6/2018 15:30:00,571.5,573,561.05,563.5,2968871
4/9/2018 15:30:00,562.5,562.9,553.28,555.63,3601441
4/10/2018 15:30:00,556,562.25,552.7,556.7,4463029
4/11/2018 15:30:00,559,565.75,558.25,562.13,4512787
4/12/2018 15:30:00,564.73,586.38,562.5,581.3,8522183
4/13/2018 15:30:00,587,592.95,575.13,585.73,10613519
4/16/2018 15:30:00,551,570,551,566.6,12372542
4/17/2018 15:30:00,563.5,563.7,557.5,562.6,5198970
4/18/2018 15:30:00,561.42,567.38,556.92,562.98,5215190
4/19/2018 15:30:00,562,569.9,561.55,566.42,4262771
4/20/2018 15:30:00,569.5,596.85,568.48,589.23,12136346
4/23/2018 15:30:00,584,607.2,577.63,593.85,10915319
4/24/2018 15:30:00,592.5,598.2,575.05,577.25,4263108
4/25/2018 15:30:00,576,585.5,572.6,580.17,5797089
4/26/2018 15:30:00,587,590.83,580,588.23,5651042
4/27/2018 15:30:00,590,595.8,587.1,592.6,3831685
4/30/2018 15:30:00,590.85,603.98,590.33,599.75,2755839
5/2/2018 15:30:00,599.45,600.8,590.5,598.53,5147521
5/3/2018 15:30:00,598.63,602.35,588.05,591.28,2666115
5/4/2018 15:30:00,592.5,593,577.5,586.55,3011684
5/7/2018 15:30:00,590.63,595,587.75,591.5,2319480
5/8/2018 15:30:00,588.95,588.95,580.53,582.78,2859278
5/9/2018 15:30:00,583.75,588.45,581.5,585.35,1891752
5/10/2018 15:30:00,588,591.5,581.42,584,1591431
5/11/2018 15:30:00,586.15,591.6,583.03,590.38,1655853
5/14/2018 15:30:00,592.17,595.75,585,594.65,2216047
5/15/2018 15:30:00,594.05,604,594.05,597.28,2805987
5/16/2018 15:30:00,593.63,599,592.25,594.98,3102502
5/17/2018 15:30:00,598,598.73,586.78,591.45,4759799
5/18/2018 15:30:00,591.5,593.28,586.5,591.6,3569830
5/21/2018 15:30:00,589.78,594.2,585,589.75,4237660
5/22/2018 15:30:00,587.5,599,586.95,596.92,2818402
5/23/2018 15:30:00,597.5,603.83,590.75,592.45,4769221
5/24/2018 15:30:00,599,613.78,599,610.5,4870285
5/25/2018 15:30:00,615.05,624.33,610.4,614.15,4450719
5/28/2018 15:30:00,615.5,616.3,603,607.2,2869897
5/29/2018 15:30:00,607.03,613.28,603.1,608.35,1694467
5/30/2018 15:30:00,608.5,614.38,602.8,605.85,3161533
5/31/2018 15:30:00,605.85,621,605.13,615.9,9860170
6/1/2018 15:30:00,615.2,623.13,608.6,610.4,2499178
6/4/2018 15:30:00,610.55,621.5,606,619.7,2135078
6/5/2018 15:30:00,621,621,608.5,610.42,2355431
6/6/2018 15:30:00,612.6,620.78,610.03,618.73,2019092
6/7/2018 15:30:00,619,629,619,626.23,3338113
6/8/2018 15:30:00,624,631,623.03,630.03,3229939
6/11/2018 15:30:00,632.78,635,627.53,631.2,2585645
6/12/2018 15:30:00,632.88,635.63,625.23,629.25,3919910
6/13/2018 15:30:00,633.4,642,633.4,637.4,2883464
6/14/2018 15:30:00,626.5,626.5,617.05,619.85,3799424
6/15/2018 15:30:00,618.5,645.75,617.5,640.63,9978880
6/18/2018 15:30:00,642,645.63,631.17,633.7,4107423
6/19/2018 15:30:00,631.5,631.7,619.03,620.8,3772850
6/20/2018 15:30:00,624.25,626.17,619,621.58,2685901
6/21/2018 15:30:00,622.98,628.25,618,623.28,2899395
6/22/2018 15:30:00,621.5,627.75,620.6,623.92,2171559
6/25/2018 15:30:00,628.58,639.4,627,636.23,3865589
6/26/2018 15:30:00,634.5,641.95,633.13,638.92,2241752
6/27/2018 15:30:00,641.98,646.73,632.8,635,3476071
6/28/2018 15:30:00,638.15,649,638.13,644.8,5498409
6/29/2018 15:30:00,649.03,657.5,641.63,653.6,4983300
7/2/2018 15:30:00,657,670,657,667.35,2415072
7/3/2018 15:30:00,665.95,678.95,665.88,676.88,4063726
7/4/2018 15:30:00,676.03,676.33,669.43,672.6,2512861
7/5/2018 15:30:00,673.55,673.63,634.05,642,8509951
7/6/2018 15:30:00,645.13,650.92,634.5,642.13,5607678
7/9/2018 15:30:00,648.5,651.5,639.53,649.42,3322499
7/10/2018 15:30:00,654.25,657.73,647.15,650.7,2987244
7/11/2018 15:30:00,658.78,671.05,645.67,660.23,5949916
7/12/2018 15:30:00,663.05,663.55,642.23,647.17,6636120
7/13/2018 15:30:00,657.5,665.8,649.17,658.7,9748079
7/16/2018 15:30:00,658.7,692.2,643.85,666.43,17672340
7/17/2018 15:30:00,664.85,674.75,656.35,663.95,5580845
7/18/2018 15:30:00,669.9,671.7,657,661.28,3459508
7/19/2018 15:30:00,661.5,665.95,654.55,658.35,2559432
7/20/2018 15:30:00,663,683.58,660.65,674.05,5852869
7/23/2018 15:30:00,676.08,684,668.13,677.98,3837851
7/24/2018 15:30:00,687.2,691.2,678,688.58,3086123
7/25/2018 15:30:00,689.5,696.9,682.73,691.88,3468461
7/26/2018 15:30:00,689.28,695.2,684.6,686.63,3681109
7/27/2018 15:30:00,686.6,694.5,684.15,686.73,3246616
7/30/2018 15:30:00,685,686.5,674,675.5,3204985
7/31/2018 15:30:00,674.28,685,667.78,682.55,3971998
8/1/2018 15:30:00,681.9,684.23,675.5,677.03,2337853
8/2/2018 15:30:00,679.8,683.38,675.08,676.83,2970371
8/3/2018 15:30:00,683.1,683.1,678,682.05,1985195
8/6/2018 15:30:00,683.03,687.5,673.75,680.33,3089465
8/7/2018 15:30:00,687,689.98,680.33,683.98,3675764
8/8/2018 15:30:00,685.9,686.25,676.65,681.38,1996179
8/9/2018 15:30:00,686.83,694.73,686.83,689.98,3204762
8/10/2018 15:30:00,692.9,694.5,686.53,692.73,2389760
8/13/2018 15:30:00,695,704.93,689.35,704.38,4989873
8/14/2018 15:30:00,706.98,712.28,702,704.15,3075660
8/16/2018 15:30:00,707.48,717.45,705.63,714.78,3313387
8/17/2018 15:30:00,715.45,718.83,711.5,715.18,3195204
8/20/2018 15:30:00,694,703.98,686.75,692.13,8050938
8/21/2018 15:30:00,695,698,686.88,691.98,4180741
8/23/2018 15:30:00,696.5,700.75,692.68,698.7,3858591
8/24/2018 15:30:00,698.25,700.95,688.05,689.15,3526500
8/27/2018 15:30:00,691.5,709.98,690.7,707.7,3506475
8/28/2018 15:30:00,708.6,719.2,705.75,712.35,3248445
8/29/2018 15:30:00,716.8,716.8,702.58,705.05,2823248
8/30/2018 15:30:00,706.4,710.78,698.08,708.1,5753981
8/31/2018 15:30:00,712.55,727.15,710.55,720.55,5437932
9/3/2018 15:30:00,724.5,733.95,715,717.13,5488164
9/4/2018 15:30:00,722,748.5,716,737.15,15370124
9/5/2018 15:30:00,741.95,744.05,725.4,729.9,8658978
9/6/2018 15:30:00,732.55,735.5,724.1,727.15,5598659
9/7/2018 15:30:00,734.35,735.15,723.8,732.8,6510605
9/10/2018 15:30:00,737.75,747,729.4,730.85,5629871
9/11/2018 15:30:00,735.9,744.75,732,734.3,6963561
9/12/2018 15:30:00,744.4,746.5,736.25,742.9,4636617
9/14/2018 15:30:00,741.9,745,729.05,733.7,7896514
9/17/2018 15:30:00,735,740,724.6,725.95,5427054
9/18/2018 15:30:00,730,730,717,719.1,7729732
9/19/2018 15:30:00,727,727,713.2,719.75,4849498
9/21/2018 15:30:00,713.85,717.4,692,705.3,14350769
9/24/2018 15:30:00,706.5,729.95,706.5,718.25,8637881
9/25/2018 15:30:00,718.25,736,717,726.2,9602273
9/26/2018 15:30:00,731.2,731.85,712,717.85,6599606
9/27/2018 15:30:00,722,730.8,717.45,724.8,14592616
9/28/2018 15:30:00,721,734.55,715.2,730.05,7490031
10/1/2018 15:30:00,737.5,754.9,733,746.65,8252398
10/3/2018 15:30:00,743.8,751.95,726.3,728.5,7792464
10/4/2018 15:30:00,728.5,729.75,702.5,707.2,6173037
10/5/2018 15:30:00,713,731.5,709.3,724.6,8543578
10/8/2018 15:30:00,725.05,728.7,709.25,714.45,7259306
10/9/2018 15:30:00,717.1,722.4,702.65,717.75,6777212
10/10/2018 15:30:00,719.9,719.9,695.4,700.45,8866251
10/11/2018 15:30:00,685,692.9,663.3,673.35,10985897
10/12/2018 15:30:00,676.4,684.05,661.5,678.8,8909221
10/15/2018 15:30:00,688.6,705,681.5,698.8,6222176
10/16/2018 15:30:00,710,713.9,689.4,695.25,11588963
10/17/2018 15:30:00,710,721.8,701.35,705.35,20360697
10/19/2018 15:30:00,687,687.7,678,683.55,10421001
10/22/2018 15:30:00,688.7,695.05,673.8,679.95,6672840
10/23/2018 15:30:00,675.95,682,653.3,657.6,9041701
10/24/2018 15:30:00,663,666.5,647.15,649.8,7058164
10/25/2018 15:30:00,643,656.35,636.25,648.75,8270469
10/26/2018 15:30:00,645.3,648.7,629.9,633.6,5464141
10/29/2018 15:30:00,633.7,650.55,631.5,644.75,7137446
10/30/2018 15:30:00,641.1,663.8,637.45,659.6,8793411
10/31/2018 15:30:00,663.9,692.95,663.05,686.4,11947995
11/1/2018 15:30:00,689.7,689.7,659.6,666.7,5860244
11/2/2018 15:30:00,665.95,675.8,660.1,662.25,6654067
11/5/2018 19:00:00,663.5,668.6,657,663.7,5799426
11/6/2018 15:30:00,667.9,675,660.65,666.45,6975525
11/9/2018 15:30:00,679,679,655.5,659.5,9694143
11/12/2018 15:30:00,666,676.4,662.3,664.2,7118080
11/13/2018 15:30:00,663.5,667.75,656.3,665.7,4137808
11/14/2018 15:30:00,665.7,665.7,640.5,653.2,7323026
11/15/2018 15:30:00,654,666,646.7,656.4,5513390
11/16/2018 15:30:00,659.9,662.5,644.2,650.85,8583785
11/19/2018 15:30:00,659,662,649.25,651.7,6018930
11/20/2018 15:30:00,651.7,656,640.1,641.4,5384830
11/21/2018 15:30:00,640,640.05,612.1,619.1,14359086
11/22/2018 15:30:00,622.25,628.15,616.75,620.75,6632975
11/26/2018 15:30:00,621,628,599.85,621.45,15075209
11/27/2018 15:30:00,625.5,641,625.3,638.9,12285851
11/28/2018 15:30:00,640.95,668.7,640,666.4,17719890
11/29/2018 15:30:00,671,674.9,658.8,661.05,13399070
11/30/2018 15:30:00,661,672,660.95,667.45,10445773
12/3/2018 15:30:00,673.15,679,665.95,670.35,8260890
12/4/2018 15:30:00,672.55,688.25,671.3,685.25,7827923
12/5/2018 15:30:00,683,683.65,672.5,681.4,5177288
12/6/2018 15:30:00,676.1,685.45,664.55,668.5,8039771
12/7/2018 15:30:00,672,685.75,665.6,682.8,5553948
12/10/2018 15:30:00,669.9,683.8,665.2,669.2,5121196
12/11/2018 15:30:00,669.2,681.9,660.6,674.5,7120933
12/12/2018 15:30:00,677.1,680.65,670.6,678.5,6926183
12/13/2018 15:30:00,682,700,680,697.75,7521474
12/14/2018 15:30:00,697.45,713.7,694.4,706.05,9560576
12/17/2018 15:30:00,711.85,711.85,692.75,694.4,4778465
12/18/2018 15:30:00,686.5,686.5,674.55,676.6,8021298
12/19/2018 15:30:00,671.55,671.55,661.1,664.85,8295459
12/20/2018 15:30:00,660,671.55,656.4,667.05,11705260
12/21/2018 15:30:00,659.5,659.5,643.45,646.2,12802132
12/24/2018 15:30:00,657,658.8,647.6,649,8379825
12/26/2018 15:30:00,647,647,637.35,644.05,6178552
12/27/2018 15:30:00,652.75,663.25,649,656.8,15333902
12/28/2018 15:30:00,663.35,663.5,653.3,656.95,4736598
12/31/2018 15:30:00,660,662,655.8,658.95,3373319
1/1/2019 15:30:00,660.95,666.3,654.15,665.05,2943390
1/2/2019 15:30:00,666,674,662.05,669.05,7416655
1/3/2019 15:30:00,672,677,663.1,669.15,6827249
1/4/2019 15:30:00,671.75,673.9,651,661.05,7889310
1/7/2019 15:30:00,665,673.6,661.5,671.7,8046340
1/8/2019 15:30:00,674.95,677.45,668.55,670.05,8621545
1/9/2019 15:30:00,686.2,689.8,664,676.1,18130292
1/10/2019 15:30:00,681.6,682,672.55,679.7,9572493
1/11/2019 15:30:00,680.2,685.5,672.5,683.5,12281903
1/14/2019 15:30:00,707,710.2,695.95,701.9,19312937
1/15/2019 15:30:00,707.2,730,707.2,726.6,19671304
1/16/2019 15:30:00,729.9,737.8,728.5,736.8,9658944
1/17/2019 15:30:00,735.8,739,729.1,733.35,6903771
1/18/2019 15:30:00,730,736.2,726.3,730.95,5902151
1/21/2019 15:30:00,738.2,751,734,745,8129422
1/22/2019 15:30:00,741.25,749,734,745.35,6723375
1/23/2019 15:30:00,742.35,742.6,729.2,731.65,7212099
1/24/2019 15:30:00,728.1,736.1,721,732,7429783
1/25/2019 15:30:00,728,737.9,724.25,730.35,5543112
1/28/2019 15:30:00,731,732.6,719,727.95,7944693
1/29/2019 15:30:00,725.5,732.85,716.5,727.9,6760819
1/30/2019 15:30:00,727.9,734.8,721.1,725.9,5763026
1/31/2019 15:30:00,726,751.3,726,749.55,13825233
2/1/2019 15:30:00,751.35,762.5,744.5,757.05,6276585
2/4/2019 15:30:00,757,762.5,749.2,755.9,3945391
2/5/2019 15:30:00,747,759.95,747,754.85,4694366
2/6/2019 15:30:00,755.55,766.95,754.35,763.3,5880482
2/7/2019 15:30:00,763.05,769.45,761,764,3961797
2/8/2019 15:30:00,760,772.25,754.9,760.9,5915169
2/11/2019 15:30:00,766.9,768.75,759,762.8,5500216
2/12/2019 15:30:00,760.35,760.35,741,750.45,7310690
2/13/2019 15:30:00,750.1,759.7,743.65,754.9,5050182
2/14/2019 15:30:00,751,753,737.25,740.05,4610535
2/15/2019 15:30:00,742.3,746.5,732.6,741.95,5586389
2/18/2019 15:30:00,742.35,747.65,736,741.05,5346825
2/19/2019 15:30:00,739.1,740.55,721.3,724.3,9401334
2/20/2019 15:30:00,727,743,726.05,740.7,5210675
2/21/2019 15:30:00,738,738,727.1,733.45,7202786
2/22/2019 15:30:00,732.5,738.2,728,734.95,3750833
2/25/2019 15:30:00,735.55,758,735.55,754.9,6547552
2/26/2019 15:30:00,748.6,752.6,740.15,742.5,8319610
2/27/2019 15:30:00,745,746.4,732.75,735.25,5936354
2/28/2019 15:30:00,738.7,742.4,732.3,734.3,8559921
3/1/2019 15:30:00,735.5,743.4,735.5,741.9,3998826
3/5/2019 15:30:00,740.5,742.5,730.25,732.5,4826505
3/6/2019 15:30:00,736.1,736.1,727,732.5,6076668
3/7/2019 15:30:00,734,734.5,720.55,722.95,5951551
3/8/2019 15:30:00,722.95,722.95,710.65,712.35,7193994
3/11/2019 15:30:00,713.3,718.5,709.4,711.25,9932198
3/12/2019 15:30:00,709,714.95,705.6,706.95,11997387
3/13/2019 15:30:00,710,718.6,706.3,708.45,11348867
3/14/2019 15:30:00,714,714.9,706.2,708.35,6415187
3/15/2019 15:30:00,712,723.75,709.6,718.55,14638664
3/18/2019 15:30:00,721.55,723.7,705.35,710.2,8065544
3/19/2019 15:30:00,712.8,726.5,707.4,722.25,8917337
3/20/2019 15:30:00,727.25,742.3,727.15,738.95,13471173
3/22/2019 15:30:00,745,746.35,732.3,743.1,8883260
3/25/2019 15:30:00,742.4,742.4,730.55,735.25,7644966
3/26/2019 15:30:00,735.25,735.25,719.1,727.75,9406261
3/27/2019 15:30:00,730,732.3,727.15,729.7,7387487
3/28/2019 15:30:00,730,745,730,737.8,9277241
3/29/2019 15:30:00,743.9,747.95,740,743.85,6924061
4/1/2019 15:30:00,742,760,742,755.1,6584982
4/2/2019 15:30:00,759,765.8,754.6,759.4,7283600
4/3/2019 15:30:00,756,758.5,746.8,753.3,6897127
4/4/2019 15:30:00,751.4,753.8,745.1,747.9,7688525
4/5/2019 15:30:00,750.9,760.95,748,759.3,6276040
4/8/2019 15:30:00,763.05,770,755.4,767.25,4919911
4/9/2019 15:30:00,770,773,758.2,760.6,6730692
4/10/2019 15:30:00,764,766.7,751.3,752.7,7031088
4/11/2019 15:30:00,751.75,751.75,740.05,742.7,8200995
4/12/2019 15:30:00,743.1,751.55,740.6,747.75,7043212
4/15/2019 15:30:00,724.7,731.35,712.6,727.5,31574803
4/16/2019 15:30:00,727.9,727.9,714.1,724.1,12524411
4/18/2019 15:30:00,722.5,722.5,712.75,717.05,13801105
4/22/2019 15:30:00,717.05,725.75,715,721.05,6455426
4/23/2019 15:30:00,723.9,730,718.4,728.2,5516668
4/24/2019 15:30:00,728.2,737.9,724,736.45,8285120
4/25/2019 15:30:00,736.45,737.65,727.05,728.55,8005235
4/26/2019 15:30:00,731,739.8,729,738,6895168
4/30/2019 15:30:00,738,753.8,738,751.35,9920046
5/2/2019 15:30:00,747,748.4,729.5,730.8,6351352
5/3/2019 15:30:00,722.9,731,718.2,723.6,6348116
5/6/2019 15:30:00,715,721.8,710.65,718.4,8858265
5/7/2019 19:00:00,720.4,727.9,718.7,724.55,5747536
5/8/2019 15:30:00,721,726,716.5,719.35,6247642
5/9/2019 15:30:00,719.15,730.3,715.8,721.05,7396525
5/10/2019 15:30:00,720.8,726,715,716.85,8352335
5/13/2019 15:30:00,716.55,726.45,712.1,719.7,6808993
5/14/2019 15:30:00,716.5,717.75,703.6,713.85,10513001
5/15/2019 15:30:00,714.9,725.2,712.6,716.1,6668929
5/16/2019 15:30:00,720,737,719.1,733.1,6468556
5/17/2019 15:30:00,733.15,735.8,720.1,723.9,8155948
5/20/2019 15:30:00,719.7,726.4,706,722.4,11213708
5/21/2019 15:30:00,722.65,722.65,707.7,709.3,8645535
5/22/2019 15:30:00,710,718.25,707,709.75,5795713
5/23/2019 15:30:00,715,716.7,697.45,701.05,7233736
5/24/2019 15:30:00,703.8,711.75,700.45,709.2,7016424
5/27/2019 15:30:00,707.4,713.8,705.5,708.1,10247544
5/28/2019 15:30:00,712,733.45,709.8,728.1,23860490
5/29/2019 15:30:00,725.5,733.65,723.65,727.8,10293077
5/30/2019 15:30:00,727,737.25,722.55,733.55,15089296
5/31/2019 15:30:00,736.5,742.95,733.2,737.75,8290306
6/3/2019 15:30:00,729.8,750.9,729,744.65,7744761
6/4/2019 15:30:00,737.25,739.45,733.15,735.3,11733702
6/6/2019 15:30:00,736.5,744.65,733.65,735.6,7563925
6/7/2019 15:30:00,735.85,743.95,735.85,739.1,3218358
6/10/2019 15:30:00,740.1,754.1,740.1,753.5,4435148
6/11/2019 15:30:00,755,759,750.5,754.9,5733127
6/12/2019 15:30:00,756.95,756.95,745,753.8,8738342
6/13/2019 15:30:00,740,747.2,740,742.65,4808577
6/14/2019 15:30:00,743.85,745.5,738.25,740.45,5556353
6/17/2019 15:30:00,743,744.5,737.8,740.55,3085588
6/18/2019 15:30:00,740.2,752.45,740.2,750.15,6202838
6/19/2019 15:30:00,752.5,755.4,748.6,751.9,4596253
6/20/2019 15:30:00,737.8,756.9,735.9,754.9,7148684
6/21/2019 15:30:00,755,755,747.15,750.2,13200318
6/24/2019 15:30:00,751.9,751.9,742.65,745.5,4758178
6/25/2019 15:30:00,744,750.9,737.3,748.1,3677911
6/26/2019 15:30:00,743,751.45,738,739.2,5447130
6/27/2019 15:30:00,742,744.7,728.15,730.55,11122346
6/28/2019 15:30:00,735.5,739.5,728.5,732,5919494
7/1/2019 15:30:00,735,737.5,729.85,731.3,3224968
7/2/2019 15:30:00,734,741.65,730.1,740,4837606
7/3/2019 15:30:00,741,743.2,730,731.3,5958379
7/4/2019 15:30:00,729,736.4,728.6,733.8,3274064
7/5/2019 15:30:00,735,736.4,713.5,718,4926289
7/8/2019 15:30:00,716.45,724.95,712.3,717.6,7177092
7/9/2019 15:30:00,718,719.85,709.05,715.5,5022638
7/10/2019 15:30:00,709,722.7,706.5,717.25,7573816
7/11/2019 15:30:00,719.45,723.5,709.6,721.5,6252688
7/12/2019 15:30:00,722.5,730.6,719.6,726.75,7874441
7/15/2019 15:30:00,763,781.65,754.2,779.35,31064152
7/16/2019 15:30:00,777,787.8,776,784.85,9924322
7/17/2019 15:30:00,783.9,795,776.75,794.15,6754348
7/18/2019 15:30:00,789.05,798.5,786.2,792.7,6534471
7/19/2019 15:30:00,788.7,794.5,781.25,785.4,6812754
7/22/2019 15:30:00,785.95,792,782.05,784.4,7107151
7/23/2019 15:30:00,787,804,785.55,790.05,10782564
7/24/2019 15:30:00,788,793.75,783.6,786.3,5745146
7/25/2019 15:30:00,788.25,800.2,787.65,794.5,9773568
7/26/2019 15:30:00,792.3,795,782.2,787,4941763
7/29/2019 15:30:00,789.5,796.95,786.2,791.45,6244316
7/30/2019 15:30:00,791.9,797.8,788.55,792.7,8673253
7/31/2019 15:30:00,790.85,799.8,781.6,793.65,7350584
8/1/2019 15:30:00,786.45,788.4,764.4,768.85,10066407
8/2/2019 15:30:00,765.05,779.9,762.25,775.6,10838336
8/5/2019 15:30:00,772.6,785.9,768.65,776.7,9976238
8/6/2019 15:30:00,778.8,783.7,769.8,774.45,9331718
8/7/2019 15:30:00,778.9,783.45,772.35,776.1,5130457
8/8/2019 15:30:00,782.7,792.75,781.25,788.75,8009009
8/9/2019 15:30:00,792,796.75,784.8,789.85,4362520
8/13/2019 15:30:00,784.15,786,760.15,764.75,7517099
8/14/2019 15:30:00,775.1,778.25,768,774.8,5940968
8/16/2019 15:30:00,780,780.05,762.5,774.55,5128088
8/19/2019 15:30:00,775.6,783,773.35,777.65,3881451
8/20/2019 15:30:00,785.2,798,783.85,792.75,8435344
8/21/2019 15:30:00,793,803.75,793,799.45,5926896
8/22/2019 15:30:00,799.9,801.3,792.35,795.7,5222488
8/23/2019 15:30:00,796.45,809.95,795.8,802.2,6895015
8/26/2019 15:30:00,795.9,806.8,786.9,802.55,5412074
8/27/2019 15:30:00,791,794.95,781.1,784.65,16061642
8/28/2019 15:30:00,787.4,805,786.3,802.5,5881134
8/29/2019 15:30:00,795.5,809.7,795.5,806.95,7830413
8/30/2019 15:30:00,810,817.35,802,814.9,8174186
9/3/2019 15:30:00,815,822.4,812.05,814.25,5647088
9/4/2019 15:30:00,810.75,822.45,810.25,821.3,6199015
9/5/2019 15:30:00,830.1,837.5,826.65,834.05,7926895
9/6/2019 15:30:00,843.3,847,835.05,840.15,6106841
9/9/2019 15:30:00,836.8,840.3,827.55,829.1,4377870
9/11/2019 15:30:00,822.3,828.55,814.15,820.1,7981036
9/12/2019 15:30:00,816.4,819.85,810.85,816.4,4400017
9/13/2019 15:30:00,818.1,831.05,817.5,829.3,4832021
9/16/2019 15:30:00,832.05,837.95,820.55,827.7,4846496
9/17/2019 15:30:00,831.5,835,820.55,831.25,5540901
9/18/2019 15:30:00,829.9,832.95,824,829.85,3199389
9/19/2019 15:30:00,824.85,827,815.2,820.7,6601607
9/20/2019 15:30:00,822.9,835,802,805,22462366
9/23/2019 15:30:00,806.9,806.9,741.9,764.35,17279260
9/24/2019 15:30:00,765,798.65,765,794.05,13717998
9/25/2019 15:30:00,787.7,801,781.65,792.65,9313576
9/26/2019 15:30:00,787.75,797,778.1,782.55,18442824
9/27/2019 15:30:00,787.05,794.25,780.1,782.2,5087642
9/30/2019 15:30:00,785.1,808,784.15,805.65,8178091
10/1/2019 15:30:00,807,807.55,791.55,793.55,5881438
10/3/2019 15:30:00,792.55,797.85,784.15,785.6,5497672
10/4/2019 15:30:00,790,797.6,787.05,793.45,8201713
10/7/2019 15:30:00,794.85,802,786.1,789.55,3679845
10/9/2019 15:30:00,795.45,795.9,778.8,783.65,6335025
10/10/2019 15:30:00,785.4,794.7,776.6,783.05,10402917
10/11/2019 15:30:00,781.5,823.8,776.6,814.8,20636344
10/14/2019 15:30:00,786.75,797,780,786.1,15150858
10/15/2019 15:30:00,773.1,775.95,765,768.3,13762133
10/16/2019 15:30:00,765.25,775.95,761.55,771.45,10767032
10/17/2019 15:30:00,767,770.55,765.1,769.5,9860495
10/18/2019 15:30:00,763.8,773.8,760,767.85,10037200
10/22/2019 15:30:00,691.1,691.1,638.35,643.55,90152532
10/23/2019 15:30:00,630,656.65,615.1,650.6,60516887
10/24/2019 15:30:00,650,653.2,632,635.35,25666433
10/25/2019 19:00:00,647,652.5,636,637.45,16549337
10/27/2019 19:25:00,651.1,652.5,645.55,649.95,2945281
10/29/2019 15:30:00,651,653.75,647,650.65,16709764
10/30/2019 15:30:00,660.4,671.4,656.2,660.6,22879467
10/31/2019 15:30:00,668.4,695.45,666.1,685.6,27405901
11/1/2019 15:30:00,690,694,682.6,687.9,9713519
11/4/2019 15:30:00,681.8,732.5,678.15,709,29381982
11/5/2019 15:30:00,708.75,708.75,691.5,696.1,12897805
11/6/2019 15:30:00,695.8,721.5,692,712.3,21372589
11/7/2019 15:30:00,717,724.35,712.1,720.1,13733737
11/8/2019 15:30:00,722,724.25,705.5,708.15,8585630
11/11/2019 15:30:00,698.9,707.2,698,704.4,6951494
11/13/2019 15:30:00,696.5,700,687.75,691.35,9973690
11/14/2019 15:30:00,696.35,709.8,696.35,705.3,10539902
11/15/2019 15:30:00,709.05,712.95,702.3,703.9,7362623
11/18/2019 15:30:00,705,710,699.3,705.2,7490916
11/19/2019 15:30:00,709.9,714,705,712.85,6495885
11/20/2019 15:30:00,712.8,715,705,713,6142171
11/21/2019 15:30:00,715.5,721.45,710.5,713.25,9692973
11/22/2019 15:30:00,711.75,712,685.1,693.2,14415826
11/25/2019 15:30:00,693.35,705.15,693.2,698.1,7334511
11/26/2019 15:30:00,705,707.25,686,690.6,27253106
11/27/2019 15:30:00,694.25,697.65,690.1,695.75,3861635
11/28/2019 15:30:00,699.1,703.35,694.05,701.85,4837683
11/29/2019 15:30:00,700.9,702.3,691.55,696.35,4262379
12/2/2019 15:30:00,703.1,0,0,695.8,0
12/3/2019 15:30:00,692.7,699.7,688.55,698.35,5239013
12/4/2019 15:30:00,697,710.5,693.35,708.85,7427886
12/5/2019 15:30:00,706.45,715.9,703.8,714.85,4814422
12/6/2019 15:30:00,715.95,720,709.6,715.1,5226096
12/9/2019 15:30:00,716,722.35,714.25,717.25,6435865
12/10/2019 15:30:00,713,718.5,710,714.55,4457939
12/11/2019 15:30:00,716.6,722.7,713,721.05,6043554
12/12/2019 15:30:00,718.5,720.7,699.55,702.1,11112042
12/13/2019 15:30:00,700.35,712.9,700.35,711.3,10302412
12/16/2019 15:30:00,712.3,720.2,710.2,714,5616324
12/17/2019 15:30:00,719.7,731.25,715,729.7,10525565
12/18/2019 15:30:00,731,737.3,722.75,732.45,12215295
12/19/2019 15:30:00,733.5,735.95,724.6,730.85,7199210
12/20/2019 15:30:00,731,735,728.25,731.55,7794167
12/23/2019 15:30:00,732.15,737.3,731.65,736,4975608
12/24/2019 15:30:00,736.95,736.95,728.3,733.4,2890759
12/26/2019 15:30:00,732,734.55,726.55,728.95,3821806
12/27/2019 15:30:00,729.75,737.5,728.85,736.95,3399094
12/30/2019 15:30:00,736.1,737.95,727.25,732.9,5368416
12/31/2019 15:30:00,729.7,737.75,725.45,731.15,6927885
1/1/2020 15:30:00,735,740,732.55,736.85,2112415
1/2/2020 15:30:00,738.9,740.8,730.9,734.7,5658200
1/3/2020 15:30:00,733.9,748,733.9,746,7882938
1/6/2020 15:30:00,746.1,753.8,736.5,738.85,6519403
1/7/2020 15:30:00,738,742.6,725.1,727.9,7899363
1/8/2020 15:30:00,724.95,729,708.3,718.2,8639443
1/9/2020 15:30:00,721.7,731.5,714.3,727.55,13521186
1/10/2020 15:30:00,740.45,742.9,730.5,738.15,9341405
1/13/2020 15:30:00,760,777.5,755,773.55,36952038
1/14/2020 15:30:00,769.95,776.95,767.2,775.65,11414418
1/15/2020 15:30:00,773.85,773.85,762.15,767.55,6047430
1/16/2020 15:30:00,770.7,772.5,760.25,767,5740586
1/17/2020 15:30:00,770.7,772.9,762.25,767.85,3762957
1/20/2020 15:30:00,771.6,774.4,762.95,768.45,3887680
1/21/2020 15:30:00,768.45,770.5,760.75,762.5,4448374
1/22/2020 15:30:00,768.45,778,766,770.2,9733935
1/23/2020 15:30:00,777.1,785.5,776.7,784.35,12528017
1/24/2020 15:30:00,775.75,786.5,773.6,782.75,7540490
1/27/2020 15:30:00,779.05,784.8,774.4,778.1,3741610
1/28/2020 15:30:00,781,781.8,772,778,5121009
1/29/2020 15:30:00,786.6,792.8,784.25,789.7,6832757
1/30/2020 15:30:00,789.7,789.7,778,780.7,3859680
1/31/2020 15:30:00,780.55,784.95,771.6,775.95,6092028
2/1/2020 17:00:00,775.1,791.25,769.25,776.05,4875882
2/3/2020 15:30:00,782,790.95,764.5,767.4,6416745
2/4/2020 15:30:00,770.1,789.9,770.1,787.85,5771311
2/5/2020 15:30:00,781,786,774.4,784.55,6310409
2/6/2020 15:30:00,784.35,786.8,770,771.35,7341622
2/7/2020 15:30:00,775.95,778.85,771,777.3,2853344
2/10/2020 15:30:00,774,778,769.75,773.2,3827682
2/11/2020 15:30:00,779,779.1,769.2,773.55,4312817
2/12/2020 15:30:00,775.8,783.25,775.1,781.05,2948825
2/13/2020 15:30:00,785,794,782.2,792.25,4387430
2/14/2020 15:30:00,794.5,799.2,784.6,786.45,5321680
2/17/2020 15:30:00,790.3,793.45,783.3,789.45,2929629
2/18/2020 15:30:00,785,799.05,783.65,797.65,5083346
2/19/2020 15:30:00,800,804.85,796.15,800.45,3985192
2/20/2020 15:30:00,803.25,806.1,793.85,797,4564569
2/24/2020 15:30:00,800.1,811.6,792.15,795.85,6627536
2/25/2020 15:30:00,799,806,795.4,798.4,6996695
2/26/2020 15:30:00,793.95,801.45,780.5,782.75,8760569
2/27/2020 15:30:00,778,780.75,772.2,777.85,5223386
2/28/2020 15:30:00,750,756.8,722.05,731.7,14123957
3/2/2020 15:30:00,737,765.9,733.75,741.05,9821523
3/3/2020 15:30:00,755,759,741.25,747,7826587
3/4/2020 15:30:00,753.9,761.5,745.55,758.75,11013444
3/5/2020 15:30:00,763.75,773.55,751.75,754.6,7755293
3/6/2020 15:30:00,741,744,729.1,738.95,9216022
3/9/2020 15:30:00,724.5,725.85,697,704.45,10308697
3/11/2020 15:30:00,690.65,695.95,669.05,686,16165054
3/12/2020 15:30:00,668,670,627.5,631.2,13965689
3/13/2020 15:30:00,592,667,570,642.35,16903140
3/16/2020 15:30:00,622,622.15,580,583.15,19140854
3/17/2020 15:30:00,588.1,592,550,554.95,16060126
3/18/2020 15:30:00,568,578,528,534.3,15391568
3/19/2020 15:30:00,509.25,558,509.25,545.55,16584106
3/20/2020 15:30:00,549.5,617.45,548,585.2,21356183
3/23/2020 15:30:00,540,560.95,515.9,526.45,17146303
3/24/2020 15:30:00,522,601.15,522,589.8,20029537
3/25/2020 15:30:00,597,635,565.7,606.2,18339650
3/26/2020 15:30:00,615,650.85,612.1,643,14868843
3/27/2020 15:30:00,665.05,674.9,642.25,652.7,13495469
3/30/2020 15:30:00,625.1,663.5,621.1,626.7,14625720
3/31/2020 15:30:00,650,662,633.7,641.5,15175528
4/1/2020 15:30:00,634.35,637.5,594,602.8,13083865
4/3/2020 15:30:00,603.5,606,582.15,585.7,10221890
4/7/2020 15:30:00,615,644.25,612.9,639,15146526
4/8/2020 15:30:00,630,655.65,626.35,631.6,11806901
4/9/2020 15:30:00,646.8,652.8,632.1,636.25,11931287
4/13/2020 15:30:00,629,651.7,626.05,637.4,8330291
4/15/2020 15:30:00,651.4,653.3,635.6,639.05,11963493
4/16/2020 15:30:00,619.95,634.9,603.5,623.85,17783310
4/17/2020 15:30:00,644,646,626,628.75,8878372
4/20/2020 15:30:00,640,661,639,653.3,13322995
4/21/2020 15:30:00,627.8,646.5,627.8,633.2,11660678
4/22/2020 15:30:00,633.2,645,628.05,641.85,8267159
4/23/2020 15:30:00,647.05,683.65,638.1,679.3,14451294
4/24/2020 15:30:00,668.55,675,654.8,658,7319950
4/27/2020 15:30:00,661.05,681,661.05,664.6,7183316
4/28/2020 15:30:00,673,677,653.05,660.7,7296594
4/29/2020 15:30:00,666,682,658,676.55,8639246
4/30/2020 15:30:00,700,720,698.1,715.5,16254036
5/4/2020 15:30:00,689.8,701.2,670.35,673.7,9122803
5/5/2020 15:30:00,681.75,685.6,670,673.7,6393108
5/6/2020 15:30:00,676.9,681.45,664.05,665.9,7934457
5/7/2020 15:30:00,665.55,674.35,662.45,664.95,4779550
5/8/2020 15:30:00,672.25,680.9,668.5,674.2,8400376
5/11/2020 15:30:00,682.5,698.55,678,682.9,7370192
5/12/2020 15:30:00,678.5,691,675.5,687.65,7356063
5/13/2020 15:30:00,694.8,699.9,683.75,694.15,8287106
5/14/2020 15:30:00,659,671.75,652.6,658.15,16888356
5/15/2020 15:30:00,664.8,664.8,646.7,652.3,9255353
5/18/2020 15:30:00,659.85,670.55,653,663.9,10435495
5/19/2020 15:30:00,664,674.8,655,668.6,5902238
5/20/2020 15:30:00,668.5,673,659.65,669.55,5795193
5/21/2020 15:30:00,666.5,679.45,665.4,672.2,7214401
5/22/2020 15:30:00,675,695.85,673.5,692.35,11867864
5/26/2020 15:30:00,693,699.45,679,680.55,7099719
5/27/2020 15:30:00,686.05,709.2,675,705.45,8774694
5/28/2020 15:30:00,707,710,690,707.4,9440121
5/29/2020 15:30:00,692.5,700.8,674.95,691,28291172
6/1/2020 15:30:00,698.75,706.65,691.5,699.55,12276649
6/2/2020 15:30:00,700.5,711.65,697.55,708.1,7059409
6/3/2020 15:30:00,710.7,711.9,696,701.55,11378568
6/4/2020 15:30:00,702,709.45,697.5,707.75,10783594
6/5/2020 15:30:00,707,711.7,700.6,703.55,7718943
6/8/2020 15:30:00,707.65,725.8,704,720.85,10719124
6/9/2020 15:30:00,720,729.6,715.05,717.6,10078863
6/10/2020 15:30:00,715,719.45,709.2,715.85,7263272
6/11/2020 15:30:00,712,713.4,700.25,703.95,8825914
6/12/2020 15:30:00,675.8,695.15,675.5,692.05,9796064
6/15/2020 15:30:00,693,704.4,685.25,687.55,7857344
6/16/2020 15:30:00,702,712,699.15,701.2,10132423
6/17/2020 15:30:00,699.9,710.3,698,703.65,7291919
6/18/2020 15:30:00,708.2,716.6,706,713.9,6670206
6/19/2020 15:30:00,709,711.9,701,705.55,22438873
6/22/2020 15:30:00,707.1,708.7,700,703.7,7804139
6/23/2020 15:30:00,695.7,724.5,692.1,720.65,12157486
6/24/2020 15:30:00,716.9,726.8,709.4,714.15,10220908
6/25/2020 15:30:00,704.85,705.6,693.5,700.5,14945304
6/26/2020 15:30:00,710.2,751.6,710,748.2,26030535
6/29/2020 15:30:00,735.4,744.7,730.1,731.75,8954490
6/30/2020 15:30:00,732.8,738.95,724.25,735.95,10411347
7/1/2020 15:30:00,737.25,742.3,729.75,731.9,5477687
7/2/2020 15:30:00,737.35,765.45,735.4,756.6,17263764
7/3/2020 15:30:00,755,764,752.5,762.7,7796573
7/6/2020 15:30:00,765.2,775,761.5,764,8811009
7/7/2020 15:30:00,769.4,796.95,765.55,794.15,19362666
7/8/2020 15:30:00,784.9,784.9,772.2,774.7,8476675
7/9/2020 15:30:00,780,790,775,781.7,6854196
7/10/2020 15:30:00,773.5,789.9,773.5,781.85,5206452
7/13/2020 15:30:00,788,805.35,786.05,797.05,10804911
7/14/2020 15:30:00,792.95,806.4,781.35,783.25,8961822
7/15/2020 15:30:00,799,848.45,794.8,830.95,30060998
7/16/2020 15:30:00,900.1,955.5,894.25,911,90433393
7/17/2020 15:30:00,911,919.9,892.15,903.15,31682904
7/20/2020 15:30:00,908.5,945,906.75,934.3,18421083
7/21/2020 15:30:00,945,949.7,929.2,936.75,12877814
7/22/2020 15:30:00,938.95,939,910,917.9,14354421
7/23/2020 15:30:00,915.65,915.8,900.65,907.95,13052804
7/24/2020 15:30:00,903.25,925.75,903.25,922.85,18209670
7/27/2020 15:30:00,921.55,952.8,918.65,948.45,16828218
7/28/2020 15:30:00,946,967.55,941.2,962.85,15819466
7/29/2020 15:30:00,953.25,960,943.6,954.15,11152710
7/30/2020 15:30:00,962,972.65,958.75,961.45,12492569
7/31/2020 15:30:00,969.25,986.45,953.3,966,12704359
8/3/2020 15:30:00,960,965.4,947.45,956.9,8480166
8/4/2020 15:30:00,960.45,970.7,940.55,949.85,11133259
8/5/2020 15:30:00,952,960.95,938.3,944.7,9616176
8/6/2020 15:30:00,953.5,974.4,942.5,970.85,10976523
8/7/2020 15:30:00,969.45,969.45,949,950.9,8010973
8/10/2020 15:30:00,948.9,956.8,945.3,951.35,5716472
8/11/2020 15:30:00,949.9,962,946.1,948.45,6802508
8/12/2020 15:30:00,948,958.8,942.2,954.95,6908732
8/13/2020 15:30:00,954.8,968.5,948.25,951.2,5097705
8/14/2020 15:30:00,955.85,963,952.05,953.6,4663873
8/17/2020 15:30:00,954.1,972.45,954.1,957.5,9008716
8/18/2020 15:30:00,963.9,969.2,958.7,967.55,6142171
8/19/2020 15:30:00,970.9,971.55,957.45,959.3,6622744
8/20/2020 15:30:00,958.9,965.5,951.3,955.15,5656667
8/21/2020 15:30:00,963.05,963.45,946.55,948.8,6513784
8/24/2020 15:30:00,947,952,939.2,947.4,5798579
8/25/2020 15:30:00,947.5,948.65,933.6,938.1,6233923
8/26/2020 15:30:00,941.25,954.25,938.4,950.8,5153663
8/27/2020 15:30:00,960,960.95,945.2,947.05,6154300
8/28/2020 15:30:00,951.45,952.5,933.05,935.25,7593988
8/31/2020 15:30:00,935.25,950.5,914.6,928.6,12808369
9/1/2020 15:30:00,926.25,935,912.1,914.15,6907783
9/2/2020 15:30:00,915,926.4,913.5,924,5678696
9/3/2020 15:30:00,926.5,949.4,924,935.55,8828016
9/4/2020 15:30:00,915,929.5,914.45,919.15,8650414
9/7/2020 15:30:00,918.9,927.55,913.05,925.05,6700450
9/8/2020 15:30:00,929.95,952,925.55,939.3,12892115
9/9/2020 15:30:00,935,946,926,927.75,5529150
9/10/2020 15:30:00,935.3,942,924.8,940.05,5172091
9/11/2020 15:30:00,934.9,954.15,931,945.7,6672082
9/14/2020 15:30:00,957,991.05,948.3,978.4,21871591
9/15/2020 15:30:00,979.5,994,971.65,982.45,11608223
9/16/2020 15:30:00,986,1005.65,982,1001.75,10059392
9/17/2020 15:30:00,995,1021,995,1011,15628308
9/18/2020 15:30:00,1011,1018.8,999.1,1002.15,12897897
9/21/2020 15:30:00,1001,1031,1000.5,1009.9,14140790
9/22/2020 15:30:00,1009,1022.5,991.2,1007.5,12625775
9/23/2020 15:30:00,1020.15,1037,1008.1,1019.75,13486274
9/24/2020 15:30:00,1003,1009,970,975.4,14427463
9/25/2020 15:30:00,975.8,1014.9,975,1011.45,13311079
9/28/2020 15:30:00,1014.8,1016.15,998.5,1010.4,8554583
9/29/2020 15:30:00,1018,1028,1004.1,1009,8708572
9/30/2020 15:30:00,1009,1023.95,1005,1008.25,8049899
10/1/2020 15:30:00,1020.6,1026.5,1011.75,1017.65,5563432
10/5/2020 15:30:00,1018.05,1054.9,1018.05,1048.7,14212560
10/6/2020 15:30:00,1055,1060,1031.35,1055.75,9090819
10/7/2020 15:30:00,1044.9,1072,1035.5,1066.55,9284060
10/8/2020 15:30:00,1090,1124,1088.4,1093.7,21483024
10/9/2020 15:30:00,1095.1,1113.3,1088.45,1106.8,10567955
10/12/2020 15:30:00,1123,1140,1112.1,1132.1,14633780
10/13/2020 15:30:00,1135.55,1166.05,1135.55,1157.8,17524137
10/14/2020 15:30:00,1162,1164.9,1131.1,1137,16649731
10/15/2020 15:30:00,1180,1186,1092.5,1108.25,44288566
10/16/2020 15:30:00,1113.85,1135.95,1096.9,1127.5,18366133
10/19/2020 15:30:00,1135,1139,1115.3,1125.9,12902146
10/20/2020 15:30:00,1118.9,1144.7,1110,1137.5,10448852
10/21/2020 15:30:00,1141.15,1154.35,1135,1148.35,19811809
10/22/2020 15:30:00,1142,1158,1123.8,1129.05,11271538
10/23/2020 15:30:00,1133,1135,1120.15,1122.5,9070121
10/26/2020 15:30:00,1122.25,1129.6,1103.15,1112.45,6309643
10/27/2020 15:30:00,1105.7,1109.7,1077.15,1090.85,10172530
10/28/2020 15:30:00,1095.5,1104.75,1070.05,1076.55,7608413
10/29/2020 15:30:00,1070,1082,1060.1,1074.85,6935804
10/30/2020 15:30:00,1072,1083.6,1052.35,1060.6,8800436
11/2/2020 15:30:00,1065,1079.95,1051.1,1072.3,7183119
11/3/2020 15:30:00,1072,1079.4,1057.5,1062.55,7204782
11/4/2020 15:30:00,1068,1116,1066.8,1093.95,15702690
11/5/2020 15:30:00,1109.9,1123,1099,1104,9568890
11/6/2020 15:30:00,1108,1121.1,1091.7,1112.75,8807127
11/9/2020 15:30:00,1129.3,1146,1121.15,1136.55,10160320
11/10/2020 15:30:00,1113.85,1113.85,1078,1091.05,15622869
11/11/2020 15:30:00,1096,1126.35,1087,1122.5,12514800
11/12/2020 15:30:00,1128.1,1142,1113.75,1117.75,9180976
11/13/2020 15:30:00,1120,1133,1117,1124.2,6363212
11/17/2020 15:30:00,1144.75,1145,1112.65,1123.7,12813968
11/18/2020 15:30:00,1128.5,1132.7,1101.45,1110.55,9839468
11/19/2020 15:30:00,1100,1114.7,1093.8,1096.75,10092343
11/20/2020 15:30:00,1106,1109,1091.1,1103.35,8063554
11/23/2020 15:30:00,1105,1144.8,1101.95,1139.85,10546363
11/24/2020 15:30:00,1145,1154.9,1133.35,1140.05,8515426
11/25/2020 15:30:00,1137,1143.5,1111.25,1115.65,8958701
11/26/2020 15:30:00,1119.95,1119.95,1098.3,1113.2,10962256
11/27/2020 15:30:00,1118,1121,1091,1100,25306145
12/1/2020 15:30:00,1105.05,1140.25,1105.05,1137.85,8933802
12/2/2020 15:30:00,1134,1147.45,1121,1140.9,6741637
12/3/2020 15:30:00,1147,1147,1122.7,1126.45,16212632
12/4/2020 15:30:00,1125,1137,1115,1134.65,10564055
12/7/2020 15:30:00,1147.3,1153,1136,1143.5,7792141
12/8/2020 15:30:00,1145,1167,1145,1153.35,12308330
12/9/2020 15:30:00,1168.05,1179.5,1157,1175.2,10039346
12/10/2020 15:30:00,1157.4,1171.65,1150,1167.75,9488782
12/11/2020 15:30:00,1159.7,1171.95,1155.25,1163.2,10574009
12/14/2020 15:30:00,1169.4,1172.6,1148.2,1164.55,6728187
12/15/2020 15:30:00,1156,1163.7,1152,1154.6,6905926
12/16/2020 15:30:00,1160,1168.9,1153.6,1165.7,7788404
12/17/2020 15:30:00,1165.9,1168.9,1156.2,1159.2,6658153
12/18/2020 15:30:00,1182.85,1195,1175.6,1189.8,15995676
12/21/2020 15:30:00,1188,1209.75,1152.05,1177.3,10858352
12/22/2020 15:30:00,1182,1223.85,1176.1,1220.5,10901851
12/23/2020 15:30:00,1238,1258.85,1230.55,1253.05,15878346
12/24/2020 15:30:00,1249.9,1249.9,1226,1236.05,7313885
12/28/2020 15:30:00,1238.45,1248,1236,1240.3,4607051
12/29/2020 15:30:00,1235,1254.45,1235,1250.3,6878105
12/30/2020 15:30:00,1253,1253.3,1238.15,1246.8,5194690
12/31/2020 15:30:00,1243,1258.4,1239,1255.8,7430470
1/1/2021 15:30:00,1257.9,1265.5,1255.8,1260.45,4253550
1/4/2021 15:30:00,1269,1290,1261.15,1288.25,7208454
1/5/2021 15:30:00,1282,1299,1275.05,1293.8,8145280
1/6/2021 15:30:00,1300,1302,1268.05,1282.1,7161715
1/7/2021 15:30:00,1296,1297.65,1255.5,1262.15,10954918
1/8/2021 15:30:00,1278.25,1316.8,1278.25,1312.1,13186251
1/11/2021 15:30:00,1342.1,1383.35,1340,1376.2,20528626
1/12/2021 15:30:00,1378,1378,1360,1371.75,8309868
1/13/2021 15:30:00,1373.85,1392.8,1360,1387.15,14442997
1/14/2021 15:30:00,1360,1384,1318.45,1370.5,27521697
1/15/2021 15:30:00,1360,1364.45,1340,1344.95,15018441
1/18/2021 15:30:00,1338,1340,1306,1312.05,8861765
1/19/2021 15:30:00,1320,1331,1312,1316.65,5585744
1/20/2021 15:30:00,1320.55,1348.4,1320.55,1339.45,8225838
1/21/2021 15:30:00,1350,1361.05,1335,1339.7,6142421
1/22/2021 15:30:00,1327,1356,1326.55,1340.85,9646591
1/25/2021 15:30:00,1345,1347.9,1313,1325.1,6542611
1/27/2021 15:30:00,1319.6,1327.55,1285.1,1301,8133665
1/28/2021 15:30:00,1291.8,1296.45,1272.55,1276.2,4660690
1/29/2021 15:30:00,1286.25,1291.15,1231,1239.05,12183519
2/1/2021 15:30:00,1250.55,1277.95,1241,1260.9,8880279
2/2/2021 15:30:00,1280,1294.4,1263.6,1271.25,6892490
2/3/2021 15:30:00,1277.65,1304,1273,1284.65,8182968
2/4/2021 15:30:00,1285,1293.4,1272.05,1279.35,5032240
2/5/2021 15:30:00,1286.4,1288.75,1262,1272.1,5477481
2/8/2021 15:30:00,1285.5,1310,1275.5,1303.55,6921922
2/9/2021 15:30:00,1306.9,1332,1297.85,1305.55,7965949
2/10/2021 15:30:00,1295.8,1304.35,1283.6,1296.5,5951207
2/11/2021 15:30:00,1289,1296,1283.05,1292.65,4673317
2/12/2021 15:30:00,1305,1323.75,1301.55,1309.8,5797875
2/15/2021 15:30:00,1320,1328.4,1307.1,1309.65,4363513
2/16/2021 15:30:00,1314,1319.75,1286,1290.4,6896421
2/17/2021 15:30:00,1290.4,1294.5,1275,1281.3,4575741
2/18/2021 15:30:00,1276,1306,1275,1292.45,6437551
2/19/2021 15:30:00,1296.1,1299.5,1276.8,1291.3,5389696
2/22/2021 15:30:00,1295,1308.55,1260,1265.2,7371303
2/23/2021 15:30:00,1271.15,1291,1257.55,1266.35,6612942
2/24/2021 15:30:00,1260.05,1276.6,1252,1274.3,4537258
2/25/2021 15:30:00,1288.45,1299.75,1272,1274.55,8788221
2/26/2021 15:30:00,1269,1274.3,1244.75,1253.3,15132388
3/1/2021 15:30:00,1263.3,1284.5,1259,1267,5756286
3/2/2021 15:30:00,1282.25,1310,1279.2,1304.5,10461434
3/3/2021 15:30:00,1319.2,1347,1308,1343.55,9056399
3/4/2021 15:30:00,1335,1363.85,1325.9,1330.35,12041941
3/5/2021 15:30:00,1328.5,1340,1305.05,1316.7,6486176
3/8/2021 15:30:00,1324.8,1346.1,1317.2,1335.75,5119392
3/9/2021 15:30:00,1329.5,1350.45,1318.75,1345.55,6518173
3/10/2021 15:30:00,1356.9,1374,1355,1368.15,7925984
3/12/2021 15:30:00,1373,1391.7,1370.05,1374.85,9462061
3/15/2021 15:30:00,1370,1379.9,1358.5,1373.6,6658665
3/16/2021 15:30:00,1386.05,1406,1380.5,1384,9352771
3/17/2021 15:30:00,1392.25,1400,1382,1387,7626744
3/18/2021 15:30:00,1393.75,1393.75,1313.5,1337.1,10961755
3/19/2021 15:30:00,1330,1355.2,1318,1344.45,12767112
3/22/2021 15:30:00,1350.1,1376,1336.1,1370.8,4862758
3/23/2021 15:30:00,1372.45,1383.25,1359.6,1371.55,7165335
3/24/2021 15:30:00,1357.85,1370.45,1346.25,1353.75,6134303
3/25/2021 15:30:00,1346.75,1352.5,1327.6,1333.8,8749994
3/26/2021 15:30:00,1344.7,1356.7,1332,1336.2,4922071
3/30/2021 15:30:00,1346.9,1400,1336.15,1385.3,10546919
3/31/2021 15:30:00,1382,1388,1363.3,1368.05,8220987
4/1/2021 15:30:00,1380,1391.6,1371,1385.2,5675155
4/5/2021 15:30:00,1391,1425,1387,1409.9,9479572
4/6/2021 15:30:00,1423,1426,1406.45,1411.05,5793571
4/7/2021 15:30:00,1410.25,1434.95,1406.6,1430.2,5879234
4/8/2021 15:30:00,1430,1451.7,1421,1439.85,5654434
4/9/2021 15:30:00,1455,1455,1430.05,1441.05,6052712
4/12/2021 15:30:00,1474,1477.55,1415,1425.75,20384532
4/13/2021 15:30:00,1433,1435.25,1375,1397.15,14855206
4/15/2021 15:30:00,1332.3,1366.4,1320,1360.75,25342491
4/16/2021 15:30:00,1365,1370.85,1346.6,1353.75,10879878
4/19/2021 15:30:00,1340,1379.7,1332.35,1362.55,12508028
4/20/2021 15:30:00,1379,1379,1342.4,1351.35,8560766
4/22/2021 15:30:00,1355.55,1364.8,1345.15,1351.1,6622446
4/23/2021 15:30:00,1343,1348.4,1331,1333.8,7316262
4/26/2021 15:30:00,1332.25,1351.3,1321,1343.55,7088606
4/27/2021 15:30:00,1346,1353,1340.15,1348.5,3636115
4/28/2021 15:30:00,1358,1359.5,1344.6,1356,4879234
4/29/2021 15:30:00,1368,1369,1351.4,1356.35,5412357
4/30/2021 15:30:00,1346.3,1373.9,1345.9,1354.35,8354677
5/3/2021 15:30:00,1340.8,1361,1338,1352.05,4560337
5/4/2021 15:30:00,1354,1354.95,1324.1,1329.4,4887060
5/5/2021 15:30:00,1341.1,1343.9,1327.8,1341.5,3939788
5/6/2021 15:30:00,1345,1364.7,1337.4,1361.6,4810090
5/7/2021 15:30:00,1365.3,1373.05,1348.5,1352.55,4991435
5/10/2021 15:30:00,1349.85,1352.9,1335.05,1339.55,7195348
5/11/2021 15:30:00,1336.9,1341,1325.1,1330.65,6420988
5/12/2021 15:30:00,1330,1330,1314.5,1327,5241898
5/14/2021 15:30:00,1326.85,1326.85,1311.3,1316.4,4824609
5/17/2021 15:30:00,1320.3,1334.95,1320.3,1329.4,5017129
5/18/2021 15:30:00,1338,1344.6,1329.5,1340,5620150
5/19/2021 15:30:00,1342,1357.45,1333.25,1337,4435878
5/20/2021 15:30:00,1348.4,1349.1,1335,1339.3,4490092
5/21/2021 15:30:00,1347.5,1357.5,1346.35,1354.5,4969733
5/24/2021 15:30:00,1356.65,1363,1345.1,1348.05,4225371
5/25/2021 15:30:00,1358,1368,1354.45,1361.6,4099340
5/26/2021 15:30:00,1367.9,1400,1362.05,1397.25,6850024
5/27/2021 15:30:00,1404.2,1416.25,1391.7,1402.25,15365391
5/28/2021 15:30:00,1409.75,1414,1396.1,1405.05,4261312
5/31/2021 15:30:00,1401.5,1401.5,1383,1393.75,4429904
6/1/2021 15:30:00,1400,1401,1378.65,1387.2,4791325
6/2/2021 15:30:00,1380.75,1391.95,1365,1378.65,9272276
6/3/2021 15:30:00,1388.1,1399,1377.05,1389.65,5115645
6/4/2021 15:30:00,1393.95,1396.9,1377.65,1385.65,4194328
6/7/2021 15:30:00,1391,1392,1377.3,1389.65,5154576
6/8/2021 15:30:00,1396,1421.75,1395.55,1412.95,7360630
6/9/2021 15:30:00,1413.4,1425,1404.6,1415.3,5394317
6/10/2021 15:30:00,1424,1429,1419,1424.3,3496575
6/11/2021 15:30:00,1430.1,1451.6,1429.45,1446.9,6140828
6/14/2021 15:30:00,1471,1477,1453.45,1461.8,7132294
6/15/2021 15:30:00,1464,1476,1463,1473.9,5403104
6/16/2021 15:30:00,1472.7,1489.45,1467.5,1480.6,7661710
6/17/2021 15:30:00,1475.1,1502.65,1475.1,1495.3,7677951
6/18/2021 15:30:00,1509,1515.8,1487.4,1503.3,13533974
6/21/2021 15:30:00,1493,1505.8,1484.2,1500.3,5454052
6/22/2021 15:30:00,1509.7,1521.45,1502.1,1511.85,6427862
6/23/2021 15:30:00,1525,1525,1498.65,1503.15,5529809
6/24/2021 15:30:00,1517,1568.75,1511.2,1559.2,10785137
6/25/2021 15:30:00,1572,1578,1543,1574.2,9780240
6/28/2021 15:30:00,1572.9,1580.15,1560.6,1571.8,5019178
6/29/2021 15:30:00,1561,1573.65,1559.2,1563.05,5913567
6/30/2021 15:30:00,1572.05,1591,1572.05,1580.8,6058722
7/1/2021 15:30:00,1576.85,1576.85,1559.05,1560.4,4814317
7/2/2021 15:30:00,1558.95,1569.45,1542.6,1567.8,5166064
7/5/2021 15:30:00,1569.15,1585,1561.05,1578.95,4058338
7/6/2021 15:30:00,1573.7,1586.75,1557.1,1562.2,4089574
7/7/2021 15:30:00,1566.05,1570.55,1544.65,1564.6,4797120
7/8/2021 15:30:00,1568,1576,1549,1560.75,3326813
7/9/2021 15:30:00,1556,1569.9,1551,1562.9,3436594
7/12/2021 15:30:00,1570.55,1578,1533.75,1547.85,4588982
7/13/2021 15:30:00,1556.4,1556.4,1536.3,1544.95,4456160
7/14/2021 15:30:00,1554,1582.8,1538.1,1576.9,5657716
7/15/2021 15:30:00,1557.9,1596.85,1556,1580.8,10021355
7/16/2021 15:30:00,1573.75,1574.65,1549.6,1555.45,6265593
7/19/2021 15:30:00,1544.7,1552.9,1537.55,1541.7,5669162
7/20/2021 15:30:00,1538.3,1557.7,1538,1550.05,5069939
7/22/2021 15:30:00,1561.4,1592.85,1561.4,1590.2,7854575
7/23/2021 15:30:00,1588.55,1598.5,1585.05,1590.45,4179719
7/26/2021 15:30:00,1594.1,1611.65,1594.1,1603.9,4586710
7/27/2021 15:30:00,1605,1609.3,1597.9,1602.55,5892859
7/28/2021 15:30:00,1605.1,1607.6,1585.5,1605.6,4686788
7/29/2021 15:30:00,1600.1,1620,1600.1,1617,4660873
7/30/2021 15:30:00,1610,1623.4,1606.15,1610.5,6234257
8/2/2021 15:30:00,1627.45,1634.75,1619.2,1631.55,5553389
8/3/2021 15:30:00,1647,1658.65,1635.6,1655.2,5513668
8/4/2021 15:30:00,1669.1,1679.9,1639.05,1649.25,6740391
8/5/2021 15:30:00,1649.5,1666,1647.05,1653.55,5420536
8/6/2021 15:30:00,1657,1660.65,1644,1650.2,3754855
8/9/2021 15:30:00,1661,1667.45,1646.4,1663.3,5018477
8/10/2021 15:30:00,1668,1680,1661.05,1677.25,6846517
8/11/2021 15:30:00,1674.8,1684,1668,1677.55,4899639
8/12/2021 15:30:00,1679.15,1696.5,1674,1689.6,5659579
8/13/2021 15:30:00,1697,1722.5,1691.3,1712.2,5612790
8/16/2021 15:30:00,1707.7,1719.95,1690.1,1704.4,4564109
8/17/2021 15:30:00,1703.9,1748.9,1686.55,1741.65,9510390
8/18/2021 15:30:00,1729,1755.5,1727,1733.45,6686090
8/20/2021 15:30:00,1716.1,1745,1716.1,1732.95,6206972
8/23/2021 15:30:00,1735.75,1753.15,1732,1738.75,6189051
8/24/2021 15:30:00,1750,1757,1712.7,1720.85,7602939
8/25/2021 15:30:00,1718,1746.9,1718,1735.55,6153253
8/26/2021 15:30:00,1734,1746,1720,1727.7,5302248
8/27/2021 15:30:00,1725,1727.7,1705.2,1708.8,6698514
8/30/2021 15:30:00,1703.05,1718.65,1690.4,1698.05,6559667
8/31/2021 15:30:00,1700.15,1715,1685.85,1706.45,12255438
9/1/2021 15:30:00,1709.5,1709.5,1673.15,1677.75,7801974
9/2/2021 15:30:00,1677.35,1694.3,1662.65,1689.1,6830050
9/3/2021 15:30:00,1696.05,1705.95,1684.4,1700.65,5339139
9/6/2021 15:30:00,1705.15,1732,1699.35,1730.4,4876026
9/7/2021 15:30:00,1730,1734.9,1704,1706.65,3520341
9/8/2021 15:30:00,1700.85,1700.85,1682.95,1693.25,4584896
9/9/2021 15:30:00,1685.9,1694.9,1682.15,1691.6,3331674
9/13/2021 15:30:00,1683,1701.5,1675.2,1691.9,4662374
9/14/2021 15:30:00,1695.95,1695.95,1678.6,1686.15,4945167
9/15/2021 15:30:00,1693.25,1715.1,1690.2,1711.45,4062344
9/16/2021 15:30:00,1715.2,1719.25,1691.45,1702.25,3246568
9/17/2021 15:30:00,1697,1718,1684.45,1691.3,7454864
9/20/2021 15:30:00,1685,1707.7,1677.95,1687.85,5660743
9/21/2021 15:30:00,1700,1726.75,1684.65,1718.45,4672222
9/22/2021 15:30:00,1717,1738.9,1713.05,1716.9,4553892
9/23/2021 15:30:00,1732,1745,1721.1,1742.55,3826090
9/24/2021 15:30:00,1758,1788,1752.45,1763.85,8280446
9/27/2021 15:30:00,1768.75,1769,1718.1,1721.15,5045337
9/28/2021 15:30:00,1710,1710,1675,1687.1,6557197
9/29/2021 15:30:00,1659.25,1701.4,1655,1692.25,7792548
9/30/2021 15:30:00,1703,1703,1670.1,1675.2,6914031
10/1/2021 15:30:00,1665.1,1678.95,1661.25,1665.15,5733906
10/4/2021 15:30:00,1672.5,1688,1665.4,1678.75,2947154
10/5/2021 15:30:00,1671,1702.95,1663,1692.8,4373310
10/6/2021 15:30:00,1702.1,1709,1670,1673.55,4271698
10/7/2021 15:30:00,1687,1704.2,1676.65,1691,5476108
10/8/2021 15:30:00,1705.25,1731.5,1698.4,1723.85,4738376
10/11/2021 15:30:00,1682,1730,1663.7,1690.95,8840633
10/12/2021 15:30:00,1677,1689,1662,1685.15,7439300
10/13/2021 15:30:00,1695.95,1713.65,1680.05,1709.2,7104171
10/14/2021 15:30:00,1754,1783.6,1698.2,1715.75,19655776
10/18/2021 15:30:00,1740,1799,1740,1792.15,13438109
10/19/2021 15:30:00,1814,1834.5,1782.3,1822.15,10324260
10/20/2021 15:30:00,1829.4,1848,1794.05,1802.35,5876115
10/21/2021 15:30:00,1814,1814,1746.85,1753.65,8779629
10/22/2021 15:30:00,1749.9,1763.2,1707,1719.8,7369809
10/25/2021 15:30:00,1722.05,1729.75,1687.2,1707.55,5905209
10/26/2021 15:30:00,1710.05,1726.6,1695.9,1703.7,5871709
10/27/2021 15:30:00,1709.1,1734.15,1701.15,1728.95,5090259
10/28/2021 15:30:00,1719.35,1724.75,1692.05,1703.9,5329972
10/29/2021 15:30:00,1699,1712.6,1661.05,1667.75,5875091
11/1/2021 15:30:00,1677.5,1707.2,1676,1700.05,3636806
11/2/2021 15:30:00,1695,1706.45,1686.35,1697.9,3471772
11/3/2021 15:30:00,1709,1717.45,1699,1702.5,3530713
11/4/2021 19:15:00,1715,1717,1705,1708.7,483407
11/8/2021 15:30:00,1730,1741,1703,1737.5,5245903
11/9/2021 15:30:00,1734.75,1750,1726,1742.5,4016134
11/10/2021 15:30:00,1726,1750.95,1721.95,1740.15,4780368
11/11/2021 15:30:00,1732.95,1739.75,1709,1733.3,4731349
11/12/2021 15:30:00,1743,1782.85,1738.05,1780.2,5069009
11/15/2021 15:30:00,1782.1,1800,1775.5,1787.15,4354074
11/16/2021 15:30:00,1790,1808.95,1777,1792.3,6034233
11/17/2021 15:30:00,1792.55,1802,1780.7,1787.45,4732492
11/18/2021 15:30:00,1781.6,1789.45,1759,1779.4,4326924
11/22/2021 15:30:00,1784,1785.4,1751.15,1759.4,6621839
11/23/2021 15:30:00,1735.1,1747.25,1710,1736.9,8436160
11/24/2021 15:30:00,1740,1740.5,1688,1696,7333061
11/25/2021 15:30:00,1700,1726.2,1696.95,1722.4,4476260
11/26/2021 15:30:00,1702.55,1718.35,1684,1691.65,4494181
11/29/2021 15:30:00,1691,1712,1669.15,1696.35,3942776
11/30/2021 15:30:00,1704.55,1729.9,1700.05,1712.65,14808963
12/1/2021 15:30:00,1715,1741.9,1713,1714.9,5193264
12/2/2021 15:30:00,1715,1750.5,1711.35,1748.25,5559574
12/3/2021 15:30:00,1771.1,1786.65,1732.55,1735.55,6754012
12/6/2021 15:30:00,1730,1733.95,1691.5,1695.3,3991449
12/7/2021 15:30:00,1701.1,1724.9,1694,1711.65,4202122
12/8/2021 15:30:00,1733,1759.8,1732.6,1753.35,3029169
12/9/2021 15:30:00,1759,1769.4,1742,1763.45,2082171
12/10/2021 15:30:00,1760,1763.75,1746,1759.25,1823469
12/13/2021 15:30:00,1767.05,1771.35,1738.8,1744.65,4040584
12/14/2021 15:30:00,1730.9,1763,1710.35,1752.15,4768144
12/15/2021 15:30:00,1745,1747.95,1721.2,1734.2,3053149
12/16/2021 15:30:00,1762.65,1777.6,1758,1771.6,4481031
12/17/2021 15:30:00,1820,1842,1806.75,1820.85,18887243
12/20/2021 15:30:00,1801.7,1829.65,1787.3,1798.9,5773891
12/21/2021 15:30:00,1801,1838,1801,1811.6,5353584
12/22/2021 15:30:00,1825,1829.15,1812.35,1824.7,4156428
12/23/2021 15:30:00,1831.25,1861.6,1827,1857.6,4112933
12/24/2021 15:30:00,1872.95,1875.75,1854,1863.5,3780347
12/27/2021 15:30:00,1860,1874.5,1845.05,1866.15,2647733
12/28/2021 15:30:00,1880.7,1895.9,1878.4,1888,3340933
12/29/2021 15:30:00,1883.5,1893.8,1876.4,1885.55,3236635
12/30/2021 15:30:00,1884.5,1909.8,1874.35,1892.85,4584738
12/31/2021 15:30:00,1890,1898.35,1871.65,1887.75,4619420
1/3/2022 15:30:00,1887.75,1914.05,1887.75,1898.45,3329616
1/4/2022 15:30:00,1898.45,1906.65,1878,1899.15,3921999
1/5/2022 15:30:00,1900,1902.9,1840,1844.65,6995719
1/6/2022 15:30:00,1828,1828,1800,1817.8,6449205
1/7/2022 15:30:00,1815.45,1836,1806.8,1814.3,4834389
1/10/2022 15:30:00,1815,1869.9,1813,1850.75,7857560
1/11/2022 15:30:00,1855,1870,1850.15,1855.6,5142287
1/12/2022 15:30:00,1868.9,1889,1860,1877.45,5362535
1/13/2022 15:30:00,1905,1912.5,1866.35,1896.8,14277630
1/14/2022 15:30:00,1882,1933,1881,1929.35,7688506
1/17/2022 15:30:00,1938.55,1953.9,1930.5,1939.5,5262464
1/18/2022 15:30:00,1922.1,1945,1911.45,1920.75,3690315
1/19/2022 15:30:00,1916,1916,1862.85,1867.05,5747770
1/20/2022 15:30:00,1844,1848,1815.5,1823.7,5533463
1/21/2022 15:30:00,1795,1808,1776,1785.7,8252758
1/24/2022 15:30:00,1765,1768.65,1728,1736.8,7116712
1/25/2022 15:30:00,1726.6,1740,1700.5,1722.15,9137653
1/27/2022 15:30:00,1702,1709.7,1665,1678.6,11231734
1/28/2022 15:30:00,1681,1727.55,1679.5,1686.2,10998502
1/31/2022 15:30:00,1718,1749.5,1715.35,1736.2,8788872
2/1/2022 15:30:00,1766.1,1780,1734.7,1772.05,5119935
2/2/2022 15:30:00,1789,1792.8,1772,1787.1,4253717
2/3/2022 15:30:00,1779,1779,1734,1738.55,3832922
2/4/2022 15:30:00,1732,1753.95,1710.15,1741.1,4700077
2/7/2022 15:30:00,1722.2,1732,1695.4,1715,4310209
2/8/2022 15:30:00,1710,1725,1696,1717.3,6053401
2/9/2022 15:30:00,1735,1743,1725,1737.3,3867244
2/10/2022 15:30:00,1755.65,1773.9,1748.75,1769.6,4334630
2/11/2022 15:30:00,1740,1745.95,1713,1721.35,7551371
2/14/2022 15:30:00,1690,1718.55,1678.25,1682.2,7459637
2/15/2022 15:30:00,1699,1746.75,1690.45,1738.25,4669915
2/16/2022 15:30:00,1738.25,1755.45,1726.85,1733.3,5350642
2/17/2022 15:30:00,1744,1749,1720.3,1724.8,3937950
2/18/2022 15:30:00,1710,1722.5,1703.5,1706.95,5602215
2/21/2022 15:30:00,1701,1737.3,1691.5,1730.7,5120890
2/22/2022 15:30:00,1699.9,1751,1691.05,1734.35,8878515
2/23/2022 15:30:00,1750,1758.25,1733.4,1742.85,5478811
2/24/2022 15:30:00,1690.1,1714.95,1670.5,1678.15,13592379
2/25/2022 15:30:00,1715,1728.15,1677,1694.6,9737281
2/28/2022 15:30:00,1682.2,1728.05,1665,1715.6,15076542
3/2/2022 15:30:00,1710,1714.4,1691,1702.8,6771489
3/3/2022 15:30:00,1720.2,1733.9,1705.55,1720.85,7344147
3/4/2022 15:30:00,1695.25,1736,1681,1723.3,9074499
3/7/2022 15:30:00,1697,1751,1696,1739.85,9742588
3/8/2022 15:30:00,1718.45,1800,1718.45,1778.2,10984500
3/9/2022 15:30:00,1791,1831.6,1791,1813.35,10193515
3/10/2022 15:30:00,1844.75,1844.75,1810.2,1825.9,6547182
3/11/2022 15:30:00,1814,1831.4,1811,1822,4758657
3/14/2022 15:30:00,1831.55,1895,1831.55,1890.7,10289724
3/15/2022 15:30:00,1888.35,1888.35,1830,1839.3,7140443
3/16/2022 15:30:00,1865,1893.95,1849,1889.4,5233979
3/17/2022 15:30:00,1923.3,1923.3,1833.05,1854.6,17731459
3/21/2022 15:30:00,1861,1886.9,1841.1,1853.05,8362085
3/22/2022 15:30:00,1850,1890,1839,1887.4,5709382
3/23/2022 15:30:00,1897,1900,1857,1872.4,6192824
3/24/2022 15:30:00,1856.15,1894.6,1856.15,1886.7,3784303
3/25/2022 15:30:00,1892,1894,1858,1876.55,3438588
3/28/2022 15:30:00,1866,1880.9,1852.65,1873.9,4008555
3/29/2022 15:30:00,1873.9,1889.4,1860.55,1886,3917785
3/30/2022 15:30:00,1910,1919,1895,1903.95,7795839
3/31/2022 15:30:00,1900,1913,1894.2,1906.85,5399145
4/1/2022 15:30:00,1886.85,1910.3,1878.3,1903.55,6171518
4/4/2022 15:30:00,1889.75,1893,1873,1882.95,7364074
4/5/2022 15:30:00,1883.8,1889.6,1857.15,1861.1,5472024
4/6/2022 15:30:00,1855,1857.5,1822.15,1828.85,5407453
4/7/2022 15:30:00,1821.05,1828.15,1807.55,1811,5797544
4/8/2022 15:30:00,1823,1838,1808,1814.6,5131446
4/11/2022 15:30:00,1814,1814,1762.55,1766.55,8248407
4/12/2022 15:30:00,1757.5,1757.5,1727.75,1742.45,6456184
4/13/2022 15:30:00,1754.95,1757.5,1732,1748.55,6257693
4/18/2022 15:30:00,1605.5,1650,1590,1621.4,30523965
4/19/2022 15:30:00,1636.65,1636.65,1550,1562,17044923
4/20/2022 15:30:00,1575,1596.3,1563,1587.7,10678747
4/21/2022 15:30:00,1595,1627.2,1589.25,1618.8,7766514
4/22/2022 15:30:00,1604.35,1610.7,1582.4,1585.45,8134245
4/25/2022 15:30:00,1572.8,1572.8,1554.1,1561.1,7000570
4/26/2022 15:30:00,1577.2,1592,1566.55,1581,5345435
4/27/2022 15:30:00,1572.75,1572.75,1550.35,1552.8,8819356
4/28/2022 15:30:00,1570,1601.8,1557.45,1582.6,9245177
4/29/2022 15:30:00,1590,1597.3,1560.8,1567.55,9831395
5/2/2022 15:30:00,1550.9,1552.75,1531,1541,7072627
5/4/2022 15:30:00,1547.25,1570,1530.15,1535.55,6220959
5/5/2022 15:30:00,1560.05,1589.4,1557.45,1585.15,6144870
5/6/2022 15:30:00,1550,1561.85,1535.05,1542.85,6171472
5/9/2022 15:30:00,1540,1586.8,1522.15,1570.35,6832202
5/10/2022 15:30:00,1558,1569.15,1546.05,1553,6212545
5/11/2022 15:30:00,1549.95,1549.95,1511.6,1526.75,7846080
5/12/2022 15:30:00,1514,1527.5,1504.3,1508.8,7034979
5/13/2022 15:30:00,1519.3,1529.25,1498.1,1504.4,6723761
5/16/2022 15:30:00,1510,1511.85,1478.65,1489.1,6145331
5/17/2022 15:30:00,1494.9,1525,1480.9,1518.45,6516378
5/18/2022 15:30:00,1522,1549.7,1505.3,1509.2,6594126
5/19/2022 15:30:00,1481,1484.7,1417.65,1427.15,16561140
5/20/2022 15:30:00,1453,1466.75,1446.7,1455.15,10488908
5/23/2022 15:30:00,1455.1,1488,1450.05,1468.4,5887569
5/24/2022 15:30:00,1468.6,1469.55,1435.25,1441,5693167
5/25/2022 15:30:00,1435,1442.5,1399.25,1410.45,9630092
5/26/2022 15:30:00,1418,1430,1407.05,1423.95,13040065
5/27/2022 15:30:00,1443.95,1467,1437.4,1461.35,8284860
5/30/2022 15:30:00,1487,1530,1485,1526.8,10904213
5/31/2022 15:30:00,1510.7,1518,1488.15,1503.6,16033857
6/1/2022 15:30:00,1513,1514.75,1472.1,1478.55,8738508
6/2/2022 15:30:00,1484,1513.85,1475.6,1508,7205840
6/3/2022 15:30:00,1524.9,1555,1518,1521.7,9395707
6/6/2022 15:30:00,1516,1536.6,1493,1530.05,6624883
6/7/2022 15:30:00,1519.85,1519.85,1502.6,1506.7,4904592
6/8/2022 15:30:00,1520.2,1520.2,1492,1500,4697608
6/9/2022 15:30:00,1485,1516.95,1481.5,1515,4361061
6/10/2022 15:30:00,1486.1,1493.95,1473.6,1476.8,6516436
6/13/2022 15:30:00,1443.6,1443.6,1411.7,1424.5,6987685
6/14/2022 15:30:00,1410,1448.9,1403.15,1440.55,6090247
6/15/2022 15:30:00,1440.2,1446.4,1418.85,1422.2,4651958
6/16/2022 15:30:00,1438,1443.75,1392,1397.2,6641772
6/17/2022 15:30:00,1391.05,1396.95,1367.15,1387.3,9692047
6/20/2022 15:30:00,1390.05,1422.35,1382,1414.15,4595194
6/21/2022 15:30:00,1424,1456,1422.75,1449.9,6270787
6/22/2022 15:30:00,1436.05,1459.6,1435,1437.25,6253366
6/23/2022 15:30:00,1439.8,1458,1433,1452.45,6254281
6/24/2022 15:30:00,1458,1467.5,1428.9,1441.1,6114340
6/27/2022 15:30:00,1468.05,1484,1465.15,1474.6,4511097
6/28/2022 15:30:00,1469,1488.25,1453,1480.15,4412178
6/29/2022 15:30:00,1464.7,1477,1457,1463.25,5060038
6/30/2022 15:30:00,1465.05,1482,1455,1461.9,9165177
7/1/2022 15:30:00,1454,1485,1442.35,1479.4,4651635
7/4/2022 15:30:00,1480.25,1492.25,1462,1488,4800224
7/5/2022 15:30:00,1498.8,1509.95,1472,1475.95,7379669
7/6/2022 15:30:00,1482.2,1500,1470,1491.65,5209162
7/7/2022 15:30:00,1503.05,1513.95,1495.7,1498.7,3323472
7/8/2022 15:30:00,1515,1516.95,1499.95,1514.45,3652582
7/11/2022 15:30:00,1495,1499.9,1466.4,1473.15,4702815
7/12/2022 15:30:00,1461.8,1468.6,1436,1438.6,4710356
7/13/2022 15:30:00,1450,1460,1438.6,1444.45,5264025
7/14/2022 15:30:00,1451,1452.95,1414,1428.85,6157606
7/15/2022 15:30:00,1446,1446,1410.65,1430.35,5620018
7/18/2022 15:30:00,1450,1493.6,1448.05,1489.9,5835171
7/19/2022 15:30:00,1471.55,1486.85,1470.1,1484.15,3418540
7/20/2022 15:30:00,1501.25,1525.8,1500,1515.3,5079392
7/21/2022 15:30:00,1517,1535.45,1503.1,1532.9,5008061
7/22/2022 15:30:00,1534,1540,1492.15,1506.3,7020642
7/25/2022 15:30:00,1480.1,1517.15,1480.1,1503.6,7859626
7/26/2022 15:30:00,1496.65,1496.65,1445,1451.15,7268273
7/27/2022 15:30:00,1451,1473,1445,1471.05,4517285
7/28/2022 15:30:00,1496.4,1524.45,1489.85,1517.4,6636841
7/29/2022 15:30:00,1532.8,1555.7,1528,1549.7,7009465
8/1/2022 15:30:00,1564,1564,1537.9,1551.05,2983249
8/2/2022 15:30:00,1546.55,1547,1528.35,1543.6,4374635
8/3/2022 15:30:00,1549,1570,1539.9,1566.1,6011955
8/4/2022 15:30:00,1587.5,1603.85,1574.95,1599.9,7402209
8/5/2022 15:30:00,1608.4,1625.7,1602.3,1616.65,5361971
8/8/2022 15:30:00,1617,1622,1596,1619.4,3763409
8/10/2022 15:30:00,1621.2,1621.2,1588.1,1602.45,4423829
8/11/2022 15:30:00,1630,1631.35,1616,1619.95,3462090
8/12/2022 15:30:00,1613.3,1614,1590.15,1594.1,3562286
8/16/2022 15:30:00,1609,1609,1591.1,1596.45,3004430
8/17/2022 15:30:00,1596.45,1612,1585,1606.25,4067324
8/18/2022 15:30:00,1594.1,1598.2,1574,1582.95,4635706
8/19/2022 15:30:00,1585.3,1604.9,1585.1,1597.1,4739884
8/22/2022 15:30:00,1586,1599,1574,1575.65,3950555
8/23/2022 15:30:00,1548,1554.5,1533,1542.4,5551574
8/24/2022 15:30:00,1535,1546,1531,1537.5,2888426
8/25/2022 15:30:00,1548,1548.7,1513.75,1518.15,4331088
8/26/2022 15:30:00,1535.15,1544.95,1517.45,1521.55,3079136
8/29/2022 15:30:00,1468.55,1468.55,1450,1461.75,8079050
8/30/2022 15:30:00,1473.1,1496.1,1466,1492.95,6725875
9/1/2022 15:30:00,1460.05,1468.1,1451.05,1464.2,8140604
9/2/2022 15:30:00,1478,1478,1448,1453,5175653
9/5/2022 15:30:00,1451,1467,1446.35,1461.3,3669352
9/6/2022 15:30:00,1461.3,1470,1445.45,1455.1,3428442
9/7/2022 15:30:00,1440,1465.75,1438.05,1457.65,3600574
9/8/2022 15:30:00,1475,1481.1,1463.6,1475.9,4061475
9/9/2022 15:30:00,1488,1520,1480,1511.65,4816910
9/13/2022 15:30:00,1551.9,1553,1541.3,1544.95,4947158
9/14/2022 15:30:00,1497,1498.95,1472,1475.4,14332197
9/15/2022 15:30:00,1475,1475.2,1429.05,1432.8,12784100
9/16/2022 15:30:00,1425,1425,1368.35,1377.05,20464045
9/19/2022 15:30:00,1392,1406,1380.6,1390.3,6595241
9/20/2022 15:30:00,1407.95,1413.55,1385.1,1388.55,7219797
9/21/2022 15:30:00,1379.9,1388.8,1368.4,1377.25,7917054
9/22/2022 15:30:00,1366.35,1383.95,1360,1367.95,9168498
9/23/2022 15:30:00,1367.5,1394.8,1362,1365.45,10426200
9/26/2022 15:30:00,1360,1399.45,1355,1380.25,9414587
9/27/2022 15:30:00,1393.45,1406.5,1378,1393.55,8561254
9/28/2022 15:30:00,1379,1405.85,1377,1394.7,7022098
9/29/2022 15:30:00,1404.9,1409.85,1393,1398.65,6119965
9/30/2022 15:30:00,1388.95,1419.3,1376,1413.45,8120130
10/3/2022 15:30:00,1412,1412,1386,1393.75,4943169
10/4/2022 15:30:00,1419.7,1432.25,1414,1429.4,6631341
10/6/2022 15:30:00,1445,1459.8,1444.1,1455.15,6180672
10/7/2022 15:30:00,1446.35,1457.85,1440.15,1451.2,3994466
10/10/2022 15:30:00,1426.35,1465,1426.35,1462.65,5274677
10/11/2022 15:30:00,1462.65,1479.65,1420.1,1423.8,12824774
10/12/2022 15:30:00,1437,1441.1,1413.55,1428.7,5481467
10/13/2022 15:30:00,1431,1437.95,1415,1419.9,4821514
10/14/2022 15:30:00,1485,1494,1467.25,1474.25,14990688
10/17/2022 15:30:00,1476.9,1495,1475.5,1489.95,4286396
10/18/2022 15:30:00,1510,1510.95,1497.25,1503.7,4692004
10/19/2022 15:30:00,1504,1504.95,1481.3,1485.45,3553171
10/20/2022 15:30:00,1475,1504,1474.2,1500.9,4583939
10/21/2022 15:30:00,1500.3,1506,1491.35,1500.5,3594485
10/25/2022 15:30:00,1528.1,1532.9,1521.05,1526.3,3914341
10/27/2022 15:30:00,1530.8,1534.9,1512.5,1523.95,6760137
10/28/2022 15:30:00,1526,1527.95,1507,1513.25,3053981
10/31/2022 15:30:00,1530.25,1546.4,1530.25,1537.65,4542336
11/1/2022 15:30:00,1553.05,1575,1547.1,1573,4542692
11/2/2022 15:30:00,1572,1572.75,1545,1553.3,2938906
11/3/2022 15:30:00,1538.75,1543.9,1521.65,1530.75,3174027
11/4/2022 15:30:00,1520.45,1520.45,1501.15,1514,4509682
11/7/2022 15:30:00,1521.4,1527.9,1491.1,1507.45,4898592
11/9/2022 15:30:00,1529,1529,1501.1,1511.2,3334755
11/10/2022 15:30:00,1485,1512,1485,1501.95,3435763
11/11/2022 15:30:00,1546.65,1573.5,1546.65,1570.1,7214098
11/14/2022 15:30:00,1575.15,1591.4,1568.45,1585.3,4908813
11/15/2022 15:30:00,1577.85,1597.85,1572.75,1594,3497614
11/16/2022 15:30:00,1597.15,1609,1593.5,1602.8,4497697
11/17/2022 15:30:00,1597.2,1602.8,1582.95,1587.4,3469515
11/18/2022 15:30:00,1591.7,1598,1575.5,1593.4,3126064
11/21/2022 15:30:00,1582.1,1587.85,1564.05,1568.2,3071764
11/22/2022 15:30:00,1569,1588,1562,1585.05,3399329
11/23/2022 15:30:00,1588.9,1592,1579.3,1583.15,3245067
11/24/2022 15:30:00,1589,1636,1584.75,1629.8,5282215
11/25/2022 15:30:00,1631.4,1644,1613.8,1635.65,4563255
11/28/2022 15:30:00,1628,1653.5,1620,1623.4,3825766
11/29/2022 15:30:00,1621.2,1638.75,1615.05,1629.05,3131710
11/30/2022 15:30:00,1619.95,1645.75,1613.15,1634.95,11868134
12/1/2022 15:30:00,1656.2,1672.6,1652.3,1657.1,5407928
12/2/2022 15:30:00,1656,1661.8,1633.95,1637.9,4283343
12/5/2022 15:30:00,1638,1644.85,1623.3,1639.75,3824966
12/6/2022 15:30:00,1625,1626,1607.55,1612.9,4822398
12/7/2022 15:30:00,1608,1623.8,1596.7,1605.5,4898087
12/8/2022 15:30:00,1605.5,1623.9,1598.5,1620.15,4206837
12/9/2022 15:30:00,1628,1628,1561.1,1569.3,8880658
12/12/2022 15:30:00,1550,1565.95,1530.05,1547.2,8037679
12/13/2022 15:30:00,1547.2,1577.5,1541.15,1572.15,6135067
12/14/2022 15:30:00,1582,1588.5,1573,1579.4,4976020
12/15/2022 15:30:00,1569.3,1570,1535.25,1540.5,6443866
12/16/2022 15:30:00,1525,1549.5,1512.05,1522.2,9630453
12/19/2022 15:30:00,1507.95,1516.9,1495.05,1507.35,6222740
12/20/2022 15:30:00,1501,1516,1482.45,1507.3,7396259
12/21/2022 15:30:00,1515,1521,1502.35,1509.55,6236361
12/22/2022 15:30:00,1521.5,1529.95,1511.75,1522.05,6302640
12/23/2022 15:30:00,1508.7,1509.9,1493,1497.1,6283822
12/26/2022 15:30:00,1500.5,1509.9,1496.35,1502.4,4115459
12/27/2022 15:30:00,1509.95,1521.45,1497.5,1514.85,4860076
12/28/2022 15:30:00,1505.1,1524.95,1498.5,1510.15,5029860
12/29/2022 15:30:00,1504,1521.3,1501,1517.55,4624745
12/30/2022 15:30:00,1528,1530.4,1504.05,1508.2,5060544
1/2/2023 15:30:00,1514,1526.5,1504.05,1524,3801140
1/3/2023 15:30:00,1519.85,1532.65,1515.1,1522.55,4551130
1/4/2023 15:30:00,1521,1521,1491.1,1494.8,7059590
1/5/2023 15:30:00,1505.9,1505.9,1469.25,1475.2,9868404
1/6/2023 15:30:00,1470,1475,1446.5,1448.5,6443714
1/9/2023 15:30:00,1448.2,1489.35,1448.2,1484.45,11498717
1/10/2023 15:30:00,1482,1483.9,1454.05,1469.75,7158624
1/11/2023 15:30:00,1470,1494,1464,1471.25,6173092
1/12/2023 15:30:00,1481.95,1485,1455,1480.6,6591385
1/13/2023 15:30:00,1483.5,1519.4,1468,1503.65,11610426
1/16/2023 15:30:00,1510,1528,1502.3,1525.5,6073063
1/17/2023 15:30:00,1527,1542.2,1524,1539.5,5922644
1/18/2023 15:30:00,1544.75,1551.85,1539.6,1545.4,5843098
1/19/2023 15:30:00,1539.9,1549.55,1526.15,1538.9,6165284
1/20/2023 15:30:00,1538,1545,1524,1525.55,6496429
1/23/2023 15:30:00,1535,1553.3,1528.1,1548,4855020
1/24/2023 15:30:00,1560,1568.8,1549.75,1551.9,5200802
1/25/2023 15:30:00,1547,1556,1538.75,1543,4158617
1/27/2023 15:30:00,1546,1550.95,1507.4,1519.15,6209955
1/30/2023 15:30:00,1528.8,1544,1520,1538.8,6964719
1/31/2023 15:30:00,1548.9,1548.9,1513,1533.75,9448126
2/1/2023 15:30:00,1542.2,1555.05,1528.05,1551.1,6194199
2/2/2023 15:30:00,1552,1586.95,1552,1583.75,6916834
2/3/2023 15:30:00,1597.5,1604.65,1573,1599.4,7040194
2/6/2023 15:30:00,1598,1598,1561.6,1569.85,4570612
2/7/2023 15:30:00,1569,1576.05,1555.1,1562.4,4336238
2/8/2023 15:30:00,1565.5,1603,1565.5,1590.5,7983338
2/9/2023 15:30:00,1596.2,1619.75,1586.05,1617,6904911
2/10/2023 15:30:00,1612.95,1616.3,1596.45,1608.55,4786762
2/13/2023 15:30:00,1597,1597,1566,1567.45,4001199
2/14/2023 15:30:00,1584.7,1596,1578.15,1593.25,5043736
2/15/2023 15:30:00,1584,1599,1576,1597.05,3465747
2/16/2023 15:30:00,1600,1614.45,1597.85,1601.8,4290289
2/17/2023 15:30:00,1594,1595,1575.5,1583.8,2857734
2/20/2023 15:30:00,1584.95,1603,1582.5,1592.45,2417716
2/21/2023 15:30:00,1598.7,1601.65,1576,1579.5,2723288
2/22/2023 15:30:00,1563,1575,1555.3,1561.8,3656244
2/23/2023 15:30:00,1569.85,1569.85,1548.15,1550.7,4766854
2/24/2023 15:30:00,1560,1569,1545,1550.65,2790986
2/27/2023 15:30:00,1540,1540,1502,1509.3,4920268
2/28/2023 15:30:00,1515.6,1524,1481.3,1487.55,9679811
3/1/2023 15:30:00,1492.4,1500.85,1481.5,1496.05,5125043
3/2/2023 15:30:00,1485,1488.6,1467.3,1472.15,4644499
3/3/2023 15:30:00,1486.75,1489.8,1473,1479.3,4615015
3/6/2023 15:30:00,1494.55,1520.4,1493.15,1507.45,6561742
3/8/2023 15:30:00,1490.55,1496,1481.1,1492.7,4137080
3/9/2023 15:30:00,1495,1498.35,1474.6,1480.4,5104656
3/10/2023 15:30:00,1460,1474.3,1457.65,1471.55,3699580
3/13/2023 15:30:00,1464.2,1478.3,1428,1435.1,8798403
3/14/2023 15:30:00,1441,1448.35,1411,1420,7402784
3/15/2023 15:30:00,1438,1442.85,1416.85,1419.65,7556182
3/16/2023 15:30:00,1417.8,1417.8,1398.7,1404.1,7323117
3/17/2023 15:30:00,1430,1442.9,1411.4,1420.7,9090018
3/20/2023 15:30:00,1419.7,1419.7,1384.85,1403.65,8221829
3/21/2023 15:30:00,1399,1405,1390,1390.7,8536755
3/22/2023 15:30:00,1403,1407.25,1382.15,1389.25,8356487
3/23/2023 15:30:00,1383.95,1383.95,1370,1374.55,7607718
3/24/2023 15:30:00,1388,1398.95,1377.5,1380.65,7559127
3/27/2023 15:30:00,1386.25,1395.75,1374.1,1388.95,4170193
3/28/2023 15:30:00,1392.1,1398,1375.85,1377.6,6633366
3/29/2023 15:30:00,1379,1389.9,1364.55,1383.55,8813966
3/31/2023 15:30:00,1404,1429.95,1393.9,1427.95,8711975
4/3/2023 15:30:00,1435,1435,1405.15,1410.85,5242764
4/5/2023 15:30:00,1400,1427.5,1400,1423.55,7506334
4/6/2023 15:30:00,1416,1428.4,1410.35,1421.9,6948465
4/10/2023 15:30:00,1423.95,1434,1415,1427.6,4993788
4/11/2023 15:30:00,1428.9,1433.35,1389,1406.15,6942255
4/12/2023 15:30:00,1413.05,1431.5,1400,1428.3,5831169
4/13/2023 15:30:00,1409.75,1411.05,1383,1389.2,11267238
4/17/2023 15:30:00,1250.3,1261.15,1185.3,1258.3,53171705
4/18/2023 15:30:00,1269.95,1269.95,1253.1,1259.35,12430884
4/19/2023 15:30:00,1254.35,1254.35,1229.4,1232.2,11307230
4/20/2023 15:30:00,1230.7,1237.85,1221.4,1223.4,8621249
4/21/2023 15:30:00,1228.1,1233.25,1220,1227.35,8691352
4/24/2023 15:30:00,1228,1230,1218,1226.3,8313774
4/25/2023 15:30:00,1225.95,1235.5,1215,1224.9,6808576
4/26/2023 15:30:00,1228,1233,1220.55,1227.55,5680192
4/27/2023 15:30:00,1230,1247.8,1225.4,1246.25,8020704
4/28/2023 15:30:00,1255.7,1259,1244.95,1252.75,10118277
5/2/2023 15:30:00,1254.55,1279.75,1254.55,1277.45,8886401
5/3/2023 15:30:00,1266,1272.5,1262.1,1269.15,5549783
5/4/2023 15:30:00,1268.95,1275.8,1262.5,1273.55,4505401
5/5/2023 15:30:00,1279,1279,1254.25,1259.1,5373791
5/8/2023 15:30:00,1262.45,1270.3,1255.2,1265.6,5260842
5/9/2023 15:30:00,1266,1272,1260.7,1270.7,4969897
5/10/2023 15:30:00,1276.4,1276.4,1259.15,1263.25,6515734
5/11/2023 15:30:00,1270.25,1275.9,1253.05,1256.1,6888461
5/12/2023 15:30:00,1253.35,1256,1239.05,1245.2,8292212
5/15/2023 15:30:00,1249.9,1268.9,1245.65,1258.35,5534710
5/16/2023 15:30:00,1265,1273.95,1262.75,1264.3,5236469
5/17/2023 15:30:00,1260.6,1260.95,1242.45,1246.9,10465667
5/18/2023 15:30:00,1258.6,1259.65,1242.45,1246,6948732
5/19/2023 15:30:00,1256.05,1273.3,1252.8,1268.9,11094136
5/22/2023 15:30:00,1272.95,1295.6,1270.25,1292.8,7625947
5/23/2023 15:30:00,1299.2,1314.15,1297.05,1300.05,7436031
5/24/2023 15:30:00,1296.3,1305,1291.3,1298.65,4824077
5/25/2023 15:30:00,1294.5,1307,1289.25,1304.35,4334121
5/26/2023 15:30:00,1306,1323.45,1306,1317.45,5521606
5/29/2023 15:30:00,1332.7,1332.7,1309.85,1314.4,4419365
5/30/2023 15:30:00,1315,1326.4,1309.15,1323.85,6274719
5/31/2023 15:30:00,1319.85,1331.1,1314.15,1318.3,17800782
6/1/2023 15:30:00,1322.55,1329.5,1318.1,1319.5,4277841
6/2/2023 15:30:00,1309,1312.9,1296.05,1299,10909311
6/5/2023 15:30:00,1304,1309.45,1297.3,1304.5,5002553
6/6/2023 15:30:00,1288.6,1288.6,1273,1279,10008100
6/7/2023 15:30:00,1290.5,1294,1282.5,1288.95,5397578
6/8/2023 15:30:00,1286.2,1292,1281.1,1282.8,5034942
6/9/2023 15:30:00,1282.5,1282.5,1264,1265.95,5339073
6/12/2023 15:30:00,1273.5,1295.7,1273,1291.95,4785588
6/13/2023 15:30:00,1299.9,1306.5,1297.05,1304.85,4846587
6/14/2023 15:30:00,1306.35,1306.7,1293.2,1300.4,3457981
6/15/2023 15:30:00,1293.95,1293.95,1282.65,1286.8,6161155
6/16/2023 15:30:00,1287,1301.5,1281.05,1291.65,8536287
6/19/2023 15:30:00,1294,1299.5,1287.05,1294,4451787
6/20/2023 15:30:00,1294,1305,1291.1,1303.4,4009180
6/21/2023 15:30:00,1299.95,1303.8,1295,1299.35,4041529
6/22/2023 15:30:00,1289.4,1289.4,1273.5,1281.55,6676607
6/23/2023 15:30:00,1276.45,1279.35,1263.35,1265,7239467
6/26/2023 15:30:00,1270.25,1274,1262.25,1270.35,3403244
6/27/2023 15:30:00,1280,1282,1274.2,1279.15,3240024
6/28/2023 15:30:00,1290,1296.7,1281.4,1293.35,5662358
6/30/2023 15:30:00,1308.2,1338.9,1304.45,1335.5,12821692
7/3/2023 15:30:00,1330,1346,1328.45,1333.7,7732412
7/4/2023 15:30:00,1344.3,1346,1331.4,1345.15,5797775
7/5/2023 15:30:00,1357.85,1357.95,1341,1347.3,5414936
7/6/2023 15:30:00,1342.55,1347.45,1337.15,1343.9,5963897
7/7/2023 15:30:00,1334,1345.8,1325.35,1330.2,6295647
7/10/2023 15:30:00,1336.55,1341.9,1319.3,1329.15,3940315
7/11/2023 15:30:00,1333.45,1350.9,1327,1348.6,6126128
7/12/2023 15:30:00,1351,1351.9,1327,1333.3,8102770
7/13/2023 15:30:00,1334.9,1376.8,1330.85,1365.1,9977644
7/14/2023 15:30:00,1380.65,1430,1380.65,1425.95,12833381
7/17/2023 15:30:00,1425.95,1458.95,1414.3,1422.95,11569884
7/18/2023 15:30:00,1434,1477.95,1429,1475.2,16743977
7/19/2023 15:30:00,1486,1498.8,1460.7,1474.95,13687062
7/20/2023 15:30:00,1471,1471,1440.7,1449.5,8347221
7/21/2023 15:30:00,1320.2,1350,1305,1331.6,45548305
7/24/2023 15:30:00,1341,1349.9,1334.25,1336.6,8859789
7/25/2023 15:30:00,1337,1342.85,1324.25,1334.6,6801982
7/26/2023 15:30:00,1343,1350,1339.4,1348.85,5528885
7/27/2023 15:30:00,1358.6,1363.8,1347.05,1353.15,9191861
7/28/2023 15:30:00,1353.85,1363.85,1336,1340.5,6122735
7/31/2023 15:30:00,1348.75,1357.5,1333.25,1355.7,7902180
8/1/2023 15:30:00,1362,1369,1357,1365.2,6064652
8/2/2023 15:30:00,1369.3,1371.95,1348.45,1356.85,7419145
8/3/2023 15:30:00,1350,1366.55,1349,1364.3,6503741
8/4/2023 15:30:00,1368.9,1385.9,1362,1378.35,5712345
8/7/2023 15:30:00,1387.9,1395,1377,1393,3729093
8/8/2023 15:30:00,1392.85,1393.55,1384.4,1390.2,4161877
8/9/2023 15:30:00,1384,1396,1382.5,1394.4,4090828
8/10/2023 15:30:00,1391.6,1395.8,1385.6,1389.1,3873025
8/11/2023 15:30:00,1392,1396.85,1367.05,1371.85,5783517
8/14/2023 15:30:00,1371.85,1395,1365.6,1393.55,4304135
8/16/2023 15:30:00,1410.8,1419.95,1405.4,1418.5,7735313
8/17/2023 15:30:00,1420,1420,1406,1411.55,5618346
8/18/2023 15:30:00,1403.7,1408.7,1386.15,1388.8,5134103
8/21/2023 15:30:00,1389.75,1407,1387.15,1405.4,3032722
8/22/2023 15:30:00,1404.7,1406.05,1396.65,1403.75,2890714
8/23/2023 15:30:00,1416,1416.6,1405.65,1407.95,2559125
8/24/2023 15:30:00,1421.5,1425.05,1414.45,1423.6,5171963
8/25/2023 15:30:00,1413,1422.5,1411.4,1420.1,4307172
8/28/2023 15:30:00,1420.1,1424.8,1411.4,1415.65,3133464
8/29/2023 15:30:00,1424,1424.4,1415.3,1417.65,3074444
8/30/2023 15:30:00,1427,1436.65,1424,1435.15,3070887
8/31/2023 15:30:00,1435.15,1444.9,1428.65,1435.45,9792735
9/1/2023 15:30:00,1430.95,1446,1428.2,1443.85,3582133
9/4/2023 15:30:00,1443,1470,1434.7,1465.1,4609014
9/5/2023 15:30:00,1465,1480.05,1456.5,1478.9,5496840
9/6/2023 15:30:00,1481.9,1482.9,1463.3,1477.45,5075786
9/7/2023 15:30:00,1470.6,1473.4,1462.05,1466.2,4411743
9/8/2023 15:30:00,1463.5,1474.75,1460.2,1469.6,3125838
9/11/2023 15:30:00,1469.6,1478.05,1464.5,1476.45,4182226
9/12/2023 15:30:00,1482.5,1504,1477.1,1501.1,6793161
9/13/2023 15:30:00,1505,1505,1488.65,1498.35,4804686
9/14/2023 15:30:00,1505,1512.55,1499.15,1506.95,6444213
9/15/2023 15:30:00,1518,1518.4,1509,1511.6,8657816
9/18/2023 15:30:00,1504.9,1504.9,1488,1491.8,3991916
9/20/2023 15:30:00,1476.2,1495.1,1476.2,1490.25,4169337
9/21/2023 15:30:00,1486.55,1504.55,1476,1501.75,6779195
9/22/2023 15:30:00,1491.9,1506.95,1485.2,1496.15,5455613
9/25/2023 15:30:00,1489.85,1489.85,1471.55,1474.15,4217863
9/26/2023 15:30:00,1479.15,1479.9,1459,1460.65,3996528
9/27/2023 15:30:00,1456,1469.6,1450.05,1467,3863586
9/28/2023 15:30:00,1467.9,1472.6,1435,1439.45,5814602
9/29/2023 15:30:00,1432.1,1446.8,1416,1435.45,6068968
10/3/2023 15:30:00,1436.05,1437,1420.3,1434,4181867
10/4/2023 15:30:00,1425,1449.95,1418.2,1444.35,4510406
10/5/2023 15:30:00,1452,1475.65,1450.2,1463.45,7384621
10/6/2023 15:30:00,1469.5,1484.5,1463.3,1478.7,3598672
10/9/2023 15:30:00,1464.9,1491,1462.2,1475.45,3567552
10/10/2023 15:30:00,1483.9,1497,1469.1,1495.15,5688951
10/11/2023 15:30:00,1497,1518.25,1481.45,1494.4,7220129
10/12/2023 15:30:00,1491.9,1504.4,1452,1465.5,11081662
10/13/2023 15:30:00,1405,1438,1400,1431.15,17973439
10/16/2023 15:30:00,1432.1,1443.6,1430,1434.15,4850745
10/17/2023 15:30:00,1440.25,1453.35,1438.05,1442.45,3923764
10/18/2023 15:30:00,1442,1454,1438.35,1440.55,4264837
10/19/2023 15:30:00,1426.1,1439.65,1426.1,1433.65,6795691
10/20/2023 15:30:00,1430,1438.5,1425.25,1427.25,3928622
10/23/2023 15:30:00,1425.6,1432.35,1405.25,1408.65,2636516
10/25/2023 15:30:00,1399,1402.55,1361.3,1370.05,6940777
10/26/2023 15:30:00,1355.05,1374,1353.1,1359.45,6357656
10/27/2023 15:30:00,1363.65,1385,1363.65,1380.35,4634358
10/30/2023 15:30:00,1380.35,1380.35,1363.1,1377.05,2667696
10/31/2023 15:30:00,1379.95,1381.15,1363,1368.4,3451595
11/1/2023 15:30:00,1373.05,1377.45,1351.65,1354.15,3090672
11/2/2023 15:30:00,1370,1376.3,1361.65,1370.15,3758060
11/3/2023 15:30:00,1380.05,1392,1377.75,1389.05,3349045
11/6/2023 15:30:00,1393.9,1407.25,1390.8,1403.3,2736381
11/7/2023 15:30:00,1400,1405.9,1394.85,1404.3,2272209
11/8/2023 15:30:00,1405,1405,1386.45,1391,3550635
11/9/2023 15:30:00,1395.9,1397.5,1370.05,1374.8,5498051
11/10/2023 15:30:00,1369.95,1373.15,1361,1368.85,2943649
11/13/2023 15:30:00,1379.85,1382.45,1370.85,1373.55,3462092
11/15/2023 15:30:00,1399,1414,1393,1410.5,8551860
11/16/2023 15:30:00,1416.1,1453.4,1410.6,1444.9,6673907
11/17/2023 15:30:00,1441.05,1451,1435.05,1437.55,4901251
11/20/2023 15:30:00,1442,1452,1433.65,1436.6,3584210
11/21/2023 15:30:00,1442,1450,1436.75,1439,3793135
11/22/2023 15:30:00,1436.2,1458.95,1436.2,1457.8,3108786
11/23/2023 15:30:00,1467.9,1467.9,1447.7,1449.25,3186928
11/24/2023 15:30:00,1445.55,1452.65,1433.85,1437.4,2973195
11/28/2023 15:30:00,1444,1445,1427.05,1442.7,3755373
11/29/2023 15:30:00,1451.1,1460.7,1449.8,1459.6,3875778
11/30/2023 15:30:00,1453.25,1460.65,1449.55,1455.15,10120867
12/1/2023 15:30:00,1459.9,1459.9,1446.15,1452.3,3489187
12/4/2023 15:30:00,1460.45,1471.9,1449.3,1464.35,5511948
12/5/2023 15:30:00,1465.8,1466.9,1442,1453.95,5123039
12/6/2023 15:30:00,1456.75,1477,1451.05,1474.3,5269178
12/7/2023 15:30:00,1472.85,1472.85,1461.8,1465.9,4424453
12/8/2023 15:30:00,1470.4,1494.7,1466.25,1491.15,6323433
12/11/2023 15:30:00,1490,1498,1482,1488.5,3862018
12/12/2023 15:30:00,1477.5,1490,1467.65,1476.05,6103494
12/13/2023 15:30:00,1476,1476.05,1433.15,1449,8549258
12/14/2023 15:30:00,1463.4,1511,1461.35,1501.45,12489858
12/15/2023 15:30:00,1523.05,1588.55,1521,1578.4,18395389
12/18/2023 15:30:00,1567.95,1593,1560.3,1564.35,6467243
12/19/2023 15:30:00,1570.1,1573.95,1543.25,1558.3,4221721
12/20/2023 15:30:00,1565.05,1583.5,1530,1536.4,6592367
12/21/2023 15:30:00,1521.25,1546.65,1521.25,1536,5319038
12/22/2023 15:30:00,1534.95,1566,1523,1562.9,6741060
12/26/2023 15:30:00,1535,1548,1523,1543.95,6878067
12/27/2023 15:30:00,1544,1570,1544,1567.1,4225849
12/28/2023 15:30:00,1568.95,1568.95,1555,1562.65,5702253
12/29/2023 15:30:00,1541.05,1559.45,1540,1542.9,4388990
1/1/2024 15:30:00,1539,1557,1535.25,1551.35,2808451