Date,Open,High,Low,Close,Volume
1/1/2015 15:30:00,319.25,320,315,315.9,3025
1/2/2015 15:30:00,312.8,318.33,312.8,316.58,6843
1/5/2015 15:30:00,318.5,318.5,314.5,316.75,10690
1/6/2015 15:30:00,314.8,315.65,311,312.34,13159
1/7/2015 15:30:00,313.25,315.45,312.38,313.65,35673
1/8/2015 15:30:00,313.75,317.25,313.75,315.02,7524
1/9/2015 15:30:00,318.5,324,313.68,319.32,20492
1/12/2015 15:30:00,321,326,319.27,323.14,47557
1/13/2015 15:30:00,323.5,337.05,323.5,335.73,55108
1/14/2015 15:30:00,336.75,346.5,334.25,339.09,37403
1/15/2015 15:30:00,343.46,347,338.05,340.46,59753
1/16/2015 15:30:00,338.1,350.25,337,349.26,49852
1/19/2015 15:30:00,350.25,355,349.23,353.7,35414
1/20/2015 15:30:00,353.65,355.5,350,353.73,28431
1/21/2015 15:30:00,354.39,356,351.91,354,31104
1/22/2015 15:30:00,353.75,358.5,352.6,354.85,54149
1/23/2015 15:30:00,357.4,364.5,357.4,362.92,45866
1/27/2015 15:30:00,362.92,371.5,362.8,367.5,45350
1/28/2015 15:30:00,367.25,371.05,360.75,365.2,23762
1/29/2015 15:30:00,365,368.25,357.4,360.72,22040
1/30/2015 15:30:00,361,361,355,355.65,30387
2/2/2015 15:30:00,355.69,358.08,348.82,352.98,24716
2/3/2015 15:30:00,355.55,359.5,347.5,353.93,18909
2/4/2015 15:30:00,353.9,356.96,347.8,348.89,6588
2/5/2015 15:30:00,352.5,352.5,340.5,344.96,17043
2/6/2015 15:30:00,345,348.5,342.5,344.23,8881
2/9/2015 15:30:00,344.5,346.5,338,341.77,15551
2/10/2015 15:30:00,345,350.9,338.35,339.71,15902
2/11/2015 15:30:00,344.95,350,340.25,344.05,13708
2/12/2015 15:30:00,344.25,348.5,339.02,341.23,12887
2/13/2015 15:30:00,342,354.89,341.5,351.68,28685
2/16/2015 15:30:00,361.3,363.6,355.12,357.37,23895
2/18/2015 15:30:00,357.5,361.25,353,358.47,32189
2/19/2015 15:30:00,358.75,358.75,350.69,352.09,11509
2/20/2015 15:30:00,352.55,361.89,351.25,358.84,134761
2/23/2015 15:30:00,360.26,360.26,348.13,349.97,29209
2/24/2015 15:30:00,350.1,353.99,346.5,350.49,58297
2/25/2015 15:30:00,351.21,353.75,350.5,352.63,42946
2/26/2015 15:30:00,354.99,354.99,347.5,350.97,25702
2/27/2015 15:30:00,352.23,352.95,349.98,351.05,65642
3/2/2015 15:30:00,352.5,352.5,347.5,349.5,26080
3/3/2015 15:30:00,352,358.03,346.62,354.81,26243
3/4/2015 15:30:00,358.2,365.95,355.65,364.99,45281
3/5/2015 15:30:00,365,368.32,362.32,364.8,30384
3/9/2015 15:30:00,364.85,371.25,361.75,369.22,21576
3/10/2015 15:30:00,369.35,375.25,367.47,369.86,18258
3/11/2015 15:30:00,369.48,372.29,362.65,364.04,19345
3/12/2015 15:30:00,365.01,369,365.01,366.45,13701
3/13/2015 15:30:00,367.77,367.89,362.7,364.95,21515
3/16/2015 15:30:00,367.4,367.4,362.75,363.84,12723
3/17/2015 15:30:00,365,370,365,369.46,27094
3/18/2015 15:30:00,370.5,371,368.3,370.42,49611
3/19/2015 15:30:00,371,371,366.05,368.37,27013
3/20/2015 15:30:00,370,370,361.25,363.21,27446
3/23/2015 15:30:00,364.2,364.22,354.5,356.7,23625
3/24/2015 15:30:00,359.25,359.5,349.5,351.08,26775
3/25/2015 15:30:00,348.6,354.75,348.6,352.09,27132
3/26/2015 15:30:00,351,351.55,338.25,342.26,42361
3/27/2015 15:30:00,344.9,345.85,338.55,340.75,26243
3/30/2015 15:30:00,342,349.95,342,347.2,45193
3/31/2015 15:30:00,347.5,356.6,341.38,347.37,64200
4/1/2015 15:30:00,352.55,353,343.5,346.16,13749
4/6/2015 15:30:00,349.45,357.5,346.32,356.07,24913
4/7/2015 15:30:00,356.07,358.75,353.21,357.87,17718
4/8/2015 15:30:00,357.3,358.41,350.5,352.31,12695
4/9/2015 15:30:00,353,355.6,353,355.05,30467
4/10/2015 15:30:00,356.1,356.99,353.25,354.93,44957
4/13/2015 15:30:00,356,356,353.31,354.93,29502
4/15/2015 15:30:00,355.05,355.47,351.25,353.42,23427
4/16/2015 15:30:00,353.42,354.75,349.5,351.34,26406
4/17/2015 15:30:00,351.21,352.65,349.5,350.04,14346
4/20/2015 15:30:00,350.05,350.5,345,347.66,15258
4/21/2015 15:30:00,349.99,349.99,343.25,344.39,11133
4/22/2015 15:30:00,344.35,347,341.27,343.6,17374
4/23/2015 15:30:00,346.7,346.7,343.3,345.44,35827
4/24/2015 15:30:00,347.5,347.5,339.01,342.49,10639
4/27/2015 15:30:00,342.45,343.4,338.05,342.41,34239
4/28/2015 15:30:00,342,342.5,339.77,341.84,25326
4/29/2015 15:30:00,344,344,326.25,328.27,41655
4/30/2015 15:30:00,328.26,335.5,326.3,328.63,42919
5/4/2015 15:30:00,333,340.5,331.17,340.07,16941
5/5/2015 15:30:00,340.45,341.75,338.6,340.37,14582
5/6/2015 15:30:00,340.47,341,337.81,340.14,17433
5/7/2015 15:30:00,342.5,342.5,336.25,338.38,28509
5/8/2015 15:30:00,338.05,343.5,338.05,339.82,22452
5/11/2015 15:30:00,342.85,343.5,338.16,340.32,39358
5/12/2015 15:30:00,340.61,342.25,334,335.22,38069
5/13/2015 15:30:00,335.27,340.53,332.5,335.08,34511
5/14/2015 15:30:00,335.25,345.99,335.25,342.73,20242
5/15/2015 15:30:00,343.75,352.5,343.01,351.57,23138
5/18/2015 15:30:00,355.01,367.45,347.05,353.87,37666
5/19/2015 15:30:00,355,357.9,345.13,351.44,26114
5/20/2015 15:30:00,353.44,355.82,342.75,348.08,30255
5/21/2015 15:30:00,343.75,349.95,341.5,347.45,30907
5/22/2015 15:30:00,347.5,355.98,346.4,349.8,42396
5/25/2015 15:30:00,346.3,350.7,345.25,346.83,12915
5/26/2015 15:30:00,348,349.65,326.76,340.27,62840
5/27/2015 15:30:00,340.27,356.75,338.8,353.13,61700
5/28/2015 15:30:00,354.5,360.5,347.78,352.88,34215
5/29/2015 15:30:00,349.6,352.88,328.24,337.58,108338
6/1/2015 15:30:00,335,336.65,326.55,333.51,68323
6/2/2015 15:30:00,338.6,350,337.76,340.16,75154
6/3/2015 15:30:00,325,326.65,299,309.35,390444
6/4/2015 15:30:00,294,302.5,290.03,300.22,430477
6/5/2015 15:30:00,291.5,306.25,285.55,300.58,756189
6/8/2015 15:30:00,292.5,292.5,275.05,278.45,344869
6/9/2015 15:30:00,279.52,306,276.25,298.22,568881
6/10/2015 15:30:00,302.5,312,301.06,303.02,247150
6/11/2015 15:30:00,307.95,315.3,298.79,308.24,302802
6/12/2015 15:30:00,309.23,309.23,296.27,304.36,104699
6/15/2015 15:30:00,302.4,302.5,294.62,297.75,73067
6/16/2015 15:30:00,294.95,294.95,287.75,289.23,87482
6/17/2015 15:30:00,287.25,295,282.55,291.95,140517
6/18/2015 15:30:00,293.2,306.4,292.5,304.08,118969
6/19/2015 15:30:00,300.5,316.25,300.5,314.05,145841
6/22/2015 15:30:00,313.8,320.56,310.75,314.83,78944
6/23/2015 15:30:00,314.5,314.5,305.01,306.39,54383
6/24/2015 15:30:00,307.5,308.16,299.06,300.21,55028
6/25/2015 15:30:00,300.25,302.45,290.51,291.82,136513
6/26/2015 15:30:00,296.1,298.5,293.5,297.91,75863
6/29/2015 15:30:00,291.27,304.38,291.27,303.55,82096
6/30/2015 15:30:00,301.1,319.6,301.1,317.61,252693
7/1/2015 15:30:00,320,324.7,305.8,307.22,168999
7/2/2015 15:30:00,313,318.75,310.75,312.08,111329
7/3/2015 15:30:00,315.75,317.25,307.55,308.26,89765
7/6/2015 15:30:00,310,310,303.75,306.02,38621
7/7/2015 15:30:00,309.5,309.5,303,304.24,63527
7/8/2015 15:30:00,303,303.01,298.01,299.8,109001
7/9/2015 15:30:00,303.75,304.95,300.05,301.5,70819
7/10/2015 15:30:00,303,303.5,296.3,298.17,92072
7/13/2015 15:30:00,301,301,294.75,297.77,65745
7/14/2015 15:30:00,299.5,299.7,296.76,297.65,40738
7/15/2015 15:30:00,296,299.78,296,298.4,101401
7/16/2015 15:30:00,299.5,302.27,298.75,301.27,35537
7/17/2015 15:30:00,301,306.25,301,303.93,52852
7/20/2015 15:30:00,305.25,306.59,302.89,303.55,19953
7/21/2015 15:30:00,305,305.39,302.5,303.43,22646
7/22/2015 15:30:00,302.4,302.4,298.7,299.53,26233
7/23/2015 15:30:00,300,303.5,299.97,303.02,31337
7/24/2015 15:30:00,302.6,306.22,300,301.7,30532
7/27/2015 15:30:00,305,315.34,301.65,313.07,113239
7/28/2015 15:30:00,313.25,315,308.45,309.62,53887
7/29/2015 15:30:00,310,312.73,304.12,307.63,73126
7/30/2015 15:30:00,301.6,319.5,299.02,316.56,176979
7/31/2015 15:30:00,310.5,319.5,310.5,317.87,111955
8/3/2015 15:30:00,319.25,325,311,316.31,108792
8/4/2015 15:30:00,317.5,319.18,316.01,317.53,105771
8/5/2015 15:30:00,340,349.9,329.51,341.92,364555
8/6/2015 15:30:00,326.69,329.8,322.5,324.31,173295
8/7/2015 15:30:00,327.4,328,326.28,327.43,69339
8/10/2015 15:30:00,327.5,328.37,317.35,319.42,62031
8/11/2015 15:30:00,323.02,323.2,315,315.87,51237
8/13/2015 15:30:00,315,326.65,311.7,315.86,506085
8/14/2015 15:30:00,319.9,319.9,312.56,313.44,63854
8/17/2015 15:30:00,313.44,314,306.5,306.77,45417
8/18/2015 15:30:00,310.05,310.35,307,308.24,63390
8/19/2015 15:30:00,310,310,304.06,304.94,59166
8/20/2015 15:30:00,306.25,309,304.29,307.55,65541
8/21/2015 15:30:00,303.75,309.75,303,304.54,36949
8/24/2015 15:30:00,303.9,310.44,299.75,301.8,78584
8/25/2015 15:30:00,304.75,311.04,301.45,308.17,50568
8/26/2015 15:30:00,308.5,309.99,302.5,303.21,56983
8/27/2015 15:30:00,308.25,308.75,301.5,302.85,35980
8/28/2015 15:30:00,305,307,302,305.23,43170
8/31/2015 15:30:00,305,305.25,297.5,298.27,69408
9/1/2015 15:30:00,296.75,301.42,295.5,300.18,34852
9/2/2015 15:30:00,302.05,303.36,295.18,296.5,40575
9/3/2015 15:30:00,301.48,303.74,292.5,301.77,51799
9/4/2015 15:30:00,302.5,303.25,298.02,299.78,19538
9/7/2015 15:30:00,300.15,301.5,298,300.07,31004
9/8/2015 15:30:00,299.05,300.21,294,295.11,37289
9/9/2015 15:30:00,297,299.75,296.55,299.33,26234
9/10/2015 15:30:00,300,300.75,298.5,300.26,22946
9/11/2015 15:30:00,300.05,303,298.06,300.06,14192
9/14/2015 15:30:00,301,303.45,300,302.83,18457
9/15/2015 15:30:00,302,304.5,300,301.1,21365
9/16/2015 15:30:00,304.35,306.9,300.19,304.82,52025
9/18/2015 15:30:00,304.82,313,304.82,311.83,64894
9/21/2015 15:30:00,312.75,312.75,308.5,308.84,9914
9/22/2015 15:30:00,311,315,306.25,307.42,25332
9/23/2015 15:30:00,308.95,317.52,303,310.99,31449
9/24/2015 15:30:00,314.4,314.4,307.62,310.6,26846
9/28/2015 15:30:00,312.25,313.9,307.65,310.96,27813
9/29/2015 15:30:00,309.4,312.5,305.55,308.98,24187
9/30/2015 15:30:00,312.5,319.9,310.67,318.38,54871
10/1/2015 15:30:00,318.2,321.7,316.16,321.13,30309
10/5/2015 15:30:00,322.5,324.1,321.3,323.93,29433
10/6/2015 15:30:00,324,325.95,321.25,324.76,23236
10/7/2015 15:30:00,324.5,324.5,315.74,316.88,36934
10/8/2015 15:30:00,319.6,320.95,317.02,318.37,8972
10/9/2015 15:30:00,318.35,322.45,317.63,320.83,14875
10/12/2015 15:30:00,320.85,321.5,311.5,312.81,24060
10/13/2015 15:30:00,313.35,315.88,305.26,307.6,46265
10/14/2015 15:30:00,309.95,312.4,305.55,310.53,15619
10/15/2015 15:30:00,309.75,312.95,307.52,310.33,24109
10/16/2015 15:30:00,312.5,333.5,308.5,327.75,317373
10/19/2015 15:30:00,329.9,330.72,322.61,324.65,71912
10/20/2015 15:30:00,329.92,332.43,325.52,326.83,73153
10/21/2015 15:30:00,327.25,331.45,322.01,323.17,59955
10/23/2015 15:30:00,327.5,327.5,315.56,316.43,39067
10/26/2015 15:30:00,317.9,321,314,315.82,33416
10/27/2015 15:30:00,319.95,320.5,317.25,317.73,33326
10/28/2015 15:30:00,318.5,319,315,316.87,29844
10/29/2015 15:30:00,316.88,318.5,312.6,314.52,47775
10/30/2015 15:30:00,311.5,313.1,307.5,308.7,51020
11/2/2015 15:30:00,308,315.95,307.5,313.8,29690
11/3/2015 15:30:00,314.95,316,310.26,310.89,28500
11/4/2015 15:30:00,312.5,323.7,310.99,312.56,157371
11/5/2015 15:30:00,313,314.95,307.5,308.28,38309
11/6/2015 15:30:00,309.95,311.75,307.55,308.45,16050
11/9/2015 15:30:00,306.25,310,304.95,305.57,51683
11/10/2015 15:30:00,309.5,309.5,302.5,303.62,32828
11/13/2015 15:30:00,307.74,309.3,300.7,301.71,115791
11/16/2015 15:30:00,302.5,303.5,298.13,299.32,110197
11/17/2015 15:30:00,300.25,306.89,297.55,304.23,67571
11/18/2015 15:30:00,305.25,306.75,303.4,304.12,27800
11/19/2015 15:30:00,305.45,316.15,304.25,314.01,61148
11/20/2015 15:30:00,313.4,313.95,309,309.81,19934
11/23/2015 15:30:00,309.95,311.3,305.5,307.08,28203
11/24/2015 15:30:00,308.13,308.13,302.5,302.82,33023
11/26/2015 15:30:00,303.7,307,300.3,301.18,72189
11/27/2015 15:30:00,301.05,302.16,295.28,297.45,113708
11/30/2015 15:30:00,295,298.21,292.5,293,142381
12/1/2015 15:30:00,292.95,297.5,292.95,293.96,50000
12/2/2015 15:30:00,294.26,296,291.75,293.4,59827
12/3/2015 15:30:00,293,293,291,291.8,66220
12/4/2015 15:30:00,291.8,295.35,290.26,292.85,41218
12/7/2015 15:30:00,294.9,295.5,290.99,294.68,17595
12/8/2015 15:30:00,294.65,294.99,291,291.27,50408
12/9/2015 15:30:00,291.36,292.45,287.63,287.99,120058
12/10/2015 15:30:00,288,291,287.5,288.53,28579
12/11/2015 15:30:00,288.53,296.5,288.25,295.41,53452
12/14/2015 15:30:00,295.5,295.5,289.12,293.99,27743
12/15/2015 15:30:00,295.35,295.5,290.65,291.93,34519
12/16/2015 15:30:00,294.45,295.75,291.05,291.42,31415
12/17/2015 15:30:00,291.6,296,291.04,294.17,27911
12/18/2015 15:30:00,294.85,294.85,281.5,283.65,61457
12/21/2015 15:30:00,285.75,286.6,283.26,283.72,28016
12/22/2015 15:30:00,285.25,287.45,284,286.5,19130
12/23/2015 15:30:00,288.25,289.7,286.5,288.9,12253
12/24/2015 15:30:00,288.75,289.9,286.25,288.8,14043
12/28/2015 15:30:00,288.8,292.53,287.5,290.23,22286
12/29/2015 15:30:00,291.45,292.75,289.75,291.96,14160
12/30/2015 15:30:00,292.5,293,289.51,291.99,19255
12/31/2015 15:30:00,293.13,293.5,290.18,291.4,19210
1/1/2016 15:30:00,291,292.5,288.75,289.26,12085
1/4/2016 15:30:00,290.7,291.35,282.6,283.49,35426
1/5/2016 15:30:00,286.95,286.95,282.5,283.12,27112
1/6/2016 15:30:00,283.31,286.48,282.75,285.98,55372
1/7/2016 15:30:00,286.5,286.5,281.07,281.95,22220
1/8/2016 15:30:00,284.5,284.55,280.75,281.63,44465
1/11/2016 15:30:00,281.25,281.25,271.78,273.46,50060
1/12/2016 15:30:00,275.75,275.75,270.41,273.15,56465
1/13/2016 15:30:00,273.25,276.5,270.02,275.06,61874
1/14/2016 15:30:00,273,281.51,271.6,280.81,34830
1/15/2016 15:30:00,280,281.5,278.6,279.89,27017
1/18/2016 15:30:00,279.89,280,270,271.8,21414
1/19/2016 15:30:00,272.25,274.7,269.5,271.44,21347
1/20/2016 15:30:00,270.89,276.25,268.75,274.28,14685
1/21/2016 15:30:00,273,274.6,270.23,271.49,79144
1/22/2016 15:30:00,274.5,275.62,271.58,272.38,24884
1/25/2016 15:30:00,273,275.6,272.4,273.07,26417
1/27/2016 15:30:00,274.73,274.73,272.56,274.39,59544
1/28/2016 15:30:00,274,274.5,272.5,273.45,40287
1/29/2016 15:30:00,274.45,275,273.45,274.4,50118
2/1/2016 15:30:00,278.75,278.75,271.04,272.45,19318
2/2/2016 15:30:00,274,275.2,271,272.87,41682
2/3/2016 15:30:00,272.87,272.87,270,270.42,31939
2/4/2016 15:30:00,271.25,274.65,271.25,274.27,19439
2/5/2016 15:30:00,273.5,277.5,269.25,271.08,30883
2/8/2016 15:30:00,273.5,274.5,270.1,271.2,21474
2/9/2016 15:30:00,272.2,272.99,269.56,270.96,24994
2/10/2016 15:30:00,271.95,272.45,263.97,264.88,46842
2/11/2016 15:30:00,266.2,266.2,259.5,260.85,58313
2/12/2016 15:30:00,261.5,263.43,250.05,251.35,37439
2/15/2016 15:30:00,252.9,257.45,251,252.89,66272
2/16/2016 15:30:00,255.75,255.75,251.5,252.49,49811
2/17/2016 15:30:00,254.5,255,251.7,253.64,72280
2/18/2016 15:30:00,254.75,260.25,253,259.14,26633
2/19/2016 15:30:00,260.35,262,258.76,260.49,12939
2/22/2016 15:30:00,260.4,264.9,258.11,263.97,85293
2/23/2016 15:30:00,265.5,265.5,259,259.61,21387
2/24/2016 15:30:00,259.25,260.25,256.75,259.97,11843
2/25/2016 15:30:00,259.97,260,254.55,257.15,31388
2/26/2016 15:30:00,259.5,259.5,255.05,255.56,36011
2/29/2016 15:30:00,257.25,257.25,249.05,250.4,52942
3/1/2016 15:30:00,252.5,255.86,250.03,252.61,41530
3/2/2016 15:30:00,254,255.25,252.25,253.91,29138
3/3/2016 15:30:00,255.5,262.15,254,260.89,33110
3/4/2016 15:30:00,260.9,266.25,258.3,264.26,26291
3/8/2016 15:30:00,265,271.45,263.81,266.04,53547
3/9/2016 15:30:00,263.77,265.37,259.1,260.49,47123
3/10/2016 15:30:00,261.15,262.08,255.32,258.89,63711
3/11/2016 15:30:00,259.5,262.5,255,258.16,35312
3/14/2016 15:30:00,258.65,258.65,254.5,255.16,61213
3/15/2016 15:30:00,255.87,255.87,252.04,252.69,99413
3/16/2016 15:30:00,252.75,253,250.25,250.59,91850
3/17/2016 15:30:00,252,255.74,251.5,254.84,34979
3/18/2016 15:30:00,254.87,263,252.15,259.31,51696
3/21/2016 15:30:00,260,262.5,260,261.58,52834
3/22/2016 15:30:00,262.5,267.45,257.75,263.02,46192
3/23/2016 15:30:00,265.56,267,260.5,262.66,107792
3/28/2016 15:30:00,264.95,268.75,264.13,267.68,69661
3/29/2016 15:30:00,267,269.5,265.5,266.8,15640
3/30/2016 15:30:00,267.74,275.08,267.74,273.99,47816
3/31/2016 15:30:00,272.25,292.45,270,287.87,72171
4/1/2016 15:30:00,284.5,287.45,277.9,281.91,37393
4/4/2016 15:30:00,281.5,286.25,280.35,284.18,21694
4/5/2016 15:30:00,281.6,288.85,281.6,286.95,31231
4/6/2016 15:30:00,286.9,287.45,285.2,286.21,30696
4/7/2016 15:30:00,289.97,297.5,287.4,294.43,39466
4/8/2016 15:30:00,296.25,300.3,292.55,298.78,22133
4/11/2016 15:30:00,299,300.45,292.77,293.54,25180
4/12/2016 15:30:00,304.95,309.25,302.53,307.39,62801
4/13/2016 15:30:00,307.85,308.75,301.06,305.83,32898
4/18/2016 15:30:00,306,312.34,302.85,306.73,47449
4/20/2016 15:30:00,309,309.8,300.1,301.8,43665
4/21/2016 15:30:00,301.8,302.5,297.35,298.34,75844
4/22/2016 15:30:00,298,301.98,298,298.49,15566
4/25/2016 15:30:00,298.5,301.26,292.5,294.08,60089
4/26/2016 15:30:00,294.73,295,290.25,291.53,70732
4/27/2016 15:30:00,291.53,298.25,290.13,294.29,18309
4/28/2016 15:30:00,293.9,297.75,287.75,295.4,39851
4/29/2016 15:30:00,296.5,296.5,285.15,286.27,34469
5/2/2016 15:30:00,287,290,285.62,287.71,20305
5/3/2016 15:30:00,288.5,289.7,278.75,279.58,34263
5/4/2016 15:30:00,279.61,282.47,275.62,277.11,23847
5/5/2016 15:30:00,277.55,278.5,275.01,277.04,24819
5/6/2016 15:30:00,277.25,282,276.56,280.55,51851
5/9/2016 15:30:00,280.55,284.2,274.1,275.48,35654
5/10/2016 15:30:00,276.07,278.03,275.29,276.02,59945
5/11/2016 15:30:00,276,280.8,274.81,280.08,17803
5/12/2016 15:30:00,281.2,286.55,280.65,285.52,25891
5/13/2016 15:30:00,284.75,308,284.55,306.08,196377
5/16/2016 15:30:00,305,317.4,300.2,314.22,79610
5/17/2016 15:30:00,314,314.25,307.6,310.98,74498
5/18/2016 15:30:00,308.02,311.75,306.13,310.01,19838
5/19/2016 15:30:00,309.51,310,303,304.6,17051
5/20/2016 15:30:00,304.95,308.5,294.3,300.29,40528
5/23/2016 15:30:00,300.15,302.44,296.65,298.33,17554
5/24/2016 15:30:00,299.89,304.24,297.71,300.2,59051
5/25/2016 15:30:00,300.5,308.46,300.3,307.29,28959
5/26/2016 15:30:00,290,309.85,290,307.1,33253
5/27/2016 15:30:00,306.75,312,306,308.7,32211
5/30/2016 15:30:00,309,317.95,308.7,315.4,34258
5/31/2016 15:30:00,314,317.74,300.1,304.87,75860
6/1/2016 15:30:00,305.8,322.45,305.45,319.54,63791
6/2/2016 15:30:00,317.45,319.51,312.8,315.1,72774
6/3/2016 15:30:00,318.75,318.75,313.25,315.26,35337
6/6/2016 15:30:00,313.77,335.25,307.81,323.97,75989
6/7/2016 15:30:00,326,334.95,318.71,322.51,64157
6/8/2016 15:30:00,323.7,327.08,319.06,324.05,26412
6/9/2016 15:30:00,323.8,327.25,320,321.55,16224
6/10/2016 15:30:00,322.67,330,321.65,327.21,27431
6/13/2016 15:30:00,323.75,329.45,322.72,326.9,28530
6/14/2016 15:30:00,326.25,329.95,326.25,329.45,17846
6/15/2016 15:30:00,328.5,329.6,322.81,324.61,31345
6/16/2016 15:30:00,324.6,327.75,323.5,324.54,33083
6/17/2016 15:30:00,325,327.5,321.9,323.21,22197
6/20/2016 15:30:00,322.2,329.95,322.15,327.41,29420
6/21/2016 15:30:00,328.1,329.97,324.12,326.87,18216
6/22/2016 15:30:00,327,327.75,322.5,324.48,20002
6/23/2016 15:30:00,325.65,326.65,320.05,321.59,26171
6/24/2016 15:30:00,315.31,326.33,310,324.83,21109
6/27/2016 15:30:00,320,326.73,320,322.39,17117
6/28/2016 15:30:00,322.45,325.3,322.45,324.69,41820
6/29/2016 15:30:00,324.2,325,321.12,322.23,12424
6/30/2016 15:30:00,322.22,327.25,322.22,324.62,125414
7/1/2016 15:30:00,325.75,327,322.81,325.49,22119
7/4/2016 15:30:00,324.95,328,324.83,326.4,15027
7/5/2016 15:30:00,325.1,327.49,325.1,326.65,20359
7/7/2016 15:30:00,325.5,327.5,324,325.57,11999
7/8/2016 15:30:00,325.5,326.99,319.5,320.61,37875
7/11/2016 15:30:00,322.48,325.3,320.84,324.36,43840
7/12/2016 15:30:00,324.35,324.9,321.05,321.36,32864
7/13/2016 15:30:00,322.75,329.64,322.7,329.06,83086
7/14/2016 15:30:00,328.75,329.5,326.5,328.35,23764
7/15/2016 15:30:00,328.75,333.33,328.05,331.65,44875
7/18/2016 15:30:00,331.65,333.25,328,330.93,39417
7/19/2016 15:30:00,330.56,334.5,328.55,332.14,45611
7/20/2016 15:30:00,331.25,334.75,331.25,333.72,37115
7/21/2016 15:30:00,333.7,344.99,333.7,343.39,33795
7/22/2016 15:30:00,343.85,356.7,343.85,353.92,71345
7/25/2016 15:30:00,353.5,358.5,349.55,356.33,30950
7/26/2016 15:30:00,356,360.5,353.25,358.21,24699
7/27/2016 15:30:00,357.05,358.01,352.2,353.82,27120
7/28/2016 15:30:00,355,365,354.11,361.87,58771
7/29/2016 15:30:00,363.2,368.45,350.56,359.42,58090
8/1/2016 15:30:00,358.6,360.76,343.79,347.6,76085
8/2/2016 15:30:00,347.75,353,340.5,341.68,33594
8/3/2016 15:30:00,341.4,348.95,337.1,338.83,20610
8/4/2016 15:30:00,339.5,344.52,337.5,340.26,16549
8/5/2016 15:30:00,342,344.6,341,341.9,21689
8/8/2016 15:30:00,344.55,345.25,339,342.75,27211
8/9/2016 15:30:00,343.3,345.75,340,344.62,17856
8/10/2016 15:30:00,344.7,347.55,340.5,342.24,18752
8/11/2016 15:30:00,342.5,343.75,339.5,342.45,16926
8/12/2016 15:30:00,344.1,348.75,341.5,344.74,25880
8/16/2016 15:30:00,344.5,344.5,335.61,337.46,27240
8/17/2016 15:30:00,339.45,340.5,333.5,334.72,28667
8/18/2016 15:30:00,337.25,338.48,333,334.85,13803
8/19/2016 15:30:00,335,337.99,335,336.37,7145
8/22/2016 15:30:00,336.25,340.4,335.57,339.27,31457
8/23/2016 15:30:00,341.5,342.43,339.5,340.55,28773
8/24/2016 15:30:00,340.75,343.15,337.25,340.91,32290
8/25/2016 15:30:00,340.95,342.5,340.45,341.49,26445
8/26/2016 15:30:00,342.4,343.01,340.49,341.56,19970
8/29/2016 15:30:00,342.45,342.45,336.07,337.57,42107
8/30/2016 15:30:00,337.5,338.81,332.75,334.38,20441
8/31/2016 15:30:00,334.4,336.25,323.5,326.28,62266
9/1/2016 15:30:00,326.25,331.25,323.02,324.43,26058
9/2/2016 15:30:00,326.4,326.4,321.25,321.98,14379
9/6/2016 15:30:00,323.9,329.5,322.35,328.26,30795
9/7/2016 15:30:00,329.05,330,321.85,323.09,53353
9/8/2016 15:30:00,322.5,324.9,320.65,321.59,15720
9/9/2016 15:30:00,321.75,326.95,320,325.4,25820
9/12/2016 15:30:00,324.75,324.75,320,321.56,17135
9/14/2016 15:30:00,322.39,325.05,310,317.22,52642
9/15/2016 15:30:00,314.5,317.94,312.3,315.07,83601
9/16/2016 15:30:00,316.5,323.4,315.4,320.35,43872
9/19/2016 15:30:00,320.35,322.5,315.05,316.87,52913
9/20/2016 15:30:00,317.45,318.81,316.18,317,21526
9/21/2016 15:30:00,318.5,318.5,313.5,315.65,31447
9/22/2016 15:30:00,317.67,325.9,315.65,322.52,34213
9/23/2016 15:30:00,325.25,326.85,320.13,324.73,53448
9/26/2016 15:30:00,325.45,326.25,320.05,325.21,24552
9/27/2016 15:30:00,324.95,325.5,320.61,324.41,23621
9/28/2016 15:30:00,324.55,325.31,321.23,322.63,19022
9/29/2016 15:30:00,323.5,326.25,311.27,317.66,34583
9/30/2016 15:30:00,317.66,325,315.8,321.64,64898
10/3/2016 15:30:00,321.65,332.5,321.65,331.1,30768
10/4/2016 15:30:00,332.5,335,329.71,334.05,24219
10/5/2016 15:30:00,334.25,340,330.71,338.78,17108
10/6/2016 15:30:00,338.75,340.75,333.4,336.18,13191
10/7/2016 15:30:00,337.3,337.3,332.77,336.39,6414
10/10/2016 15:30:00,335.1,339.25,330.15,331.63,7682
10/13/2016 15:30:00,331.5,332.45,326.25,327.15,24056
10/14/2016 15:30:00,327.15,346.25,326.6,343.86,40793
10/17/2016 15:30:00,341.57,342.25,334.98,337.91,13164
10/18/2016 15:30:00,339.94,345,332.55,343.7,25218
10/19/2016 15:30:00,340.03,342.95,338,339.63,24013
10/20/2016 15:30:00,340.23,346,336.95,342.14,47801
10/21/2016 15:30:00,341.5,344.75,339.05,343.46,11703
10/24/2016 15:30:00,342.4,345,340.61,342.67,9235
10/25/2016 15:30:00,341.25,343.29,338.85,339.7,77752
10/26/2016 15:30:00,337.95,342,337,341.27,41678
10/27/2016 15:30:00,342,349.86,338,346.85,16940
10/28/2016 15:30:00,346.85,350,342.54,349.29,24595
11/1/2016 15:30:00,346.25,348.04,335.32,339.72,33213
11/2/2016 15:30:00,339.5,339.5,333.5,337.96,18067
11/3/2016 15:30:00,337,339.75,333.3,335.89,16866
11/4/2016 15:30:00,335.89,338.8,330.9,332.7,17717
11/7/2016 15:30:00,333.01,337.5,317.75,322.9,23558
11/8/2016 15:30:00,323.1,325.45,320.5,322.58,12853
11/9/2016 15:30:00,306.95,323,282.8,319.4,40371
11/10/2016 15:30:00,322.5,327.17,320.05,321.01,19694
11/11/2016 15:30:00,324.4,324.4,308.15,312.76,44257
11/15/2016 15:30:00,313,314.75,295.58,297.88,106163
11/16/2016 15:30:00,299.95,304,297.5,298.28,174386
11/17/2016 15:30:00,301.45,301.45,296.65,297.9,61210
11/18/2016 15:30:00,298,299,292.55,294.08,61184
11/21/2016 15:30:00,294.75,297.35,291.5,293.4,28878
11/22/2016 15:30:00,294.98,297.02,292.5,294.7,61482
11/23/2016 15:30:00,294.7,300,293.5,295.79,134376
11/24/2016 15:30:00,293.38,312.6,293.38,306.17,27087
11/25/2016 15:30:00,306.17,310,305.61,307.96,63475
11/28/2016 15:30:00,307.91,315.5,306.2,314.45,14540
11/29/2016 15:30:00,315,325.99,311.31,314.45,79429
11/30/2016 15:30:00,314.5,320,312.6,314.49,43873
12/1/2016 15:30:00,312.15,316.3,310.63,314.2,39345
12/2/2016 15:30:00,313.6,313.6,310.57,311.55,63016
12/5/2016 15:30:00,313.75,318.27,306.25,311.45,21148
12/6/2016 15:30:00,312.23,314.99,309.54,313.3,23625
12/7/2016 15:30:00,313.94,316.8,312.25,314.1,16091
12/8/2016 15:30:00,314.25,318.75,314.06,316.54,19252
12/9/2016 15:30:00,316.5,319.64,313.25,317.62,15619
12/12/2016 15:30:00,315.32,316.64,313.2,315.69,8112
12/13/2016 15:30:00,316.55,317,315,316.48,29190
12/14/2016 15:30:00,316.67,317.8,309.5,311.76,20092
12/15/2016 15:30:00,310,313.55,306.7,308.84,23653
12/16/2016 15:30:00,311.17,311.35,295.6,305.76,49759
12/19/2016 15:30:00,306.95,306.95,298.75,301.54,28248
12/20/2016 15:30:00,302.5,303.7,295,295.9,19716
12/21/2016 15:30:00,295.8,297.48,291,292.32,53140
12/22/2016 15:30:00,292.45,292.45,287.5,288.39,46891
12/23/2016 15:30:00,288,296.75,287.3,290.18,53313
12/26/2016 15:30:00,290.5,292.8,287.5,291.9,8203
12/27/2016 15:30:00,291.75,295.7,289.95,293.88,25155
12/28/2016 15:30:00,293.5,296.56,292.02,294.88,36511
12/29/2016 15:30:00,293.25,301.5,293.25,298.71,36337
12/30/2016 15:30:00,298,302.42,295.1,301.42,16658
1/2/2017 15:30:00,301.5,304.05,297,298.72,16376
1/3/2017 15:30:00,298.76,303.5,298.76,301.37,13996
1/4/2017 15:30:00,302,302.49,292.55,294.51,44184
1/5/2017 15:30:00,297,298.25,291.5,296.09,49983
1/6/2017 15:30:00,295.81,297.95,294.5,296.49,10929
1/9/2017 15:30:00,298,299,294.55,295.54,5231
1/10/2017 15:30:00,297,297.25,292.81,295.29,13422
1/11/2017 15:30:00,295.61,297,293.85,295.06,26136
1/12/2017 15:30:00,295,296.75,291.65,292.75,50031
1/13/2017 15:30:00,293.85,295.75,292.95,294.96,20629
1/16/2017 15:30:00,295.5,295.75,293.55,294.17,5009
1/17/2017 15:30:00,294.15,295.73,292.55,294.79,10304
1/18/2017 15:30:00,294.26,297.5,293.6,295.91,44155
1/19/2017 15:30:00,295.91,296.95,294.3,295.57,31506
1/20/2017 15:30:00,295.25,295.51,293.55,294.99,229261
1/23/2017 15:30:00,292.7,297,292.7,296.2,19862
1/24/2017 15:30:00,295.76,299.95,294.08,297.89,18514
1/25/2017 15:30:00,299,299.65,296,298.3,76075
1/27/2017 15:30:00,298.75,300.25,292.55,295.71,35907
1/30/2017 15:30:00,298.31,298.75,294,294.98,41985
1/31/2017 15:30:00,294.1,296,291.4,292.59,227693
2/1/2017 15:30:00,294.9,296.75,291.74,295.62,18509
2/2/2017 15:30:00,296.7,301.5,294.25,299.71,28641
2/3/2017 15:30:00,299.99,307.25,298.55,304.43,25689
2/6/2017 15:30:00,304.25,317.3,304.25,315.27,30113
2/7/2017 15:30:00,315,317.5,303.75,306.41,35284
2/8/2017 15:30:00,309.75,310.5,307,309.65,34358
2/9/2017 15:30:00,306.9,311,306.9,309.83,54513
2/10/2017 15:30:00,309.75,310,304.53,308.91,35678
2/13/2017 15:30:00,308,310.5,308,310.01,65600
2/14/2017 15:30:00,310,310.25,305.75,309.65,16393
2/15/2017 15:30:00,309.65,313.77,307.06,308.47,20218
2/16/2017 15:30:00,304.9,312.5,298.12,310.39,66496
2/17/2017 15:30:00,310.05,313.35,306.25,312.02,31485
2/20/2017 15:30:00,307.75,314.5,307.75,314.21,38912
2/21/2017 15:30:00,313.95,322.5,311.06,318.83,45913
2/22/2017 15:30:00,320,321.5,316.68,319.89,15382
2/23/2017 15:30:00,318.75,320.75,315.33,319.09,15034
2/27/2017 15:30:00,319.95,321,315.5,316.99,14282
2/28/2017 15:30:00,317.17,319.74,311.5,312.71,32595
3/1/2017 15:30:00,311.76,316.2,311.65,312.52,9522
3/2/2017 15:30:00,313,315,307.4,309.88,25500
3/3/2017 15:30:00,309.51,311.75,308.21,309.48,31558
3/6/2017 15:30:00,308.26,315,308.26,313.64,9980
3/7/2017 15:30:00,313.76,319.21,309.5,315.95,85668
3/8/2017 15:30:00,315.31,318.61,313.14,317.32,12586
3/9/2017 15:30:00,318.25,318.25,309,310.54,24732
3/10/2017 15:30:00,313.5,313.5,305.5,306.59,19988
3/14/2017 15:30:00,312.4,312.4,304.56,305.97,28535
3/15/2017 15:30:00,307.5,308.05,304.45,305.25,46677
3/16/2017 15:30:00,307.25,308,305,307.52,44325
3/17/2017 15:30:00,307.75,312.45,307.25,311.11,51300
3/20/2017 15:30:00,312.45,315,310.5,314.84,32611
3/21/2017 15:30:00,315,317.3,312.75,316.76,33563
3/22/2017 15:30:00,315.05,317.83,312.75,317.08,30771
3/23/2017 15:30:00,315.8,317.63,314.06,316.91,50703
3/24/2017 15:30:00,316.35,319,313.97,317.63,22772
3/27/2017 15:30:00,319.15,324.95,315.55,323.17,18957
3/28/2017 15:30:00,323.17,327,320.12,325.08,19821
3/29/2017 15:30:00,325.5,326.25,321,324.66,64216
3/30/2017 15:30:00,324.66,331.97,323.25,330.26,63730
3/31/2017 15:30:00,330,336,327.88,334.03,41843
4/3/2017 15:30:00,330.6,333.3,328.02,328.93,11510
4/5/2017 15:30:00,327.55,332.5,327.55,331.4,22845
4/6/2017 15:30:00,330,332.5,329.8,330.84,24871
4/7/2017 15:30:00,330.3,332.2,329.7,330.99,24490
4/10/2017 15:30:00,331.2,332.7,326.86,331.43,24268
4/11/2017 15:30:00,331.43,331.43,326.88,327.96,15965
4/12/2017 15:30:00,328.7,330,320.75,325.94,27166
4/13/2017 15:30:00,328,328,320.15,321.91,22923
4/17/2017 15:30:00,324.45,324.45,315,315.6,18421
4/18/2017 15:30:00,316.3,318.55,315.61,316.89,36733
4/19/2017 15:30:00,315.75,317.2,314,314.93,14258
4/20/2017 15:30:00,318.51,319.45,315,316.99,14709
4/21/2017 15:30:00,317.5,318.55,315.15,317.69,11992
4/24/2017 15:30:00,317.69,317.79,313.39,314.39,22792
4/25/2017 15:30:00,315,318.2,314.5,316.15,43876
4/26/2017 15:30:00,315.5,322.2,315.5,321.21,19546
4/27/2017 15:30:00,322.45,336.5,321.39,335.11,65906
4/28/2017 15:30:00,335,339.3,333.51,334.89,52935
5/2/2017 15:30:00,336.2,337.34,334.15,335.75,37803
5/3/2017 15:30:00,336.25,336.75,334.5,335.78,23900
5/4/2017 15:30:00,334.5,337.75,334.5,336.78,18029
5/5/2017 15:30:00,336.75,337.5,333.4,336.32,23426
5/8/2017 15:30:00,335.1,337.4,331.61,335.46,17322
5/9/2017 15:30:00,335.46,336.25,333.92,335.24,10751
5/10/2017 15:30:00,335.58,350,335,346.02,100390
5/11/2017 15:30:00,348.9,349.23,341.56,342.83,23533
5/12/2017 15:30:00,342.85,344.95,339.03,341.07,86982
5/15/2017 15:30:00,336.05,337.55,329.1,330.49,75940
5/16/2017 15:30:00,330.8,331.6,322.5,323.96,49015
5/17/2017 15:30:00,325,328.75,324.95,327.88,26258
5/18/2017 15:30:00,325.5,329.2,325.2,326.47,58301
5/19/2017 15:30:00,327.95,330.43,323.15,326.7,29045
5/22/2017 15:30:00,325.55,332.25,325.55,329.79,23406
5/23/2017 15:30:00,329.79,334.37,325.33,329.23,48490
5/24/2017 15:30:00,329.56,329.56,324.5,326.35,55967
5/25/2017 15:30:00,327.75,329,323.5,324.92,49980
5/26/2017 15:30:00,327.45,336.96,326.32,332.43,91240
5/29/2017 15:30:00,330.55,333.55,329.1,330.87,57795
5/30/2017 15:30:00,330.09,332.72,328.51,330.04,10564
5/31/2017 15:30:00,330.38,334.52,330.38,332.26,81114
6/1/2017 15:30:00,332.1,332.31,327.3,330.29,20315
6/2/2017 15:30:00,330.8,334.55,330.5,332.43,29991
6/5/2017 15:30:00,333.95,339.9,331.76,335.71,34741
6/6/2017 15:30:00,336,337.5,330.49,333.86,18460
6/7/2017 15:30:00,333.5,336,331.78,333.49,32691
6/8/2017 15:30:00,333.45,335.25,330.55,332.59,32379
6/9/2017 15:30:00,332.6,335.5,331.49,333.38,24558
6/12/2017 15:30:00,334,335.41,331.47,333.01,31121
6/13/2017 15:30:00,333.25,335.45,332,334.51,14818
6/14/2017 15:30:00,334.5,335.46,332.52,334.22,41363
6/15/2017 15:30:00,334.9,335.25,333.31,334.37,40371
6/16/2017 15:30:00,334.7,341,333.81,337.99,35730
6/19/2017 15:30:00,339.05,342.5,334.25,336.92,30864
6/20/2017 15:30:00,335.5,337.25,334.03,334.95,20081
6/21/2017 15:30:00,333.5,339.01,331.03,337.97,34599
6/22/2017 15:30:00,337.95,341.85,336.26,338.98,30288
6/23/2017 15:30:00,337.6,339,330.55,331.98,30670
6/27/2017 15:30:00,332.55,333.15,326.5,330,32822
6/28/2017 15:30:00,331.51,333,330.36,332.43,16831
6/29/2017 15:30:00,332.75,339,332.55,337.44,32869
6/30/2017 15:30:00,335.25,338.95,333.3,336.84,58484
7/3/2017 15:30:00,337.33,341.5,333.75,336.92,74048
7/4/2017 15:30:00,339.75,343.25,337.29,342.34,51575
7/5/2017 15:30:00,341.55,349.45,341.55,345.42,47661
7/6/2017 15:30:00,345.6,349,344.92,345.9,24812
7/7/2017 15:30:00,345.9,347.9,342.9,343.5,22470
7/10/2017 15:30:00,340.6,344.95,338.9,340.28,8733
7/11/2017 15:30:00,343.5,343.5,335.8,338.92,34715
7/12/2017 15:30:00,342.2,342.2,338,341.11,29412
7/13/2017 15:30:00,343.9,344.5,338.35,339.29,60187
7/14/2017 15:30:00,341.25,341.99,339.53,340.55,50380
7/17/2017 15:30:00,342.24,344.95,339.09,343.91,17552
7/18/2017 15:30:00,342.75,347.45,341.05,342.63,41199
7/19/2017 15:30:00,344.9,347.25,343.11,346.91,29743
7/20/2017 15:30:00,347.98,347.98,343,343.47,7438
7/21/2017 15:30:00,344.9,346.25,339.75,340.35,35748
7/24/2017 15:30:00,342.45,343,340.5,341.79,29921
7/25/2017 15:30:00,343,343,339.77,340.98,35510
7/26/2017 15:30:00,341.25,345,337.5,339.28,36324
7/27/2017 15:30:00,339.98,343.35,336.62,339.98,65349
7/28/2017 15:30:00,340.11,340.25,336.77,339.04,26647
7/31/2017 15:30:00,339.25,339.95,336.5,338.36,41137
8/1/2017 15:30:00,336.6,339.5,333.79,335.15,61312
8/2/2017 15:30:00,337,337.27,334.75,335.58,27463
8/3/2017 15:30:00,334.81,337.44,334,336.57,70859
8/4/2017 15:30:00,334.17,337.4,330.37,335.11,18068
8/7/2017 15:30:00,335,337.7,334.25,337.01,22154
8/8/2017 15:30:00,336.5,337.51,332.36,334.08,27550
8/9/2017 15:30:00,333.01,337.22,333,336.5,37023
8/10/2017 15:30:00,335,337.5,327.75,332.13,90476
8/11/2017 15:30:00,328.1,329.25,326.6,327.21,27932
8/14/2017 15:30:00,327.6,337.6,327.6,332.62,22523
8/16/2017 15:30:00,330.1,336.99,330.1,334.02,18636
8/17/2017 15:30:00,334.5,336.37,332,332.64,18803
8/18/2017 15:30:00,331,336.72,331,332.67,61884
8/21/2017 15:30:00,332,333.53,328.9,330.96,36805
8/22/2017 15:30:00,331.31,336.75,329.3,330.22,46472
8/23/2017 15:30:00,335.2,335.2,329.8,330.3,20032
8/24/2017 15:30:00,331.43,332.5,330.05,330.13,28250
8/28/2017 15:30:00,333.6,353.7,332.5,352.43,211001
8/29/2017 15:30:00,351.6,353.25,344.39,347.81,78828
8/30/2017 15:30:00,351.5,352.95,343.51,351.67,85274
8/31/2017 15:30:00,352.5,357,347.55,356.06,93447
9/1/2017 15:30:00,355,355.75,350.15,350.77,32090
9/4/2017 15:30:00,353.7,353.7,342.56,343.24,52035
9/5/2017 15:30:00,344,352.25,344,351.39,95357
9/6/2017 15:30:00,348.45,349.82,345.73,348.68,52319
9/7/2017 15:30:00,350,358.45,346.6,356.63,81994
9/8/2017 15:30:00,359.38,361.25,356.55,360.07,65653
9/11/2017 15:30:00,359.4,365.95,359.4,364.76,51092
9/12/2017 15:30:00,366.5,370.45,361.53,369.44,63565
9/13/2017 15:30:00,369.01,370.5,360.5,361.97,52857
9/14/2017 15:30:00,367.35,367.35,360.36,361.71,55141
9/15/2017 15:30:00,361,368.45,360.81,367.45,54195
9/18/2017 15:30:00,365.5,367.35,364.07,364.43,14132
9/19/2017 15:30:00,365,366.25,362,362.74,16712
9/20/2017 15:30:00,362.5,362.5,358.16,360.17,32379
9/21/2017 15:30:00,360.1,360.59,355.22,357.31,113644
9/22/2017 15:30:00,357.5,360.2,355.35,358.48,17066
9/25/2017 15:30:00,356.5,360,352.55,357.32,31480
9/26/2017 15:30:00,355.65,358.64,351.55,352.74,22470
9/27/2017 15:30:00,353.94,356.75,350.41,355.1,49112
9/28/2017 15:30:00,355.5,362.11,353.57,356.88,55293
9/29/2017 15:30:00,356,362.77,356,360.83,48861
10/3/2017 15:30:00,365,369.75,363,365.48,49856
10/4/2017 15:30:00,362.1,367.74,361.2,366.53,23907
10/5/2017 15:30:00,365.5,367.25,362.5,363.04,8440
10/6/2017 15:30:00,365.05,369,362.55,367.64,31620
10/9/2017 15:30:00,367.75,368.95,364.15,364.76,12400
10/10/2017 15:30:00,367.35,367.35,363.58,364.41,16879
10/11/2017 15:30:00,364.75,365.95,362.72,364.44,34570
10/12/2017 15:30:00,365,374.15,364.45,369.05,73945
10/13/2017 15:30:00,369,370,365.97,367.27,180633
10/16/2017 15:30:00,365.25,369.95,363.25,364.14,20309
10/17/2017 20:00:00,365,369.4,361.8,368.7,17809
10/18/2017 15:30:00,368.65,368.65,361.07,362.29,15678
10/19/2017 20:00:00,364.25,365,359.14,361.45,3810
10/23/2017 15:30:00,362.5,366.25,360.1,360.81,60706
10/24/2017 15:30:00,363.85,363.85,360,361.93,7616
10/25/2017 15:30:00,363,363,355.86,357.67,25934
10/26/2017 15:30:00,358.95,359.93,355.5,357.25,160226
10/27/2017 15:30:00,358.68,360.5,356.4,358.53,17586
10/30/2017 15:30:00,359,361.95,359,360.98,20204
10/31/2017 15:30:00,361.95,365,359.56,361.95,28985
11/1/2017 15:30:00,363.2,369.15,360.17,365.89,48889
11/2/2017 15:30:00,366.5,367.5,363.04,364.39,19811
11/3/2017 15:30:00,365,371.8,358,370.67,95153
11/6/2017 15:30:00,370.67,387,364.4,379.72,108302
11/7/2017 15:30:00,380,388.7,380,384.78,83339
11/8/2017 15:30:00,381.05,394.85,381.05,391.44,89736
11/9/2017 15:30:00,391.45,394.93,388.65,389.97,136442
11/10/2017 15:30:00,391,393.15,382.01,389.26,63886
11/13/2017 15:30:00,397.3,398.71,382.4,385.99,55712
11/14/2017 15:30:00,386.01,389.2,380.5,382.03,24703
11/15/2017 15:30:00,383,388.75,377.15,386.06,103007
11/16/2017 15:30:00,386.83,391.19,381.27,382.16,30278
11/17/2017 15:30:00,383.53,389.5,383,384.52,15179
11/20/2017 15:30:00,384.52,391.35,383.8,386.24,37582
11/21/2017 15:30:00,385.5,388.65,385.5,387.22,20423
11/22/2017 15:30:00,387.35,387.35,379.26,380.32,55610
11/23/2017 15:30:00,382.65,382.65,379.5,380.24,28130
11/24/2017 15:30:00,381.55,381.61,373.75,375.11,55095
11/27/2017 15:30:00,375.06,377.19,371.75,374.71,25418
11/28/2017 15:30:00,376.5,377.5,373.14,374.89,46999
11/29/2017 15:30:00,371.05,378.45,371,375.52,68922
11/30/2017 15:30:00,374,385,373.58,383.18,97354
12/1/2017 15:30:00,383,387.65,381.5,384.82,41006
12/4/2017 15:30:00,386.5,386.95,381.67,385.27,33738
12/5/2017 15:30:00,385.25,387.23,382.19,384.56,34970
12/6/2017 15:30:00,384.5,387.5,383.96,385.43,76748
12/7/2017 15:30:00,386.25,393.51,385.07,391.25,69843
12/8/2017 15:30:00,390,399.45,389.75,396.05,81419
12/11/2017 15:30:00,395,397,392.1,393.63,40636
12/12/2017 15:30:00,394.2,397.5,392.4,396.64,40336
12/13/2017 15:30:00,396,398.14,392.55,396.79,25587
12/14/2017 15:30:00,401.75,401.95,390.78,393.84,30413
12/15/2017 15:30:00,395,395,391.7,392.44,61916
12/18/2017 15:30:00,392.5,397.45,384.75,396.45,19901
12/19/2017 15:30:00,397.45,397.45,393.75,394.86,27899
12/20/2017 15:30:00,395.75,399.95,394.96,397.26,40908
12/21/2017 15:30:00,397.54,398.56,394.5,394.97,20099
12/22/2017 15:30:00,394.97,396.44,392,394.17,22437
12/26/2017 15:30:00,394.22,395.4,390.44,391.43,15964
12/27/2017 15:30:00,393.2,393.2,385.61,387.03,14190
12/28/2017 15:30:00,390,391.25,383.75,386.65,18317
12/29/2017 15:30:00,385.78,395.45,385.78,393.55,30527
1/1/2018 15:30:00,395,395.08,391.43,393.16,6606
1/2/2018 15:30:00,392.75,396.15,392.15,393.18,65613
1/3/2018 15:30:00,395,396.75,392.51,393.01,27948
1/4/2018 15:30:00,393.25,395.11,391.95,393.46,27902
1/5/2018 15:30:00,392.32,394.2,392.05,392.84,9970
1/8/2018 15:30:00,391.5,398.43,391.5,397.06,35919
1/9/2018 15:30:00,397.06,398.44,384.4,388.96,58444
1/10/2018 15:30:00,392.5,393.33,388.97,392.33,22046
1/11/2018 15:30:00,392.74,395.5,390.42,393.72,47060
1/12/2018 15:30:00,393.9,395,387.25,389.46,32341
1/15/2018 15:30:00,390.75,393,387.25,387.9,26404
1/16/2018 15:30:00,388,391.25,386.1,388.73,27957
1/17/2018 15:30:00,389.99,390.75,383.83,388.1,70240
1/18/2018 15:30:00,391.5,391.5,384.33,386.81,30001
1/19/2018 15:30:00,390,390,383.35,384.03,19037
1/22/2018 15:30:00,383.38,385.75,382.01,383.35,31062
1/23/2018 15:30:00,384.95,384.95,379.25,379.99,36738
1/24/2018 15:30:00,381.5,381.7,377.43,379.65,15863
1/25/2018 15:30:00,377.65,381.28,371.65,374.54,37438
1/29/2018 15:30:00,376.5,379.35,373,376.54,46573
1/30/2018 15:30:00,376,376.06,370.25,372.8,28872
1/31/2018 15:30:00,374.2,375.7,370.81,373.46,24839
2/1/2018 15:30:00,374.95,376.85,364,365.54,106395
2/2/2018 15:30:00,365,370.75,356.25,356.77,64413
2/5/2018 15:30:00,356.5,359.95,349.88,356.74,55575
2/6/2018 15:30:00,350,351.76,349.25,350.82,68219
2/7/2018 15:30:00,354.9,355.8,348.79,350.35,40086
2/8/2018 15:30:00,350.7,354.7,344.36,349.3,68289
2/9/2018 15:30:00,348.65,351.66,346.11,348.48,74532
2/12/2018 15:30:00,349.9,359.95,349.7,357.1,104885
2/14/2018 15:30:00,360,369.21,358.1,363.25,117449
2/15/2018 15:30:00,375,382.25,371.35,379.16,354436
2/16/2018 15:30:00,382.5,386,378.75,379.64,76991
2/19/2018 15:30:00,381.5,381.5,374.5,375.34,50746
2/20/2018 15:30:00,376,380.3,376,378.63,49865
2/21/2018 15:30:00,378.95,380.93,378.53,379.88,73367
2/22/2018 15:30:00,379.95,382.95,373.96,377.17,94421
2/23/2018 15:30:00,378.65,380.95,376.31,379.14,66464
2/26/2018 15:30:00,380.75,382.5,378.11,381.26,65894
2/27/2018 15:30:00,382.2,389.7,381,388,69883
2/28/2018 15:30:00,387.95,393.7,385.95,388.08,75576
3/1/2018 15:30:00,388.85,393.8,388.85,392.47,61086
3/5/2018 15:30:00,394,394,384.76,385.7,63643
3/6/2018 15:30:00,388.17,389,382.5,384.44,62306
3/7/2018 15:30:00,385.5,389.9,382.52,385.22,61388
3/8/2018 15:30:00,389.4,389.4,385,385.5,49994
3/9/2018 15:30:00,388.38,388.38,382.1,382.87,104310
3/12/2018 15:30:00,384.74,385.45,378.3,380.95,28943
3/13/2018 15:30:00,380.95,389.2,380.79,385.01,65859
3/14/2018 15:30:00,385.05,385.8,380.84,382.39,64620
3/15/2018 15:30:00,386.45,386.95,380.26,385.99,65489
3/16/2018 15:30:00,387.5,387.9,383.51,384.77,176601
3/19/2018 15:30:00,386.13,386.25,381.38,383.17,66918
3/20/2018 15:30:00,385,393.75,383.19,392.07,135487
3/21/2018 15:30:00,394.45,398.25,389.75,392.66,75926
3/22/2018 15:30:00,392.4,395.8,390.87,392.04,60100
3/23/2018 15:30:00,390,391.83,387.98,389.69,97274
3/26/2018 15:30:00,391.35,395.95,388,391.45,62461
3/27/2018 15:30:00,395,407.7,393.05,405.64,125000
3/28/2018 15:30:00,407.75,412.5,406.05,410.18,124076
4/2/2018 15:30:00,409.99,417,408.5,415.45,61024
4/3/2018 15:30:00,415,419,414,417.2,60612
4/4/2018 15:30:00,416.1,419.95,415.6,417.55,66915
4/5/2018 15:30:00,419.43,420.4,418.05,419.21,36648
4/6/2018 15:30:00,419.21,420.03,415.75,417.35,38544
4/9/2018 15:30:00,417.5,419.9,416.51,419.11,54041
4/10/2018 15:30:00,419.99,427.84,419,424.96,59706
4/11/2018 15:30:00,424.98,425.34,418.91,423.82,36711
4/12/2018 15:30:00,422.3,434.25,419.15,431.85,83815
4/13/2018 15:30:00,432.5,437,430.35,434.38,50680
4/16/2018 15:30:00,435.23,439,432.5,437.47,87657
4/17/2018 15:30:00,439.23,452.45,438.8,450.68,117758
4/18/2018 15:30:00,449.06,455.95,447.51,448.76,47494
4/19/2018 15:30:00,448.79,459.9,448.2,457.28,67268
4/20/2018 15:30:00,458.75,462.5,456.25,458.1,43195
4/23/2018 15:30:00,458.06,459.11,444,445.27,67578
4/24/2018 15:30:00,446,451.04,440.41,441.1,51022
4/25/2018 15:30:00,441,445.42,433,436.73,84260
4/26/2018 15:30:00,439.99,459.5,438.51,452.15,132498
4/27/2018 15:30:00,450.76,456.49,450.3,453.09,38931
4/30/2018 15:30:00,455,472.4,453.2,469.83,66876
5/2/2018 15:30:00,470.25,474.85,459.24,460.06,62931
5/3/2018 15:30:00,463.6,464.5,452.76,454.93,46201
5/4/2018 15:30:00,457.01,457.9,454.24,455.57,33795
5/7/2018 15:30:00,455.7,458.7,450.76,454.64,57050
5/8/2018 15:30:00,458.75,458.75,454.11,455.89,91703
5/9/2018 15:30:00,453.51,458.45,453.51,456.04,24599
5/10/2018 15:30:00,456.95,460.75,446.73,449.08,44274
5/11/2018 15:30:00,462,480.99,457.5,476.15,208693
5/14/2018 15:30:00,476.15,481.12,475.1,478.57,49576
5/15/2018 15:30:00,480,482,473.75,478.26,88137
5/16/2018 15:30:00,477.25,482.5,473.02,481.4,50709
5/17/2018 15:30:00,482.25,494.5,477.4,485.29,82957
5/18/2018 15:30:00,484.5,490.45,481.76,484.18,85659
5/21/2018 15:30:00,484.5,487.5,473.3,474.32,41497
5/22/2018 15:30:00,475.25,482.5,471.88,481.71,53911
5/23/2018 15:30:00,482.18,485.99,480.51,482.07,36962
5/24/2018 15:30:00,482.5,485.6,481.45,483.27,29401
5/25/2018 15:30:00,482.9,489.95,481.7,486.74,30723
5/28/2018 15:30:00,485.75,488.75,481.8,482.95,36871
5/29/2018 15:30:00,480.1,482.45,474,475.62,43914
5/30/2018 15:30:00,478.9,480.25,475,476.5,59099
5/31/2018 15:30:00,478,489.95,477.5,482.7,149624
6/1/2018 15:30:00,483.45,499.95,482.19,494.93,148674
6/4/2018 15:30:00,500,500,488.67,490.85,37046
6/5/2018 15:30:00,490.96,492,474.5,476.78,62074
6/6/2018 15:30:00,479.95,489.85,478.02,488.02,38522
6/7/2018 15:30:00,491,492,486.51,489.37,45248
6/8/2018 15:30:00,490,498.25,488,494.44,58211
6/11/2018 15:30:00,494.4,503.02,494,495.84,43431
6/12/2018 15:30:00,496.95,497.33,491,491.71,27119
6/13/2018 15:30:00,494.5,494.5,489.5,491.85,29531
6/14/2018 15:30:00,491.8,493,487,487.84,29254
6/15/2018 15:30:00,488,488.75,483.75,487.13,76681
6/18/2018 15:30:00,485,489.53,478.64,480.93,46772
6/19/2018 15:30:00,499.94,499.94,475.01,480.92,67392
6/20/2018 15:30:00,483.25,487.5,482.01,486.25,59286
6/21/2018 15:30:00,487.5,495.7,485.63,492.52,43772
6/22/2018 15:30:00,492,495.65,488,493.55,36004
6/25/2018 15:30:00,492.51,499.9,492.07,494.75,52008
6/26/2018 15:30:00,496.49,509,493.13,504.23,136320
6/27/2018 15:30:00,505.45,509.9,497.64,499.97,82424
6/28/2018 15:30:00,501.4,504.75,486.23,488.63,72930
6/29/2018 15:30:00,494.9,494.9,488.85,490.51,63369
7/2/2018 15:30:00,494.5,494.5,486.52,488.26,35905
7/3/2018 15:30:00,491.2,491.95,486.38,489.23,55736
7/4/2018 15:30:00,490.3,494.5,488.6,493.14,25385
7/5/2018 15:30:00,496.23,499.5,494.5,497.85,16910
7/6/2018 15:30:00,497.49,502.99,496.22,497.15,36543
7/9/2018 15:30:00,499.95,499.95,494.4,494.97,14698
7/10/2018 15:30:00,495.25,503,495.25,500.26,39314
7/11/2018 15:30:00,501.05,514.34,497.7,509.53,55387
7/12/2018 15:30:00,512.4,512.53,500.07,501.45,35569
7/13/2018 15:30:00,505,511.01,503.75,507.1,37091
7/16/2018 15:30:00,510,511.86,507.5,510.04,26933
7/17/2018 15:30:00,510.1,527.45,509.5,525.59,85919
7/18/2018 15:30:00,526.5,527.51,514.11,519.68,74032
7/19/2018 15:30:00,520.75,522.48,511.11,514.47,42226
7/20/2018 15:30:00,514.76,521,510,517.41,43278
7/23/2018 15:30:00,520.15,522.35,516.25,519.67,19721
7/24/2018 15:30:00,520.1,523.11,512.61,514.53,32079
7/25/2018 15:30:00,515.49,517.57,510,511.68,23010
7/26/2018 15:30:00,510.15,518,510.15,516.2,28834
7/27/2018 15:30:00,519,520.62,508.43,514.21,33320
7/30/2018 15:30:00,515,515,504.24,506.12,35115
7/31/2018 15:30:00,509,529,505.56,526.52,70114
8/1/2018 15:30:00,530,547.54,527.55,541.84,69806
8/2/2018 15:30:00,542.5,543,530.17,537.98,34515
8/3/2018 15:30:00,540.5,541.6,510.5,516.23,165670
8/6/2018 15:30:00,525,532.97,520.01,526.73,58802
8/7/2018 15:30:00,530.2,532.5,525,526.89,37286
8/8/2018 15:30:00,529.03,541.55,528.86,538.32,69638
8/9/2018 15:30:00,538.35,548.5,538.35,544.12,81646
8/10/2018 15:30:00,545,547.85,532.5,534.3,57383
8/13/2018 15:30:00,533,546.75,530.76,542.56,52999
8/14/2018 15:30:00,542.6,547.55,539.01,542.85,37356
8/16/2018 15:30:00,542.5,547.75,540.15,542.86,49171
8/17/2018 15:30:00,544.35,546,539.25,543.65,58903
8/20/2018 15:30:00,546,547.4,540.57,542.05,41321
8/21/2018 15:30:00,542.95,549.5,541.5,544.32,62485
8/23/2018 15:30:00,547.4,579.25,547.37,577.2,194040
8/24/2018 15:30:00,574.3,577.09,565.17,568.14,49459
8/27/2018 15:30:00,570.5,576.64,563.65,566.67,47997
8/28/2018 15:30:00,569.99,571.45,565.42,566.3,28097
8/29/2018 15:30:00,567.9,576.1,563.46,564.97,62350
8/30/2018 15:30:00,565.1,570.09,562.89,564.32,83213
8/31/2018 15:30:00,564.35,585.25,564.35,579.11,185968
9/3/2018 15:30:00,584,584,562.56,563.9,59462
9/4/2018 15:30:00,566.5,567.28,538.97,542.06,81569
9/5/2018 15:30:00,541.95,541.95,508.75,519.3,129802
9/6/2018 15:30:00,522.9,528,512.35,516.78,90549
9/7/2018 15:30:00,518.5,532.5,515.28,522.33,112689
9/10/2018 15:30:00,522.5,525.75,513.76,516.52,37274
9/11/2018 15:30:00,515,519.25,500.05,502.39,60262
9/12/2018 15:30:00,504,522.69,501.15,517.7,100962
9/14/2018 15:30:00,522.88,528.6,515.14,516.77,93400
9/17/2018 15:30:00,517.4,536.14,505.75,508.75,30582
9/18/2018 15:30:00,512.35,521.5,509.58,512.18,37699
9/19/2018 15:30:00,518.2,525.05,505.2,507.25,38006
9/21/2018 15:30:00,510.45,512.95,460,487.48,152670
9/24/2018 15:30:00,493.9,494.93,480.75,483.13,31895
9/25/2018 15:30:00,481.25,492.21,469.5,484.87,87995
9/26/2018 15:30:00,490,491.65,477.48,486.47,57887
9/27/2018 15:30:00,489.8,491.75,474.43,478.93,83560
9/28/2018 15:30:00,486,490.65,477.97,484.98,115954
10/1/2018 15:30:00,486.2,487.52,473.33,480.48,53328
10/3/2018 15:30:00,480,480,466.01,467.19,86534
10/4/2018 15:30:00,459,472.48,455.69,467.4,82801
10/5/2018 15:30:00,467,475,457.27,470.95,103232
10/8/2018 15:30:00,470.95,473.96,460.82,469.04,75687
10/9/2018 15:30:00,469.04,480.51,462.85,474.6,81173
10/10/2018 15:30:00,474,482.5,470.39,475.51,54171
10/11/2018 15:30:00,465,472.5,452.35,469.22,91371
10/12/2018 15:30:00,473,488.97,471.55,484.99,106845
10/15/2018 15:30:00,486.5,486.5,477.95,482.8,35037
10/16/2018 15:30:00,483,488.18,481.81,486.88,49375
10/17/2018 15:30:00,490,493,484.22,486.27,45581
10/19/2018 15:30:00,483.81,484.76,474,480.45,69090
10/22/2018 15:30:00,485.5,487.89,481,482.05,114558
10/23/2018 15:30:00,465.08,477.5,465,467.62,92419
10/24/2018 15:30:00,472,481.18,471.8,476.71,99288
10/25/2018 15:30:00,475,488.5,471.23,476.91,123822
10/26/2018 15:30:00,479.43,485.5,473.38,478.47,71663
10/29/2018 15:30:00,487.95,493.04,480,484.16,239463
10/30/2018 15:30:00,484.4,488.25,480.63,485.92,62706
10/31/2018 15:30:00,490,509.92,486.25,507.39,162484
11/1/2018 15:30:00,511.95,515.78,495.18,498.48,77413
11/2/2018 15:30:00,503.5,517.45,499.5,511.48,91546
11/5/2018 19:00:00,511.73,520,508.15,516,60163
11/6/2018 15:30:00,516.75,521.11,504.07,508.01,39829
11/9/2018 15:30:00,514.2,518.75,507.67,511.3,55600
11/12/2018 15:30:00,512.49,517.5,504.39,506.23,36475
11/13/2018 15:30:00,506.75,511.91,503.98,507.21,20798
11/14/2018 15:30:00,507.8,522,507.8,519.72,89492
11/15/2018 15:30:00,519.72,525.86,515.76,523.19,93404
11/16/2018 15:30:00,525,536.75,523.78,534.36,114490
11/19/2018 15:30:00,539.3,539.95,506.93,517.13,143391
11/20/2018 15:30:00,519.2,525.44,508.6,512.73,52173
11/21/2018 15:30:00,515,517.45,509.06,511.92,41562
11/22/2018 15:30:00,515.35,522.43,511.01,515.16,50964
11/26/2018 15:30:00,516.25,524.5,516.25,522.66,46014
11/27/2018 15:30:00,522.5,528.16,518.5,525.92,38216
11/28/2018 15:30:00,529,536.95,527.17,534.93,88968
11/29/2018 15:30:00,538.85,538.85,519.35,530.32,178126
11/30/2018 15:30:00,535,544.52,529.73,538.24,71175
12/3/2018 15:30:00,540.96,543.45,532.25,537.28,65561
12/4/2018 15:30:00,536.26,539.16,527.8,529.45,51632
12/5/2018 15:30:00,527.5,529.45,522,524.42,85798
12/6/2018 15:30:00,522.41,522.41,511.6,515.47,43562
12/7/2018 15:30:00,516.5,527,516.5,520.23,57802
12/10/2018 15:30:00,515,521.95,513.75,519.95,94778
12/11/2018 15:30:00,517.85,539.95,516.12,531.73,54766
12/12/2018 15:30:00,531.76,544.75,529.2,542.24,90657
12/13/2018 15:30:00,547.5,559.92,544.5,549.83,76137
12/14/2018 15:30:00,551.7,558.74,545.92,549.29,62728
12/17/2018 15:30:00,550.25,565.65,550.25,558.53,98550
12/18/2018 15:30:00,558.65,565,551.18,554.7,67019
12/19/2018 15:30:00,560,561.5,555.6,558.72,136306
12/20/2018 15:30:00,557.5,571.25,557.5,561.63,57925
12/21/2018 15:30:00,563.24,566.19,547.92,550.52,66291
12/24/2018 15:30:00,552.8,561.1,541.78,546.17,34191
12/26/2018 15:30:00,548.25,549.35,537.25,538.5,37172
12/27/2018 15:30:00,542.45,548.45,540.01,547.14,52311
12/28/2018 15:30:00,549.7,569.83,546.55,562.93,56636
12/31/2018 15:30:00,565,567.9,551.25,554.24,46430
1/1/2019 15:30:00,557.5,558.52,549.5,550.75,31709
1/2/2019 15:30:00,549.03,558,545.35,551.77,28167
1/3/2019 15:30:00,555.55,574.95,550,560.36,169291
1/4/2019 15:30:00,556.95,559.95,532.78,542.56,206163
1/7/2019 15:30:00,543.75,546.98,535,539.3,85959
1/8/2019 15:30:00,540,562,534.5,550.27,134341
1/9/2019 15:30:00,554.99,564.92,552.92,562.61,98483
1/10/2019 15:30:00,566,572.39,556.98,570.83,76915
1/11/2019 15:30:00,570.01,572.9,557.55,563.65,57253
1/14/2019 15:30:00,565,569.29,559.5,561.43,51811
1/15/2019 15:30:00,564.8,567,560,564.13,49470
1/16/2019 15:30:00,563.05,564.59,549,552.79,136679
1/17/2019 15:30:00,560,561.65,556.1,558.29,72737
1/18/2019 15:30:00,560,566.32,559.05,562.42,76762
1/21/2019 15:30:00,564.8,565.45,557.51,562.76,19108
1/22/2019 15:30:00,564.5,567.5,560,561.83,39958
1/23/2019 15:30:00,562.75,567.4,562,565.79,51210
1/24/2019 15:30:00,565.79,573,565.3,571.67,104618
1/25/2019 15:30:00,573,575.85,565,568.28,59928
1/28/2019 15:30:00,568.28,571,557.75,568.03,103963
1/29/2019 15:30:00,569,572,564.7,569.96,70632
1/30/2019 15:30:00,571,571.99,564,569.83,39290
1/31/2019 15:30:00,571,576.95,568.65,574.89,95373
2/1/2019 15:30:00,574.9,581.1,571.51,577.83,61906
2/4/2019 15:30:00,575.75,582.11,575,576.69,34434
2/5/2019 15:30:00,576.75,582.7,575.51,580.37,36727
2/6/2019 15:30:00,582.7,582.7,573.49,580.87,27885
2/7/2019 15:30:00,580.75,587.45,577,585.79,36168
2/8/2019 15:30:00,585.4,587.55,555.55,562.14,114697
2/11/2019 15:30:00,565,565,538.27,542.17,122841
2/12/2019 15:30:00,541.75,542.5,530.79,539.19,97576
2/13/2019 15:30:00,543.45,547.5,522.92,528.92,112684
2/14/2019 15:30:00,527.05,538.95,515.5,531.44,124563
2/15/2019 15:30:00,522.5,537.01,512.55,526.77,414813
2/19/2019 15:30:00,517.5,536.45,517.5,525.77,88601
2/20/2019 15:30:00,526.58,531.94,519.96,526.09,62379
2/21/2019 15:30:00,525,533.57,522.5,531.1,70280
2/22/2019 15:30:00,532,535.45,528.08,534.27,55283
2/25/2019 15:30:00,536.95,543.5,534,541.58,42086
2/26/2019 15:30:00,539.95,542.75,533.33,540.22,72467
2/27/2019 15:30:00,540.22,541.03,532.59,535.68,85713
2/28/2019 15:30:00,537.5,538.17,527.76,531.99,111875
3/1/2019 15:30:00,532,533.75,520.3,522.59,109782
3/5/2019 15:30:00,514.07,528.33,514.07,525.3,81658
3/6/2019 15:30:00,529.65,529.65,509.75,516.04,145434
3/7/2019 15:30:00,517,517.63,508.26,510.17,78052
3/8/2019 15:30:00,511,511,501.75,504.76,98498
3/11/2019 15:30:00,504.97,516.45,501.58,514.64,114136
3/12/2019 15:30:00,514.95,525.6,513,521.45,83043
3/13/2019 15:30:00,526.4,537.75,525.02,536.17,133760
3/14/2019 15:30:00,537.9,538.5,527,536.97,55804
3/15/2019 15:30:00,535.07,538.1,511.5,514.5,183452
3/18/2019 15:30:00,518.75,524.77,513.56,522.83,61262
3/19/2019 15:30:00,522.83,537.75,520.49,535.35,82821
3/20/2019 15:30:00,536.5,537.5,523.17,526.51,59630
3/22/2019 15:30:00,529.65,532.45,526.36,530.03,85656
3/25/2019 15:30:00,525.75,527.5,515.15,526.42,109785
3/26/2019 15:30:00,528.26,539.51,525.8,534.6,150685
3/27/2019 15:30:00,534.55,552.45,528.84,544.6,139605
3/28/2019 15:30:00,546.95,556.5,540.05,553.66,91828
3/29/2019 15:30:00,551.36,561.95,545.05,548.05,149501
4/1/2019 15:30:00,549,556.05,543.05,545.76,81431
4/2/2019 15:30:00,548.99,548.99,535,539.34,59609
4/3/2019 15:30:00,547.35,553.35,539,550.19,74692
4/4/2019 15:30:00,552.95,552.95,542.5,548.09,40177
4/5/2019 15:30:00,546.75,554.55,545,549.04,26013
4/8/2019 15:30:00,549.95,552.5,540.23,542.53,37049
4/9/2019 15:30:00,544.45,544.45,537,539.5,75730
4/10/2019 15:30:00,539.63,542.5,536.5,540.6,48089
4/11/2019 15:30:00,539.75,544.95,534.5,538.21,93902
4/12/2019 15:30:00,538.4,550,538.22,548.69,49737
4/15/2019 15:30:00,550,554.45,544.55,548.51,84735
4/16/2019 15:30:00,550,560.95,549.75,557.79,89355
4/18/2019 15:30:00,559.32,562,546.25,547.72,56399
4/22/2019 15:30:00,548.25,556.25,542.58,544,31883
4/23/2019 15:30:00,547,548.95,543.6,545.51,25119
4/24/2019 15:30:00,545.38,551.48,535.25,541.67,76358
4/25/2019 15:30:00,544.5,549.5,539,542.32,90249
4/26/2019 15:30:00,542.55,552.46,541.1,548.56,51412
4/30/2019 15:30:00,545,548.75,542.74,545.27,74238
5/2/2019 15:30:00,545.25,545.25,520.15,529.49,44249
5/3/2019 15:30:00,532.5,532.5,519,524.29,115448
5/6/2019 15:30:00,520,524.86,515.25,518.2,90136
5/7/2019 19:00:00,520.08,529.5,520.05,523.86,72631
5/8/2019 15:30:00,524.39,526.8,513.79,514.92,46391
5/9/2019 15:30:00,514.75,520.45,510,518.11,46552
5/10/2019 15:30:00,518.6,521.78,508.55,511.56,61273
5/13/2019 15:30:00,513.1,521.66,511.61,515,48042
5/14/2019 15:30:00,515.5,518.22,506,509.93,54275
5/15/2019 15:30:00,520.05,525.45,510.55,513.43,127190
5/16/2019 15:30:00,516.64,520.05,512.75,514.03,39322
5/17/2019 15:30:00,515,527.31,512.84,523.28,65704
5/20/2019 15:30:00,534,541.6,528.02,538.41,49555
5/21/2019 15:30:00,542.5,544.24,524.7,530.46,47182
5/22/2019 15:30:00,532.5,539.21,530,535.03,31497
5/23/2019 15:30:00,542.4,549.45,534,539.85,56257
5/24/2019 15:30:00,540.65,542.5,529.62,533,49465
5/27/2019 15:30:00,537.5,554.15,535,551.81,84400
5/28/2019 15:30:00,552,558.25,547.5,555.26,133445
5/29/2019 15:30:00,556.25,564.8,549.37,560.3,128654
5/30/2019 15:30:00,558.76,567.25,558.5,566.03,93421
5/31/2019 15:30:00,567.5,577,565.17,574.91,70172
6/3/2019 15:30:00,574.93,585,574.93,584.32,64302
6/4/2019 15:30:00,580,584.9,571.4,577.62,96144
6/6/2019 15:30:00,577.62,584.2,576.5,580.17,82658
6/7/2019 15:30:00,580.5,581.4,572.55,575.19,43726
6/10/2019 15:30:00,580.36,586.45,568.8,584.92,48341
6/11/2019 15:30:00,587.75,590.89,574.91,581.15,72286
6/12/2019 15:30:00,583.7,585.75,575.25,584.78,43374
6/13/2019 15:30:00,581,583.08,578.5,580.69,69156
6/14/2019 15:30:00,580.78,586.18,572.55,574.45,40564
6/17/2019 15:30:00,577.95,581.48,571.28,574.04,45786
6/18/2019 15:30:00,575.25,577.6,565,572.88,55529
6/19/2019 15:30:00,573.95,582.53,572.5,580.59,69510
6/20/2019 15:30:00,580.65,587.95,573.71,585.9,65396
6/21/2019 15:30:00,585.5,589.5,576.96,580.04,111980
6/24/2019 15:30:00,580,588,577.51,585.6,24222
6/25/2019 15:30:00,584,586.86,580.67,585.29,37748
6/26/2019 15:30:00,585.3,597.5,584.04,590.13,143213
6/27/2019 15:30:00,590.52,593.35,584.22,590.14,93927
6/28/2019 15:30:00,588.1,597,587.75,595.63,57069
7/1/2019 15:30:00,599.2,601.16,591.18,593.44,40901
7/2/2019 15:30:00,593,600.25,590.05,598.24,66647
7/3/2019 15:30:00,598.2,599.93,589,590.96,63152
7/4/2019 15:30:00,590.5,598.5,590,594.22,23714
7/5/2019 15:30:00,596.5,600,592,597.85,35376
7/8/2019 15:30:00,596.45,596.45,587.6,590.07,45507
7/9/2019 15:30:00,590.99,591.2,581.5,584.35,61843
7/10/2019 15:30:00,585.75,589.75,576.5,577.52,44237
7/11/2019 15:30:00,581.2,581.2,573.58,575.34,46492
7/12/2019 15:30:00,575.35,585.9,575.35,583.61,27605
7/15/2019 15:30:00,584.45,584.45,573.28,574.22,19432
7/16/2019 15:30:00,581.6,587.1,574.36,585.43,42449
7/17/2019 15:30:00,585.3,587.49,580.13,584.77,24922
7/18/2019 15:30:00,586.34,587.18,577.13,579.84,47394
7/19/2019 15:30:00,582.5,586.25,575.62,577.35,86677
7/22/2019 15:30:00,575.4,578.13,563.25,565.24,47464
7/23/2019 15:30:00,565.25,584.65,565.25,573.54,61563
7/24/2019 15:30:00,575,580.99,564.94,574,49740
7/25/2019 15:30:00,575.45,583.34,572,574.75,53885
7/26/2019 15:30:00,576.25,583.57,573.5,581.16,30544
7/29/2019 15:30:00,580,584.5,573.96,581.01,46052
7/30/2019 15:30:00,583.69,584.53,575,576.83,34459
7/31/2019 15:30:00,575,587,570.05,583.79,46971
8/1/2019 15:30:00,583.2,583.2,572.25,577.35,34623
8/2/2019 15:30:00,571.25,576.81,566.12,570.58,56548
8/5/2019 15:30:00,576.4,597.5,574.5,585.64,122980
8/6/2019 15:30:00,585.5,599.9,585.05,591.88,85992
8/7/2019 15:30:00,589.5,595.48,586.61,588.87,46996
8/8/2019 15:30:00,590,596.5,588.75,592.01,36614
8/9/2019 15:30:00,589,613.42,585,599.67,116548
8/13/2019 15:30:00,598.11,609.65,591,594.67,77413
8/14/2019 15:30:00,594.67,607.95,592.51,601.83,58376
8/16/2019 15:30:00,605,605.4,595.35,600.22,56885
8/19/2019 15:30:00,604.5,613,602,603.33,44883
8/20/2019 15:30:00,605.7,607.79,595.84,598.49,67952
8/21/2019 15:30:00,598.5,632.33,598.5,629.71,273006
8/22/2019 15:30:00,632,639.95,620.26,623.5,100858
8/23/2019 15:30:00,624.98,627.38,612.5,621.93,58571
8/26/2019 15:30:00,631.09,631.09,611.5,619.57,77906
8/27/2019 15:30:00,617.71,627.5,617.71,623.62,92699
8/28/2019 15:30:00,627.25,642.5,620.5,625.87,103647
8/29/2019 15:30:00,632.15,644.5,630.5,635.84,243927
8/30/2019 15:30:00,636.25,647.44,628.35,643.76,124005
9/3/2019 15:30:00,641.5,644.95,629.88,634.55,79268
9/4/2019 15:30:00,634.99,637.53,619.38,624.04,91435
9/5/2019 15:30:00,624,633.75,624,630.61,52941
9/6/2019 15:30:00,632.5,635.61,625.25,630.7,57818
9/9/2019 15:30:00,631.47,645,628.24,641.82,68341
9/11/2019 15:30:00,641.95,642.1,633.17,637.95,105665
9/12/2019 15:30:00,638.82,641.81,626.02,627.85,73503
9/13/2019 15:30:00,628.5,635.95,625.48,634.47,56507
9/16/2019 15:30:00,625.6,643.5,625.6,642.05,48505
9/17/2019 15:30:00,638,639.5,635.3,638.21,70472
9/18/2019 15:30:00,642.2,644.5,632.5,643.45,44518
9/19/2019 15:30:00,637,644.4,631.75,634.75,77719
9/20/2019 15:30:00,637.25,681.47,626.55,674.97,284070
9/23/2019 15:30:00,685,705.86,680.09,685.66,138605
9/24/2019 15:30:00,686,690,665.51,671.54,116332
9/25/2019 15:30:00,671.2,678.65,665.26,672.93,83246
9/26/2019 15:30:00,677.25,707.2,676.25,696.73,897253
9/27/2019 15:30:00,692,694.91,680,687.05,110119
9/30/2019 15:30:00,687.01,699.6,684,694.48,96499
10/1/2019 15:30:00,694.45,697.35,682.5,684.08,83545
10/3/2019 15:30:00,684,687.48,678.3,685.49,40894
10/4/2019 15:30:00,689.6,689.6,666.8,672.05,91909
10/7/2019 15:30:00,675.41,684.9,673,680.17,42763
10/9/2019 15:30:00,682.25,695.5,675.5,692.92,93577
10/10/2019 15:30:00,692.85,692.85,684,690.99,27905
10/11/2019 15:30:00,690.99,703.75,690.99,701.62,61075
10/14/2019 15:30:00,706.75,710.75,697.5,708.45,70672
10/15/2019 15:30:00,707.61,710.25,701.8,704.34,97808
10/16/2019 15:30:00,705,720.18,704,717.58,67279
10/17/2019 15:30:00,719.15,731.52,708,725.84,114493
10/18/2019 15:30:00,725.96,747.17,720.17,741.77,121565
10/22/2019 15:30:00,744.4,755.55,741.8,751,138011
10/23/2019 15:30:00,754.55,756.29,745.81,749.15,58986
10/24/2019 15:30:00,750.95,752.4,731.29,733.3,114813
10/25/2019 19:00:00,738.95,745,723.07,740.17,131479
10/27/2019 19:25:00,746.75,747.48,738.92,741.1,11278
10/29/2019 15:30:00,743.4,743.4,725.5,734.99,99038
10/30/2019 15:30:00,744.35,749.95,737.52,748.39,58061
10/31/2019 15:30:00,748.5,757.35,739.19,747.35,80261
11/1/2019 15:30:00,747.35,753.48,742.52,747.99,49392
11/4/2019 15:30:00,749.42,754.59,740.06,740.67,39581
11/5/2019 15:30:00,742,744.25,730.27,732.51,83265
11/6/2019 15:30:00,733.75,741.05,729.43,732.48,78659
11/7/2019 15:30:00,735.5,739.5,727.55,735.56,47438
11/8/2019 15:30:00,737.5,742.5,718.7,723.57,82029
11/11/2019 15:30:00,724.5,730,702.56,705.42,145341
11/13/2019 15:30:00,705.42,716.48,703.51,711.66,66651
11/14/2019 15:30:00,712.5,715.05,705,711.57,60476
11/15/2019 15:30:00,713.09,721.85,707.65,714.78,75837
11/18/2019 15:30:00,717.5,717.5,702.95,704.28,64978
11/19/2019 15:30:00,705.5,710.6,700.48,705.86,44787
11/20/2019 15:30:00,705.85,714.45,699.13,711.43,79418
11/21/2019 15:30:00,712,714.01,706.06,708.97,40484
11/22/2019 15:30:00,709.5,715.05,705.1,708.58,43132
11/25/2019 15:30:00,712.41,729,707.75,724.34,74577
11/26/2019 15:30:00,719.94,730,711.27,726.22,199248
11/27/2019 15:30:00,728,735,711.34,728.14,71919
11/28/2019 15:30:00,731.78,735,728.7,732.98,45678
11/29/2019 15:30:00,734.95,734.95,720.55,722.7,46873
12/3/2019 15:30:00,727.67,727.67,715.29,717.68,54872
12/4/2019 15:30:00,716.5,718.75,710.05,715.31,55888
12/5/2019 15:30:00,719.78,719.78,711,714.48,79335
12/6/2019 15:30:00,715.05,716.22,707.45,708.32,58487
12/9/2019 15:30:00,711.5,713.45,700.25,711.63,97712
12/10/2019 15:30:00,711.2,712.15,701.59,704.59,61800
12/11/2019 15:30:00,705.45,707.8,700.5,703.3,48306
12/12/2019 15:30:00,703.86,711.64,703.86,707.75,66841
12/13/2019 15:30:00,709.5,719.48,700.55,715.08,156050
12/16/2019 15:30:00,713,721.53,706.85,707.58,67072
12/17/2019 15:30:00,710.75,712.36,704.05,707.46,81425
12/18/2019 15:30:00,710,714,702.77,709.56,93716
12/19/2019 15:30:00,709.6,714.95,705,714.27,68692
12/20/2019 15:30:00,713,748.9,711.1,742.91,423033
12/23/2019 15:30:00,739.3,749.67,724.5,726.63,125031
12/24/2019 15:30:00,729,731.16,723.09,729.3,39686
12/26/2019 15:30:00,730,735.75,728,729.96,45924
12/27/2019 15:30:00,732.44,734.48,728.73,733.21,29385
12/30/2019 15:30:00,734,745,730.01,742.6,87720
12/31/2019 15:30:00,743.2,746.22,735.5,739.27,62765
1/1/2020 15:30:00,740.95,742.47,735.61,738.95,23859
1/2/2020 15:30:00,742.45,742.65,734.36,736.47,46116
1/3/2020 15:30:00,737.5,739.75,727.81,729.68,40000
1/6/2020 15:30:00,727.1,727.1,713.75,720.83,65136
1/7/2020 15:30:00,721.18,727.34,713.04,714.54,72237
1/8/2020 15:30:00,709.58,722.5,706.02,719.56,39488
1/9/2020 15:30:00,724.75,733.75,722.5,732.17,55708
1/10/2020 15:30:00,732.17,735.95,728.51,734.29,39274
1/13/2020 15:30:00,737.4,737.4,730.05,732.91,26990
1/14/2020 15:30:00,732.9,744.75,730.35,743.43,50378
1/15/2020 15:30:00,741.4,747.5,735.94,743.01,41468
1/16/2020 15:30:00,742.55,769.9,742.41,767.75,203208
1/17/2020 15:30:00,769.95,780,767.93,771.97,96399
1/20/2020 15:30:00,761.51,773.97,761.51,770.86,68770
1/21/2020 15:30:00,768.05,775.08,760,764.04,63258
1/22/2020 15:30:00,768.45,779.25,765.05,777.44,55627
1/23/2020 15:30:00,775,781.25,772.75,777.44,42861
1/24/2020 15:30:00,780,792.5,775.01,787.78,50632
1/27/2020 15:30:00,785,792.25,778,783.3,31362
1/28/2020 15:30:00,783.2,785.5,768.34,770.83,53107
1/29/2020 15:30:00,779.25,795,772,793.34,64251
1/30/2020 15:30:00,790.1,790.54,773.56,776.04,47252
1/31/2020 15:30:00,778,781.86,765.52,767.97,59649
2/1/2020 17:00:00,765,783.09,759.22,780.06,38386
2/3/2020 15:30:00,779.45,825,776.5,815.05,203752
2/4/2020 15:30:00,820,825.4,806.35,822.78,116416
2/5/2020 15:30:00,823.8,824.1,812.8,819.24,57511
2/6/2020 15:30:00,819.95,827.47,807.89,814.25,74084
2/7/2020 15:30:00,817,819.25,809.73,816.39,41407
2/10/2020 15:30:00,815,818.66,805.6,808.61,61270
2/11/2020 15:30:00,812,815,797.5,799.86,73350
2/12/2020 15:30:00,801.3,823.63,798.42,814.89,129011
2/13/2020 15:30:00,816.4,823.08,813.87,820.61,151228
2/14/2020 15:30:00,825,839.12,812.5,817.82,165708
2/17/2020 15:30:00,820.65,830.75,818.65,829.42,139788
2/18/2020 15:30:00,828.5,828.5,819.25,820.19,90013
2/19/2020 15:30:00,826.93,841.58,823.79,839.25,95000
2/20/2020 15:30:00,837,837,826.27,826.98,65732
2/24/2020 15:30:00,824.95,828.84,815.85,816.86,66516
2/25/2020 15:30:00,818.65,827.04,815.47,819.03,90916
2/26/2020 15:30:00,827.25,827.25,807.5,812.01,116839
2/27/2020 15:30:00,815,817.04,802.88,813.19,90199
2/28/2020 15:30:00,802.1,806.45,784,788.94,140673
3/2/2020 15:30:00,797.5,815.75,795.05,805.5,117232
3/3/2020 15:30:00,806.51,824.95,806.51,817.97,93372
3/4/2020 15:30:00,819.85,831.63,801,827.08,111711
3/5/2020 15:30:00,827.5,841.76,824.13,828.82,85090
3/6/2020 15:30:00,817.91,828.28,810.01,821.47,86212
3/9/2020 15:30:00,812.47,817.5,785.06,801.57,123684
3/11/2020 15:30:00,800.26,810,788.64,802.43,123732
3/12/2020 15:30:00,793.47,794.14,752.25,778.28,222866
3/13/2020 15:30:00,767.05,792.75,702.5,749.59,261670
3/16/2020 15:30:00,740,746.55,674.63,719.86,221228
3/17/2020 15:30:00,725,738.85,712.5,727.05,176980
3/18/2020 15:30:00,727.5,736.9,670,676.84,212942
3/19/2020 15:30:00,650.03,672.42,628.85,656.02,214710
3/20/2020 15:30:00,659.9,721.66,657.5,707.28,204925
3/23/2020 15:30:00,637.52,699.99,637.5,647.23,195927
3/24/2020 15:30:00,694.45,694.45,610,673.92,258686
3/25/2020 15:30:00,640,726,640,722.21,198759
3/26/2020 15:30:00,734.99,755,702.58,745.98,205344
3/27/2020 15:30:00,770,776.7,740,755.43,175247
3/30/2020 15:30:00,749.5,794.5,734.39,782.93,201470
3/31/2020 15:30:00,792.45,821.25,785.06,815.03,183919
4/1/2020 15:30:00,815.01,822.8,775,782.73,127512
4/3/2020 15:30:00,796.99,796.99,750.25,755.23,190780
4/7/2020 15:30:00,778.75,860,771.3,851.93,246901
4/8/2020 15:30:00,832.5,877.2,827.77,843.56,248445
4/9/2020 15:30:00,871.85,877.2,828.75,841.99,207510
4/13/2020 15:30:00,842.25,848.7,816.51,830,83132
4/15/2020 15:30:00,832.86,869.55,832.86,866.3,155579
4/16/2020 15:30:00,866,900.08,852.61,894.76,225740
4/17/2020 15:30:00,918.5,918.5,861.17,866.22,187271
4/20/2020 15:30:00,874.49,874.49,846.5,848.82,135197
4/21/2020 15:30:00,840,862,835,850.77,133756
4/22/2020 15:30:00,850.42,885,840.86,882.1,202241
4/23/2020 15:30:00,880,890,865.3,871.8,187100
4/24/2020 15:30:00,865,890,865,870.3,145116
4/27/2020 15:30:00,879.25,900.75,871.25,897.54,121986
4/28/2020 15:30:00,898.83,901.15,875.05,878.48,107549
4/29/2020 15:30:00,887.4,887.4,870,874.49,105243
4/30/2020 15:30:00,885,900,875.6,896.23,158370
5/4/2020 15:30:00,871.03,886.41,868,872.82,118975
5/5/2020 15:30:00,878.55,881.85,855,871.08,130682
5/6/2020 15:30:00,871.08,880.86,863.5,865.47,135509
5/7/2020 15:30:00,860,864,841.26,857.12,209078
5/8/2020 15:30:00,867.5,891,860.08,890.15,179200
5/11/2020 15:30:00,888.5,896,874.5,878.11,184032
5/12/2020 15:30:00,880.45,888.85,869.25,873.1,238937
5/13/2020 15:30:00,887.5,887.5,820,825.62,562034
5/14/2020 15:30:00,830,842.5,810.05,812.13,410272
5/15/2020 15:30:00,825,827.5,810.1,822.19,271603
5/18/2020 15:30:00,822.05,828.75,808.11,812.02,167962
5/19/2020 15:30:00,814.01,820.79,805.43,807.52,118144
5/20/2020 15:30:00,812.05,829.75,807.55,815.17,179539
5/21/2020 15:30:00,816.5,825.25,813.25,814.77,121080
5/22/2020 15:30:00,814.8,819.84,807.5,810.76,118300
5/26/2020 15:30:00,819,837.5,816.22,832.76,198692
5/27/2020 15:30:00,835,841,824.36,835.83,167533
5/28/2020 15:30:00,835.83,851.5,834,849.46,176289
5/29/2020 15:30:00,847.5,880,839.23,877.04,244466
6/1/2020 15:30:00,877.04,887.45,855.55,859.17,175301
6/2/2020 15:30:00,873.85,873.85,848.6,850.72,132201
6/3/2020 15:30:00,858.75,876.1,857.6,870.38,146102
6/4/2020 15:30:00,870.35,877.33,857.4,859.83,97631
6/5/2020 15:30:00,865.85,873,847.83,854.84,162096
6/8/2020 15:30:00,862.5,862.5,839.5,841.81,147070
6/9/2020 15:30:00,832.6,849.25,826.05,827.63,174685
6/10/2020 15:30:00,832.5,841.6,820.5,826.74,123440
6/11/2020 15:30:00,827.5,842.5,826.79,830.41,165132
6/12/2020 15:30:00,815,835.86,815,824.82,140678
6/15/2020 15:30:00,825,832.5,818.5,820.02,139654
6/16/2020 15:30:00,829.9,829.9,813.5,817.11,193237
6/17/2020 15:30:00,817.25,822,805.76,809.91,126959
6/18/2020 15:30:00,810.93,815,802.73,808.95,158448
6/19/2020 15:30:00,814.5,815.28,802.61,804.74,168895
6/22/2020 15:30:00,814.5,814.5,803.25,807.04,135920
6/23/2020 15:30:00,814.49,836,810.5,827.42,244735
6/24/2020 15:30:00,833,843,825.96,835.4,201086
6/25/2020 15:30:00,829.52,842.5,828.25,839.35,169666
6/26/2020 15:30:00,842.5,846.5,831.5,833.88,110342
6/29/2020 15:30:00,837,849.03,827,836.24,169646
6/30/2020 15:30:00,839.95,864.9,837.7,858.72,201034
7/1/2020 15:30:00,860.25,860.25,836,839.94,216945
7/2/2020 15:30:00,849.25,849.25,833.06,839.47,147010
7/3/2020 15:30:00,840.69,849.5,832.5,834.78,181658
7/6/2020 15:30:00,837.75,842.1,834.35,840.1,98338
7/7/2020 15:30:00,842.75,847.5,836.5,845.62,141356
7/8/2020 15:30:00,846.8,857.5,836.85,840.1,218721
7/9/2020 15:30:00,842,848.3,834.05,837.96,91896
7/10/2020 15:30:00,837.96,843.75,831.4,841.66,133611
7/13/2020 15:30:00,844.25,854.9,843.75,847.84,114029
7/14/2020 15:30:00,847.45,855.76,842.6,844.79,75853
7/15/2020 15:30:00,847,857.15,837,845.44,126521
7/16/2020 15:30:00,846.3,888.23,838,874.78,296541
7/17/2020 15:30:00,874.7,881,858.25,861.5,125138
7/20/2020 15:30:00,866.2,868.5,853.53,862.35,196577
7/21/2020 15:30:00,867.5,874.75,860.4,863.78,211186
7/22/2020 15:30:00,867.5,872,850.05,857.59,156478
7/23/2020 15:30:00,856,864.95,852.5,862.82,106941
7/24/2020 15:30:00,856.26,870.5,848,862.59,207281
7/27/2020 15:30:00,865,870.75,860.6,867.51,103843
7/28/2020 15:30:00,870.35,873.73,850.39,854.77,158968
7/29/2020 15:30:00,850,859.95,825.53,829.89,450505
7/30/2020 15:30:00,837,838.6,822.56,826.2,128484
7/31/2020 15:30:00,826.3,833.71,821.61,826.11,147940
8/3/2020 15:30:00,826.4,830,817.5,826.24,115844
8/4/2020 15:30:00,831.77,832.43,820.69,829,110049
8/5/2020 15:30:00,831.5,832.2,823,825.17,97765
8/6/2020 15:30:00,830,835,822.5,833.86,105889
8/7/2020 15:30:00,833.45,844.95,827.8,839.43,88450
8/10/2020 15:30:00,839.5,843,832,833.29,64149
8/11/2020 15:30:00,836.25,839.28,829.05,831.14,37873
8/12/2020 15:30:00,829.1,831.1,822.5,827.04,82169
8/13/2020 15:30:00,823.1,833.1,822.92,823.71,66303
8/14/2020 15:30:00,824.35,827.45,815.25,817.74,59434
8/17/2020 15:30:00,822.5,826.23,815.69,821.15,62584
8/18/2020 15:30:00,820,831.23,815.55,827.73,104410
8/19/2020 15:30:00,825,827.66,815.78,817.29,125007
8/20/2020 15:30:00,815,817,809.26,810.6,98085
8/21/2020 15:30:00,816.13,834.5,812.5,828.1,144151
8/24/2020 15:30:00,829,835.4,820.05,823.94,74073
8/25/2020 15:30:00,822.8,823.9,813.25,814.41,108869
8/26/2020 15:30:00,814.53,817.42,808.5,809.5,116523
8/27/2020 15:30:00,811.75,812.02,804.25,805.69,127656
8/28/2020 15:30:00,807.8,818.4,804.5,805.06,148489
8/31/2020 15:30:00,810.75,814.35,793.75,797.48,221309
9/1/2020 15:30:00,799.75,812.75,787,809.85,176947
9/2/2020 15:30:00,809.55,813,798.5,799.63,106192
9/3/2020 15:30:00,802.5,821.98,796.06,819.69,133887
9/4/2020 15:30:00,807.75,821.2,807.5,811.63,98932
9/7/2020 15:30:00,812.05,825.75,798.61,820.18,104808
9/8/2020 15:30:00,818.48,818.48,805,806.33,105449
9/9/2020 15:30:00,800,817.5,800,815.63,135800
9/10/2020 15:30:00,813.06,822.5,810.06,821.04,77208
9/11/2020 15:30:00,820,820,810.2,816.27,81228
9/14/2020 15:30:00,820,820,802,804.17,102927
9/15/2020 15:30:00,804.5,808.3,800.6,802.05,94985
9/16/2020 15:30:00,803.33,811.25,802.5,809.89,124268
9/17/2020 15:30:00,812,814.94,804.5,806.07,100681
9/18/2020 15:30:00,812.5,812.5,796.25,804.35,197351
9/21/2020 15:30:00,801.25,802.48,757.73,771.54,277176
9/22/2020 15:30:00,771.5,771.5,755,759.96,107120
9/23/2020 15:30:00,760,769.95,756.5,768.3,131430
9/24/2020 15:30:00,767.4,771.92,758.75,762.94,111275
9/25/2020 15:30:00,774.75,791.5,765.05,786.84,178269
9/28/2020 15:30:00,791,793.53,781.01,785.99,54411
9/29/2020 15:30:00,790,792.55,778.75,781.04,48179
9/30/2020 15:30:00,781.5,801.44,780.25,795.93,103502
10/1/2020 15:30:00,795.95,802.5,789.88,800.03,62638
10/5/2020 15:30:00,799.9,807,786.62,801.66,71081
10/6/2020 15:30:00,801.65,806.4,791.7,793.84,75278
10/7/2020 15:30:00,797.81,806.25,792.73,805.72,99647
10/8/2020 15:30:00,805,816.5,802.6,815.23,78576
10/9/2020 15:30:00,812.5,817.5,799.25,801.71,74246
10/12/2020 15:30:00,805,807.48,793,795.11,58171
10/13/2020 15:30:00,794,798.96,782.6,783.65,76235
10/14/2020 15:30:00,783.7,791,777.5,783.65,66595
10/15/2020 15:30:00,785,789.4,778.09,780.14,50244
10/16/2020 15:30:00,782.5,791.02,768.75,771.51,132361
10/19/2020 15:30:00,777.5,808.9,771.25,804.66,182795
10/20/2020 15:30:00,795,820.5,792.5,812.63,203345
10/21/2020 15:30:00,812,815.72,797.1,801.54,150095
10/22/2020 15:30:00,799.5,804.06,788.4,795.47,113586
10/23/2020 15:30:00,796.5,803.3,790.36,793.27,73600
10/26/2020 15:30:00,810,818.75,802.61,812.97,346011
10/27/2020 15:30:00,824,865,819.78,861.49,493572
10/28/2020 15:30:00,857.5,864.75,846.72,855.96,163263
10/29/2020 15:30:00,839,860.8,835.59,843.53,136561
10/30/2020 15:30:00,844.55,868,844.5,858.08,239318
11/2/2020 15:30:00,860.05,868,847,855.75,84764
11/3/2020 15:30:00,861.95,863.5,838,844.63,104743
11/4/2020 15:30:00,850,860,841.25,849.86,97909
11/5/2020 15:30:00,855,869.95,851.04,861.07,101747
11/6/2020 15:30:00,862,863.99,845.16,850.33,119003
11/9/2020 15:30:00,857.4,868.5,850.1,866.6,111432
11/10/2020 15:30:00,866.6,866.6,829.14,830.24,289666
11/11/2020 15:30:00,833.5,841.4,823.75,834.88,248311
11/12/2020 15:30:00,839.95,845,826.68,835.93,147831
11/13/2020 15:30:00,836.25,844.5,832.5,841.28,74273
11/17/2020 15:30:00,847.5,853.29,842.65,849.14,119504
11/18/2020 15:30:00,847.5,848.47,833.59,843.63,144633
11/19/2020 15:30:00,842,860,839.3,846.71,180222
11/20/2020 15:30:00,852.5,875,845.76,873.02,254010
11/23/2020 15:30:00,873.05,892.45,873.02,889.32,202645
11/24/2020 15:30:00,887.5,898.56,880,883.88,214497
11/25/2020 15:30:00,889.45,889.45,867,876.01,106508
11/26/2020 15:30:00,879.95,891.95,864,887.1,145376
11/27/2020 15:30:00,892.5,903.45,847.49,894.45,1106746
12/1/2020 15:30:00,903.39,903.4,866.58,870.91,235086
12/2/2020 15:30:00,870.91,872.49,857.5,863.32,161952
12/3/2020 15:30:00,872.5,877,865.8,874.61,127275
12/4/2020 15:30:00,877.5,893.88,876,891.44,124700
12/7/2020 15:30:00,882.55,895,872.49,878.13,126030
12/8/2020 15:30:00,883.7,886.47,869.31,875.97,118699
12/9/2020 15:30:00,877.18,882.09,874.06,878.46,89503
12/10/2020 15:30:00,880.35,920.2,878.11,917.64,304461
12/11/2020 15:30:00,915,923,910,920.06,162941
12/14/2020 15:30:00,917.74,933.95,915,929.59,130713
12/15/2020 15:30:00,923.02,927.5,906.54,909.5,135755
12/16/2020 15:30:00,919.9,936.75,912.51,916.17,221607
12/17/2020 15:30:00,916.9,919.76,906.84,915.27,98104
12/18/2020 15:30:00,919.75,929.95,907.9,918.14,249790
12/21/2020 15:30:00,913.14,926.25,905.05,909.63,142222
12/22/2020 15:30:00,910,933.25,900,927.68,132774
12/23/2020 15:30:00,927.75,940.6,925.75,936.64,102845
12/24/2020 15:30:00,930.61,941.5,918.63,928.32,125437
12/28/2020 15:30:00,942.2,942.2,926,929.87,65357
12/29/2020 15:30:00,931,935,908.77,913.13,198714
12/30/2020 15:30:00,919.98,923.4,911.5,918.96,93654
12/31/2020 15:30:00,913.9,922.5,912.88,919.51,85442
1/1/2021 15:30:00,919.49,926,915.3,922.54,50286
1/4/2021 15:30:00,924.75,931.5,916.49,918.9,62035
1/5/2021 15:30:00,917.18,931,913.9,927.91,83673
1/6/2021 15:30:00,925.5,930,921.5,925.76,57706
1/7/2021 15:30:00,929.95,930.75,902.51,906.37,120605
1/8/2021 15:30:00,911.37,917.5,900,915.31,151635
1/11/2021 15:30:00,917.5,927.29,909.41,919.57,114555
1/12/2021 15:30:00,920.5,922,897.5,899.96,141566
1/13/2021 15:30:00,902,913.75,898.25,900.97,109387
1/14/2021 15:30:00,902.45,911.47,902.45,906.63,58488
1/15/2021 15:30:00,905.5,912.45,890,891.7,96401
1/18/2021 15:30:00,892.5,903.7,877.84,881.54,120674
1/19/2021 15:30:00,886.5,891.03,883.5,887.74,62849
1/20/2021 15:30:00,888.35,897,881.15,884.07,73831
1/21/2021 15:30:00,888.5,895,882.77,885.82,70977
1/22/2021 15:30:00,889.2,894.12,877.5,879.48,98250
1/25/2021 15:30:00,882.6,885,861.49,870.76,116436
1/27/2021 15:30:00,873.65,879.89,867.01,876.91,66402
1/28/2021 15:30:00,873.5,876,860.15,869.38,89055
1/29/2021 15:30:00,869.25,873.39,848.07,853,112888
2/1/2021 15:30:00,860,863.79,850,854.39,84406
2/2/2021 15:30:00,857.5,867.5,852.73,859.52,130298
2/3/2021 15:30:00,860,864.45,852.55,858.32,112325
2/4/2021 15:30:00,860,861.35,852.62,853.7,92100
2/5/2021 15:30:00,856.55,858.36,850.15,855.79,98097
2/8/2021 15:30:00,859,864.25,855.06,860.91,121607
2/9/2021 15:30:00,860.55,875.5,857.5,865.95,121012
2/10/2021 15:30:00,867.01,871.84,854.33,858.87,116576
2/11/2021 15:30:00,859.5,872.37,857.5,870.61,65366
2/12/2021 15:30:00,870.51,875.95,862,864.72,54528
2/15/2021 15:30:00,867.45,875.34,862.9,873.99,110119
2/16/2021 15:30:00,877.75,882.3,856.96,860.86,229774
2/17/2021 15:30:00,845,845,817.5,837.06,599343
2/18/2021 15:30:00,837.8,845,815,818.24,251066
2/19/2021 15:30:00,821.5,823.24,810.65,818.82,130275
2/22/2021 15:30:00,820.55,826.5,801.23,804.82,214915
2/23/2021 15:30:00,806.55,812.75,800.11,808.5,142998
2/24/2021 15:30:00,814.15,818.9,805,817.31,84342
2/25/2021 15:30:00,815.3,818.67,805,805.7,185713
2/26/2021 15:30:00,802.53,814.22,800.2,805.08,226873
3/1/2021 15:30:00,811.8,818.38,805,814.62,90718
3/2/2021 15:30:00,815.1,831,814.49,828.81,123097
3/3/2021 15:30:00,835.25,836,827.33,834.96,92873
3/4/2021 15:30:00,832.83,835.4,822.25,833.09,129981
3/5/2021 15:30:00,825.8,842,822.8,839.15,102741
3/8/2021 15:30:00,836.25,845,830.35,842.62,91842
3/9/2021 15:30:00,845.51,847.5,833,845.54,92717
3/10/2021 15:30:00,847.49,850,839.25,846.57,63788
3/12/2021 15:30:00,848.85,850.49,832.5,836.12,84914
3/15/2021 15:30:00,843.99,843.99,831.5,841.65,68983
3/16/2021 15:30:00,841.75,851,834.75,837.1,84470
3/17/2021 15:30:00,839.5,839.5,817,822.79,157173
3/18/2021 15:30:00,823.4,831.25,809,810.06,96365
3/19/2021 15:30:00,810,829.75,803.5,822.54,199416
3/22/2021 15:30:00,822.55,833.75,817.55,829.4,108786
3/23/2021 15:30:00,828.75,837.5,825.32,834.07,100358
3/24/2021 15:30:00,830,838.49,820.96,822.41,75555
3/25/2021 15:30:00,821.25,829.23,805.8,808.51,108704
3/26/2021 15:30:00,814.95,830.92,812.7,828.59,126578
3/30/2021 15:30:00,830.5,862.68,830.5,858.25,148903
3/31/2021 15:30:00,864.95,864.95,847.58,858.26,110331
4/1/2021 15:30:00,858.26,859.43,848.38,854.16,83176
4/5/2021 15:30:00,857.5,857.5,836.2,844.03,81557
4/6/2021 15:30:00,845.5,856,840,854.09,64193
4/7/2021 15:30:00,855,893.3,851.25,870.49,178465
4/8/2021 15:30:00,871.25,887.95,866.34,884.5,118006
4/9/2021 15:30:00,880.56,892.45,875,879.62,73944
4/12/2021 15:30:00,868.76,881,867.06,875.09,57532
4/13/2021 15:30:00,879.35,880,852.01,858.44,110527
4/15/2021 15:30:00,866.25,870,838.75,843.78,118314
4/16/2021 15:30:00,848.45,866.75,843.14,862.61,94190
4/19/2021 15:30:00,860.05,862,847.5,854.5,50938
4/20/2021 15:30:00,871,871,844.5,854.78,103687
4/22/2021 15:30:00,859.5,859.5,827.56,839.52,204431
4/23/2021 15:30:00,839.25,839.97,830.25,831.29,68600
4/26/2021 15:30:00,839.95,844.75,833.18,843.53,152362
4/27/2021 15:30:00,844.95,846.5,837.5,838.95,44651
4/28/2021 15:30:00,838.75,841.56,830.55,831.69,86876
4/29/2021 15:30:00,833.95,835.73,824,825.13,80207
4/30/2021 15:30:00,825,828.46,812.75,815.46,97783
5/3/2021 15:30:00,818,828.75,813.63,825.34,64048
5/4/2021 15:30:00,825.51,831,819,827.33,105796
5/5/2021 15:30:00,828.05,830.5,822.87,827.46,35322
5/6/2021 15:30:00,826.25,838.49,826.25,835.88,70319
5/7/2021 15:30:00,839.43,839.91,833.25,838.07,37666
5/10/2021 15:30:00,841.5,842.5,833.5,839.37,47658
5/11/2021 15:30:00,837.45,847.45,835.52,843.51,60063
5/12/2021 15:30:00,838.51,842.87,831,835.9,60576
5/14/2021 15:30:00,835.85,863,830.25,861.21,96582
5/17/2021 15:30:00,861,865,850.03,851.9,60703
5/18/2021 15:30:00,856.01,862.45,852.1,859.03,55439
5/19/2021 15:30:00,859.35,873.25,859.35,872.47,88437
5/20/2021 15:30:00,873,874.98,861.1,864.27,49253
5/21/2021 15:30:00,869.27,877.5,864.01,874.86,67260
5/24/2021 15:30:00,870,879.4,865.04,868.02,57206
5/25/2021 15:30:00,874.85,887.94,871.1,875.81,71952
5/26/2021 15:30:00,875.81,880.87,868.4,877.07,45803
5/27/2021 15:30:00,877.5,895,871.77,887.34,119663
5/28/2021 15:30:00,888.5,890.72,875,875.47,53162
5/31/2021 15:30:00,875.45,887.26,870.76,884.78,57023
6/1/2021 15:30:00,879.95,890.5,873.96,887.93,57751
6/2/2021 15:30:00,875.81,890.66,875.51,882.68,74262
6/3/2021 15:30:00,882.5,892.75,878,889.97,50399
6/4/2021 15:30:00,884.55,885.32,869,871.34,201822
6/7/2021 15:30:00,873.73,879.5,867.68,876.63,49436
6/8/2021 15:30:00,876.5,880.65,870.17,874.13,47447
6/9/2021 15:30:00,873,881.28,872,877.86,41878
6/10/2021 15:30:00,876.25,883.75,874.5,877.81,42053
6/11/2021 15:30:00,880.45,880.45,868.25,876.82,48997
6/14/2021 15:30:00,873.07,881.5,870.88,878.88,36523
6/15/2021 15:30:00,882.3,885.5,875.55,884.24,47196
6/16/2021 15:30:00,882.51,903.43,880.65,898.26,116962
6/17/2021 15:30:00,895.75,909.47,895,902.95,75787
6/18/2021 15:30:00,902.95,904.95,880,883.53,147670
6/21/2021 15:30:00,881.57,885.5,875.65,882.46,40180
6/22/2021 15:30:00,883.5,887.4,870.5,871.83,70532
6/23/2021 15:30:00,875,878,868.5,870.74,37084
6/24/2021 15:30:00,870.75,883.5,866.12,880.99,65045
6/25/2021 15:30:00,878.51,882.5,871.75,875.34,39000
6/28/2021 15:30:00,875.35,881,872.68,875.31,40450
6/29/2021 15:30:00,879.5,887.5,874.48,879.96,71096
6/30/2021 15:30:00,882,887.25,878.75,881.65,51567
7/1/2021 15:30:00,881.5,886.25,878.48,882.31,26700
7/2/2021 15:30:00,883.95,884,874.3,880.1,30723
7/5/2021 15:30:00,880.26,885.6,876.17,882.07,34322
7/6/2021 15:30:00,881.78,881.89,870.85,873.51,62551
7/7/2021 15:30:00,870,890,868.01,885.85,54519
7/8/2021 15:30:00,880.8,884.99,876.91,880.95,29868
7/9/2021 15:30:00,877.75,884,877.5,881.8,26941
7/12/2021 15:30:00,887.77,887.77,878.58,882.07,33301
7/13/2021 15:30:00,886.5,886.65,880.06,884.6,25004
7/14/2021 15:30:00,884.6,884.6,876,876.99,50861
7/15/2021 15:30:00,876.25,882.89,872.5,881.09,27839
7/16/2021 15:30:00,882.75,885.75,876.9,882.71,36685
7/19/2021 15:30:00,877.5,892.25,877.5,887.62,51402
7/20/2021 15:30:00,887.5,895.35,885.05,892.81,44594
7/22/2021 15:30:00,892.81,902.32,885,899.74,113317
7/23/2021 15:30:00,896.52,911.2,894.11,907.2,75231
7/26/2021 15:30:00,903.59,909.39,900.54,905.07,53495
7/27/2021 15:30:00,900.6,922.45,898.63,911.31,139157
7/28/2021 15:30:00,916.7,916.7,895.05,901.13,87637
7/29/2021 15:30:00,897.5,910,889,895.74,135536
7/30/2021 15:30:00,895.74,897.8,882.75,885.13,83370
8/2/2021 15:30:00,889.79,895.04,883.75,885.73,31974
8/3/2021 15:30:00,883.51,919,882.7,914.21,63128
8/4/2021 15:30:00,914.71,917.5,900.86,902.87,40822
8/5/2021 15:30:00,907.5,914.21,900.1,910.44,37964
8/6/2021 15:30:00,910,910.4,899,901.03,38374
8/9/2021 15:30:00,903.5,911.75,901.03,910.12,30636
8/10/2021 15:30:00,910.5,918.54,904.26,913.67,61467
8/11/2021 15:30:00,915.75,915.75,901.27,908.39,34985
8/12/2021 15:30:00,909.04,912.4,904,906.69,24494
8/13/2021 15:30:00,909.99,914.5,906.59,913.48,41123
8/16/2021 15:30:00,913.48,924.95,908.86,914.76,44971
8/17/2021 15:30:00,917.5,939.87,915.07,936.63,75201
8/18/2021 15:30:00,937.55,948.45,937.5,945.55,39988
8/20/2021 15:30:00,927.76,982.06,927.76,978.56,143107
8/23/2021 15:30:00,985,1004.75,977.88,1001.05,148742
8/24/2021 15:30:00,1005,1009.95,983.25,988.99,83084
8/25/2021 15:30:00,989.3,1016.25,989.3,995.49,100159
8/26/2021 15:30:00,998.75,1005.99,990.28,1002.64,63204
8/27/2021 15:30:00,1005,1005,994.8,997.87,35104
8/30/2021 15:30:00,1002.5,1006.13,984.21,987.11,133958
8/31/2021 15:30:00,987.25,992,967.5,973.39,227370
9/1/2021 15:30:00,987.34,994.5,977.61,991.34,104843
9/2/2021 15:30:00,993.7,1014.5,988.05,1012.03,78577
9/3/2021 15:30:00,1012.5,1017.15,1005.05,1013.33,46978
9/6/2021 15:30:00,1013.01,1017.4,1008,1011.16,34069
9/7/2021 15:30:00,1008.31,1019.64,1008.31,1018.42,34153
9/8/2021 15:30:00,1015,1026.5,989.25,991.98,172373
9/9/2021 15:30:00,995.5,1026.25,992.02,1022.86,110361
9/13/2021 15:30:00,1015,1025,1011.5,1022.61,37503
9/14/2021 15:30:00,1022.5,1030.46,1009,1011.52,59185
9/15/2021 15:30:00,1018.49,1018.5,1004.4,1005.96,37606
9/16/2021 15:30:00,1005.3,1012.09,998.5,1001.39,51265
9/17/2021 15:30:00,1007.75,1014.95,1005,1008.79,95129
9/20/2021 15:30:00,1006.25,1019.3,1005.05,1016.13,91513
9/21/2021 15:30:00,1010,1016.5,1000.11,1009.48,108411
9/22/2021 15:30:00,1008.69,1008.69,990.51,996.26,107523
9/23/2021 15:30:00,1000,1006.05,991,991.95,53724
9/24/2021 15:30:00,996.35,999,990,993.21,41894
9/27/2021 15:30:00,995,995,980.06,982.11,45974
9/28/2021 15:30:00,984.5,985.93,972.95,977.24,57686
9/29/2021 15:30:00,977.24,985,971.08,975.34,46295
9/30/2021 15:30:00,973.92,979.5,965.81,972.28,44373
10/1/2021 15:30:00,972.25,982.25,962.6,977.5,39869
10/4/2021 15:30:00,977.5,982.5,968.1,974.65,32796
10/5/2021 15:30:00,975,979.35,967.24,969.78,27328
10/6/2021 15:30:00,972.25,981.21,953.9,957.86,72608
10/7/2021 15:30:00,960.04,965.21,947.77,952.28,47695
10/8/2021 15:30:00,952.75,959,946.88,949.32,87246
10/11/2021 15:30:00,951.05,959.78,950.13,954.23,38802
10/12/2021 15:30:00,953.45,972.5,948.5,970.79,72249
10/13/2021 15:30:00,975,980.25,961.3,966.03,53925
10/14/2021 15:30:00,969.7,971.44,961.25,966.27,42190
10/18/2021 15:30:00,980,980,961,971.92,56303
10/19/2021 15:30:00,973.75,986.6,964.2,968.42,59302
10/20/2021 15:30:00,965,1010,952.52,963.88,217769
10/21/2021 15:30:00,973,984,952.84,961.66,75962
10/22/2021 15:30:00,971.9,971.9,942.5,950.34,45515
10/25/2021 15:30:00,950,950.05,930.22,934.81,54146
10/26/2021 15:30:00,934,964,931.95,960.88,106658
10/27/2021 15:30:00,959.87,971,945.58,950.23,52882
10/28/2021 15:30:00,950.5,955.93,942.68,949.57,31450
10/29/2021 15:30:00,950,960,937.91,950.01,49275
11/1/2021 15:30:00,954.95,954.95,936.8,946.98,42571
11/2/2021 15:30:00,945.05,951.7,931.98,938.7,34949
11/3/2021 15:30:00,943,944.4,928.05,936.86,44479
11/4/2021 19:15:00,945,947.45,940.6,944.46,6905
11/8/2021 15:30:00,947.45,954.8,934,952.46,43312
11/9/2021 15:30:00,950.85,952.25,940.05,947.04,43648
11/10/2021 15:30:00,947.4,952.13,940,947.65,38059
11/11/2021 15:30:00,947.5,947.5,933.5,942.7,41956
11/12/2021 15:30:00,947.5,962.96,943.04,957.12,66512
11/15/2021 15:30:00,960,974.95,953.49,973.83,50833
11/16/2021 15:30:00,972.51,979.95,966.05,973.11,46120
11/17/2021 15:30:00,970.2,978.25,968.15,973.85,54276
11/18/2021 15:30:00,970,974.44,964,970.28,41607
11/22/2021 15:30:00,970.68,978.29,941.63,949.77,44138
11/23/2021 15:30:00,949.8,962.32,945.24,959.08,36960
11/24/2021 15:30:00,960,964.5,947.5,954.35,34355
11/25/2021 15:30:00,954.25,960.5,945.29,958.9,29745
11/26/2021 15:30:00,957.44,971.71,949.13,961.11,56441
11/29/2021 15:30:00,952.5,958.12,940,950.02,48107
11/30/2021 15:30:00,950.02,971.25,946.77,957.63,169780
12/1/2021 15:30:00,960.5,972.5,958.1,969.89,54812
12/2/2021 15:30:00,969.89,982.5,961.34,975.16,48600
12/3/2021 15:30:00,970.11,974.94,956.85,966.07,75448
12/6/2021 15:30:00,970,970.78,946.46,950.83,34927
12/7/2021 15:30:00,961.3,972.18,948.8,967.21,70429
12/8/2021 15:30:00,961.25,976.25,961.25,973.96,33578
12/9/2021 15:30:00,975,977.45,958.12,964.24,40522
12/10/2021 15:30:00,961.05,965.5,951.52,963.51,39449
12/13/2021 15:30:00,961.01,967.48,946.2,949.1,54490
12/14/2021 15:30:00,947.66,966.15,945.67,961.94,69067
12/15/2021 15:30:00,957.55,965.16,952.5,960.16,64909
12/16/2021 15:30:00,960.25,965.77,956.27,962.86,40417
12/17/2021 15:30:00,955.75,961.65,950,953.98,54278
12/20/2021 15:30:00,950,953.41,930,944.06,71310
12/21/2021 15:30:00,949.35,964.3,945,961.03,34678
12/22/2021 15:30:00,961.5,967,950.62,959.53,36612
12/23/2021 15:30:00,964.75,965,957.75,960.43,47569
12/24/2021 15:30:00,960.43,971.7,958.56,961.21,34220
12/27/2021 15:30:00,959.3,970,954.97,965.12,26588
12/28/2021 15:30:00,967.5,973.43,961.75,967.75,21049
12/29/2021 15:30:00,967.75,972.55,962.58,969.98,29269
12/30/2021 15:30:00,969.5,979.25,966.16,970.33,39868
12/31/2021 15:30:00,968.75,990.75,967.51,985.29,39887
1/3/2022 15:30:00,984.75,990.7,981.9,983.9,25869
1/4/2022 15:30:00,983.9,997.39,981.4,994.45,35034
1/5/2022 15:30:00,993.7,1001.25,991.46,996.79,32432
1/6/2022 15:30:00,987.51,996.79,976.75,982.38,30709
1/7/2022 15:30:00,982.53,998,979.35,995.14,48983
1/10/2022 15:30:00,995.15,998.45,983.95,985.4,20617
1/11/2022 15:30:00,977.5,991.25,977.5,988.1,31788
1/12/2022 15:30:00,992.5,992.5,983,985.36,23711
1/13/2022 15:30:00,987.5,987.5,980,985.72,35383
1/14/2022 15:30:00,985.72,985.97,963.5,970.01,37190
1/17/2022 15:30:00,970,975.75,955.56,966.66,36403
1/18/2022 15:30:00,964.1,972.5,959.4,968.98,36208
1/19/2022 15:30:00,968.5,972.25,928.61,946.85,82383
1/20/2022 15:30:00,940,954,930.25,936.71,79056
1/21/2022 15:30:00,933,953.11,930.5,948.71,55241
1/24/2022 15:30:00,948.71,952,930,935.89,53437
1/25/2022 15:30:00,928.66,944.2,915.65,939.54,57880
1/27/2022 15:30:00,927.5,939.5,910.89,919.27,54259
1/28/2022 15:30:00,920,932.45,916.41,919.22,37423
1/31/2022 15:30:00,921.4,932,921.4,926.08,29761
2/1/2022 15:30:00,930,938.91,921.05,933.59,26791
2/2/2022 15:30:00,941,942.5,922.03,925.03,60416
2/3/2022 15:30:00,921,928.98,913.06,915.33,34354
2/4/2022 15:30:00,920,920,910.14,916.58,44924
2/7/2022 15:30:00,916.58,921,895.55,903.64,48469
2/8/2022 15:30:00,910.25,910.71,899.5,904.36,39385
2/9/2022 15:30:00,904.5,911.86,901.07,906.75,48243
2/10/2022 15:30:00,905.05,910.65,900.5,906.99,50422
2/11/2022 15:30:00,906.75,906.75,881,890.76,95980
2/14/2022 15:30:00,885.8,890.01,871.49,883.51,42917
2/15/2022 15:30:00,883.51,916.16,878.57,909.36,50170
2/16/2022 15:30:00,908.35,919.87,901.68,911.19,40410
2/17/2022 15:30:00,920,920,898.01,906.3,113840
2/18/2022 15:30:00,899.4,911.62,890.56,900.47,96328
2/21/2022 15:30:00,898.85,908,891.25,905.31,37036
2/22/2022 15:30:00,899.25,909.67,886.98,905.55,63087
2/23/2022 15:30:00,905.55,910.48,891.75,896.33,59248
2/24/2022 15:30:00,886.5,898.44,878,887.24,112105
2/25/2022 15:30:00,890,894.75,880,885.76,80989
2/28/2022 15:30:00,885,888.47,866.5,881.96,157873
3/2/2022 15:30:00,880,894.47,872.85,892.23,86631
3/3/2022 15:30:00,894,894,869.48,871.83,66964
3/4/2022 15:30:00,865,877.2,851.05,869.59,51705
3/7/2022 15:30:00,855,870.39,852,867.1,66542
3/8/2022 15:30:00,865,876.5,848.25,863.17,97724
3/9/2022 15:30:00,869,869,853.28,857.28,71122
3/10/2022 15:30:00,865,884.26,861.05,882.46,66489
3/11/2022 15:30:00,880,880.9,861.5,866.37,73279
3/14/2022 15:30:00,873.87,873.87,857.9,868.36,38665
3/15/2022 15:30:00,871,878,862.25,873.08,62211
3/16/2022 15:30:00,880.5,894.28,873.55,891.17,48390
3/17/2022 15:30:00,889.3,918.74,889.3,914.21,100890
3/21/2022 15:30:00,917.5,918.5,890.68,893.82,40335
3/22/2022 15:30:00,886.35,893.5,862.68,871.46,140224
3/23/2022 15:30:00,876.75,877.5,863.05,867.21,59279
3/24/2022 15:30:00,866.4,875,863,870.41,43181
3/25/2022 15:30:00,873.9,873.9,853.75,858.06,53217
3/28/2022 15:30:00,862.5,867.45,839.5,843,80111
3/29/2022 15:30:00,845,850,841,846.1,83759
3/30/2022 15:30:00,855.4,867.38,851.13,864.9,74970
3/31/2022 15:30:00,862.5,871.69,860.15,869.03,62281
4/1/2022 15:30:00,869.03,880.39,862.5,877.86,31159
4/4/2022 15:30:00,880.5,893.33,873.1,891.01,39784
4/5/2022 15:30:00,891.3,903,885.92,901.16,39782
4/6/2022 15:30:00,898.75,913,893.15,910.84,47058
4/7/2022 15:30:00,907.5,912.5,899.25,909.42,37487
4/8/2022 15:30:00,907.6,924.8,903.48,922.64,34281
4/11/2022 15:30:00,920.9,926.01,910.65,921.32,37669
4/12/2022 15:30:00,913.77,924.95,911.13,920.89,54900
4/13/2022 15:30:00,923.75,927.45,912.5,919.12,27330
4/18/2022 15:30:00,915,934.3,915,928.08,53773
4/19/2022 15:30:00,927.03,936.25,891.61,897.43,65942
4/20/2022 15:30:00,909.95,920.95,899.5,915.26,88177
4/21/2022 15:30:00,902.55,928.4,887.55,910.15,185341
4/22/2022 15:30:00,902.01,912.47,891.61,909.39,108707
4/25/2022 15:30:00,895,917.5,892.51,908.74,84507
4/26/2022 15:30:00,915,927.21,910,920.79,70593
4/27/2022 15:30:00,907.6,923.29,907.5,911.15,67430
4/28/2022 15:30:00,911.93,926.74,908.75,921.39,78958
4/29/2022 15:30:00,920.5,933.28,913.29,916.52,63398
5/2/2022 15:30:00,913.45,924,910.5,922.03,41597
5/4/2022 15:30:00,914.06,923.61,898.53,904.39,60857
5/5/2022 15:30:00,915.51,918.92,875.3,880.19,63313
5/6/2022 15:30:00,874.99,879.99,848.75,849.77,89997
5/9/2022 15:30:00,849.67,852.77,822.5,825.22,115147
5/10/2022 15:30:00,832,834,820.05,826.03,67177
5/11/2022 15:30:00,826.03,831.96,811.75,825.62,61787
5/12/2022 15:30:00,824.23,824.23,806.34,811,71776
5/13/2022 15:30:00,824.5,828.12,815.25,820.15,55439
5/16/2022 15:30:00,825.1,826,806.72,810.94,52483
5/17/2022 15:30:00,819.5,819.5,808.23,816.17,86305
5/18/2022 15:30:00,816.17,820.92,810.6,817.18,96009
5/19/2022 15:30:00,808.5,812.25,800,804.71,70502
5/20/2022 15:30:00,816.05,848,812.5,843.1,152477
5/23/2022 15:30:00,853,868.5,845.57,849.72,103173
5/24/2022 15:30:00,857.45,863.92,842.66,859.36,92410
5/25/2022 15:30:00,864,879.3,860.17,864.19,81501
5/26/2022 15:30:00,871.75,886.5,866.07,882.63,105581
5/27/2022 15:30:00,887.5,891.35,874.36,882.05,42527
5/30/2022 15:30:00,885,899.35,881.74,885.35,52058
5/31/2022 15:30:00,885.25,907.88,872.85,884.58,359537
6/1/2022 15:30:00,879,892.42,859.01,862.08,58247
6/2/2022 15:30:00,862,873.82,851,869.69,68899
6/3/2022 15:30:00,878.15,878.37,856.28,858.55,52686
6/6/2022 15:30:00,858.55,861.84,847.66,849.85,36001
6/7/2022 15:30:00,842.5,849.98,830.5,837.35,50762
6/8/2022 15:30:00,831.53,838,822.33,836.19,81636
6/9/2022 15:30:00,834.01,841.25,824.25,838.41,28748
6/10/2022 15:30:00,833.05,843.63,826.84,838.75,44810
6/13/2022 15:30:00,834.5,848.49,827,842.72,118464
6/14/2022 15:30:00,842.83,855,838,843.57,66081
6/15/2022 15:30:00,853.25,853.25,833,840.12,64753
6/16/2022 15:30:00,847.45,847.45,830.75,843.7,80754
6/17/2022 15:30:00,842.4,842.75,821.75,832.12,145619
6/20/2022 15:30:00,835,851.15,826.88,848.36,48902
6/21/2022 15:30:00,849,860,843,848.59,55631
6/22/2022 15:30:00,847.5,847.5,829.28,838.76,52364
6/23/2022 15:30:00,841,852.25,835,848.82,31675
6/24/2022 15:30:00,847.5,862.5,846.1,861.58,30380
6/27/2022 15:30:00,867.5,870.36,859.14,867.91,63842
6/28/2022 15:30:00,865,874.99,852.55,870.2,52224
6/29/2022 15:30:00,867.5,876.25,862.62,874.95,96972
6/30/2022 15:30:00,874.95,878.44,861.71,873.5,102842
7/1/2022 15:30:00,870,891.47,866.55,889.75,38547
7/4/2022 15:30:00,890,901.17,885.23,899.73,48729
7/5/2022 15:30:00,899.73,907.16,895,899.25,41438
7/6/2022 15:30:00,899.25,921.42,890.06,919.43,78391
7/7/2022 15:30:00,919.5,927.5,908.68,910.25,51879
7/8/2022 15:30:00,915,922.5,911.1,920.96,58825
7/11/2022 15:30:00,920,926.25,917.1,924.47,39382
7/12/2022 15:30:00,920.84,923.5,905.05,906.26,26189
7/13/2022 15:30:00,906.5,916.25,906.5,912.48,22751
7/14/2022 15:30:00,912.48,922.05,906.64,918.17,52294
7/15/2022 15:30:00,920,941.82,918.82,938.58,49501
7/18/2022 15:30:00,941.94,948.6,927.63,931.27,43977
7/19/2022 15:30:00,930,932.43,911.32,918.89,43728
7/20/2022 15:30:00,927.5,933,912.5,930.86,54663
7/21/2022 15:30:00,930,944.5,929.69,942,50656
7/22/2022 15:30:00,945.39,954.2,941.78,949.45,63200
7/25/2022 15:30:00,949.45,950.5,935.6,937.88,35959
7/26/2022 15:30:00,939,939,912.51,925.48,139471
7/27/2022 15:30:00,927.2,933.45,917.5,927.1,44973
7/28/2022 15:30:00,928.75,967.25,923,955.62,130457
7/29/2022 15:30:00,955.62,971.15,950.05,967.96,113825
8/1/2022 15:30:00,972.1,975,955.25,962.76,58567
8/2/2022 15:30:00,968.85,975.05,965.01,972.94,56219
8/3/2022 15:30:00,967,977.31,952.5,968.3,51325
8/4/2022 15:30:00,969.95,996.19,969.81,992.5,88280
8/5/2022 15:30:00,992,1001,986.45,996.08,62560
8/8/2022 15:30:00,995.25,999.37,977.5,982.65,57459
8/10/2022 15:30:00,992.53,1007.5,975.25,988.48,72207
8/11/2022 15:30:00,990,999.12,979.38,983.98,50461
8/12/2022 15:30:00,985,987.82,970.69,977.16,48903
8/16/2022 15:30:00,977.5,992.73,974.14,984.15,66083
8/17/2022 15:30:00,984.1,992.2,983.46,986.77,39600
8/18/2022 15:30:00,986,986.64,974,977.88,48921
8/19/2022 15:30:00,980,983.5,967.5,972.05,36698
8/22/2022 15:30:00,970.05,981.5,967.5,972.61,39794
8/23/2022 15:30:00,965,984.45,962.56,981.28,42881
8/24/2022 15:30:00,980.94,985.85,968.4,983.55,33768
8/25/2022 15:30:00,983.55,989.3,973.2,976.33,25909
8/26/2022 15:30:00,977,983.3,971.4,976.41,27989
8/29/2022 15:30:00,970,987.95,964.26,982.32,48462
8/30/2022 15:30:00,983,999.75,983,996.29,109751
9/1/2022 15:30:00,985,1002.5,978.73,986.65,79062
9/2/2022 15:30:00,987.62,992.4,976.5,978.09,31241
9/5/2022 15:30:00,975,979.13,961.35,962.99,49724
9/6/2022 15:30:00,963.04,965.4,947.25,952.1,59370
9/7/2022 15:30:00,952.1,965.35,950.75,958.97,55736
9/8/2022 15:30:00,960.05,963.85,950.25,956.19,54647
9/9/2022 15:30:00,968.5,968.5,949.54,952.56,48434
9/12/2022 15:30:00,952.58,958,944.51,948.41,43560
9/13/2022 15:30:00,948.53,963.33,948.5,953.18,51146
9/14/2022 15:30:00,943.55,961.72,943.55,955.44,61601
9/15/2022 15:30:00,959.7,962.85,948.89,950.45,33455
9/16/2022 15:30:00,950.45,950.45,917.03,920.21,116163
9/19/2022 15:30:00,924.81,942,913.37,938.26,53631
9/20/2022 15:30:00,940.5,946,928.76,930.83,83800
9/21/2022 15:30:00,930.8,944.47,929.55,932.5,46299
9/22/2022 15:30:00,932.5,941.75,929.03,931.92,77931
9/23/2022 15:30:00,929.55,932.81,922.5,924.8,35842
9/26/2022 15:30:00,924.79,944.5,919.88,922.67,113085
9/27/2022 15:30:00,927.4,939.75,927.29,933.63,69314
9/28/2022 15:30:00,932.75,948.95,926.29,942.05,105517
9/29/2022 15:30:00,946.76,956.5,939.56,948.96,87195
9/30/2022 15:30:00,947.5,959.75,944.7,957.24,80973
10/3/2022 15:30:00,955.88,957.2,938.5,949.63,52046
10/4/2022 15:30:00,962.5,967.5,952.56,962.59,37289
10/6/2022 15:30:00,967.11,976.26,961.86,965.01,67036
10/7/2022 15:30:00,963.76,969,958.38,966.05,39613
10/10/2022 15:30:00,955,960.25,950.25,955.95,34619
10/11/2022 15:30:00,960.25,960.73,920.51,922.5,54926
10/12/2022 15:30:00,927,938.34,922.5,936.27,38748
10/13/2022 15:30:00,939.5,946.08,930.25,938.18,30277
10/14/2022 15:30:00,947.94,950.69,942.5,946.4,22065
10/17/2022 15:30:00,942.5,953,939.61,946.01,17425
10/18/2022 15:30:00,951,971.45,949.5,969.39,53511
10/19/2022 15:30:00,969.39,992.4,962.73,986.96,130480
10/20/2022 15:30:00,985.95,1007.19,985,1003.06,112854
10/21/2022 15:30:00,1003.06,1017.5,999.13,1014.75,57193
10/25/2022 15:30:00,1040,1052.44,1010.85,1014.12,71353
10/27/2022 15:30:00,1023.43,1023.75,995.5,1006.66,101474
10/28/2022 15:30:00,1006.66,1018.6,1002.51,1014.12,64930
10/31/2022 15:30:00,1014.12,1023.5,1007.5,1018.17,79555
11/1/2022 15:30:00,1019.98,1036.74,1018.5,1029.5,39706
11/2/2022 15:30:00,1029.5,1035,1011.13,1019.37,43317
11/3/2022 15:30:00,1011.15,1023.75,1007.5,1021.17,35328
11/4/2022 15:30:00,1021.17,1026.75,1015.24,1021.27,18873
11/7/2022 15:30:00,1022.58,1036,1018.51,1024.01,67722
11/9/2022 15:30:00,1030.77,1042.12,1010.25,1016,52245
11/10/2022 15:30:00,1014.98,1020,1002.25,1008.77,38991
11/11/2022 15:30:00,1013.81,1025,1010.01,1016.13,35837
11/14/2022 15:30:00,1016.15,1019.62,994.64,1003.26,48476
11/15/2022 15:30:00,1008.2,1009.3,992.5,1002.78,39341
11/16/2022 15:30:00,999.61,1007.21,991.25,1004.9,44776
11/17/2022 15:30:00,1006.5,1006.99,994.13,999.55,27782
11/18/2022 15:30:00,999.75,1002.29,989,996.26,36686
11/21/2022 15:30:00,992.6,992.98,983.28,988.09,49844
11/22/2022 15:30:00,988.09,992.47,977.5,980.68,47422
11/23/2022 15:30:00,985,990.65,975.5,978.26,51722
11/24/2022 15:30:00,981.25,993.72,975.04,986.77,59696
11/25/2022 15:30:00,990,991.2,972,976.47,57858
11/28/2022 15:30:00,976.25,992.26,973,990.77,53000
11/29/2022 15:30:00,987.5,1018.75,986.5,1006.06,73723
11/30/2022 15:30:00,1006.06,1016.95,992.02,1009.19,313389
12/1/2022 15:30:00,1009.5,1017.5,996.75,1002.48,52926
12/2/2022 15:30:00,1002.48,1006.89,983.96,987.56,69617
12/5/2022 15:30:00,987.99,992.5,977.64,987.61,84999
12/6/2022 15:30:00,987.05,999.5,978.75,995.56,68109
12/7/2022 15:30:00,996,1003.96,991.41,995.54,56956
12/8/2022 15:30:00,995,1004.95,986.55,990.27,40624
12/9/2022 15:30:00,998.4,1014.75,992.21,1012.09,76755
12/12/2022 15:30:00,1012.5,1026,1007.25,1024.37,81060
12/13/2022 15:30:00,1028.05,1031.8,1016.5,1019.42,49134
12/14/2022 15:30:00,1019.26,1022.53,1000.33,1003.18,81680
12/15/2022 15:30:00,1003.18,1007.5,981.72,986.89,39554
12/16/2022 15:30:00,986.25,993,978.51,986.94,69321
12/19/2022 15:30:00,990,1006,990,1004.08,65448
12/20/2022 15:30:00,1007.5,1008.39,992.55,1006.78,46676
12/21/2022 15:30:00,1008.25,1017.4,1003.11,1015.71,70378
12/22/2022 15:30:00,1019.75,1022,1007.88,1015.33,37688
12/23/2022 15:30:00,1010,1022.75,1002.75,1006.64,74404
12/26/2022 15:30:00,1008.75,1012.28,993,994.88,33382
12/27/2022 15:30:00,995,1000.89,987.25,988.8,40291
12/28/2022 15:30:00,989.5,994.8,985.5,992.18,35346
12/29/2022 15:30:00,992,995.88,981.53,990.4,39851
12/30/2022 15:30:00,991.98,994.5,978.09,980.3,42644
1/2/2023 15:30:00,980.83,985.75,975.06,978.08,25164
1/3/2023 15:30:00,979.95,988.05,973.8,986.37,31415
1/4/2023 15:30:00,989,989.9,975,976,31984
1/5/2023 15:30:00,977,994.71,975.98,988.8,51393
1/6/2023 15:30:00,990,996.32,988.83,994.26,39386
1/9/2023 15:30:00,996.75,1008.22,994.83,1004.29,36144
1/10/2023 15:30:00,1003.15,1009.45,997.75,1001.2,31668
1/11/2023 15:30:00,1003.5,1004.25,985.87,987.92,32510
1/12/2023 15:30:00,987.92,997.5,987,993.66,33062
1/13/2023 15:30:00,997.5,997.5,986.25,989.22,34771
1/16/2023 15:30:00,992,992,985.05,986.78,24265
1/17/2023 15:30:00,986.8,998.31,985.64,997.29,40187
1/18/2023 15:30:00,997.5,1002.1,988.67,991.17,36399
1/19/2023 15:30:00,991.17,994.75,980.58,984.06,30999
1/20/2023 15:30:00,983.01,983.39,957.49,960,72022
1/23/2023 15:30:00,962.5,972,957.55,968.36,37900
1/24/2023 15:30:00,970,971.7,957.44,964.54,37712
1/25/2023 15:30:00,967.45,967.53,957.5,961.78,41160
1/27/2023 15:30:00,963,969.7,951.3,960.82,44777
1/30/2023 15:30:00,960.3,960.68,948.9,958.3,49830
1/31/2023 15:30:00,960,960,946.45,950.89,117500
2/1/2023 15:30:00,955,958.85,945.76,954.49,68805
2/2/2023 15:30:00,956.45,956.45,942.53,947.73,70922
2/3/2023 15:30:00,950.27,952.73,938.51,950.22,55578
2/6/2023 15:30:00,950,953,937.72,951.08,69134
2/7/2023 15:30:00,951.2,955,944,948.9,39873
2/8/2023 15:30:00,947.5,953.24,944.51,949.75,23267
2/9/2023 15:30:00,949.95,954.22,947.54,950.02,34734
2/10/2023 15:30:00,950.5,953.51,943.75,951.19,26383
2/13/2023 15:30:00,954.75,959.95,947.5,951.34,32489
2/14/2023 15:30:00,955.74,963,951.38,954.15,38589
2/15/2023 15:30:00,953.75,964.94,946.5,963.05,31998
2/16/2023 15:30:00,971.5,989.99,957,981.44,174007
2/17/2023 15:30:00,978.75,978.75,941.1,951.07,188435
2/20/2023 15:30:00,951.5,957.25,939,941.15,65311
2/21/2023 15:30:00,944.06,946.69,938,942.44,44954
2/22/2023 15:30:00,944.14,944.14,931.56,933.71,42080
2/23/2023 15:30:00,933,941.21,927.55,932.4,49268
2/24/2023 15:30:00,937.06,942.45,930.75,934.05,38875
2/27/2023 15:30:00,935,942.25,924.6,931.14,51625
2/28/2023 15:30:00,931.51,936.25,923.01,933.5,109182
3/1/2023 15:30:00,935,941.02,928.76,938.94,63926
3/2/2023 15:30:00,940,940,922.84,924.09,39070
3/3/2023 15:30:00,927.45,930.73,920.28,922.5,46018
3/6/2023 15:30:00,926.1,927.7,921.25,925.74,52949
3/8/2023 15:30:00,920.25,928.69,919.88,925.91,45746
3/9/2023 15:30:00,925,928.95,921.5,926.79,56615
3/10/2023 15:30:00,926.5,926.5,917.75,924.29,23634
3/13/2023 15:30:00,921.5,925,913,915.87,36476
3/14/2023 15:30:00,917.5,921.75,910.65,913.23,43879
3/15/2023 15:30:00,915,918.56,894,899.67,77958
3/16/2023 15:30:00,899.5,925,898.39,922.53,83043
3/17/2023 15:30:00,924.95,943.75,923.75,942.91,133430
3/20/2023 15:30:00,945,949.5,932.61,946.89,75645
3/21/2023 15:30:00,949.5,962.95,941,946.37,97762
3/22/2023 15:30:00,950.45,950.45,934.94,940.99,28248
3/23/2023 15:30:00,940.99,958.5,935.51,952.22,56685
3/24/2023 15:30:00,950.25,955,944.4,947.66,26299
3/27/2023 15:30:00,950,956.39,940.75,944.55,35854
3/28/2023 15:30:00,945,951,942.5,947.3,35481
3/29/2023 15:30:00,946.5,956.25,943.81,952.65,48606
3/31/2023 15:30:00,957.75,987.6,957.75,985.23,148444
4/3/2023 15:30:00,989.2,989.5,969.3,985.27,63740
4/5/2023 15:30:00,982.95,993.65,980.05,991.1,47151
4/6/2023 15:30:00,989.75,992,980.25,985.41,40978
4/10/2023 15:30:00,985,985.82,975.05,976.51,22414
4/11/2023 15:30:00,982.4,984.75,973.75,983.73,44126
4/12/2023 15:30:00,984.75,984.75,968.25,972.02,56882
4/13/2023 15:30:00,975,984,970.81,973.27,46151
4/17/2023 15:30:00,979.5,1020.5,975.11,1012.22,194351
4/18/2023 15:30:00,1010,1035,1010,1033.06,139860
4/19/2023 15:30:00,1032.99,1033.18,1019.4,1030.94,89874
4/20/2023 15:30:00,1029.75,1036.04,1019,1023.66,52213
4/21/2023 15:30:00,1023.66,1029.35,1019.37,1024.84,44305
4/24/2023 15:30:00,1025.05,1035.45,1020.05,1034.46,57868
4/25/2023 15:30:00,1035.45,1046.43,1015.4,1033.26,168464
4/26/2023 15:30:00,1029.95,1054.45,1023.63,1051.31,124894
4/27/2023 15:30:00,1053.31,1060,1050,1057.37,102232
4/28/2023 15:30:00,1059.1,1092.48,1056.5,1088.07,166516
5/2/2023 15:30:00,1090,1104.95,1083.63,1087.29,89170
5/3/2023 15:30:00,1087.25,1097.29,1078.92,1093.79,57013
5/4/2023 15:30:00,1093.94,1099.75,1081.89,1084.69,63534
5/5/2023 15:30:00,1090,1103.94,1087.49,1100.99,55076
5/8/2023 15:30:00,1102.5,1115,1088.02,1099.16,75656
5/9/2023 15:30:00,1100,1107.25,1092.34,1098.57,43287
5/10/2023 15:30:00,1098.57,1106.49,1098.47,1102.5,60441
5/11/2023 15:30:00,1104.95,1111.75,1097.52,1100.99,68937
5/12/2023 15:30:00,1100.95,1103.47,1087,1089.71,66961
5/15/2023 15:30:00,1091,1100.99,1087.56,1089.33,72570
5/16/2023 15:30:00,1093.75,1099.45,1086,1089.02,77257
5/17/2023 15:30:00,1089.02,1094.57,1080,1086.63,66788
5/18/2023 15:30:00,1092.5,1097.5,1082.51,1083.98,51175
5/19/2023 15:30:00,1090,1090,1075.31,1084.51,73220
5/22/2023 15:30:00,1084.95,1084.95,1071.11,1074.74,51095
5/23/2023 15:30:00,1072.5,1080.5,1068.11,1070.19,55459
5/24/2023 15:30:00,1070.19,1074.9,1063.75,1069.03,44364
5/25/2023 15:30:00,1075,1081.6,1065.54,1073.74,81502
5/26/2023 15:30:00,1074.25,1081.45,1068.5,1079.09,63159
5/29/2023 15:30:00,1086.25,1092.5,1077.61,1086.47,53437
5/30/2023 15:30:00,1084,1086.43,1075.55,1078.72,46981
5/31/2023 15:30:00,1079,1092.92,1075.75,1083.66,424794
6/1/2023 15:30:00,1089.3,1096.25,1078.64,1093.71,59866
6/2/2023 15:30:00,1100,1104.75,1091,1102.32,58248
6/5/2023 15:30:00,1099.95,1106.48,1089.5,1091.71,81509
6/6/2023 15:30:00,1093.71,1096.58,1080.88,1085.27,78523
6/7/2023 15:30:00,1087.49,1121.24,1087.49,1118.39,156812
6/8/2023 15:30:00,1123,1128.88,1104.37,1107.45,72929
6/9/2023 15:30:00,1105.05,1114,1102.05,1103.67,70915
6/12/2023 15:30:00,1102.5,1117.45,1101.46,1114.47,62352
6/13/2023 15:30:00,1117.45,1133.9,1114.62,1124.63,83347
6/14/2023 15:30:00,1126.25,1137.55,1125,1136.44,72377
6/15/2023 15:30:00,1136.44,1150,1131.63,1148.31,73757
6/16/2023 15:30:00,1148.31,1158.76,1143.87,1148.43,73541
6/19/2023 15:30:00,1151.25,1157.5,1138.06,1139.74,43331
6/20/2023 15:30:00,1139.74,1150,1136,1147.78,68877
6/21/2023 15:30:00,1147.81,1153.48,1138.25,1144.58,64642
6/22/2023 15:30:00,1140,1144.54,1124.64,1126.65,49903
6/23/2023 15:30:00,1126.65,1131,1122.68,1126.84,43515
6/26/2023 15:30:00,1126,1135,1125.25,1131.54,35015
6/27/2023 15:30:00,1131.57,1143.5,1125.26,1131.86,44133
6/28/2023 15:30:00,1133.5,1140,1129,1137.21,55624
6/30/2023 15:30:00,1137.5,1147.31,1131.25,1144.71,36862
7/3/2023 15:30:00,1147.5,1147.5,1129.15,1131.63,55269
7/4/2023 15:30:00,1137.4,1142.25,1126.28,1131.2,30149
7/5/2023 15:30:00,1129.3,1147.2,1129,1144.99,38888
7/6/2023 15:30:00,1146.75,1169.62,1145.25,1154.97,90367
7/7/2023 15:30:00,1157.75,1162.34,1142.5,1145.31,56464
7/10/2023 15:30:00,1143.45,1152.12,1127.5,1129.01,36388
7/11/2023 15:30:00,1130.5,1147.99,1127.52,1142.62,68526
7/12/2023 15:30:00,1146.95,1155,1140.85,1153,48090
7/13/2023 15:30:00,1153,1156.08,1138.84,1141.04,43216
7/14/2023 15:30:00,1141.04,1160,1140,1156.9,45457
7/17/2023 15:30:00,1160,1169.77,1147.75,1153.54,41795
7/18/2023 15:30:00,1159.5,1159.5,1141.03,1148.86,32584
7/19/2023 15:30:00,1147.5,1151.25,1140.08,1147.05,27881
7/20/2023 15:30:00,1147.05,1154.22,1137.55,1150.4,37792
7/21/2023 15:30:00,1150.75,1161.6,1145.64,1149.13,36843
7/24/2023 15:30:00,1149.01,1152.43,1135.39,1141.01,42081
7/25/2023 15:30:00,1157,1157,1133.76,1138.65,62576
7/26/2023 15:30:00,1139.55,1145,1135.1,1139.99,34462
7/27/2023 15:30:00,1142.96,1145,1103.8,1116.27,179374
7/28/2023 15:30:00,1116.27,1131.59,1109.37,1124.05,67211
7/31/2023 15:30:00,1132.5,1132.7,1121.48,1127.67,48609
8/1/2023 15:30:00,1130.42,1134.5,1121.25,1129.69,65019
8/2/2023 15:30:00,1134.5,1146.91,1125.53,1144.12,104661
8/3/2023 15:30:00,1144.4,1144.4,1120.1,1123.79,44971
8/4/2023 15:30:00,1124.8,1134.94,1120.6,1122.72,41010
8/7/2023 15:30:00,1122.72,1127.58,1107.5,1122.96,41246
8/8/2023 15:30:00,1123.5,1124.95,1105,1111.46,58032
8/9/2023 15:30:00,1114,1117.81,1108.13,1110.92,37285
8/10/2023 15:30:00,1108.15,1112.23,1094.75,1099.49,70579
8/11/2023 15:30:00,1099.49,1100.5,1087.5,1092.12,38363
8/14/2023 15:30:00,1092.21,1102,1085.46,1094.97,40788
8/16/2023 15:30:00,1106.5,1106.5,1089.27,1097.4,28930
8/17/2023 15:30:00,1095,1101.42,1080.12,1083.37,69992
8/18/2023 15:30:00,1083.37,1094,1072.5,1091.5,65667
8/21/2023 15:30:00,1091.5,1108.81,1086.77,1101.72,37096
8/22/2023 15:30:00,1101.72,1104.62,1095.3,1101.3,40522
8/23/2023 15:30:00,1105,1113.49,1097.5,1109.16,61378
8/24/2023 15:30:00,1114.15,1114.5,1107.17,1112.24,46020
8/25/2023 15:30:00,1109.5,1114.02,1105.56,1109.43,41964
8/28/2023 15:30:00,1109.58,1110.73,1100,1101.72,41507
8/29/2023 15:30:00,1103.52,1108.99,1097.5,1103.15,52428
8/30/2023 15:30:00,1103.15,1114,1100.51,1109.93,64832
8/31/2023 15:30:00,1112.5,1114.45,1083.5,1099.32,233065
9/1/2023 15:30:00,1102.5,1105.48,1093,1095.78,35849
9/4/2023 15:30:00,1098.76,1099,1081.63,1086.91,74091
9/5/2023 15:30:00,1087.73,1099.93,1087.73,1097.72,62313
9/6/2023 15:30:00,1097.72,1105,1088.73,1100.21,56292
9/7/2023 15:30:00,1098.92,1104.26,1091.12,1094.82,41159
9/8/2023 15:30:00,1097.3,1098.97,1091.5,1094.16,30477
9/11/2023 15:30:00,1095.5,1110,1093.67,1106.35,46977
9/12/2023 15:30:00,1106.71,1119.75,1100.86,1115.89,49379
9/13/2023 15:30:00,1113.78,1128.46,1107.5,1108.99,50825
9/14/2023 15:30:00,1111.5,1125.5,1107.85,1123.89,81056
9/15/2023 15:30:00,1125,1135.05,1115.95,1131.12,116141
9/18/2023 15:30:00,1131,1142,1122.63,1140.97,57532
9/20/2023 15:30:00,1127.8,1141.33,1127.8,1134.01,57450
9/21/2023 15:30:00,1133,1133.5,1117.5,1126.68,46183
9/22/2023 15:30:00,1126,1132,1119,1126.63,38301
9/25/2023 15:30:00,1128.5,1135.44,1122.55,1131.94,34427
9/26/2023 15:30:00,1135,1153.15,1129.8,1150.28,66001
9/27/2023 15:30:00,1150.25,1150.28,1137.07,1143.65,41653
9/28/2023 15:30:00,1145,1145.4,1122.39,1126.92,51981
9/29/2023 15:30:00,1127.55,1135.25,1121.5,1125.35,45229
10/3/2023 15:30:00,1125.35,1129.73,1112.76,1115.76,50013
10/4/2023 15:30:00,1140.25,1167.94,1127.55,1149.31,213488
10/5/2023 15:30:00,1150.25,1155.36,1138.75,1145.94,68000
10/6/2023 15:30:00,1149.5,1153.38,1140.74,1145.61,38812
10/9/2023 15:30:00,1140.6,1149.04,1140,1144.09,23755
10/10/2023 15:30:00,1148,1150.85,1141.27,1148.4,39663
10/11/2023 15:30:00,1148.4,1163.7,1146.5,1160.1,67338
10/12/2023 15:30:00,1161.15,1165,1148.1,1153.76,54222
10/13/2023 15:30:00,1153.75,1179.99,1147.77,1177.72,90791
10/16/2023 15:30:00,1177.5,1177.5,1148.75,1155.43,86608
10/17/2023 15:30:00,1156.5,1168.11,1156.5,1166.27,38166
10/18/2023 15:30:00,1166.27,1172.36,1160,1163.15,35671
10/19/2023 15:30:00,1162.85,1211.35,1155.03,1206.62,292412
10/20/2023 15:30:00,1205,1237.25,1200.09,1213.98,207934
10/23/2023 15:30:00,1215,1233.75,1206.42,1209.89,79230
10/25/2023 15:30:00,1214,1226.48,1207.66,1213.14,111350
10/26/2023 15:30:00,1213,1213.03,1171.05,1177.28,126940
10/27/2023 15:30:00,1177.53,1211.4,1172.02,1202.85,130437
10/30/2023 15:30:00,1205,1212.5,1193.25,1208.59,72614
10/31/2023 15:30:00,1215,1216.5,1206.1,1211.74,51639
11/1/2023 15:30:00,1210,1210,1189,1193.64,63690
11/2/2023 15:30:00,1199.51,1207.49,1188.66,1205.59,107068
11/3/2023 15:30:00,1207.15,1210,1198.84,1199.95,47714
11/6/2023 15:30:00,1207.5,1219.53,1202.94,1214.48,74276
11/7/2023 15:30:00,1214.35,1224,1206,1218.47,52965
11/8/2023 15:30:00,1218.45,1220.64,1211,1214.08,36305
11/9/2023 15:30:00,1217.5,1220.75,1209.62,1211.34,42223
11/10/2023 15:30:00,1211.34,1212.47,1202.78,1206.86,28317
11/13/2023 15:30:00,1214.9,1214.9,1201.6,1204.29,28528
11/15/2023 15:30:00,1212.25,1212.45,1200.4,1208.7,76697
11/16/2023 15:30:00,1209.75,1213.63,1202.3,1204.15,69418
11/17/2023 15:30:00,1205,1224.24,1203.23,1218.65,70051
11/20/2023 15:30:00,1218.75,1220.19,1208.3,1215.13,54115
11/21/2023 15:30:00,1215.25,1220.99,1209.01,1218.67,45329
11/22/2023 15:30:00,1218.5,1226,1213,1217.54,36821
11/23/2023 15:30:00,1220.7,1229.49,1217.56,1219.67,36814
11/24/2023 15:30:00,1222.5,1223.64,1205.4,1206.95,40412
11/28/2023 15:30:00,1206.9,1213,1194.16,1210.93,87697
11/29/2023 15:30:00,1211.05,1216.75,1200.55,1203.38,62715
11/30/2023 15:30:00,1204,1217.01,1198.27,1211.81,147203
12/1/2023 15:30:00,1217,1218.25,1207.82,1216.93,63650
12/4/2023 15:30:00,1219.45,1226.75,1206.93,1220.14,99392
12/5/2023 15:30:00,1222.55,1233.69,1220.14,1230.45,67187
12/6/2023 15:30:00,1236.44,1254.85,1235.1,1248.43,79608
12/7/2023 15:30:00,1248.43,1258.5,1240.67,1248.76,60085
12/8/2023 15:30:00,1249.75,1258.79,1237.82,1239.48,70076
12/11/2023 15:30:00,1244,1256,1231.95,1252.17,53937
12/12/2023 15:30:00,1252.17,1262.04,1240.11,1247.36,64123
12/13/2023 15:30:00,1247.92,1254,1241.25,1252.22,44572
12/14/2023 15:30:00,1257.2,1257.2,1237.51,1239.67,104726
12/15/2023 15:30:00,1242.5,1247.61,1211,1218.32,159541
12/18/2023 15:30:00,1222.5,1229.03,1214.95,1217.71,66324
12/19/2023 15:30:00,1228.49,1285.25,1225.55,1274.48,352866
12/20/2023 15:30:00,1284.7,1288.92,1252.76,1254.89,144488
12/21/2023 15:30:00,1254.89,1262.4,1245.39,1255.79,110638
12/22/2023 15:30:00,1262,1270.5,1255,1268.42,88828
12/26/2023 15:30:00,1274.3,1280,1268.25,1278.1,61785
12/27/2023 15:30:00,1280,1288.4,1279.03,1286.02,71416
12/28/2023 15:30:00,1293.49,1318.7,1288.76,1312.5,157772
12/29/2023 15:30:00,1312.5,1332.5,1307.28,1329.02,103408
1/1/2024 15:30:00,1332.5,1372.26,1332,1368.62,131610