Date,Open,High,Low,Close,Volume
1/1/2015 15:30:00,226.83,229.83,226.73,229.37,1232882
1/2/2015 15:30:00,229.4,235,229.4,232.8,2490979
1/5/2015 15:30:00,231.33,238.67,230.67,235.43,4049746
1/6/2015 15:30:00,232.37,232.63,220.4,222.1,6016665
1/7/2015 15:30:00,222,227.7,218.73,225.37,5958447
1/8/2015 15:30:00,228.63,229.23,223.67,227.87,4385954
1/9/2015 15:30:00,231.4,237.93,224.27,234,8815843
1/12/2015 15:30:00,234.7,234.93,229.63,231.8,2105033
1/13/2015 15:30:00,232,232.4,225.53,226.63,4930014
1/14/2015 15:30:00,226.67,230.67,226,229.37,4469815
1/15/2015 15:30:00,232.67,235.33,228.43,231,7158658
1/16/2015 15:30:00,230,234.67,228.9,231.4,2856616
1/19/2015 15:30:00,232.73,235.33,230.53,231.67,2033127
1/20/2015 15:30:00,234.33,234.33,231.53,233.53,3228047
1/21/2015 15:30:00,233.43,233.67,229.4,230.7,5908766
1/22/2015 15:30:00,231.33,236.57,230.5,235.27,5374509
1/23/2015 15:30:00,236.67,237.33,231.7,232.53,4282933
1/27/2015 15:30:00,233.33,234.4,230.7,233.5,3126582
1/28/2015 15:30:00,233.33,237.67,232.37,235.93,4691651
1/29/2015 15:30:00,234.67,237,231.67,234.6,7034153
1/30/2015 15:30:00,234.6,236.97,232.03,234.23,4108295
2/2/2015 15:30:00,236.67,238.53,232.4,233.23,2478348
2/3/2015 15:30:00,235.07,240.67,234.67,239.63,5078611
2/4/2015 15:30:00,244.1,249.2,241.4,245.7,8264203
2/5/2015 15:30:00,245.4,245.67,236.03,237.77,2635861
2/6/2015 15:30:00,240,240.83,231.8,234,3889739
2/9/2015 15:30:00,232.73,238.57,232.73,237.57,2697234
2/10/2015 15:30:00,236.67,239.4,234,236.43,2292260
2/11/2015 15:30:00,236.67,237.6,229.33,229.97,2503286
2/12/2015 15:30:00,230.67,233.73,226.23,230.97,4345518
2/13/2015 15:30:00,226.37,229.27,225.5,226.37,6089865
2/16/2015 15:30:00,225,229.8,224.67,226.97,3808761
2/18/2015 15:30:00,227.57,229.27,221.33,221.73,5165029
2/19/2015 15:30:00,222.67,223.97,220.4,222.3,3595968
2/20/2015 15:30:00,222.93,223.93,220,220.47,3176119
2/23/2015 15:30:00,221.13,222.37,215.8,216.57,3111810
2/24/2015 15:30:00,217.4,217.87,208.43,210.03,7596275
2/25/2015 15:30:00,211.87,215.57,210.1,211.43,5165018
2/26/2015 15:30:00,213.33,214.8,210.37,212.9,5553374
2/27/2015 15:30:00,212.67,217.33,212.67,216.5,6949416
3/2/2015 15:30:00,219.2,219.73,211.6,213.37,6100603
3/3/2015 15:30:00,213.37,217.33,211.33,213.67,6251517
3/4/2015 15:30:00,214.97,217.83,212.53,213.7,8262246
3/5/2015 15:30:00,214.03,214.3,211.6,213.3,3540831
3/9/2015 15:30:00,211.9,212.33,209.4,210.67,5596361
3/10/2015 15:30:00,212,212.63,205.43,209.6,7231231
3/11/2015 15:30:00,210,211.27,206,206.33,5058223
3/12/2015 15:30:00,207.33,209.3,205.93,208.13,3663263
3/13/2015 15:30:00,208.73,211.2,207.53,209.27,3705620
3/16/2015 15:30:00,209.23,209.73,207.4,208,2471402
3/17/2015 15:30:00,208.07,210.33,206.7,209.47,2533222
3/18/2015 15:30:00,210,210.3,205.33,206.13,3234687
3/19/2015 15:30:00,206.6,209.27,206.13,207.93,3578353
3/20/2015 15:30:00,208.13,208.67,205.6,207.57,3195868
3/23/2015 15:30:00,207.33,210.23,207.23,209.6,3059875
3/24/2015 15:30:00,207.07,210,206,208.93,2509703
3/25/2015 15:30:00,210.43,210.97,205.8,206.43,2759737
3/26/2015 15:30:00,207.33,207.6,199.2,201.07,7905361
3/27/2015 15:30:00,201.97,205.57,200.93,203.3,3927963
3/30/2015 15:30:00,203.33,211.6,202.57,210.13,4401179
3/31/2015 15:30:00,210.63,213.07,203,204.23,4568895
4/1/2015 15:30:00,204.67,206.17,203.67,204.3,2214377
4/6/2015 15:30:00,205.4,212.17,205.33,211.5,3704302
4/7/2015 15:30:00,213.33,213.67,210,212.67,2327210
4/8/2015 15:30:00,212.67,212.67,207.93,208.67,3984166
4/9/2015 15:30:00,209.67,210.53,205.67,206.77,3808846
4/10/2015 15:30:00,206.8,210.53,206.1,206.5,5795596
4/13/2015 15:30:00,209,209,206.73,207.9,1864743
4/15/2015 15:30:00,208.53,215.13,207.67,211.43,6055826
4/16/2015 15:30:00,212.4,219.17,212.33,218.43,6557857
4/17/2015 15:30:00,219.67,221.9,218.67,220,4267914
4/20/2015 15:30:00,219.9,221.93,210.8,214.53,3024135
4/21/2015 15:30:00,215.07,218.27,212.2,213.57,3215069
4/22/2015 15:30:00,214.03,215.9,206.37,208.2,4904431
4/23/2015 15:30:00,210,210.27,204.53,205.3,3466034
4/24/2015 15:30:00,206.67,212.6,205.1,211.23,4934294
4/27/2015 15:30:00,211.97,211.97,205.4,206.23,2206248
4/28/2015 15:30:00,206,209.07,202.7,205.03,3347533
4/29/2015 15:30:00,205.03,206.37,202.73,204.2,2963827
4/30/2015 15:30:00,204.57,205.87,202.07,202.67,6466227
5/4/2015 15:30:00,204.07,220.33,204.07,218.9,11248739
5/5/2015 15:30:00,220.67,228.8,219,228.1,16353635
5/6/2015 15:30:00,226.4,227.2,216.73,218.6,6867376
5/7/2015 15:30:00,220,220.87,211,213.37,3895409
5/8/2015 15:30:00,213.97,216.27,209.23,210.33,4286108
5/11/2015 15:30:00,211.27,213.87,210.03,212.67,3621037
5/12/2015 15:30:00,213.4,213.63,204.8,206.43,2976367
5/13/2015 15:30:00,208.1,211.8,205.67,207.4,3764563
5/14/2015 15:30:00,208.07,211.33,206.1,210.77,2838035
5/15/2015 15:30:00,210.6,213.13,208.33,212.6,2216765
5/18/2015 15:30:00,213.53,216.4,213.1,214.5,3057345
5/19/2015 15:30:00,212.9,214.2,210.37,211.73,2911288
5/20/2015 15:30:00,211.33,212.83,209.33,209.7,2039694
5/21/2015 15:30:00,210.93,212.63,209.6,212.2,2092915
5/22/2015 15:30:00,215.67,216.67,212.8,215.37,2595548
5/25/2015 15:30:00,216,220.5,215.47,219.7,3716002
5/26/2015 15:30:00,220,220.57,214.33,215,1986630
5/27/2015 15:30:00,216,222.23,213.77,221.33,2318614
5/28/2015 15:30:00,223.33,224.8,216.2,218.6,5674791
5/29/2015 15:30:00,212,221.2,208.8,219.9,8682428
6/1/2015 15:30:00,219.33,219.93,214.93,216.07,1926340
6/2/2015 15:30:00,219.17,219.17,212.2,213.53,3007634
6/3/2015 15:30:00,213.53,215.53,204.33,205.23,3432686
6/4/2015 15:30:00,206.53,206.53,200.17,200.9,4806939
6/5/2015 15:30:00,201.63,208.3,198.2,205.47,5541035
6/8/2015 15:30:00,206.67,206.67,203.4,204.27,2283263
6/9/2015 15:30:00,203.4,204.53,200.23,200.97,2105835
6/10/2015 15:30:00,201.33,205.33,201.33,203.57,3006533
6/11/2015 15:30:00,204.07,205.63,200.27,200.67,2665239
6/12/2015 15:30:00,200.67,201.97,199.67,200.27,1949630
6/15/2015 15:30:00,200.67,204.6,199.03,202.63,2807841
6/16/2015 15:30:00,202.63,203.53,200,202.97,2585655
6/17/2015 15:30:00,203.33,204.83,202.23,204,4916490
6/18/2015 15:30:00,204.27,210.13,203.5,208.57,4045170
6/19/2015 15:30:00,209.83,214,209.4,212.77,3882654
6/22/2015 15:30:00,213.33,213.33,209.33,212.27,2965469
6/23/2015 15:30:00,212.67,215.6,211.87,212.6,2339687
6/24/2015 15:30:00,213.3,215.33,210.77,211.93,2489677
6/25/2015 15:30:00,211.13,213.53,207.8,208.63,4804954
6/26/2015 15:30:00,208.67,210.33,207.07,208.8,1214138
6/29/2015 15:30:00,206.07,207.2,204,206.03,1507488
6/30/2015 15:30:00,205.47,207.57,205,206.4,2150596
7/1/2015 15:30:00,206,211.4,205.8,209.27,2887850
7/2/2015 15:30:00,209.33,210.07,206.3,206.67,2209470
7/3/2015 15:30:00,208,208.53,205.57,206.13,3301718
7/6/2015 15:30:00,203.7,206,202.8,205.5,2109832
7/7/2015 15:30:00,205.67,206.03,203.07,203.3,2401497
7/8/2015 15:30:00,202,205.17,201.2,201.97,2317800
7/9/2015 15:30:00,202.17,203.27,198.27,199.13,3557617
7/10/2015 15:30:00,201.2,201.2,194.27,195.93,7182405
7/13/2015 15:30:00,196.87,197.27,191.77,193.73,5150619
7/14/2015 15:30:00,193.33,195.27,191.8,193.13,2958180
7/15/2015 15:30:00,194.17,196.83,193.8,194.13,3051855
7/16/2015 15:30:00,194.33,196.5,193.4,194.4,2227774
7/17/2015 15:30:00,195.13,196.23,193.9,195.2,1801507
7/20/2015 15:30:00,195.33,196.07,193.67,194.57,1242017
7/21/2015 15:30:00,194.53,194.6,186.8,187.5,2752659
7/22/2015 15:30:00,187.67,191.97,187.67,189.9,2511495
7/23/2015 15:30:00,190,190.3,186.37,189.23,3804881
7/24/2015 15:30:00,189,190.6,187.77,188.57,2641098
7/27/2015 15:30:00,188,188.57,180,181,7300584
7/28/2015 15:30:00,181.4,181.67,175.63,179.9,5563491
7/29/2015 15:30:00,180.67,181.07,176.67,179.83,6813443
7/30/2015 15:30:00,181.93,182.93,180.07,180.6,3734902
7/31/2015 15:30:00,181,184.33,180.8,181.8,2596731
8/3/2015 15:30:00,181.93,185,178.7,182.43,3111080
8/4/2015 15:30:00,182.5,182.5,176.47,177.57,5099164
8/5/2015 15:30:00,179.33,181.33,178.6,180,2506043
8/6/2015 15:30:00,180.67,182.33,179.63,180.63,2654951
8/7/2015 15:30:00,180,189.3,179.7,188.57,9429145
8/10/2015 15:30:00,189.33,189.8,182.67,183.37,2678554
8/11/2015 15:30:00,184.43,184.43,179.37,180.03,1778721
8/12/2015 15:30:00,180,0,0,179.77,0
8/13/2015 15:30:00,180.67,182.67,177.1,179.83,4557119
8/14/2015 15:30:00,181.37,182.33,178.7,180.27,2531583
8/17/2015 15:30:00,180.07,180.1,174.3,176,5210190
8/18/2015 15:30:00,177.33,177.7,173.33,173.87,2771540
8/19/2015 15:30:00,173.33,175.2,171.4,173.73,3807690
8/20/2015 15:30:00,172,172.47,169.4,170.53,4785846
8/21/2015 15:30:00,169.37,171.6,167.4,170.63,4408788
8/24/2015 15:30:00,166.67,167.2,150.8,151.8,12672426
8/25/2015 15:30:00,153.83,156.97,149.5,153.77,7242110
8/26/2015 15:30:00,154,157.73,148.67,149.9,4830551
8/27/2015 15:30:00,154.67,155.6,150.7,153.53,7755373
8/28/2015 15:30:00,159.27,164.27,158.6,162.43,7305739
8/31/2015 15:30:00,165.13,165.6,158.47,159.53,6459924
9/1/2015 15:30:00,161.87,162.23,155.13,156.07,6688730
9/2/2015 15:30:00,156.1,157,149.57,150.13,6305439
9/3/2015 15:30:00,152.5,154.53,151,152.77,2426920
9/4/2015 15:30:00,155.1,155.1,147.5,150.37,4896862
9/7/2015 15:30:00,151.33,152.23,149.03,150.7,3549357
9/8/2015 15:30:00,151.97,153.67,149.4,153.27,4560725
9/9/2015 15:30:00,155.37,155.73,152.83,153.6,7383487
9/10/2015 15:30:00,152.33,153.23,149.13,151.27,4318938
9/11/2015 15:30:00,152.43,154.6,151.47,152.23,3889685
9/14/2015 15:30:00,153.27,153.6,150.67,153.1,2095785
9/15/2015 15:30:00,153.27,154.6,150.53,152.83,2440933
9/16/2015 15:30:00,155.2,155.2,152.17,153.67,2822829
9/18/2015 15:30:00,154.07,160.8,153.27,159.47,6455025
9/21/2015 15:30:00,157.2,159.9,156.67,159.3,1836368
9/22/2015 15:30:00,161.2,161.2,155.43,156.33,3717744
9/23/2015 15:30:00,153.4,158.63,153.17,157.7,2165172
9/24/2015 15:30:00,157.73,157.73,150.73,151.67,5979101
9/28/2015 15:30:00,152.17,152.3,149.4,150.07,2884408
9/29/2015 15:30:00,149.2,151.6,145.13,150.93,5066519
9/30/2015 15:30:00,152.33,153.87,148.07,152.9,5129797
10/1/2015 15:30:00,152.9,156,152,154.9,2774487
10/5/2015 15:30:00,156,160.8,152.67,160.33,3522070
10/6/2015 15:30:00,160.67,165.77,159.73,164.9,5109318
10/7/2015 15:30:00,167.33,173.9,167.33,171.83,6600798
10/8/2015 15:30:00,173.6,173.6,168.17,171.77,3556943
10/9/2015 15:30:00,174,176.67,173.47,175.77,5676904
10/12/2015 15:30:00,175.83,178.5,174.87,175.6,2828723
10/13/2015 15:30:00,173.03,174.17,168.17,169.27,3093904
10/14/2015 15:30:00,169.33,175.53,168.93,170,2960221
10/15/2015 15:30:00,171.4,174,169.4,173.43,2304272
10/16/2015 15:30:00,174,176.87,171.33,176,2141724
10/19/2015 15:30:00,176.07,176.23,170.67,171.9,1796013
10/20/2015 15:30:00,170.4,171.5,168,168.77,2386239
10/21/2015 15:30:00,168,171.93,167.67,168.97,1605370
10/23/2015 15:30:00,170,174,169.97,171.53,2277476
10/26/2015 15:30:00,171.33,173.87,169.6,170.97,2517407
10/27/2015 15:30:00,168.97,169.47,164.83,165.27,4925106
10/28/2015 15:30:00,163.73,168.33,162.23,167.87,5787962
10/29/2015 15:30:00,170,170.17,166.7,167.23,7544807
10/30/2015 15:30:00,166.6,167,162.73,164.63,3384349
11/2/2015 15:30:00,164.63,165.87,161.43,164.93,1352061
11/3/2015 15:30:00,164.8,167.67,163.53,167.13,1842932
11/4/2015 15:30:00,169.03,169.47,166.53,168.07,2448364
11/5/2015 15:30:00,166.67,169.2,166.43,167.1,3230189
11/6/2015 15:30:00,165.8,171.07,165.33,167.63,4009592
11/9/2015 15:30:00,164.13,167.33,163.37,166.2,2715318
11/10/2015 15:30:00,163.4,165.2,157.07,157.8,3894593
11/13/2015 15:30:00,155.37,155.67,152,152.6,4585470
11/16/2015 15:30:00,152.27,153.93,147.5,153.43,4359243
11/17/2015 15:30:00,154,155.5,151.13,154.9,6290346
11/18/2015 15:30:00,154.03,155.17,152.63,153.8,2574821
11/19/2015 15:30:00,155.17,155.8,152.83,155.33,1899896
11/20/2015 15:30:00,155.87,157.17,154.23,156.03,1734379
11/23/2015 15:30:00,156.67,157.27,154,154.47,1530756
11/24/2015 15:30:00,154.67,158.9,153.17,155.2,3453149
11/26/2015 15:30:00,155.4,157.93,154.53,156.57,5467269
11/27/2015 15:30:00,157.67,159.17,156.23,156.93,1902683
11/30/2015 15:30:00,156,0,0,156.97,0
12/1/2015 15:30:00,156.37,158.97,155.37,157.07,2363787
12/2/2015 15:30:00,158.07,158.67,155.53,157.2,2080856
12/3/2015 15:30:00,155.4,155.93,152.07,153.13,4950787
12/4/2015 15:30:00,151.83,154.07,150.7,151.47,3415469
12/7/2015 15:30:00,152.03,152.33,148.53,149.27,2414049
12/8/2015 15:30:00,148,148.17,142.7,143.83,5863135
12/9/2015 15:30:00,143.33,145.33,141.93,144.73,4215793
12/10/2015 15:30:00,145.27,147.27,143.2,146.53,4565802
12/11/2015 15:30:00,146.33,147.2,142.93,143.57,4352597
12/14/2015 15:30:00,141.67,143.07,140.83,142.27,3185842
12/15/2015 15:30:00,143.33,145.73,142.2,145.2,3279674
12/16/2015 15:30:00,146.47,151.73,144.9,151.1,5575795
12/17/2015 15:30:00,150.67,150.87,146.67,149.87,6152996
12/18/2015 15:30:00,148.67,149.87,147.47,148.83,4801051
12/21/2015 15:30:00,148.67,154.03,147.8,153.63,3332878
12/22/2015 15:30:00,153.63,155,152.2,153.7,3064548
12/23/2015 15:30:00,155.27,157.6,154.17,157.03,4014235
12/24/2015 15:30:00,158.67,159.87,155.53,155.9,2925695
12/28/2015 15:30:00,156,160.87,156,160.13,3531082
12/29/2015 15:30:00,160,161.23,158.3,159.83,2368569
12/30/2015 15:30:00,160,161.87,159.6,159.93,2618588
12/31/2015 15:30:00,159.67,162.53,156.77,161.17,4399110
1/1/2016 15:30:00,159.93,162.27,158.73,161.67,1847985
1/4/2016 15:30:00,160.67,163.2,157.1,158.7,2083421
1/5/2016 15:30:00,160,162.83,159.37,161.23,2430875
1/6/2016 15:30:00,161.33,161.53,156.43,158.37,2004807
1/7/2016 15:30:00,154,155.93,149.37,151.07,5072924
1/8/2016 15:30:00,152,154.53,150.43,153.43,4598879
1/11/2016 15:30:00,150.67,151.5,148.1,150.33,4275597
1/12/2016 15:30:00,149.33,149.53,146.67,148.07,3695782
1/13/2016 15:30:00,148.67,149.3,145.03,148.8,3589717
1/14/2016 15:30:00,147.3,150.33,144.4,148.83,4349051
1/15/2016 15:30:00,149.6,149.6,145.2,146.3,3008388
1/18/2016 15:30:00,144.67,145.33,140.83,142.93,3822690
1/19/2016 15:30:00,143.73,146.27,141,145.33,2531939
1/20/2016 15:30:00,142.73,143.4,139.47,142.2,4345939
1/21/2016 15:30:00,142.43,143.17,137.3,138.2,5919729
1/22/2016 15:30:00,141.3,144.67,139.87,144.17,4835825
1/25/2016 15:30:00,146.93,147.5,144.37,146.43,3242696
1/27/2016 15:30:00,146.47,147.83,144.67,145.6,4496043
1/28/2016 15:30:00,145.33,147.2,143.5,146.6,5840671
1/29/2016 15:30:00,147.53,151.9,147.33,150.83,8506493
2/1/2016 15:30:00,151.87,151.87,147.7,150.03,2548494
2/2/2016 15:30:00,148.13,149.6,143.6,144.37,4600320
2/3/2016 15:30:00,142.47,144.67,140.2,142.03,3229311
2/4/2016 15:30:00,145.27,147,144.17,146.67,4011027
2/5/2016 15:30:00,146.87,147.9,145.03,146.63,3807113
2/8/2016 15:30:00,146.67,146.8,141.1,141.33,1842740
2/9/2016 15:30:00,140.6,146.37,140.33,145.43,2434497
2/10/2016 15:30:00,142.57,144,140.53,142.33,2711173
2/11/2016 15:30:00,142.53,142.6,133.37,135.43,5858032
2/12/2016 15:30:00,133.33,0,0,134.3,0
2/15/2016 15:30:00,132.4,134.13,129.77,133.57,4771870
2/16/2016 15:30:00,135.77,137.4,132.07,133.3,6994009
2/17/2016 15:30:00,133.33,134.67,131.47,133.57,4860013
2/18/2016 15:30:00,135.77,140.4,135.33,139.4,5199775
2/19/2016 15:30:00,137.97,141.4,137.33,140.77,3612713
2/22/2016 15:30:00,141.33,143.4,140.47,142.93,2401228
2/23/2016 15:30:00,143.8,145.2,141.23,143.07,2395578
2/24/2016 15:30:00,141.87,141.87,138.8,139.6,1745437
2/25/2016 15:30:00,141.6,145.2,139.73,144.17,3852323
2/26/2016 15:30:00,144.93,145.7,142.73,144.03,2803883
2/29/2016 15:30:00,144.83,147.4,128.33,129.4,15873238
3/1/2016 15:30:00,129.27,129.27,125.7,127.67,15412098
3/2/2016 15:30:00,129.6,131.53,128.07,129.97,10349971
3/3/2016 15:30:00,131,133.9,129.17,131.47,11244497
3/4/2016 15:30:00,133.27,136.27,132.67,133.8,15015364
3/8/2016 15:30:00,135.17,137.57,134,134.57,8172531
3/9/2016 15:30:00,134.67,137.33,134.2,136.83,5125877
3/10/2016 15:30:00,139.3,139.3,136.23,137.13,8978582
3/11/2016 15:30:00,138.4,138.4,134.8,136.73,9508077
3/14/2016 15:30:00,138.33,139.33,137.17,138.83,4999098
3/15/2016 15:30:00,137.33,138.6,136.7,138.27,3669637
3/16/2016 15:30:00,138.2,139.17,136.6,137.67,3459103
3/17/2016 15:30:00,139.03,143.27,139,141.5,5596216
3/18/2016 15:30:00,142.5,143.33,141.67,143.07,4517487
3/21/2016 15:30:00,142.67,145,142,144.43,3867830
3/22/2016 15:30:00,144.43,146.1,143.33,144.07,4407038
3/23/2016 15:30:00,144.27,145.17,141.27,143.07,3985485
3/28/2016 15:30:00,144.33,145.8,141.6,142.63,4803983
3/29/2016 15:30:00,143.97,144,140.47,141.5,3335457
3/30/2016 15:30:00,142,146,141.53,145.27,3899882
3/31/2016 15:30:00,143.13,145.03,141.43,142.73,12174420
4/1/2016 15:30:00,143,143.3,138.73,139.2,6844130
4/4/2016 15:30:00,138.97,139.1,136.37,138.2,3662685
4/5/2016 15:30:00,137.33,139,136.03,137,3271181
4/6/2016 15:30:00,137.8,138.67,136,137.4,2878339
4/7/2016 15:30:00,139.37,139.67,137.8,138.5,3363385
4/8/2016 15:30:00,138.53,139.63,137.1,137.43,1612169
4/11/2016 15:30:00,139.07,139.5,136.8,138.4,3461763
4/12/2016 15:30:00,138.57,141.77,138.1,140.9,4228853
4/13/2016 15:30:00,143.33,143.6,141.87,142.23,4291748
4/18/2016 15:30:00,141.17,141.17,137.4,138.37,3300134
4/20/2016 15:30:00,139.27,140.47,138.7,139.9,3213606
4/21/2016 15:30:00,141.43,142.97,141.17,141.97,4691426
4/22/2016 15:30:00,143.93,144.9,141.77,144.07,2998135
4/25/2016 15:30:00,144.3,144.3,141.13,141.53,1875884
4/26/2016 15:30:00,141.47,143.73,140.63,142.87,2760063
4/27/2016 15:30:00,144,149.17,143.93,147.87,7024295
4/28/2016 15:30:00,148.2,150.27,143.5,144.57,7731894
4/29/2016 15:30:00,145.37,147.17,143.73,144.83,4058978
5/2/2016 15:30:00,145.33,147.27,144,145.17,3274574
5/3/2016 15:30:00,146.03,146.47,142,143.53,3870928
5/4/2016 15:30:00,143.2,143.53,140,140.43,2831831
5/5/2016 15:30:00,141.3,142.17,140,140.33,3060130
5/6/2016 15:30:00,140.37,140.43,138.07,138.97,2218549
5/9/2016 15:30:00,139.93,141.67,139.4,141.07,2672433
5/10/2016 15:30:00,141.3,141.3,137.53,138.6,2616101
5/11/2016 15:30:00,137.97,137.97,135.4,136.83,3654058
5/12/2016 15:30:00,138.73,138.97,136.5,137.53,4707558
5/13/2016 15:30:00,137.3,137.3,134.67,135.83,4841380
5/16/2016 15:30:00,136.27,136.6,133.33,135.07,6728337
5/17/2016 15:30:00,137.07,141.33,136.73,140.17,9771619
5/18/2016 15:30:00,140.2,143.53,139.73,142.83,5888150
5/19/2016 15:30:00,142,142.17,139.47,140.03,4493585
5/20/2016 15:30:00,141.2,143.1,140.3,142.07,3051322
5/23/2016 15:30:00,142.8,143,138.33,138.77,3897089
5/24/2016 15:30:00,139,139.13,136.37,137.77,2725001
5/25/2016 15:30:00,139.13,140.5,138.77,140.1,2072299
5/26/2016 15:30:00,140.67,147.43,140.47,144.03,9013234
5/27/2016 15:30:00,145.33,145.93,141.2,142,6696058
5/30/2016 15:30:00,142.67,143.8,142,142.3,3059420
5/31/2016 15:30:00,143.33,143.67,139.87,140.5,5860801
6/1/2016 15:30:00,140.93,142.2,140.07,140.43,3014538
6/2/2016 15:30:00,140.33,142.57,139.43,141.87,2719673
6/3/2016 15:30:00,142.53,143,140.73,141.23,2897290
6/6/2016 15:30:00,141.8,142.23,140.2,140.53,2443566
6/7/2016 15:30:00,141.33,142.63,141.17,141.97,3712315
6/8/2016 15:30:00,143,144.83,142.67,143.83,3661292
6/9/2016 15:30:00,144.7,148.2,144.67,147.1,7021791
6/10/2016 15:30:00,146.67,148.47,144.67,145.47,2967989
6/13/2016 15:30:00,144,144.27,141.67,142.17,1943235
6/14/2016 15:30:00,142.63,143.2,140.8,141.87,2033334
6/15/2016 15:30:00,142.2,143,141.7,142.47,1910356
6/16/2016 15:30:00,142,142.03,140.37,141.13,2197461
6/17/2016 15:30:00,141.77,141.83,140.13,140.5,3145070
6/20/2016 15:30:00,140.43,143.5,140.23,142.57,3502259
6/21/2016 15:30:00,143.87,145.47,143.33,145.03,3169397
6/22/2016 15:30:00,144.97,146.27,144,145.57,2866779
6/23/2016 15:30:00,145.33,146.37,142.8,145.67,2967431
6/24/2016 15:30:00,142.4,142.6,138,139.6,4065713
6/27/2016 15:30:00,138.67,141.57,138.47,140.1,2361239
6/28/2016 15:30:00,140,141.23,139.67,140.9,2161523
6/29/2016 15:30:00,141.83,143.43,141.4,143.17,2165900
6/30/2016 15:30:00,143.87,146.33,143.33,144.2,5024431
7/1/2016 15:30:00,144.6,153.2,144.3,150,5618947
7/4/2016 15:30:00,153,156.87,153,154.7,11240870
7/5/2016 15:30:00,153.73,157.6,152.37,153.83,4367727
7/7/2016 15:30:00,153.83,154.57,150.77,151.07,3981252
7/8/2016 15:30:00,150,150.2,148.17,148.87,2165505
7/11/2016 15:30:00,150,151.73,149.03,150,4140122
7/12/2016 15:30:00,150.07,152.97,150.07,151.93,2879762
7/13/2016 15:30:00,155.77,161.03,154.77,156.1,11598292
7/14/2016 15:30:00,156.27,156.5,152.73,153.7,6277603
7/15/2016 15:30:00,154.07,154.87,152.37,153.5,5782222
7/18/2016 15:30:00,152.67,152.67,144.73,145.73,7392150
7/19/2016 15:30:00,145,148.33,144.67,147.33,7067403
7/20/2016 15:30:00,147.33,149.6,146.5,149.27,6477263
7/21/2016 15:30:00,149.87,151.17,148,148.4,3076209
7/22/2016 15:30:00,148.6,149.1,147.2,148.3,3156131
7/25/2016 15:30:00,147.87,151.47,147.8,151.2,3440927
7/26/2016 15:30:00,151.27,153.07,148.73,149.57,4050408
7/27/2016 15:30:00,149.47,151.67,146.7,148.83,2655313
7/28/2016 15:30:00,148.83,150.2,147.07,147.57,8132878
7/29/2016 15:30:00,148,149.23,146.43,146.73,3295699
8/1/2016 15:30:00,148.2,148.97,145.33,145.87,3245436
8/2/2016 15:30:00,145.83,147.93,145.07,147.4,3809603
8/3/2016 15:30:00,148,148.6,145.33,145.83,4617881
8/4/2016 15:30:00,149.27,149.27,145.77,146.57,3578725
8/5/2016 15:30:00,147.33,151.13,146.87,150.63,3148327
8/8/2016 15:30:00,150.93,151.33,149.43,150.73,2663425
8/9/2016 15:30:00,152.53,153.23,151.4,152.67,7621258
8/10/2016 15:30:00,152.67,154,151,152.7,6858619
8/11/2016 15:30:00,152.5,154.6,151.5,154.27,6213477
8/12/2016 15:30:00,154.87,156.27,153.2,155.73,3913487
8/16/2016 15:30:00,156.67,157.57,154.87,156.8,3359700
8/17/2016 15:30:00,156.93,158.93,156.17,158.53,3620606
8/18/2016 15:30:00,158.87,161.43,158.33,160.9,3834170
8/19/2016 15:30:00,161.53,162.33,160.37,161.07,3737569
8/22/2016 15:30:00,161.07,162.6,158.87,159.57,2523607
8/23/2016 15:30:00,158.33,159.8,157.73,158.93,3341634
8/24/2016 15:30:00,159.87,162,159.5,160.67,2400489
8/25/2016 15:30:00,161,161.83,158,158.53,2793158
8/26/2016 15:30:00,158.73,159.23,157.33,158.93,1934741
8/29/2016 15:30:00,158.93,159.67,157.83,158.2,1643555
8/30/2016 15:30:00,159.03,161.67,158.13,161.13,2830483
8/31/2016 15:30:00,159.33,160.8,156.77,157.53,6511284
9/1/2016 15:30:00,158,159.43,156.73,157.73,3068322
9/2/2016 15:30:00,158,160.1,156.77,159.17,2848749
9/6/2016 15:30:00,159.83,161.13,158.67,159.03,2589708
9/7/2016 15:30:00,159.47,164.2,158.87,163.3,11669479
9/8/2016 15:30:00,166.67,169.93,162.73,164.2,10155237
9/9/2016 15:30:00,164.67,171.67,164.67,169.97,11624751
9/12/2016 15:30:00,166.67,168.57,165.47,167.33,5330454
9/14/2016 15:30:00,166.7,168.4,163.47,165.47,5372090
9/15/2016 15:30:00,166.7,166.87,163.4,165.67,2470853
9/16/2016 15:30:00,166.27,168.67,165.33,166.87,8606696
9/19/2016 15:30:00,167.17,170.33,166.87,169.43,4181315
9/20/2016 15:30:00,169.67,173.6,168.83,171.83,8590805
9/21/2016 15:30:00,171.33,173,169.13,170.23,4292227
9/22/2016 15:30:00,172.6,174.1,172,173,5368671
9/23/2016 15:30:00,172.7,175.57,172.3,173.7,5059860
9/26/2016 15:30:00,173,173.67,165.43,166.37,9277066
9/27/2016 15:30:00,166.6,167.87,164.23,165.03,7299978
9/28/2016 15:30:00,165.33,168.27,163.6,167.77,6444639
9/29/2016 15:30:00,170.67,172,165.5,166.77,9557641
9/30/2016 15:30:00,167.6,171.57,166.4,171.1,6292479
10/3/2016 15:30:00,171.33,174.63,168.27,173.5,4640147
10/4/2016 15:30:00,174.67,183.27,174.23,182.37,11883343
10/5/2016 15:30:00,182.67,183.5,177.1,177.77,6284547
10/6/2016 15:30:00,179.33,182.3,177.33,179.43,6340703
10/7/2016 15:30:00,180.27,182.47,177.8,178.23,7732452
10/10/2016 15:30:00,179.6,180,175.7,177.97,4688252
10/13/2016 15:30:00,178.93,183.27,176.83,181.83,9415301
10/14/2016 15:30:00,182.67,186.13,181.2,184.7,6355031
10/17/2016 15:30:00,184.7,186.67,183.7,185.63,4955052
10/18/2016 15:30:00,186.13,187.33,183.1,184.33,4953749
10/19/2016 15:30:00,184.67,186.93,184.27,185.7,4758286
10/20/2016 15:30:00,187.27,188.77,185.37,187.57,4052300
10/21/2016 15:30:00,187.33,187.37,184.03,186.53,2426315
10/24/2016 15:30:00,186.7,195.77,185.67,194.9,10502366
10/25/2016 15:30:00,195.33,195.8,191.73,192.5,7766694
10/26/2016 15:30:00,192.33,195.23,190.87,193.4,4229417
10/27/2016 15:30:00,194.67,198.27,189.4,193.87,16298838
10/28/2016 15:30:00,195.3,196.3,190.53,191.27,6713555
11/1/2016 15:30:00,193.53,193.53,187.87,192.77,7376238
11/2/2016 15:30:00,190,190.53,183.83,184.83,9849847
11/3/2016 15:30:00,182.43,182.67,178,178.37,7185416
11/4/2016 15:30:00,178.53,181.3,176.67,179.67,4802309
11/7/2016 15:30:00,182,182.67,177.57,178.13,2946174
11/8/2016 15:30:00,178.93,181.13,176.9,180.4,3769709
11/9/2016 15:30:00,168.13,180.67,166.67,179.93,4981197
11/10/2016 15:30:00,182,186.3,180.8,184,3899493
11/11/2016 15:30:00,182,185.87,180.07,182.3,4411684
11/15/2016 15:30:00,180.17,190.97,179.67,183.73,8119979
11/16/2016 15:30:00,186,189.73,180.73,181.6,5991331
11/17/2016 15:30:00,180.83,185.33,180.13,182.17,3919444
11/18/2016 15:30:00,182.3,185.17,182.3,183.4,4342573
11/21/2016 15:30:00,183.73,185.47,181.77,184.03,4692077
11/22/2016 15:30:00,187.3,189,183.4,185.27,5901885
11/23/2016 15:30:00,186,187.63,184,186.6,4288438
11/24/2016 15:30:00,186.67,187.8,183.4,184.83,4824122
11/25/2016 15:30:00,184.5,186.57,183.6,184.97,2927757
11/28/2016 15:30:00,183.53,190.33,183.03,189.33,4113446
11/29/2016 15:30:00,189.5,191.87,187.53,189.87,4311675
11/30/2016 15:30:00,189.33,194.13,188.43,192.6,7088957
12/1/2016 15:30:00,196.67,199.07,194,194.77,8502349
12/2/2016 15:30:00,195.8,197.2,193.6,194.17,5112339
12/5/2016 15:30:00,192.8,197.77,192.8,196.93,3572230
12/6/2016 15:30:00,198.2,199.83,197.77,199.17,4187940
12/7/2016 15:30:00,199.93,200.3,197.47,198.07,4216484
12/8/2016 15:30:00,198.7,202.93,198.7,202.2,4819803
12/9/2016 15:30:00,202.77,205.2,202.73,204.53,3341555
12/12/2016 15:30:00,206.67,209.73,206.67,207.63,4927081
12/13/2016 15:30:00,209.3,209.3,205.83,208,7911844
12/14/2016 15:30:00,206.77,207.63,202.73,203.53,9535686
12/15/2016 15:30:00,202.8,208.6,201.35,206.45,10011138
12/16/2016 15:30:00,207.7,207.95,200.8,201.7,6046045
12/19/2016 15:30:00,203.1,203.4,200.1,201.4,6134651
12/20/2016 15:30:00,201.4,201.45,197.5,199.85,4487663
12/21/2016 15:30:00,200.6,202.35,199.65,201.5,4699901
12/22/2016 15:30:00,200.9,200.9,194.1,194.9,5073928
12/23/2016 15:30:00,196.95,197.25,192.5,192.95,5637468
12/26/2016 15:30:00,192,192.75,188.15,189,4468708
12/27/2016 15:30:00,190,190.9,187.7,190.3,4972743
12/28/2016 15:30:00,189.5,192.1,189.25,189.9,4245082
12/29/2016 15:30:00,190,193.75,189.95,191.6,13079156
12/30/2016 15:30:00,192.7,193.35,190.25,191.35,3664012
1/2/2017 15:30:00,191.8,193,191.35,192.25,2690448
1/3/2017 15:30:00,193.4,193.75,191.15,192.5,4764310
1/4/2017 15:30:00,193.5,196.75,192.1,194.8,7507779
1/5/2017 15:30:00,195.3,200.25,195.3,199.65,6831388
1/6/2017 15:30:00,200,206.95,200,202.55,8399536
1/9/2017 15:30:00,203.95,204.95,197.1,198,4783989
1/10/2017 15:30:00,198.9,203,197.7,198.45,6865373
1/11/2017 15:30:00,198.6,200,197.3,197.7,3657809
1/12/2017 15:30:00,198.5,201.7,198.5,199.55,7180398
1/13/2017 15:30:00,203,203.95,200.05,201.3,7173268
1/16/2017 15:30:00,201,201.8,198.05,198.35,4070898
1/17/2017 15:30:00,199,199.65,193,194.8,4631529
1/18/2017 15:30:00,195.5,198.4,193.75,198,9444964
1/19/2017 15:30:00,197.85,201.45,196.85,200.85,11378619
1/20/2017 15:30:00,200.85,202,195.45,197.3,7834336
1/23/2017 15:30:00,197.3,201.8,197.3,199.9,5350419
1/24/2017 15:30:00,201.15,202.2,199.35,201.6,3600754
1/25/2017 15:30:00,201.95,205.7,201.95,204.9,11413512
1/27/2017 15:30:00,206,208,203.15,204.5,5089894
1/30/2017 15:30:00,204.5,205.45,200.8,201.85,4594038
1/31/2017 15:30:00,210,211.8,201,202.55,39669868
2/1/2017 15:30:00,203,205,199.5,200.2,11271144
2/2/2017 15:30:00,201,204.5,200.4,200.85,8549969
2/3/2017 15:30:00,201.7,203.2,200.55,200.95,4940894
2/6/2017 15:30:00,202.8,202.85,198.75,199,5926274
2/7/2017 15:30:00,198,199.5,192.65,193.3,10805646
2/8/2017 15:30:00,194,196,192.55,194.4,7106853
2/9/2017 15:30:00,195.45,196.2,192.45,192.9,6092204
2/10/2017 15:30:00,194,195.45,193.1,193.65,6287846
2/13/2017 15:30:00,194.3,194.5,190.8,192.25,4083916
2/14/2017 15:30:00,193,196.2,191.85,195.7,7785934
2/15/2017 15:30:00,195.9,197.8,194.15,194.95,5793110
2/16/2017 15:30:00,196.05,196.3,193.75,194.1,3343438
2/17/2017 15:30:00,195,195.2,193.5,194.4,3230898
2/20/2017 15:30:00,194.7,196.2,192.25,195.3,8954741
2/21/2017 15:30:00,195.75,196.75,194.5,196.25,3280290
2/22/2017 15:30:00,198,198.5,195.1,195.6,5671343
2/23/2017 15:30:00,195.9,197.6,194.35,196,20504597
2/27/2017 15:30:00,197,198,193.8,194.7,7881156
2/28/2017 15:30:00,197.1,197.3,192.65,193.55,10367585
3/1/2017 15:30:00,196.7,196.7,193.4,193.85,11243767
3/2/2017 15:30:00,194.8,194.9,192.15,192.7,6978509
3/3/2017 15:30:00,192.35,193.5,191.6,193.05,4294857
3/6/2017 15:30:00,193.5,194.75,193,193.8,3847930
3/7/2017 15:30:00,194,196.95,193.5,196.4,7768654
3/8/2017 15:30:00,197,197.2,192.3,192.95,6553289
3/9/2017 15:30:00,191.5,191.7,189.1,189.65,6323875
3/10/2017 15:30:00,189.7,192.45,188.3,191.6,7822853
3/14/2017 15:30:00,194.6,194.6,191.5,191.9,8850096
3/15/2017 15:30:00,191.3,192.95,190.5,190.7,4219974
3/16/2017 15:30:00,193,193.6,191.25,191.8,6732778
3/17/2017 15:30:00,192,192.4,189.45,190,7462534
3/20/2017 15:30:00,190.05,191.7,189.7,190.85,5070076
3/21/2017 15:30:00,191,194.45,191,194.05,6715278
3/22/2017 15:30:00,192.5,193.9,191,192.5,4960436
3/23/2017 15:30:00,193.55,194.5,192.75,193.6,4208188
3/24/2017 15:30:00,193.35,193.4,191.35,191.9,9289757
3/27/2017 15:30:00,191.8,192,188.5,188.9,4780041
3/28/2017 15:30:00,189.7,190,186.3,186.9,9790503
3/29/2017 15:30:00,187.9,188.1,186.4,186.95,9676087
3/30/2017 15:30:00,187.05,188.25,183,183.9,14882692
3/31/2017 15:30:00,184.9,186.3,184.2,185,8217678
4/3/2017 15:30:00,185.2,186.35,184.8,185.8,4802523
4/5/2017 15:30:00,186.35,186.7,184.75,186.25,6772865
4/6/2017 15:30:00,186,188.1,185.2,187.55,7216198
4/7/2017 15:30:00,187.75,188.45,185.65,186.4,8049423
4/10/2017 15:30:00,187.3,187.75,186.2,186.45,3953031
4/11/2017 15:30:00,187.6,188.4,186.85,187.85,7982429
4/12/2017 15:30:00,188.05,188.7,185.75,186.7,4050669
4/13/2017 15:30:00,187,187.3,184.35,184.8,3338347
4/17/2017 15:30:00,185.4,185.4,182.5,183.1,3070001
4/18/2017 15:30:00,183.35,184.4,180.5,180.95,3358340
4/19/2017 15:30:00,181,181.95,179.2,179.85,4198156
4/20/2017 15:30:00,181.15,183.4,178.5,179.1,9102962
4/21/2017 15:30:00,180.1,182.05,179.7,180.25,4117134
4/24/2017 15:30:00,180.5,182.2,180.5,181.45,4311732
4/25/2017 15:30:00,182.4,182.45,180.45,181.5,5784684
4/26/2017 15:30:00,181.6,181.8,179.8,180.1,4850265
4/27/2017 15:30:00,180.7,180.8,178.3,179.1,7471812
4/28/2017 15:30:00,180,187.15,179.4,186.55,10789077
5/2/2017 15:30:00,188,193.9,187.65,192.4,17143827
5/3/2017 15:30:00,193.95,194.75,190.65,191.1,6245067
5/4/2017 15:30:00,192,192.45,188.4,188.9,4432281
5/5/2017 15:30:00,188.5,188.6,182.25,183.8,8117137
5/8/2017 15:30:00,184.6,188.2,184,185.95,5592129
5/9/2017 15:30:00,186.9,187.75,185.5,186.1,4713977
5/10/2017 15:30:00,186.95,188.45,185.6,187.95,4038348
5/11/2017 15:30:00,189.1,190.25,183.1,183.6,10796830
5/12/2017 15:30:00,184.75,186.4,184,184.85,6242350
5/15/2017 15:30:00,187.3,188.3,186.15,186.75,5766195
5/16/2017 15:30:00,187.45,187.5,184.6,185.15,6960470
5/17/2017 15:30:00,185.2,186.65,183.9,184.5,6074714
5/18/2017 15:30:00,184.4,184.4,180.5,180.9,4628258
5/19/2017 15:30:00,181.9,182.65,179.15,180.05,5853904
5/22/2017 15:30:00,181.05,181.6,176.6,177.15,5558525
5/23/2017 15:30:00,177.9,177.9,173.7,174.65,5162996
5/24/2017 15:30:00,174.3,176.25,172.9,173.7,6540417
5/25/2017 15:30:00,174.8,175.65,173.5,174.15,8230189
5/26/2017 15:30:00,174.7,177.5,174.3,175.75,6460263
5/29/2017 15:30:00,174.5,177.3,171.2,175.75,6629243
5/30/2017 15:30:00,175.1,179.35,173.1,178.65,6532975
5/31/2017 15:30:00,178.55,178.55,175.25,177,10715866
6/1/2017 15:30:00,176.9,176.9,172.6,174,8676208
6/2/2017 15:30:00,174.9,175.45,173.1,174,4039371
6/5/2017 15:30:00,174.35,178.5,174.1,175.75,5836542
6/6/2017 15:30:00,176,176,171.1,171.45,6437174
6/7/2017 15:30:00,171.5,174,171.5,172.05,7404338
6/8/2017 15:30:00,171.25,171.7,169,170.55,5798852
6/9/2017 15:30:00,171.05,171.25,167.8,169.2,6859186
6/12/2017 15:30:00,169.5,170.5,168.15,168.5,4382264
6/13/2017 15:30:00,169.1,169.75,167.85,169.1,5988071
6/14/2017 15:30:00,169.2,170.05,168.15,169.5,5698882
6/15/2017 15:30:00,170.05,170.9,166.8,167.15,8396153
6/16/2017 15:30:00,166.5,167.9,165.85,167.15,9457498
6/19/2017 15:30:00,167.5,167.8,164.6,166.05,5175569
6/20/2017 15:30:00,167,170.35,165.8,169.1,6212122
6/21/2017 15:30:00,168.2,168.45,164.35,164.8,8411843
6/22/2017 15:30:00,164.8,165.15,160.05,160.45,8856235
6/23/2017 15:30:00,161.2,161.35,157.3,158.1,4803636
6/27/2017 15:30:00,158.95,160.85,155.2,159.95,7105195
6/28/2017 15:30:00,161.05,161.45,157.5,158.1,7419236
6/29/2017 15:30:00,159.8,160.95,157.25,157.85,8800016
6/30/2017 15:30:00,157.8,158.8,156.3,157.3,5746101
7/3/2017 15:30:00,157.4,159.5,155.9,159.1,6622621
7/4/2017 15:30:00,159.5,161.75,159,159.9,5371351
7/5/2017 15:30:00,160.4,163.5,159.95,162.8,5605189
7/6/2017 15:30:00,162.8,163.4,160.1,161.7,7115526
7/7/2017 15:30:00,161.5,162,159.1,159.6,5247930
7/10/2017 15:30:00,161.25,163.2,161,162.4,1376868
7/11/2017 15:30:00,162.55,163.4,160,160.25,7988251
7/12/2017 15:30:00,161.05,165.9,161.05,162.85,12966188
7/13/2017 15:30:00,164.1,164.1,158.6,158.9,9072801
7/14/2017 15:30:00,159.5,160.05,157.65,158.35,7114944
7/17/2017 15:30:00,160,160.9,158.8,160.05,6649645
7/18/2017 15:30:00,160.5,162,159.4,161.7,5319994
7/19/2017 15:30:00,162.05,163.5,159.8,163,9814913
7/20/2017 15:30:00,162.2,167.85,162.1,165.85,16154989
7/21/2017 15:30:00,166.45,166.6,163.6,164.35,7090770
7/24/2017 15:30:00,165,165,161.7,163.25,10394896
7/25/2017 15:30:00,163.5,163.8,161.75,163.3,6521103
7/26/2017 15:30:00,164.25,164.6,163.4,164,9143178
7/27/2017 15:30:00,165,165,162,162.9,12361923
7/28/2017 15:30:00,161.6,165.5,160.25,164.75,10303502
7/31/2017 15:30:00,165,170,165,169.4,13899095
8/1/2017 15:30:00,170.25,170.3,166.8,167.4,6705176
8/2/2017 15:30:00,167.5,167.5,164.1,165.4,7743355
8/3/2017 15:30:00,165,166.75,163.15,165.7,6902925
8/4/2017 15:30:00,165.5,167.3,163.6,166.4,6316753
8/7/2017 15:30:00,166,167.05,165.1,165.9,3289743
8/8/2017 15:30:00,165.95,166.3,162.5,164,5981069
8/9/2017 15:30:00,163.8,166.2,162.5,165.7,5908883
8/10/2017 15:30:00,164.5,165.6,162.15,163.7,8412268
8/11/2017 15:30:00,161.55,162,158.5,159.65,5471462
8/14/2017 15:30:00,160.3,162.3,160,161.7,3892174
8/16/2017 15:30:00,161.7,161.75,159.5,160.95,6213088
8/17/2017 15:30:00,160.85,161.65,160,160.6,5184915
8/18/2017 15:30:00,160.1,161.65,159.5,160.9,5559512
8/21/2017 15:30:00,161.45,164.55,156.4,157.15,11137965
8/22/2017 15:30:00,158,160.4,157.5,159.45,5611720
8/23/2017 15:30:00,160.4,160.75,159.25,159.7,2344934
8/24/2017 15:30:00,160.4,160.4,159.05,159.45,3724532
8/28/2017 15:30:00,160.4,161.4,159.6,160.6,3680139
8/29/2017 15:30:00,160,160,157,157.25,7756416
8/30/2017 15:30:00,158.4,159.1,157.65,158.4,5219322
8/31/2017 15:30:00,160.6,160.65,156.05,156.95,16715886
9/1/2017 15:30:00,158,160.4,157.3,159.95,6511029
9/4/2017 15:30:00,160.4,162.3,159.1,161.8,4859269
9/5/2017 15:30:00,163,163.65,161.4,162.8,5823055
9/6/2017 15:30:00,162.4,163.8,161.9,162.3,3791076
9/7/2017 15:30:00,163.2,163.2,161.6,162.3,9101357
9/8/2017 15:30:00,162.4,163.3,159.35,161.85,10505052
9/11/2017 15:30:00,162.3,163.9,161,163.05,9449161
9/12/2017 15:30:00,163.1,163.5,161.5,162.3,10536298
9/13/2017 15:30:00,162.1,162.8,160.85,161.05,7006941
9/14/2017 15:30:00,161.5,162.5,158.25,159.35,15371676
9/15/2017 15:30:00,159.5,167.85,159,166.75,25453536
9/18/2017 15:30:00,167.05,167.95,164.8,165.2,8383548
9/19/2017 15:30:00,163.8,166.55,163.75,165.9,7052113
9/20/2017 15:30:00,167,170.9,164.5,167.7,12062311
9/21/2017 15:30:00,167.7,168.2,163.75,165.9,7198883
9/22/2017 15:30:00,165.3,165.3,163.3,164.45,10308999
9/25/2017 15:30:00,163.9,165.3,161.05,164.8,8935570
9/26/2017 15:30:00,166.1,172.5,166.1,171.4,19866213
9/27/2017 15:30:00,172.05,173.05,169.65,170.2,7437060
9/28/2017 15:30:00,169.25,173.35,166.75,171.55,14120709
9/29/2017 15:30:00,171.8,174.35,170,170.95,6418518
10/3/2017 15:30:00,174,174.05,170,170.65,5604933
10/4/2017 15:30:00,170.75,172.8,170.1,172.1,5087199
10/5/2017 15:30:00,172.7,172.7,170.8,171.2,3767993
10/6/2017 15:30:00,171.8,174.7,171.5,173.85,6144349
10/9/2017 15:30:00,173.4,173.45,170.4,170.7,2981922
10/10/2017 15:30:00,171,172.15,169.1,170.35,3112910
10/11/2017 15:30:00,171.4,172.15,168,169.15,4202871
10/12/2017 15:30:00,169.7,170.6,167.75,169.7,4877955
10/13/2017 15:30:00,169.15,170.35,168.3,169.65,5190805
10/16/2017 15:30:00,170.45,172.9,170.05,172.05,5054731
10/17/2017 20:00:00,171.15,172,170,171.2,6819547
10/18/2017 15:30:00,171,174.95,170.5,174.45,7869107
10/19/2017 20:00:00,175,175.5,171.3,172.15,1215089
10/23/2017 15:30:00,172.9,173.4,170.55,171.7,4126469
10/24/2017 15:30:00,171.5,177.25,171.05,176,10817861
10/25/2017 15:30:00,177.95,178.3,175.55,176.85,6103342
10/26/2017 15:30:00,176.45,180,175.9,177.35,15326252
10/27/2017 15:30:00,177.9,184.9,177.2,184,9866477
10/30/2017 15:30:00,188,191.35,186,186.6,16606395
10/31/2017 15:30:00,186.4,192,184.6,191.1,10698129
11/1/2017 15:30:00,192,193.2,190.1,191,5341109
11/2/2017 15:30:00,191,192.2,187.55,188,4024181
11/3/2017 15:30:00,187.15,192.4,186,191.85,7942915
11/6/2017 15:30:00,192.85,200.45,191.1,199.25,16363370
11/7/2017 15:30:00,202.5,205.5,192.9,193.8,20559837
11/8/2017 15:30:00,195,195.7,191,192.55,6275377
11/9/2017 15:30:00,193.95,195,185.85,189.6,7527346
11/10/2017 15:30:00,190,192.65,188.35,191.1,6035746
11/13/2017 15:30:00,189.95,190.3,183.55,184.2,6894203
11/14/2017 15:30:00,184.9,185.1,181.35,182,4663077
11/15/2017 15:30:00,180.6,181.4,175.8,177.55,7701984
11/16/2017 15:30:00,182.5,182.65,177.1,179.15,7245718
11/17/2017 15:30:00,182.4,183.5,177.2,177.6,6851616
11/20/2017 15:30:00,178.7,180.45,177.7,180,4004561
11/21/2017 15:30:00,180.9,182,178.2,180.9,5170506
11/22/2017 15:30:00,181.2,182.75,180,181.3,3217008
11/23/2017 15:30:00,181.9,182.75,180.5,181.7,3511238
11/24/2017 15:30:00,182.5,182.6,180.4,181,2358579
11/27/2017 15:30:00,182.35,184.45,181.55,184.05,6930971
11/28/2017 15:30:00,183.3,183.7,180,181.25,10710188
11/29/2017 15:30:00,181,184.25,181,182.45,5407391
11/30/2017 15:30:00,181,182,179.45,180.65,9645385
12/1/2017 15:30:00,182,183.1,179,179.65,3451636
12/4/2017 15:30:00,181.25,183.8,180.85,181.6,6347567
12/5/2017 15:30:00,180.1,180.7,177.3,178.4,4550575
12/6/2017 15:30:00,178.4,179.2,175.4,175.85,4194219
12/7/2017 15:30:00,175.55,177.35,175.35,176.95,4373514
12/8/2017 15:30:00,177.5,181.4,177.45,180.25,4832733
12/11/2017 15:30:00,181.95,181.95,177.7,178.9,2310668
12/12/2017 15:30:00,180.4,184.2,180.2,183.3,6983526
12/13/2017 15:30:00,183.7,187,183.1,183.9,11488267
12/14/2017 15:30:00,185.95,186.7,182.4,184.35,5885128
12/15/2017 15:30:00,185.15,186.1,182.3,183,7297568
12/18/2017 15:30:00,183,183.9,177,183.05,4785160
12/19/2017 15:30:00,183.05,186,183,185.2,4240135
12/20/2017 15:30:00,190.7,191.1,187.5,188,8877376
12/21/2017 15:30:00,188.9,189.6,187.1,188,3893100
12/22/2017 15:30:00,188.7,193.8,187.75,193.4,8914713
12/26/2017 15:30:00,194.85,197.15,192.7,193.7,11345494
12/27/2017 15:30:00,195.3,196,191.35,192.6,7260402
12/28/2017 15:30:00,193.15,194.4,192.05,193,12772109
12/29/2017 15:30:00,194,195.9,192.5,195.2,5899591
1/1/2018 15:30:00,195.2,195.7,192,192.35,5899565
1/2/2018 15:30:00,195.75,197.5,195,196.85,12878378
1/3/2018 15:30:00,197.4,197.4,193,193.45,8032715
1/4/2018 15:30:00,195.3,200,195.2,199.5,12740860
1/5/2018 15:30:00,200.95,200.95,196.3,198.45,6812787
1/8/2018 15:30:00,198,199.9,196.7,197.4,4858711
1/9/2018 15:30:00,198.5,199,196.5,197,4598757
1/10/2018 15:30:00,198.3,200,197.25,197.9,7673209
1/11/2018 15:30:00,198,199.7,197,197.9,5701402
1/12/2018 15:30:00,198.9,201.95,197.65,200.75,9291346
1/15/2018 15:30:00,199.5,200.35,196,196.6,4500523
1/16/2018 15:30:00,197.6,198.25,195,197.2,5778244
1/17/2018 15:30:00,196.3,198.65,194.1,195.7,6306388
1/18/2018 15:30:00,196.4,197.5,193.25,194.1,6247782
1/19/2018 15:30:00,194.15,196.15,192,193.7,5046015
1/22/2018 15:30:00,198,205.95,198,200.7,23165754
1/23/2018 15:30:00,202,208.7,200.4,207.35,15755015
1/24/2018 15:30:00,209.2,212,208,210.85,16132441
1/25/2018 15:30:00,212.4,212.85,207.1,208.5,10247173
1/29/2018 15:30:00,208,208.45,204.25,205.15,7620080
1/30/2018 15:30:00,203.85,208,203.5,204.8,7323876
1/31/2018 15:30:00,203,204.6,198.8,203.45,11990243
2/1/2018 15:30:00,204.05,207.05,194,194.9,10015459
2/2/2018 15:30:00,194,197.75,188,192.7,12239774
2/5/2018 15:30:00,192.4,192.45,188,188.75,7607002
2/6/2018 15:30:00,182,187,180.1,185.45,5935676
2/7/2018 15:30:00,188.05,191.5,187,190,8644010
2/8/2018 15:30:00,190,191.6,188,188.7,4540513
2/9/2018 15:30:00,187.4,190.2,184.6,187.35,7314145
2/12/2018 15:30:00,192,194.5,190.35,191,14960914
2/14/2018 15:30:00,191,192,184.3,185.75,4960527
2/15/2018 15:30:00,187.1,189,185,188.3,5046557
2/16/2018 15:30:00,187.6,189.3,186.5,186.9,4167034
2/19/2018 15:30:00,187.4,187.4,181.85,185.3,4265576
2/20/2018 15:30:00,185.8,188.5,184.8,187,5328584
2/21/2018 15:30:00,188,190.8,184.7,190.15,4651807
2/22/2018 15:30:00,187.5,188.4,185.25,186.1,8629189
2/23/2018 15:30:00,187.05,190.85,186.5,189.8,4880302
2/26/2018 15:30:00,190.35,191.95,189.5,190.35,2721955
2/27/2018 15:30:00,191,194.35,186.1,188.5,6611097
2/28/2018 15:30:00,187.7,190.2,186.3,188.3,6147245
3/1/2018 15:30:00,187.9,190.2,187.35,189.7,3450224
3/5/2018 15:30:00,189,189.4,184.2,185.55,5082390
3/6/2018 15:30:00,186.5,186.9,184.5,185.4,2906142
3/7/2018 15:30:00,185,185.25,178.8,181.5,4482279
3/8/2018 15:30:00,182,182.7,179.4,180.15,3288627
3/9/2018 15:30:00,180.3,182.95,179.5,179.9,2053847
3/12/2018 15:30:00,180.9,184.3,179,183.85,4161129
3/13/2018 15:30:00,182.4,184.2,181.55,183.6,2457755
3/14/2018 15:30:00,182.8,184.1,179.75,180.6,4846612
3/15/2018 15:30:00,181.1,181.4,178.75,180.3,5145739
3/16/2018 15:30:00,180.3,180.45,176.1,177.15,8194541
3/19/2018 15:30:00,177.7,178.4,176.15,176.85,5782668
3/20/2018 15:30:00,176.4,177.75,173.6,174.1,3020586
3/21/2018 15:30:00,175.7,177.3,173.65,175.55,4055822
3/22/2018 15:30:00,177,181.7,176.55,178.9,8348549
3/23/2018 15:30:00,176.2,179.55,176.15,177.4,6884971
3/26/2018 15:30:00,179.45,179.45,176,178.9,4169998
3/27/2018 15:30:00,180.55,181.1,177.25,179.6,3823981
3/28/2018 15:30:00,178.5,179,176.1,177.8,6229049
4/2/2018 15:30:00,179.1,180.9,178.4,179.95,2235832
4/3/2018 15:30:00,177.7,179.2,176.4,177.5,3552271
4/4/2018 15:30:00,178.5,178.5,174.7,175.4,3353172
4/5/2018 15:30:00,176.5,177.9,175.45,177.45,5375271
4/6/2018 15:30:00,179.35,179.35,176.4,176.95,3633964
4/9/2018 15:30:00,177.1,179.15,176.3,178.4,4046065
4/10/2018 15:30:00,179.4,180.6,178.2,180.2,5180326
4/11/2018 15:30:00,181.5,185.4,180.35,182.15,11607043
4/12/2018 15:30:00,183.15,184,181,181.75,4277125
4/13/2018 15:30:00,181.8,183.5,181.1,182.5,3050131
4/16/2018 15:30:00,182.2,182.35,179.8,181.5,2308502
4/17/2018 15:30:00,181.75,182.1,179.3,180.8,2721706
4/18/2018 15:30:00,181.05,182.95,181,182.1,3279393
4/19/2018 15:30:00,183.25,186.25,181.75,183.95,5004280
4/20/2018 15:30:00,185,185,181.1,182.35,1618027
4/23/2018 15:30:00,183.4,183.75,179.4,181.05,3930421
4/24/2018 15:30:00,182.1,183.05,181.5,182.65,4080212
4/25/2018 15:30:00,181.6,182.45,178.7,179.45,3629856
4/26/2018 15:30:00,179.45,181.8,177.3,180.8,6742459
4/27/2018 15:30:00,180.95,183,179.55,180.7,4687951
4/30/2018 15:30:00,178.5,181.95,178.3,180.55,3335191
5/2/2018 15:30:00,181.5,181.5,179.25,180.05,4157973
5/3/2018 15:30:00,179.95,182.35,179.7,181.1,2796713
5/4/2018 15:30:00,181.8,185.15,179.55,180.25,5325720
5/7/2018 15:30:00,181.25,184.5,180.8,183.9,4799480
5/8/2018 15:30:00,184.85,186.15,179.45,183.1,5730645
5/9/2018 15:30:00,184.4,185.75,182.2,182.85,3075560
5/10/2018 15:30:00,184.45,189.35,183.5,188.25,10328901
5/11/2018 15:30:00,188.55,189,186.3,187.5,4926216
5/14/2018 15:30:00,187.5,188.5,184.85,187.25,3255344
5/15/2018 15:30:00,189,192,184.2,189,5877427
5/16/2018 15:30:00,188.95,188.95,175.8,186.2,8348946
5/17/2018 15:30:00,185.95,189.4,184.95,188.6,4519306
5/18/2018 15:30:00,189,191.75,184.6,185.05,4488003
5/21/2018 15:30:00,186.45,188.65,185.2,185.75,3380355
5/22/2018 15:30:00,186.2,188.5,184,185.2,3796268
5/23/2018 15:30:00,183.9,185.35,174.3,175.4,5590802
5/24/2018 15:30:00,175.6,176.1,155.15,167.7,34819270
5/25/2018 15:30:00,166,176.2,162.85,175.45,12361678
5/28/2018 15:30:00,175,178.8,173.7,175.6,8087040
5/29/2018 15:30:00,176.2,177.4,173.25,175.55,11015160
5/30/2018 15:30:00,175.4,178.5,172.7,174,12554659
5/31/2018 15:30:00,177.7,180.35,175.05,177.9,23822373
6/1/2018 15:30:00,176,176,170.6,173.2,9847581
6/4/2018 15:30:00,175.4,175.4,170.4,171.1,5294603
6/5/2018 15:30:00,170.5,172.3,169.2,171.2,5918946
6/6/2018 15:30:00,171.25,172.25,169.8,170.3,3331408
6/7/2018 15:30:00,170.1,173.75,170.1,172.65,5086661
6/8/2018 15:30:00,174,174.9,172.1,173.7,4323567
6/11/2018 15:30:00,174.05,174.3,172.5,173.3,3192749
6/12/2018 15:30:00,172.85,175.6,170.8,171.4,4564556
6/13/2018 15:30:00,170.8,172,168.6,170,5321172
6/14/2018 15:30:00,169.5,170.8,167,168.5,4188442
6/15/2018 15:30:00,166.4,168.3,164.55,165.45,7589493
6/18/2018 15:30:00,164.9,167.4,163.25,164.6,4390244
6/19/2018 15:30:00,165.4,166.8,163.5,164.8,4413184
6/20/2018 15:30:00,165,165,162.15,162.75,5768211
6/21/2018 15:30:00,163.7,163.7,158.25,159.7,12638114
6/22/2018 15:30:00,160.65,160.65,158.65,159.55,5371207
6/25/2018 15:30:00,160.35,160.7,156.1,156.65,5899032
6/26/2018 15:30:00,156.4,158.9,156.05,158.3,5960446
6/27/2018 15:30:00,158.35,158.85,154.45,156.25,7034207
6/28/2018 15:30:00,156.3,158.6,151.8,153.5,17670403
6/29/2018 15:30:00,155.15,159.35,154.15,158.4,7079407
7/2/2018 15:30:00,157.85,158,153.5,155.5,9196529
7/3/2018 15:30:00,155.05,161.6,154.7,157.7,12087830
7/4/2018 15:30:00,157.8,158,155.05,156,5194030
7/5/2018 15:30:00,156,157.6,154.2,156.4,6807718
7/6/2018 15:30:00,156.9,157.35,155.25,155.45,3633191
7/9/2018 15:30:00,156,158.4,155.2,157.4,4379183
7/10/2018 15:30:00,158.5,159.8,157.35,157.95,5276248
7/11/2018 15:30:00,158,158.75,156.5,158.1,6653936
7/12/2018 15:30:00,159.6,160.2,154.75,158.95,8165181
7/13/2018 15:30:00,159.05,159.05,153.6,154.1,3523600
7/16/2018 15:30:00,155.7,156.15,153.05,153.8,3680440
7/17/2018 15:30:00,153.25,156.85,152.45,156.15,3952416
7/18/2018 15:30:00,156.9,164.8,156.85,160.3,16571981
7/19/2018 15:30:00,162.7,165.2,160.8,161.75,8472466
7/20/2018 15:30:00,161.75,162,156.6,157.95,5475594
7/23/2018 15:30:00,158.05,158.75,154.8,156.55,4553137
7/24/2018 15:30:00,157.2,158.2,155.85,157.2,3943002
7/25/2018 15:30:00,157.75,160.75,157.25,159.05,4063454
7/26/2018 15:30:00,159.2,164,158.2,162.55,8778489
7/27/2018 15:30:00,162.5,162.8,160.15,161.3,3542015
7/30/2018 15:30:00,161.45,166.45,161.15,164.1,9599714
7/31/2018 15:30:00,165.8,166.75,163,165.7,6815180
8/1/2018 15:30:00,165.25,168.75,165.15,167.2,4618179
8/2/2018 15:30:00,169.4,170.8,165.25,166.4,7825776
8/3/2018 15:30:00,170.4,171,166.2,166.8,12172870
8/6/2018 15:30:00,167.1,169.7,166.8,169.25,5159560
8/7/2018 15:30:00,170,170,166.55,167.55,4300164
8/8/2018 15:30:00,167.6,172.9,167.6,172.5,7991348
8/9/2018 15:30:00,172.55,172.9,168.35,168.9,4437178
8/10/2018 15:30:00,169.4,170.9,168.15,169.25,4341382
8/13/2018 15:30:00,168.9,168.9,165.5,166.05,3731211
8/14/2018 15:30:00,166.35,167,164.85,166.25,3791016
8/16/2018 15:30:00,165.9,166.6,163.85,164.45,4184404
8/17/2018 15:30:00,164.5,165,162.5,163.05,4754545
8/20/2018 15:30:00,164,169.9,164,168.7,9674107
8/21/2018 15:30:00,169.8,171.25,166.8,170.2,5181397
8/23/2018 15:30:00,171,172.5,168.9,171.9,6635245
8/24/2018 15:30:00,171,176.5,170.8,174.75,9867693
8/27/2018 15:30:00,175.45,176.9,175,176.05,3612496
8/28/2018 15:30:00,176.2,178.5,173.25,174.6,5439278
8/29/2018 15:30:00,175,178.7,174.1,177,6288920
8/30/2018 15:30:00,176.9,181.9,176.15,177.45,11296260
8/31/2018 15:30:00,178.75,181.25,177.75,180.05,8916222
9/3/2018 15:30:00,180.75,180.75,176.65,177.3,3168480
9/4/2018 15:30:00,177.75,178.15,173.6,174.35,2874936
9/5/2018 15:30:00,174.15,175,170.75,173.7,3735722
9/6/2018 15:30:00,174,176.15,170.6,174.5,6809374
9/7/2018 15:30:00,175,175,171.1,171.9,5309239
9/10/2018 15:30:00,170.5,171.3,168.1,168.65,5569685
9/11/2018 15:30:00,168.7,170,167.4,167.8,8750333
9/12/2018 15:30:00,166.2,170.8,166.2,168.5,5610743
9/14/2018 15:30:00,169.5,173.3,168.4,172.55,4720460
9/17/2018 15:30:00,171.1,173.55,170.65,171.7,4012086
9/18/2018 15:30:00,172.35,174.6,171.75,173.9,6426239
9/19/2018 15:30:00,173.25,178.7,173.25,177,10038603
9/21/2018 15:30:00,177.3,181.55,176.7,180.4,9298030
9/24/2018 15:30:00,181,185.4,179.3,180.6,13799885
9/25/2018 15:30:00,181.95,184.65,179.4,182.3,8363857
9/26/2018 15:30:00,184.8,184.8,178.95,180.6,6680285
9/27/2018 15:30:00,181.1,181.75,175.05,175.8,7853039
9/28/2018 15:30:00,177,181,172.35,177.2,8598293
10/1/2018 15:30:00,179.3,181.1,174.65,179,4582462
10/3/2018 15:30:00,177.9,183.5,177.9,181.45,8893914
10/4/2018 15:30:00,180.5,182.55,163.35,172.4,7866152
10/5/2018 15:30:00,160.05,160.05,145.6,147.05,35255036
10/8/2018 15:30:00,149,150.85,144.7,149.8,11709162
10/9/2018 15:30:00,150.5,151.9,145.45,146.65,6818577
10/10/2018 15:30:00,146.1,151.45,146.1,148.6,10873198
10/11/2018 15:30:00,146.1,159.6,146.1,152.95,15633772
10/12/2018 15:30:00,154.7,158.35,154.05,157.4,6089606
10/15/2018 15:30:00,158.95,160.9,156.65,160.15,4679911
10/16/2018 15:30:00,161.95,167.2,161.1,165.6,8912396
10/17/2018 15:30:00,166.6,167.3,160.55,162.1,5347724
10/19/2018 15:30:00,162.5,163.75,157,160.45,7258192
10/22/2018 15:30:00,161,161.8,155.25,155.95,5476435
10/23/2018 15:30:00,155.35,157.4,150.9,155.4,8239765
10/24/2018 15:30:00,157.95,159.7,153.6,157.75,8342857
10/25/2018 15:30:00,157,162.8,153.05,155.35,32100452
10/26/2018 15:30:00,156,156.8,149.65,151.8,9427229
10/29/2018 15:30:00,152.5,155.75,150.6,154.9,5954637
10/30/2018 15:30:00,155,155,152.1,152.95,4156028
10/31/2018 15:30:00,154,155,151.4,153.25,7562821
11/1/2018 15:30:00,155.5,155.8,153.35,154.25,5220182
11/2/2018 15:30:00,155.5,158.45,155.1,157.35,7789972
11/5/2018 19:00:00,165,165,154.2,154.95,15261029
11/6/2018 15:30:00,155.95,158.2,153.8,156.05,7749980
11/9/2018 15:30:00,158,158,155.15,156.4,6478458
11/12/2018 15:30:00,156.95,158.4,155.35,156.05,4686739
11/13/2018 15:30:00,156.05,158,155.7,156.5,5499454
11/14/2018 15:30:00,157.7,163.9,157.25,161,15008061
11/15/2018 15:30:00,161.4,162,158.1,158.85,3468318
11/16/2018 15:30:00,158,158,152.8,156.35,7515249
11/19/2018 15:30:00,156,156.5,153.1,154.55,4614296
11/20/2018 15:30:00,154.55,155.8,152.65,153.1,5480470
11/21/2018 15:30:00,155,155.5,151.3,151.75,4573137
11/22/2018 15:30:00,152.5,154.3,151.65,152.25,4477092
11/26/2018 15:30:00,153,153.6,145.1,146.6,8093330
11/27/2018 15:30:00,147.4,147.85,144.25,146.1,9231112
11/28/2018 15:30:00,146.8,148.2,142.05,142.8,14201939
11/29/2018 15:30:00,143.9,143.9,137.65,140.6,28991042
11/30/2018 15:30:00,141.6,143.7,138.5,140.3,23675557
12/3/2018 15:30:00,140.95,143,140.2,142.5,8371191
12/4/2018 15:30:00,142.6,147.95,142.4,146.15,9753442
12/5/2018 15:30:00,145.95,148.1,142.4,143.7,9774733
12/6/2018 15:30:00,142.6,142.6,138.5,140.15,5771659
12/7/2018 15:30:00,140.2,141.45,138.05,139.4,10571838
12/10/2018 15:30:00,138.5,141.25,135.15,137.1,33096556
12/11/2018 15:30:00,136,138.95,134.75,138.1,14884397
12/12/2018 15:30:00,139.5,142.5,138.85,141.7,14020937
12/13/2018 15:30:00,143,144.2,141.5,143.3,11251819
12/14/2018 15:30:00,143,150.4,140.6,146.85,23355616
12/17/2018 15:30:00,148,149.9,146.1,148.25,12767531
12/18/2018 15:30:00,147.9,148.95,146.3,147.6,10474177
12/19/2018 15:30:00,147.5,148.8,147.3,148.25,7008346
12/20/2018 15:30:00,147.95,150.75,147.4,148.6,21204077
12/21/2018 15:30:00,149,149.3,147.6,148.5,17767999
12/24/2018 15:30:00,148.5,149.7,147.3,147.9,8200455
12/26/2018 15:30:00,148.1,149.45,145.75,146.6,9247671
12/27/2018 15:30:00,147.35,151.4,146,149.7,44356763
12/28/2018 15:30:00,148.2,151.5,148,150.5,10732729
12/31/2018 15:30:00,150.15,150.8,149.1,149.9,5778308
1/1/2019 15:30:00,150,150.1,148,148.5,4496586
1/2/2019 15:30:00,148,148.35,145.75,147.05,17436694
1/3/2019 15:30:00,145,145.65,141.6,142.4,26599483
1/4/2019 15:30:00,142.05,146.2,142.05,145.7,7395898
1/7/2019 15:30:00,147.55,148.4,145.75,147.85,12700566
1/8/2019 15:30:00,149.1,149.1,146.3,147.45,6163846
1/9/2019 15:30:00,147.9,148.2,144.85,145.3,4951441
1/10/2019 15:30:00,145.9,147,143,143.25,7131028
1/11/2019 15:30:00,144,145.5,143.65,144.65,7665486
1/14/2019 15:30:00,145,145.2,142.5,143.45,6028078
1/15/2019 15:30:00,144.7,145.5,144.05,145.15,3680774
1/16/2019 15:30:00,145.2,147.25,145.2,146.35,3667241
1/17/2019 15:30:00,146.5,147.45,144.45,145,5142302
1/18/2019 15:30:00,145.1,147.7,145.1,146.75,4904282
1/21/2019 15:30:00,147,147.2,144.1,144.7,4087312
1/22/2019 15:30:00,145.5,146,144.05,144.35,4113351
1/23/2019 15:30:00,144.7,145.55,143,143.3,4946218
1/24/2019 15:30:00,143.4,143.95,141.05,141.7,3820645
1/25/2019 15:30:00,142.1,144.45,141.65,142,3871762
1/28/2019 15:30:00,142.5,142.95,139.65,141.65,2910523
1/29/2019 15:30:00,142.3,143.7,140.1,141.05,7282910
1/30/2019 15:30:00,141.45,141.5,138.5,139.7,8511453
1/31/2019 15:30:00,140.2,142.8,139.25,141.25,28107358
2/1/2019 15:30:00,141,143.3,139.8,141.8,5260578
2/4/2019 15:30:00,142.5,147.45,142.45,146.25,9532350
2/5/2019 15:30:00,146,148.2,142.3,142.95,5413425
2/6/2019 15:30:00,143.4,147.75,142.5,146.7,5075180
2/7/2019 15:30:00,146.9,148.3,145.5,147.9,6080631
2/8/2019 15:30:00,146.3,148.3,143.15,144.15,4510762
2/11/2019 15:30:00,143.25,143.65,137.1,138.2,6424512
2/12/2019 15:30:00,138.5,140.95,136.55,137.45,6816203
2/13/2019 15:30:00,138.75,139.5,133.1,133.4,8709694
2/14/2019 15:30:00,133.5,134.2,127.6,132.15,25346334
2/15/2019 15:30:00,138,140.9,133.4,135,37975666
2/19/2019 15:30:00,137.2,140.35,137.2,139.15,9077045
2/20/2019 15:30:00,141.6,145.35,140,144.05,14236359
2/21/2019 15:30:00,145,148.6,144.2,146.95,13876243
2/22/2019 15:30:00,148.6,150.5,147.1,148.6,18273813
2/25/2019 15:30:00,149,149.35,145.7,147.75,20216077
2/26/2019 15:30:00,147.5,149.2,146,147.5,12458860
2/27/2019 15:30:00,148.75,149.75,146.5,148,11868751
2/28/2019 15:30:00,144.4,150.75,143.1,148.65,48854712
3/1/2019 15:30:00,149.9,150.2,147.85,149.1,9764801
3/5/2019 15:30:00,148.75,155.65,147.85,155,11194669
3/6/2019 15:30:00,155.1,157,152.8,154.8,15648948
3/7/2019 15:30:00,154.8,155.5,151.5,152.05,30210637
3/8/2019 15:30:00,152.1,152.6,147,150.4,17986042
3/11/2019 15:30:00,151.55,154.3,151.1,153,15880368
3/12/2019 15:30:00,154,155.6,151.1,151.85,10818012
3/13/2019 15:30:00,151.25,151.25,145.7,149.75,21001041
3/14/2019 15:30:00,150,152.5,149.5,151.05,6328309
3/15/2019 15:30:00,151.9,157.45,151.2,156,15483879
3/18/2019 15:30:00,155,157.3,153.6,154.65,7575127
3/19/2019 15:30:00,155.95,163.2,154.8,157,18289779
3/20/2019 15:30:00,156.65,157.05,150.6,151.85,28675956
3/22/2019 15:30:00,152.95,153.45,148.45,152.35,26751005
3/25/2019 15:30:00,152,160.55,150.7,158.65,22638399
3/26/2019 15:30:00,159,163.05,158.7,160.05,16694599
3/27/2019 15:30:00,160.15,161.4,157.5,160.1,10063152
3/28/2019 15:30:00,160,160.25,155.2,155.9,25492224
3/29/2019 15:30:00,157,162.3,155.5,159.75,28968721
4/1/2019 15:30:00,160.5,160.95,155.8,157.25,20605152
4/2/2019 15:30:00,159.2,159.7,156.4,157.5,10435568
4/3/2019 15:30:00,158.55,159.1,154.6,155.45,8283863
4/4/2019 15:30:00,155.25,156.35,153.3,155.25,10752094
4/5/2019 15:30:00,156,157.15,153.95,156.55,6797106
4/8/2019 15:30:00,157.8,160.25,156.55,158.1,13120469
4/9/2019 15:30:00,158.6,158.9,157.05,157.55,8487177
4/10/2019 15:30:00,156.95,159.95,156.8,158,9363447
4/11/2019 15:30:00,158,159.4,155.9,158.6,5279154
4/12/2019 15:30:00,159,159.65,157.25,157.6,5631030
4/15/2019 15:30:00,158.3,158.3,156.1,156.45,3902646
4/16/2019 15:30:00,156.5,161,155.85,160.45,8394765
4/18/2019 15:30:00,160.85,162.2,159.05,160.6,9606055
4/22/2019 15:30:00,160.7,161.5,156.9,157.9,5543020
4/23/2019 15:30:00,158,165,157.6,163.75,10137024
4/24/2019 15:30:00,165.7,170.45,165.7,168.65,33596281
4/25/2019 15:30:00,168.35,170,166.55,168.85,134264338
4/26/2019 15:30:00,169.5,169.95,167.9,168.4,8708111
4/30/2019 15:30:00,168,171.15,166.15,169.2,9844317
5/2/2019 15:30:00,169.3,172,168.4,168.9,22056708
5/3/2019 15:30:00,168.85,171.9,168.7,170.25,12720120
5/6/2019 15:30:00,170,171.7,168.15,170.15,18962836
5/7/2019 19:00:00,170.4,172.5,168.6,171.7,9042790
5/8/2019 15:30:00,171.4,171.4,167.75,168.9,8603091
5/9/2019 15:30:00,167.4,170.1,167.4,169.4,6869953
5/10/2019 15:30:00,168.4,169.4,165.7,166.3,6195094
5/13/2019 15:30:00,167.2,167.9,163,164.1,7792358
5/14/2019 15:30:00,162,165.4,160.85,164.15,7268915
5/15/2019 15:30:00,164.6,165.2,161.8,162.75,5412275
5/16/2019 15:30:00,163.4,166.9,162,165.95,5197438
5/17/2019 15:30:00,166.5,168,162.1,167.35,5532072
5/20/2019 15:30:00,170,176.6,169.1,176,7103649
5/21/2019 15:30:00,175.1,176.5,173.8,174.75,7135887
5/22/2019 15:30:00,174.85,178,174.15,177,10347293
5/23/2019 15:30:00,178.5,178.9,173,174.15,9247879
5/24/2019 15:30:00,174,175.9,168.8,174.4,9263195
5/27/2019 15:30:00,174,175.2,172.55,173.65,7461458
5/28/2019 15:30:00,173.15,176.4,171.6,175.3,16628505
5/29/2019 15:30:00,173.9,174.65,170.35,171.55,7205487
5/30/2019 15:30:00,172,172,167.55,169.45,21945960
5/31/2019 15:30:00,168,173.95,166.55,171.95,17113729
6/3/2019 15:30:00,173,173.2,167.5,172.15,17756361
6/4/2019 15:30:00,172.9,173.5,170.05,170.6,8578302
6/6/2019 15:30:00,170.5,172.1,168.85,169.4,14152285
6/7/2019 15:30:00,169.6,170.1,166.55,167.5,5052519
6/10/2019 15:30:00,168.1,169,163.2,164.65,10866149
6/11/2019 15:30:00,164.85,170.35,164.85,169.25,11282418
6/12/2019 15:30:00,168.05,171.45,166,170.85,9478876
6/13/2019 15:30:00,168.8,170.2,167,168.95,6678516
6/14/2019 15:30:00,168.95,171,168.45,169.3,7153585
6/17/2019 15:30:00,169.5,169.95,162.95,164.4,4603627
6/18/2019 15:30:00,164,166.95,163.25,166.15,5808715
6/19/2019 15:30:00,166.8,169.1,164.6,167.35,4625698
6/20/2019 15:30:00,166.3,172.75,166.3,172,5793816
6/21/2019 15:30:00,171.75,173.45,169.8,170.95,11402911
6/24/2019 15:30:00,171.15,171.85,164.85,165.2,6585159
6/25/2019 15:30:00,165.5,168.45,165.5,166.2,6697367
6/26/2019 15:30:00,166.1,169.15,166.1,167.55,5978575
6/27/2019 15:30:00,167.55,171.8,167.25,170.6,36738164
6/28/2019 15:30:00,170.3,171.3,166.65,167.75,5325984
7/1/2019 15:30:00,168.2,170.4,159.25,161,15160240
7/2/2019 15:30:00,163,166.25,161.5,165.65,10975678
7/3/2019 15:30:00,165.8,167.95,163.5,166.3,8253849
7/4/2019 15:30:00,166.4,168.9,166.1,167.1,8827834
7/5/2019 15:30:00,167.1,168.05,160,161.5,14509056
7/8/2019 15:30:00,161.45,161.5,151.05,152.4,10273814
7/9/2019 15:30:00,152.4,155.45,150.65,153.4,15033604
7/10/2019 15:30:00,153.05,154.4,149.65,151.65,5310646
7/11/2019 15:30:00,153,154.1,152,153.1,6576542
7/12/2019 15:30:00,153,153.35,148,149.7,13015538
7/15/2019 15:30:00,150,151.7,148.8,150.7,8465078
7/16/2019 15:30:00,151,154.4,150.7,152.25,12865346
7/17/2019 15:30:00,152.4,153.65,149,149.9,8046201
7/18/2019 15:30:00,149.95,150.8,143.05,143.4,15971004
7/19/2019 15:30:00,144.5,145.8,140.4,143.9,25660025
7/22/2019 15:30:00,144,147.4,140.65,146.65,12077069
7/23/2019 15:30:00,146.5,147.75,144.15,144.6,5519598
7/24/2019 15:30:00,145.4,145.85,142.9,143.6,9202665
7/25/2019 15:30:00,144.3,144.8,141.4,143.85,28004780
7/26/2019 15:30:00,144.4,144.4,141.4,141.9,10055490
7/29/2019 15:30:00,142,142.4,138.35,140.35,19155260
7/30/2019 15:30:00,141.4,141.8,138.1,138.75,11943745
7/31/2019 15:30:00,137.7,139.7,136.25,138.85,9857785
8/1/2019 15:30:00,138.5,139.75,135.1,136.9,9105690
8/2/2019 15:30:00,136,136.35,132.75,134.35,9912972
8/5/2019 15:30:00,132.8,132.9,130.1,131.3,9551686
8/6/2019 15:30:00,130.85,132.5,129.35,131.45,11765339
8/7/2019 15:30:00,131.45,131.85,128.4,130.5,13083927
8/8/2019 15:30:00,130.5,132.7,127.9,130.85,10164125
8/9/2019 15:30:00,131.65,132.4,129.65,130.95,8847432
8/13/2019 15:30:00,130.95,133.5,125.5,127.75,12944927
8/14/2019 15:30:00,129,129.8,125.75,126.85,14449993
8/16/2019 15:30:00,127.7,129.1,126.4,127.9,12017531
8/19/2019 15:30:00,128,128.5,126.05,126.3,5695238
8/20/2019 15:30:00,126.6,126.85,124.35,125.05,6214250
8/21/2019 15:30:00,125,125.55,119.65,121.2,9765538
8/22/2019 15:30:00,121.2,121.5,116.2,116.95,8867462
8/23/2019 15:30:00,116.35,123.45,115.75,122.25,10008179
8/26/2019 15:30:00,124,125.05,119.6,123.75,11056410
8/27/2019 15:30:00,124.1,126.4,123.15,125.6,18829260
8/28/2019 15:30:00,125.05,125.95,120.4,121.2,11763326
8/29/2019 15:30:00,120,124.25,119.5,123.25,30777971
8/30/2019 15:30:00,123.5,125.75,119.5,121.2,9910931
9/3/2019 15:30:00,120.5,120.5,116.5,117.15,8243808
9/4/2019 15:30:00,117.5,119.4,115.55,119,8873226
9/5/2019 15:30:00,119.45,129.9,119.45,125.15,32226347
9/6/2019 15:30:00,126.4,128.55,124.5,127.95,15759526
9/9/2019 15:30:00,127.3,129.95,126,129.4,9454697
9/11/2019 15:30:00,129.2,130.9,125.15,125.75,11398745
9/12/2019 15:30:00,126.25,128.35,125.25,125.9,8659474
9/13/2019 15:30:00,126.25,129.3,125.35,128.85,13251256
9/16/2019 15:30:00,130.95,133.25,128.5,130.7,18224041
9/17/2019 15:30:00,130.75,132,129.05,129.7,11879210
9/18/2019 15:30:00,129.7,129.95,125.95,127,12238136
9/19/2019 15:30:00,127,127.25,123.65,124.3,8680319
9/20/2019 15:30:00,124.4,134.95,121.6,133.6,30270009
9/23/2019 15:30:00,137.45,140.85,134.95,136.3,17685955
9/24/2019 15:30:00,136.25,139.8,132.8,133.5,16012272
9/25/2019 15:30:00,132,133.65,130.7,131.45,5824582
9/26/2019 15:30:00,131.8,138.05,131.2,137.05,19764328
9/27/2019 15:30:00,135.9,136.1,130.45,131.5,11359611
9/30/2019 15:30:00,131.1,132.9,128.55,131.8,11625597
10/1/2019 15:30:00,131.5,133.35,126.75,128.2,10259184
10/3/2019 15:30:00,128.2,129.85,125.4,128.1,7082143
10/4/2019 15:30:00,129.95,132.75,127.3,129.55,20137433
10/7/2019 15:30:00,129.55,129.75,125.4,126.55,9194007
10/9/2019 15:30:00,126.45,127.15,123.95,125.85,15309757
10/10/2019 15:30:00,125.85,127.1,125.1,125.5,6169256
10/11/2019 15:30:00,126.3,129.9,126.1,129,11840486
10/14/2019 15:30:00,129.45,136.45,129,135.25,19460416
10/15/2019 15:30:00,137,139.15,135.35,138.65,17145941
10/16/2019 15:30:00,140,143.2,138.3,141.65,15149481
10/17/2019 15:30:00,141.1,141.9,139.15,141.4,9372042
10/18/2019 15:30:00,140.1,144.5,139.9,143.5,17597233
10/22/2019 15:30:00,143.5,146.15,142.2,144.25,11582273
10/23/2019 15:30:00,144.25,144.95,141.25,141.9,7500868
10/24/2019 15:30:00,141.9,142.2,139.05,140.7,6919238
10/25/2019 19:00:00,141.6,141.6,138.1,139.55,6636201
10/27/2019 19:25:00,140.35,140.85,139,140.2,698557
10/29/2019 15:30:00,140.55,143.85,138.2,142.15,8236221
10/30/2019 15:30:00,144,144,139.8,140.55,7064774
10/31/2019 15:30:00,140.6,142.2,139.65,141.7,22281969
11/1/2019 15:30:00,140.55,144.75,140.1,144.15,8049866
11/4/2019 15:30:00,144.15,149.65,144.15,147.4,11733406
11/5/2019 15:30:00,148.2,148.75,145,146.35,7883507
11/6/2019 15:30:00,146.35,148,143.85,144.65,6207456
11/7/2019 15:30:00,144.95,145.05,140.4,142.05,7332352
11/8/2019 15:30:00,141.95,143.5,137.6,138.3,8252930
11/11/2019 15:30:00,138.4,139.75,136.65,139.1,7032172
11/13/2019 15:30:00,139.1,140.4,137.5,138.2,7969923
11/14/2019 15:30:00,138.2,139.25,135.65,136.2,8178628
11/15/2019 15:30:00,137.3,138.8,135.15,135.55,8390855
11/18/2019 15:30:00,135.45,136.1,133.2,133.9,6851414
11/19/2019 15:30:00,135,135.1,132.8,133.25,5821375
11/20/2019 15:30:00,132.85,135.25,132.25,133.7,7657346
11/21/2019 15:30:00,133.7,134.5,130.6,131.15,7946555
11/22/2019 15:30:00,131,134.65,130.8,133.85,6323556
11/25/2019 15:30:00,133.85,134.55,130.5,130.95,11930938
11/26/2019 15:30:00,131.85,133.4,129.25,130.25,16115025
11/27/2019 15:30:00,130.4,133.05,129.55,132.65,5343104
11/28/2019 15:30:00,132.4,133.55,131.1,133.15,6663638
11/29/2019 15:30:00,133.05,133.45,130.5,131.75,9434148
12/2/2019 15:30:00,131.05,131.45,127.55,128.6,15010167
12/3/2019 15:30:00,128.1,128.4,126,127.65,7809967
12/4/2019 15:30:00,126.9,130.65,126.85,130.05,5821599
12/5/2019 15:30:00,129.3,130.4,128.45,128.9,4185400
12/6/2019 15:30:00,129.5,129.5,126.3,126.55,5097809
12/9/2019 15:30:00,126.9,127.8,125.6,126.3,3841176
12/10/2019 15:30:00,126.4,128.3,124.9,125.2,6125011
12/11/2019 15:30:00,126.1,128.5,125,128,6878932
12/12/2019 15:30:00,128.1,128.3,125.35,125.9,9804404
12/13/2019 15:30:00,126.45,127.45,126,126.5,6663052
12/16/2019 15:30:00,126.5,126.95,125,125.6,6241723
12/17/2019 15:30:00,125.15,126,124.3,125.3,8062616
12/18/2019 15:30:00,125.6,125.65,124.15,125.1,6687482
12/19/2019 15:30:00,125.1,126.85,124.2,125.7,6223102
12/20/2019 15:30:00,126,126.8,124.85,125.15,8515990
12/23/2019 15:30:00,124.9,126.3,124.05,124.65,10466423
12/24/2019 15:30:00,124.9,126.6,124.7,126,9979742
12/26/2019 15:30:00,126,129.55,124.5,128,23164167
12/27/2019 15:30:00,129.5,129.9,127.2,128.4,8435235
12/30/2019 15:30:00,128.4,129.25,127.1,127.95,4023932
12/31/2019 15:30:00,127.2,129.25,127.2,128.8,5102473
1/1/2020 15:30:00,128.75,128.9,126.85,127.45,2574894
1/2/2020 15:30:00,127.65,128.65,127.1,128.05,4759843
1/3/2020 15:30:00,131,133.4,128.05,128.45,31381588
1/6/2020 15:30:00,129.7,129.8,125.1,126.25,14611204
1/7/2020 15:30:00,125.6,127.7,125.4,125.75,7193304
1/8/2020 15:30:00,125,125.45,123.2,123.45,6236192
1/9/2020 15:30:00,124.95,125.1,122.8,123.7,10135017
1/10/2020 15:30:00,124.45,125.2,123.7,124.15,6550218
1/13/2020 15:30:00,124.25,125.7,124.25,125.45,5737187
1/14/2020 15:30:00,125.45,125.65,123.8,125.05,12432511
1/15/2020 15:30:00,125.05,125.5,124.25,124.65,5714614
1/16/2020 15:30:00,125,125.2,124.05,124.5,7322878
1/17/2020 15:30:00,124.55,125.55,124,125.4,8561603
1/20/2020 15:30:00,126,126.75,120,122.9,16106541
1/21/2020 15:30:00,123.05,124.5,122.4,122.75,6497799
1/22/2020 15:30:00,122,122,116,116.4,23639592
1/23/2020 15:30:00,117.25,118.95,116.4,117.8,21105999
1/24/2020 15:30:00,118,119.8,117.3,118.35,11172364
1/27/2020 15:30:00,118.35,118.5,116.8,117.25,12078165
1/28/2020 15:30:00,117.55,117.7,115.6,116.6,11611352
1/29/2020 15:30:00,117.35,118.15,116.45,117.65,15562740
1/30/2020 15:30:00,117.55,117.55,115,115.6,21142714
1/31/2020 15:30:00,115.8,116,106.75,108.95,83360147
2/1/2020 17:00:00,109,109.55,102.7,104.15,30703477
2/3/2020 15:30:00,104.35,104.95,101.55,103.45,18445537
2/4/2020 15:30:00,104.1,106.9,103.8,106.15,16896688
2/5/2020 15:30:00,106.4,107.4,105.1,106.8,11348275
2/6/2020 15:30:00,106.8,107.8,106.3,107.25,10750236
2/7/2020 15:30:00,107.3,109.75,106.55,109.25,21415595
2/10/2020 15:30:00,109.15,109.15,105.75,106.2,32081049
2/11/2020 15:30:00,107.15,107.65,106.3,106.8,20946852
2/12/2020 15:30:00,107,107.8,106.5,106.7,13053367
2/13/2020 15:30:00,107,108.2,104.25,105.35,17702073
2/14/2020 15:30:00,105.55,106.3,103,103.3,26644685
2/17/2020 15:30:00,101.5,102.9,98.8,99.95,36666416
2/18/2020 15:30:00,99.95,100.25,96.55,99.3,35575369
2/19/2020 15:30:00,100.3,102.2,98.8,101.7,21806183
2/20/2020 15:30:00,102,104.1,101.7,102.8,28378025
2/24/2020 15:30:00,102.5,102.5,97.2,98.05,20167769
2/25/2020 15:30:00,98.7,100.25,97.25,97.55,18255196
2/26/2020 15:30:00,97.4,98.5,95.5,95.8,16192058
2/27/2020 15:30:00,95.7,96.2,92.05,93.35,29616674
2/28/2020 15:30:00,90.3,92.7,89.5,91.95,30416954
3/2/2020 15:30:00,94,95,88.25,89.1,24442896
3/3/2020 15:30:00,90.9,94,89.65,93.35,24098468
3/4/2020 15:30:00,94.2,94.9,90.7,92.8,22998427
3/5/2020 15:30:00,93.35,94.4,92,92.6,16357817
3/6/2020 15:30:00,89.5,91.5,87.65,88.5,17823038
3/9/2020 15:30:00,82.15,82.5,74,74.55,86674325
3/11/2020 15:30:00,76.75,77.4,71.05,71.7,63570122
3/12/2020 15:30:00,66.6,68.4,62,62.5,76138489
3/13/2020 15:30:00,59.4,67,50,65.9,73052306
3/16/2020 15:30:00,63.5,65.2,60,60.15,49834392
3/17/2020 15:30:00,61.1,63,59.65,60,46722526
3/18/2020 15:30:00,61.6,86.8,57.5,68.15,178593486
3/19/2020 15:30:00,62.15,64,58.1,61.05,61261160
3/20/2020 15:30:00,63.05,74.4,62.75,72.35,128784781
3/23/2020 15:30:00,60.65,65.5,60,60.4,36059063
3/24/2020 15:30:00,63.5,64.7,60.1,62.5,38810910
3/25/2020 15:30:00,61.2,63,60,61.55,28639667
3/26/2020 15:30:00,61.85,65.6,59.65,64.75,46474998
3/27/2020 15:30:00,66,66,62.8,64.45,33298960
3/30/2020 15:30:00,61.05,65.65,60.1,63.35,32935523
3/31/2020 15:30:00,65,69.65,63.55,68.3,45892788
4/1/2020 15:30:00,67,67.25,65.1,65.75,21883464
4/3/2020 15:30:00,69,71,66.5,69.85,39761221
4/7/2020 15:30:00,71.2,74.4,70.2,72.9,30983247
4/8/2020 15:30:00,72.4,76.35,71,74.45,30556746
4/9/2020 15:30:00,76,77.65,76,77.3,19210693
4/13/2020 15:30:00,78.8,78.8,72.65,75.05,22316547
4/15/2020 15:30:00,75.1,76.45,73.5,74.35,22311692
4/16/2020 15:30:00,74,76.5,73.4,75.45,24473642
4/17/2020 15:30:00,77.8,77.8,75.15,76.3,14565447
4/20/2020 15:30:00,75.35,75.65,73.8,74,15699082
4/21/2020 15:30:00,69.7,70.75,67.2,69.35,27607651
4/22/2020 15:30:00,65.9,66.35,60.8,65.35,73847573
4/23/2020 15:30:00,67.5,69.05,66.55,67.35,38208748
4/24/2020 15:30:00,67.15,69.5,66.6,67.6,31588406
4/27/2020 15:30:00,68,69.5,67.65,68.45,16723890
4/28/2020 15:30:00,67.8,69.7,67.1,69.2,20423140
4/29/2020 15:30:00,69.4,70.95,68.7,70.5,18028576
4/30/2020 15:30:00,72.6,81.05,71.5,79.9,54295139
5/4/2020 15:30:00,76,77.85,74.05,76.55,28642245
5/5/2020 15:30:00,78.9,81.9,78.15,78.45,61865518
5/6/2020 15:30:00,81.35,81.35,77.45,79.25,38948341
5/7/2020 15:30:00,78.3,78.3,75.1,75.6,20806305
5/8/2020 15:30:00,76.4,77.2,74.75,76,18523906
5/11/2020 15:30:00,76,78.15,74.5,77.05,15701778
5/12/2020 15:30:00,76.95,77.35,74.5,76.3,14186808
5/13/2020 15:30:00,79,79.05,76.25,78.2,20494837
5/14/2020 15:30:00,77,77.35,75.2,76.15,13346163
5/15/2020 15:30:00,77.25,78.5,75.9,76.15,16836413
5/18/2020 15:30:00,76.95,76.95,72.4,72.9,13015452
5/19/2020 15:30:00,74.4,78.7,74.1,77.15,42316096
5/20/2020 15:30:00,77.2,78.5,76.3,78,12969876
5/21/2020 15:30:00,78.75,79,76.4,77,17999916
5/22/2020 15:30:00,76.95,76.95,75.4,76.15,12443833
5/26/2020 15:30:00,77,78.2,76.6,77,11840048
5/27/2020 15:30:00,77.2,78.2,75.9,77.95,11656180
5/28/2020 15:30:00,77.5,80.95,77.4,78.85,18646208
5/29/2020 15:30:00,78.05,83.75,77.4,83.2,40559737
6/1/2020 15:30:00,85,86.5,83.65,83.95,25048603
6/2/2020 15:30:00,84.45,84.9,82.6,84.3,15368224
6/3/2020 15:30:00,86.05,87.45,85.3,86.3,23937209
6/4/2020 15:30:00,85,86.05,84,84.9,15121039
6/5/2020 15:30:00,85.1,88.8,85,86.95,18203733
6/8/2020 15:30:00,90,93.1,89.2,90.95,32511412
6/9/2020 15:30:00,91.95,92.4,89.35,90,16702416
6/10/2020 15:30:00,90.6,91.5,87.7,88.25,17382524
6/11/2020 15:30:00,88.3,89.55,86.5,86.9,14276814
6/12/2020 15:30:00,81.55,84.2,81.55,83.9,20601082
6/15/2020 15:30:00,84,85.9,83,84.1,17275091
6/16/2020 15:30:00,85.5,85.75,82.35,83.9,13467650
6/17/2020 15:30:00,83.6,84.75,83.2,84.2,15440386
6/18/2020 15:30:00,83,83.95,81.8,83.6,18460702
6/19/2020 15:30:00,85.5,86.3,84.3,85.75,21920952
6/22/2020 15:30:00,86.1,86.2,84.1,84.85,19229487
6/23/2020 15:30:00,85.5,86.5,84.4,85.65,23442659
6/24/2020 15:30:00,86.25,86.65,82.55,83.1,33082696
6/25/2020 15:30:00,82.25,84,80,81.6,121278403
6/26/2020 15:30:00,83.1,84.8,82.5,84.15,23684918
6/29/2020 15:30:00,83.95,84.1,81.6,82.4,14299404
6/30/2020 15:30:00,83.5,83.55,80.65,81.35,25762628
7/1/2020 15:30:00,79,80.95,78.3,80.45,35344809
7/2/2020 15:30:00,81.35,84.15,81.1,81.85,35154233
7/3/2020 15:30:00,82.45,83.35,81.6,82.4,16793161
7/6/2020 15:30:00,83.05,84.9,82.8,83.75,17511379
7/7/2020 15:30:00,83.75,83.8,81.8,81.95,20124675
7/8/2020 15:30:00,82,82.9,81,81.3,18626982
7/9/2020 15:30:00,81.6,82.25,79.9,80.2,17348338
7/10/2020 15:30:00,80,80.15,77.7,78.55,17773267
7/13/2020 15:30:00,79.2,79.55,78.4,78.9,9361006
7/14/2020 15:30:00,78.5,78.95,77.15,77.35,9303884
7/15/2020 15:30:00,78,78.2,75.85,76.25,14377120
7/16/2020 15:30:00,76.4,76.7,75,76.15,10605125
7/17/2020 15:30:00,76.3,80.65,76.3,80.35,24934073
7/20/2020 15:30:00,81,81.25,79.2,80.3,15570377
7/21/2020 15:30:00,80.6,82.9,80.35,82.45,20976714
7/22/2020 15:30:00,82.75,83.5,81.7,82.6,17884327
7/23/2020 15:30:00,82.5,83.85,82.05,82.65,14674735
7/24/2020 15:30:00,82.1,82.4,80.25,81,10000517
7/27/2020 15:30:00,81.4,82,80.1,80.8,8511120
7/28/2020 15:30:00,81,81.25,79.3,79.9,10618186
7/29/2020 15:30:00,79.8,80.7,79.3,79.5,9906214
7/30/2020 15:30:00,80,80.4,77.5,77.7,9671441
7/31/2020 15:30:00,77.95,78.85,77.15,78.3,10965340
8/3/2020 15:30:00,78.35,78.5,75.55,75.9,11874519
8/4/2020 15:30:00,76.3,77.7,75.9,76.1,13370396
8/5/2020 15:30:00,76.5,77.5,76.3,76.95,9078922
8/6/2020 15:30:00,77.85,79.95,77.05,78.05,26386804
8/7/2020 15:30:00,78.15,79.4,78.1,78.65,11787233
8/10/2020 15:30:00,79.5,79.75,78.9,79.05,7067873
8/11/2020 15:30:00,79.55,80,78.2,78.45,10835770
8/12/2020 15:30:00,78.45,79.1,77.7,78.1,10482298
8/13/2020 15:30:00,78.55,79.45,78.4,78.6,7316685
8/14/2020 15:30:00,78.7,78.95,76.95,77.1,11637195
8/17/2020 15:30:00,77.5,79.8,77.4,79.3,13612342
8/18/2020 15:30:00,79.75,81.9,79.15,80.65,28330266
8/19/2020 15:30:00,80.85,81.7,79.1,79.55,12081506
8/20/2020 15:30:00,79,83.25,77.9,82.15,37457741
8/21/2020 15:30:00,82.95,83.45,80.65,81.05,17027759
8/24/2020 15:30:00,81.3,81.85,80.6,81.25,9798867
8/25/2020 15:30:00,81.4,82.5,80.2,80.5,22481154
8/26/2020 15:30:00,81.2,82.1,80.75,81.4,15968479
8/27/2020 15:30:00,81.8,81.95,80,80.15,16309200
8/28/2020 15:30:00,80.35,81.8,80,80.35,14667141
8/31/2020 15:30:00,81,85.5,80.9,81.95,93193563
9/1/2020 15:30:00,82.75,82.8,78,79.35,38005572
9/2/2020 15:30:00,81.15,81.75,79.5,80.3,31155170
9/3/2020 15:30:00,80.5,81.3,78.8,79.05,19976183
9/4/2020 15:30:00,78.55,79.1,77.35,77.9,12855872
9/7/2020 15:30:00,78.2,78.35,75.95,76.45,16574103
9/8/2020 15:30:00,76.55,76.65,74,74.45,17905760
9/9/2020 15:30:00,73.95,73.95,70.9,72.7,28166431
9/10/2020 15:30:00,73.5,74.4,72.65,73.65,18646453
9/11/2020 15:30:00,73.45,73.7,72.6,73.3,11511957
9/14/2020 15:30:00,73.85,74.75,73.25,73.65,11990117
9/15/2020 15:30:00,73.75,74.35,73.25,73.8,8883209
9/16/2020 15:30:00,74.25,74.45,72.55,73.05,10285753
9/17/2020 15:30:00,73.05,74.3,72.85,73.15,16070908
9/18/2020 15:30:00,73.8,74.8,72.95,74.3,25692290
9/21/2020 15:30:00,74,74.1,70.9,71.15,13686791
9/22/2020 15:30:00,71,71.3,68.75,69.5,18043170
9/23/2020 15:30:00,69.7,70.15,67.4,67.65,17014241
9/24/2020 15:30:00,66.05,67.35,65.5,66.65,32950980
9/25/2020 15:30:00,68,69.25,66.15,68.9,20235948
9/28/2020 15:30:00,69.45,73.7,69.25,71.85,28336618
9/29/2020 15:30:00,72.5,72.7,68.9,69.15,20798564
9/30/2020 15:30:00,69.4,70.45,67.6,69.25,20069463
10/1/2020 15:30:00,67.5,69.4,66.65,69.15,20869336
10/5/2020 15:30:00,69,69.7,68.4,69.2,12608190
10/6/2020 15:30:00,70,70.2,69,69.35,10028722
10/7/2020 15:30:00,69.3,73.35,69.1,70.5,50074521
10/8/2020 15:30:00,70.9,71,68.25,68.45,21348290
10/9/2020 15:30:00,69,70.6,68.25,70.3,25747434
10/12/2020 15:30:00,70.3,70.6,68.8,69.15,10564969
10/13/2020 15:30:00,69.1,69.75,68.8,69.1,9070869
10/14/2020 15:30:00,68.5,68.8,66.65,67,24828155
10/15/2020 15:30:00,67,68.5,65.7,66.05,17334497
10/16/2020 15:30:00,66.65,67.55,66,67.25,18591533
10/19/2020 15:30:00,67.35,70.45,67.35,69.3,25987839
10/20/2020 15:30:00,69.5,69.75,67.25,67.4,18530440
10/21/2020 15:30:00,68,68.6,67,67.8,19590729
10/22/2020 15:30:00,67.4,69.1,67.3,68.85,26356513
10/23/2020 15:30:00,69.2,69.6,68.6,69,13180165
10/26/2020 15:30:00,69.5,69.5,67.65,68.2,14225064
10/27/2020 15:30:00,68.1,68.45,66.5,66.85,17088935
10/28/2020 15:30:00,67.25,67.4,66.1,66.35,15025734
10/29/2020 15:30:00,66.05,66.35,64.1,64.4,29901827
10/30/2020 15:30:00,65,65.9,64.2,64.9,25857851
11/2/2020 15:30:00,65.4,66.05,64.2,65.7,12847852
11/3/2020 15:30:00,66,66.75,65.7,66.3,10809489
11/4/2020 15:30:00,66.3,66.9,65.6,66.45,12479581
11/5/2020 15:30:00,66.9,68.1,66.2,67.6,17947631
11/6/2020 15:30:00,67.7,68.2,67.2,68,10496588
11/9/2020 15:30:00,68.65,68.65,67.8,68.45,8473527
11/10/2020 15:30:00,69.05,71,68.5,70.75,33795453
11/11/2020 15:30:00,71.45,72.7,70.55,72.35,23531793
11/12/2020 15:30:00,72.5,72.9,70.75,71.55,16446681
11/13/2020 15:30:00,71.2,72.5,70.05,72.15,16264536
11/17/2020 15:30:00,72.7,73.3,71,71.3,18852045
11/18/2020 15:30:00,71.65,72.1,70.9,71.95,14032869
11/19/2020 15:30:00,71.5,74.2,71.45,72.15,27903903
11/20/2020 15:30:00,72.45,72.7,70.7,71.65,14790440
11/23/2020 15:30:00,72,77.8,71.8,76.5,44111534
11/24/2020 15:30:00,76.75,78.05,75.4,76.1,31379070
11/25/2020 15:30:00,77.2,81.8,77.15,80.8,87040163
11/26/2020 15:30:00,81.15,81.5,79.45,80.2,30469713
11/27/2020 15:30:00,80.8,81.15,78,78.5,44245938
12/1/2020 15:30:00,78.5,82,77.05,81.55,42923229
12/2/2020 15:30:00,81.5,85.05,80.95,84.85,52652362
12/3/2020 15:30:00,85.4,89,85,88.7,53618786
12/4/2020 15:30:00,89.75,91,87.25,89.85,44126894
12/7/2020 15:30:00,91.15,94,90.75,91.55,46638129
12/8/2020 15:30:00,93,93.45,90.05,90.75,34326971
12/9/2020 15:30:00,91.5,92.85,90.9,91.2,25763702
12/10/2020 15:30:00,91,92.2,88.7,91.65,25329334
12/11/2020 15:30:00,92.6,104.4,92.6,96.8,146821189
12/14/2020 15:30:00,98.25,102.55,97.45,101.5,75021883
12/15/2020 15:30:00,102.5,102.5,99.2,100.45,33553433
12/16/2020 15:30:00,101.9,103.6,100.65,102.9,34618175
12/17/2020 15:30:00,105.1,105.6,100.7,101.5,41881430
12/18/2020 15:30:00,101.5,102.3,98.15,99,36480527
12/21/2020 15:30:00,98.9,98.95,88.95,89.85,58724337
12/22/2020 15:30:00,89.05,92.3,86.6,90.55,58602960
12/23/2020 15:30:00,90.5,91.3,88.3,90.8,29216106
12/24/2020 15:30:00,92.5,95.5,92.15,93.15,46351620
12/28/2020 15:30:00,94,95.15,93.3,93.8,17759262
12/29/2020 15:30:00,94.2,94.65,92,93.15,17678810
12/30/2020 15:30:00,93.5,94.5,92.75,93.25,15960705
12/31/2020 15:30:00,93.3,95.55,92.55,93.05,43701316
1/1/2021 15:30:00,93.75,94.45,93,93.2,15130377
1/4/2021 15:30:00,94.05,97.3,93.7,96.95,39545073
1/5/2021 15:30:00,96.5,96.5,94.35,94.95,26998014
1/6/2021 15:30:00,98.9,99.3,96.25,96.95,50306161
1/7/2021 15:30:00,98,99.05,97.1,97.9,25285200
1/8/2021 15:30:00,98.95,101.3,98.55,100.65,36022114
1/11/2021 15:30:00,101.5,102.9,98.05,102.55,36301647
1/12/2021 15:30:00,102,104.5,100.75,103.45,28353142
1/13/2021 15:30:00,104.95,107.9,104.1,105.25,42401579
1/14/2021 15:30:00,107,107.45,104.2,105.05,24455634
1/15/2021 15:30:00,105.25,106.1,100.65,101.4,28185982
1/18/2021 15:30:00,101.4,101.85,96.05,96.65,33623461
1/19/2021 15:30:00,97.75,99,97.5,98.1,26085121
1/20/2021 15:30:00,99,99.8,97.85,98.85,18486566
1/21/2021 15:30:00,99.05,100.2,93.9,94.7,26939349
1/22/2021 15:30:00,94.6,95.45,92.5,92.75,27311961
1/25/2021 15:30:00,93.05,93.75,90,91.35,28522112
1/27/2021 15:30:00,91.4,91.75,88.9,89.7,34022621
1/28/2021 15:30:00,89,91.4,88.8,90.65,26810222
1/29/2021 15:30:00,90.75,92.95,87.75,88.3,33858273
2/1/2021 15:30:00,89,91.2,88.45,90.85,24228098
2/2/2021 15:30:00,92.5,93.95,91.2,92.85,22141489
2/3/2021 15:30:00,94.6,95.3,93,93.35,25912911
2/4/2021 15:30:00,94.25,98.6,94,97.65,49670027
2/5/2021 15:30:00,98.95,99.95,96.8,97.65,30514219
2/8/2021 15:30:00,99.5,100.8,99.1,99.65,29096831
2/9/2021 15:30:00,99.8,103.35,99.8,101,39638657
2/10/2021 15:30:00,102,102.5,98.6,100,21467230
2/11/2021 15:30:00,100,100.35,98.9,99.45,11287104
2/12/2021 15:30:00,98.9,99.4,96.55,97,18187705
2/15/2021 15:30:00,97,99.25,95.6,98.45,26118576
2/16/2021 15:30:00,99.25,104.85,99.25,103.75,76236798
2/17/2021 15:30:00,102,103.5,100.8,102.25,21014091
2/18/2021 15:30:00,103.7,115.5,103.35,110.7,110000964
2/19/2021 15:30:00,110.7,112.2,103.85,105.1,48225988
2/22/2021 15:30:00,105.9,108.55,105.3,106.3,36592043
2/23/2021 15:30:00,109.75,114.4,109.45,112.2,90860972
2/24/2021 15:30:00,114,115.35,111,113.6,26071364
2/25/2021 15:30:00,116,120.5,115.35,119.05,62038881
2/26/2021 15:30:00,115.5,118.4,110.05,111,55154985
3/1/2021 15:30:00,114.3,117.65,113.5,117.05,41672980
3/2/2021 15:30:00,115.9,116.65,112.75,113.5,36303917
3/3/2021 15:30:00,114.05,115.8,113.2,114,19434630
3/4/2021 15:30:00,113.95,117,112.3,112.7,38272786
3/5/2021 15:30:00,116.25,118.25,113.5,114.95,57756103
3/8/2021 15:30:00,118.95,122.35,117.2,118.25,63866178
3/9/2021 15:30:00,119.4,119.55,114.2,116.75,26817643
3/10/2021 15:30:00,116.9,117,113.6,114.4,23841269
3/12/2021 15:30:00,116.75,117.4,114,115.05,20691698
3/15/2021 15:30:00,116,116.85,112.8,114.35,19679958
3/16/2021 15:30:00,113.8,116.3,113.45,115.1,20680669
3/17/2021 15:30:00,114.8,114.85,108.75,109.35,31017863
3/18/2021 15:30:00,110,112.2,107.5,110.2,26710696
3/19/2021 15:30:00,106.25,113.25,104.45,110.5,50386785
3/22/2021 15:30:00,110.5,111.25,108.55,109.6,15825065
3/23/2021 15:30:00,109.6,110.3,106.6,107.15,15815643
3/24/2021 15:30:00,105,106,102.85,104.8,31083656
3/25/2021 15:30:00,106,107.7,101.3,102,37295495
3/26/2021 15:30:00,103,104,100.25,102.4,26637085
3/30/2021 15:30:00,104.05,106.3,102.6,103.5,31843605
3/31/2021 15:30:00,102.8,104.2,101.9,102.15,19587582
4/1/2021 15:30:00,103,105.25,101.15,104.35,22299747
4/5/2021 15:30:00,102.15,104.5,99.4,103.45,24878516
4/6/2021 15:30:00,102.65,104.4,101.3,103.95,15156974
4/7/2021 15:30:00,103.9,105.35,103.45,104.65,10330347
4/8/2021 15:30:00,103.8,105.7,103.3,103.6,26105970
4/9/2021 15:30:00,103,104.9,103,103.8,17645822
4/12/2021 15:30:00,100.85,102.25,97.45,98.05,27005598
4/13/2021 15:30:00,98.05,102.5,98.05,102.05,25505623
4/15/2021 15:30:00,104.25,106.75,103.8,105.1,28659714
4/16/2021 15:30:00,104.6,107.85,104.2,107.3,21627285
4/19/2021 15:30:00,103.95,105.95,101.9,103.05,19166492
4/20/2021 15:30:00,103.3,105,102.2,102.85,23082015
4/22/2021 15:30:00,102.4,104.45,101.65,103.1,14844968
4/23/2021 15:30:00,102,103.65,101.6,102.4,12790334
4/26/2021 15:30:00,105.25,105.7,102.5,102.8,11797791
4/27/2021 15:30:00,102.8,104,102.8,103.2,8886250
4/28/2021 15:30:00,103.75,104.4,103.3,103.9,6887787
4/29/2021 15:30:00,104.9,105.9,103.55,104.05,14990087
4/30/2021 15:30:00,104.15,112.7,103.3,108.15,81358264
5/3/2021 15:30:00,108.15,110.7,106,107.7,33975507
5/4/2021 15:30:00,108,110.3,107.7,109.65,30811922
5/5/2021 15:30:00,112.4,114,110.5,111.1,47588366
5/6/2021 15:30:00,112.3,112.85,109.45,110.25,26083818
5/7/2021 15:30:00,110.85,112.35,109.65,111.45,28016564
5/10/2021 15:30:00,113.85,114.95,112.5,113.9,33477142
5/11/2021 15:30:00,112.55,118.7,110.75,118.1,48355326
5/12/2021 15:30:00,118.7,121.15,113.7,115.1,49718697
5/14/2021 15:30:00,116,116,111.55,112.95,23626454
5/17/2021 15:30:00,113.95,115.4,112.25,114.25,19960145
5/18/2021 15:30:00,115,117.5,114.3,116.1,29395737
5/19/2021 15:30:00,114.5,115.8,113.4,114.9,25295575
5/20/2021 15:30:00,113.45,114.7,111.2,111.8,21131045
5/21/2021 15:30:00,111.05,114.05,111.05,112.75,20562816
5/24/2021 15:30:00,113.25,113.95,110.85,113.05,24785960
5/25/2021 15:30:00,114.4,117.1,113.7,114.6,25820379
5/26/2021 15:30:00,115.4,115.4,113,113.35,12045621
5/27/2021 15:30:00,113,113.65,111.3,111.85,22821449
5/28/2021 15:30:00,113.2,115.55,111.85,112.35,19331994
5/31/2021 15:30:00,112.5,114.35,111.4,113.65,16430926
6/1/2021 15:30:00,114.35,118.45,114.2,117.6,51620011
6/2/2021 15:30:00,118,119.4,116,117.75,27162991
6/3/2021 15:30:00,118.8,123.8,118.45,122.5,64241347
6/4/2021 15:30:00,124.6,126.7,123.35,125.45,72354379
6/7/2021 15:30:00,126.95,127.5,124.9,125.15,28709907
6/8/2021 15:30:00,125.75,125.9,122.65,124.8,15261479
6/9/2021 15:30:00,127,128,123.05,124.05,29718157
6/10/2021 15:30:00,123.75,124.8,122.45,123.95,12245640
6/11/2021 15:30:00,123.95,126.6,122.5,123.55,18360366
6/14/2021 15:30:00,124.4,125.8,121.25,124.8,19547491
6/15/2021 15:30:00,125.6,128.5,124.85,125.35,32779493
6/16/2021 15:30:00,127,128.25,126.1,126.7,31654780
6/17/2021 15:30:00,125.6,127,123.5,125.1,18124616
6/18/2021 15:30:00,124.55,124.55,118.9,120.25,87912730
6/21/2021 15:30:00,119.4,122,118.95,120.95,15669821
6/22/2021 15:30:00,122.7,124.2,121.5,122.05,23629008
6/23/2021 15:30:00,123.5,124.4,121.75,123.35,21978870
6/24/2021 15:30:00,124.45,124.45,121.35,122,24358397
6/25/2021 15:30:00,122.95,124.95,120.35,120.9,34557609
6/28/2021 15:30:00,122.55,124.5,121.8,122.35,23728169
6/29/2021 15:30:00,121.8,122.45,119.1,119.4,20857415
6/30/2021 15:30:00,120.35,120.95,117.05,117.7,19094044
7/1/2021 15:30:00,117.75,119.75,117.3,118.85,16012542
7/2/2021 15:30:00,120,120.85,118,118.45,20014124
7/5/2021 15:30:00,119.15,121.45,118.9,120.95,12050022
7/6/2021 15:30:00,123,125,121.05,121.5,30193164
7/7/2021 15:30:00,119.9,120.4,117.8,119.9,18479814
7/8/2021 15:30:00,119.4,119.4,116.85,117.05,17151883
7/9/2021 15:30:00,117.1,118.65,116.6,117.9,11240925
7/12/2021 15:30:00,119,119.35,118,118.55,8420962
7/13/2021 15:30:00,119,120.8,118.6,120.4,8580799
7/14/2021 15:30:00,120.3,121.75,120.1,120.8,12709481
7/15/2021 15:30:00,119.2,119.4,116.2,116.9,28589465
7/16/2021 15:30:00,117.2,117.4,115.75,116.8,19691248
7/19/2021 15:30:00,114.8,116.55,114.2,114.6,14395883
7/20/2021 15:30:00,112.05,113.25,111.6,112.6,18634406
7/22/2021 15:30:00,114.4,115.8,113.95,115.5,11710140
7/23/2021 15:30:00,115.5,116.75,114.75,115.3,7841690
7/26/2021 15:30:00,114.85,115.6,114.1,114.55,8149770
7/27/2021 15:30:00,115.35,115.9,114,114.65,9704729
7/28/2021 15:30:00,114.9,115.2,113.45,114.35,11020097
7/29/2021 15:30:00,114.3,115.8,113.3,114.75,14142749
7/30/2021 15:30:00,114.3,116.75,113.8,115.3,12236156
8/2/2021 15:30:00,114.95,117.5,114.8,117.1,10895726
8/3/2021 15:30:00,116.15,118.2,115.15,117.9,15163353
8/4/2021 15:30:00,117.7,118.5,116.6,117.35,14304543
8/5/2021 15:30:00,116.2,117.25,114.7,116.85,11033147
8/6/2021 15:30:00,116.15,118.2,116.15,116.65,6606584
8/9/2021 15:30:00,116,117,114.3,115,8294214
8/10/2021 15:30:00,115.1,115.7,113.9,114.85,14300982
8/11/2021 15:30:00,115.5,117.3,114.85,117,11308648
8/12/2021 15:30:00,116.1,117.9,115.3,116.25,13519139
8/13/2021 15:30:00,116.8,116.95,115.35,116.1,10342014
8/16/2021 15:30:00,116.9,118.35,114.7,115.5,14771886
8/17/2021 15:30:00,116,116,112.7,113.85,16025745
8/18/2021 15:30:00,113.9,115.25,112.9,113.2,10074307
8/20/2021 15:30:00,110.65,111.75,108.5,110.2,23878081
8/23/2021 15:30:00,110.35,112,108.5,111.75,16886027
8/24/2021 15:30:00,113.15,115.2,112.1,113.2,17368602
8/25/2021 15:30:00,113.5,117.2,113.3,115.65,18637317
8/26/2021 15:30:00,115.6,116.25,114.4,115.55,8779246
8/27/2021 15:30:00,115.5,117,114.95,116.65,9706825
8/30/2021 15:30:00,116.75,120.4,116.75,120.15,15933414
8/31/2021 15:30:00,120,121,119.05,120.55,13376290
9/1/2021 15:30:00,121.8,122.25,119.4,119.7,10964080
9/2/2021 15:30:00,118.9,120.15,118,118.65,13031666
9/3/2021 15:30:00,119.95,123.5,118.8,123.1,21326802
9/6/2021 15:30:00,123.8,124.35,121.15,121.65,12505630
9/7/2021 15:30:00,122.5,122.75,119.55,119.95,8530847
9/8/2021 15:30:00,119,119.5,117.5,118.95,7801721
9/9/2021 15:30:00,119.1,123.8,118.2,122.15,27242637
9/13/2021 15:30:00,122.2,123.4,121.1,123.05,9921031
9/14/2021 15:30:00,123.3,125.4,122.8,123.95,16593684
9/15/2021 15:30:00,124.25,130.7,124.25,128.45,42437332
9/16/2021 15:30:00,129.65,131.25,127.4,128.7,22431820
9/17/2021 15:30:00,128.7,129.7,124.75,127.75,25968166
9/20/2021 15:30:00,125.05,129.4,125.05,128.5,29857432
9/21/2021 15:30:00,129.6,136,129.1,135.2,51537119
9/22/2021 15:30:00,134.5,135.25,132.45,133.65,16424387
9/23/2021 15:30:00,134.8,138.35,134.4,137.75,18688982
9/24/2021 15:30:00,138.9,139.9,134.5,136.1,33667173
9/27/2021 15:30:00,138.05,140.75,137.5,140,34196564
9/28/2021 15:30:00,141.8,143.6,141,142.2,46109879
9/29/2021 15:30:00,140.85,148.8,139.35,144.75,68003697
9/30/2021 15:30:00,144.75,146.05,141.35,144.5,26714630
10/1/2021 15:30:00,145.2,149.65,144.1,146.25,42893182
10/4/2021 15:30:00,147.8,148.5,147,147.6,16099471
10/5/2021 15:30:00,150,164.6,149,163.65,131238378
10/6/2021 15:30:00,166,172.75,165.8,168.1,101221817
10/7/2021 15:30:00,170.15,170.15,159.5,160.4,59769140
10/8/2021 15:30:00,163.9,166.6,160.5,160.95,30561341
10/11/2021 15:30:00,163.75,166.2,162.7,165,18143592
10/12/2021 15:30:00,165.1,165.85,162.75,163.55,11619888
10/13/2021 15:30:00,163.65,163.8,159.7,160,16690451
10/14/2021 15:30:00,161,161.75,158.65,159.05,14821875
10/18/2021 15:30:00,163.75,165.5,161.2,162.1,22899876
10/19/2021 15:30:00,163.5,163.5,158,158.6,10331930
10/20/2021 15:30:00,159.25,159.35,153.65,154.9,17118996
10/21/2021 15:30:00,157.6,160.3,154.55,155,31555789
10/22/2021 15:30:00,157,158.35,154.5,157.05,27317028
10/25/2021 15:30:00,159,162.95,158.9,161.4,34568006
10/26/2021 15:30:00,163.55,163.95,160.3,163.1,33022684
10/27/2021 15:30:00,163.1,163.6,157,157.9,21652522
10/28/2021 15:30:00,150,156.85,148.7,150.2,24815027
10/29/2021 15:30:00,149.9,151.85,146,149.05,18736450
11/1/2021 15:30:00,150,153.6,148.4,153.15,11444653
11/2/2021 15:30:00,153.95,154.8,151.35,152.95,20609479
11/3/2021 15:30:00,151.2,154.2,149.8,152,11591857
11/4/2021 19:15:00,152,152.85,151.25,152.05,1114216
11/8/2021 15:30:00,152.95,155.55,151.7,154.9,16568525
11/9/2021 15:30:00,156.5,158.15,155,156.65,13601954
11/10/2021 15:30:00,156.7,158.7,156.45,157.7,13900618
11/11/2021 15:30:00,156.6,156.85,153.05,153.5,14158749
11/12/2021 15:30:00,154,155.6,153.3,154.65,10552485
11/15/2021 15:30:00,156.45,162.25,156,157.8,45750584
11/16/2021 15:30:00,159.4,159.7,156.8,157.15,12956283
11/17/2021 15:30:00,157,159.25,156.6,157.4,11420415
11/18/2021 15:30:00,157,157,153.7,154.3,18351511
11/22/2021 15:30:00,151.25,153.7,146,146.55,21558590
11/23/2021 15:30:00,145.8,147.7,143.4,146.7,21216047
11/24/2021 15:30:00,149,155.85,149,153.45,36294271
11/25/2021 15:30:00,154,156,152.55,155.1,11554142
11/26/2021 15:30:00,152.25,152.25,146.25,147.1,23135841
11/29/2021 15:30:00,145,146.05,141.9,144.1,18736522
11/30/2021 15:30:00,143.35,147.75,141.1,142.1,22980651
12/1/2021 15:30:00,142.4,143.65,139.65,142.25,14278744
12/2/2021 15:30:00,140.5,144.65,140.4,144,8561767
12/3/2021 15:30:00,144,146.85,143.15,145.9,10690334
12/6/2021 15:30:00,145.8,145.85,142.75,143.35,7749262
12/7/2021 15:30:00,145,146.25,144.5,145.9,10253663
12/8/2021 15:30:00,147,150.35,146.8,148.4,12266948
12/9/2021 15:30:00,149.5,149.9,146.35,147.35,7989291
12/10/2021 15:30:00,146.25,148,145.55,147.55,10324085
12/13/2021 15:30:00,148.95,150.5,145.35,145.95,13595587
12/14/2021 15:30:00,144.25,147.45,143.95,146.9,12331999
12/15/2021 15:30:00,146.3,147.7,143.6,143.95,10361033
12/16/2021 15:30:00,145.3,146.25,144.55,145.35,12156709
12/17/2021 15:30:00,144.2,145.1,138.5,139.4,17667617
12/20/2021 15:30:00,137.5,137.65,131.65,134,17238729
12/21/2021 15:30:00,135.05,136.85,133.8,136.05,8615570
12/22/2021 15:30:00,137.4,137.95,135.3,136.8,4968143
12/23/2021 15:30:00,138.5,141,137.15,140.5,6324169
12/24/2021 15:30:00,141.55,141.6,137.2,138.5,5657495
12/27/2021 15:30:00,136.55,138.05,136,137.35,4404298
12/28/2021 15:30:00,139.15,140.5,138.5,139.5,8738089
12/29/2021 15:30:00,140.2,140.85,137.45,138.9,6571286
12/30/2021 15:30:00,138.75,141.2,138.5,140.5,11556524
12/31/2021 15:30:00,140.45,142.95,139.45,142.4,6393760
1/3/2022 15:30:00,142.35,143.45,141.2,143.05,3765911
1/4/2022 15:30:00,143.1,148.6,143.1,147.8,16351836
1/5/2022 15:30:00,148.5,151.1,147.4,150.35,12977680
1/6/2022 15:30:00,150.6,151.4,148.35,150.8,9012777
1/7/2022 15:30:00,151.5,157.5,151.35,157.05,30889365
1/10/2022 15:30:00,158.25,159.4,156.4,158.35,16418985
1/11/2022 15:30:00,158.8,161.65,157.6,160.95,14457548
1/12/2022 15:30:00,162.7,165.7,161.4,164.95,21220614
1/13/2022 15:30:00,164.95,165.5,163.05,163.95,7445346
1/14/2022 15:30:00,162.95,163.3,160.2,161.05,11646259
1/17/2022 15:30:00,162.5,168.2,162.3,165.85,32577835
1/18/2022 15:30:00,168.3,168.4,163.4,163.85,11175409
1/19/2022 15:30:00,165.3,171,164.9,170.25,36648534
1/20/2022 15:30:00,170.9,170.9,166.5,166.85,14474454
1/21/2022 15:30:00,165.3,166.4,162.3,163.65,8625926
1/24/2022 15:30:00,165.2,168.3,163.75,165.7,28783449
1/25/2022 15:30:00,163,166.7,163,165.15,14249846
1/27/2022 15:30:00,165.1,168.75,164.5,165.7,25936832
1/28/2022 15:30:00,167.55,174.7,166.25,168.8,32790065
1/31/2022 15:30:00,171.6,174.85,169.55,172.6,24031034
2/1/2022 15:30:00,174,174.9,168.5,170.95,14220953
2/2/2022 15:30:00,170.55,174.05,170.5,171.3,12478192
2/3/2022 15:30:00,170,171.25,166,167.5,12529302
2/4/2022 15:30:00,170,172.7,169.05,169.6,17434362
2/7/2022 15:30:00,170.7,173.3,169.2,172.1,11723574
2/8/2022 15:30:00,172,173,166.5,166.95,13231599
2/9/2022 15:30:00,167.9,169.6,163.1,163.95,17938632
2/10/2022 15:30:00,165.85,170.4,165.15,169.1,26763203
2/11/2022 15:30:00,167.95,170.5,167.1,168.15,12884995
2/14/2022 15:30:00,168.9,176.35,165.2,166.2,44604164
2/15/2022 15:30:00,170,170,156.4,164.15,31146458
2/16/2022 15:30:00,164.5,168.9,164.5,168.55,15960268
2/17/2022 15:30:00,168.55,172.4,168.5,171.75,24640791
2/18/2022 15:30:00,171.2,171.75,166.7,167.9,11829998
2/21/2022 15:30:00,167.4,167.55,163.05,163.4,14222260
2/22/2022 15:30:00,166.5,166.5,163.25,164.95,29399172
2/23/2022 15:30:00,166.25,166.4,159.65,160.75,21301826
2/24/2022 15:30:00,160.75,162.4,156,156.65,28766189
2/25/2022 15:30:00,159.4,160.4,156.8,159.5,20225258
2/28/2022 15:30:00,160.5,161.85,155.8,160.65,20210070
3/2/2022 15:30:00,165.65,168.35,161.9,162.95,41103406
3/3/2022 15:30:00,168.3,171.8,162.9,170.3,42345653
3/4/2022 15:30:00,170.1,171,163.85,165.25,32658756
3/7/2022 15:30:00,167.1,189.8,167.1,186.95,132538155
3/8/2022 15:30:00,190,194.95,177.8,179.1,73127816
3/9/2022 15:30:00,183,183.8,173.85,175.4,51977091
3/10/2022 15:30:00,168.25,176.9,165,174.35,62112814
3/11/2022 15:30:00,172.5,176.4,171.7,175.7,26187452
3/14/2022 15:30:00,174,175.5,170.6,171.8,20214021
3/15/2022 15:30:00,168.3,169.5,161.65,163.75,42333127
3/16/2022 15:30:00,166,167.85,161.85,167.3,25545119
3/17/2022 15:30:00,166.6,171.5,164.6,170.3,66314748
3/21/2022 15:30:00,171.7,175,170.3,172.55,20614652
3/22/2022 15:30:00,176.2,181.25,173.8,175.45,39742745
3/23/2022 15:30:00,176.5,177.7,174.85,175.6,10994784
3/24/2022 15:30:00,178.9,180.4,176.5,177.45,20332589
3/25/2022 15:30:00,178.5,179.25,175.1,175.8,13608989
3/28/2022 15:30:00,175.5,177.9,174.65,176.35,15253027
3/29/2022 15:30:00,174.95,175.2,170.55,171,14210783
3/30/2022 15:30:00,163,164.85,161.15,162,95239532
3/31/2022 15:30:00,161.85,165.25,161.15,163.9,33523683
4/1/2022 15:30:00,163.9,168.25,163.55,167.95,28335224
4/4/2022 15:30:00,166.95,169.05,165.35,168.05,17745513
4/5/2022 15:30:00,170.25,172.75,169.3,171.85,20054934
4/6/2022 15:30:00,170.6,173.5,170.3,172.8,12969222
4/7/2022 15:30:00,170.6,173.8,168.2,168.85,24550313
4/8/2022 15:30:00,169,171.3,168.7,170.9,9529874
4/11/2022 15:30:00,171,172.75,169.55,171.2,9724979
4/12/2022 15:30:00,171,172.2,168.2,168.9,13184429
4/13/2022 15:30:00,171.4,174.85,170.7,174.25,23458303
4/18/2022 15:30:00,176,179,175.1,175.8,23916912
4/19/2022 15:30:00,177.3,179.8,176,177.15,17880666
4/20/2022 15:30:00,176.9,177.35,174.8,175.5,10076403
4/21/2022 15:30:00,175.7,176.7,173.9,174.15,12246720
4/22/2022 15:30:00,174.15,176.3,173.7,174,10267952
4/25/2022 15:30:00,171,173,168.3,169.65,12583497
4/26/2022 15:30:00,171.1,171.7,165.7,166.95,20086229
4/27/2022 15:30:00,167.95,168.9,163.35,164.85,13981957
4/28/2022 15:30:00,166,166,162.45,164.8,13030499
4/29/2022 15:30:00,166.5,167.45,159.5,160.45,15964743
5/2/2022 15:30:00,158.15,159.25,155.9,156.35,23405519
5/4/2022 15:30:00,159,162.8,157.95,162.25,23661920
5/5/2022 15:30:00,164.2,168.4,163.4,164.85,26878516
5/6/2022 15:30:00,163.9,167.4,161.1,166.95,16768573
5/9/2022 15:30:00,165.25,167.3,162.75,164.75,9952775
5/10/2022 15:30:00,160.45,161.65,152.9,154.45,22602956
5/11/2022 15:30:00,154,160,153.75,158.6,15084514
5/12/2022 15:30:00,159,161,154,156.5,21459069
5/13/2022 15:30:00,160,160.3,152.95,153.55,12934346
5/16/2022 15:30:00,154.2,156.25,151.8,153.5,13205775
5/17/2022 15:30:00,156,163.7,155.55,163.15,17843200
5/18/2022 15:30:00,162,164.5,160.2,163.2,12616832
5/19/2022 15:30:00,158.55,162.05,157.8,160,8932407
5/20/2022 15:30:00,161.65,163.8,160.1,161.9,7235654
5/23/2022 15:30:00,161.75,164.2,154.65,155.1,18029557
5/24/2022 15:30:00,157.4,157.75,150.15,150.65,19141394
5/25/2022 15:30:00,152.9,153.25,147.6,152.6,19366472
5/26/2022 15:30:00,152.8,153.3,148.1,151.9,12824105
5/27/2022 15:30:00,155,155.5,141.1,143.8,52469252
5/30/2022 15:30:00,145.65,147.3,141.15,144.05,40261336
5/31/2022 15:30:00,145.4,153,145.4,151.25,57675204
6/1/2022 15:30:00,151.2,152.9,148.75,149.75,22780094
6/2/2022 15:30:00,147.8,152.9,146,152.45,25429955
6/3/2022 15:30:00,153.95,154.2,151.15,151.6,16747177
6/6/2022 15:30:00,153.1,156,152.8,153.95,30327268
6/7/2022 15:30:00,154.8,162.95,154.2,161.85,61411715
6/8/2022 15:30:00,163.5,166.4,162.1,163.4,45994327
6/9/2022 15:30:00,166,167.35,164.5,165.55,31122996
6/10/2022 15:30:00,164,166.65,163.35,164.65,17812698
6/13/2022 15:30:00,162,163.95,158.45,159.55,12237777
6/14/2022 15:30:00,159.55,160.55,155.3,155.95,12844437
6/15/2022 15:30:00,156.95,157.25,150.8,151.4,16223385
6/16/2022 15:30:00,149.15,151.55,142.6,143.55,25130676
6/17/2022 15:30:00,142.45,145.15,140.65,141.45,22922034
6/20/2022 15:30:00,138.6,138.9,130,134.4,28656582
6/21/2022 15:30:00,136.1,140.2,135,139.1,20581784
6/22/2022 15:30:00,136.95,136.95,131,134.85,31824106
6/23/2022 15:30:00,134,136.4,132.2,134.8,26829020
6/24/2022 15:30:00,137,141,135.2,137.35,25461812
6/27/2022 15:30:00,140,142.6,137.25,141.5,24188349
6/28/2022 15:30:00,142.8,151.75,142.15,149.35,54387675
6/29/2022 15:30:00,149.35,157.4,146.2,154.15,165860322
6/30/2022 15:30:00,153,154.45,149.25,151.55,38725546
7/1/2022 15:30:00,148.95,151.15,130,131.05,125788305
7/4/2022 15:30:00,129.95,129.95,124.1,126,85993413
7/5/2022 15:30:00,127,128.6,126,127.4,44595740
7/6/2022 15:30:00,123,123.5,119.85,120.95,59092334
7/7/2022 15:30:00,121.25,124.15,121.25,123.5,36229792
7/8/2022 15:30:00,126.35,126.35,121,121.5,42778692
7/11/2022 15:30:00,121.5,125.9,121.05,125.5,31522017
7/12/2022 15:30:00,124.9,126.75,123.5,124.1,25216226
7/13/2022 15:30:00,122.45,124.9,121.4,124.45,27166975
7/14/2022 15:30:00,124.4,132.6,123.8,127.15,38464081
7/15/2022 15:30:00,127.6,128.4,124.6,126.55,18088858
7/18/2022 15:30:00,127.05,130.7,126.95,129.9,21010247
7/19/2022 15:30:00,130.5,133.2,124.45,127.9,33778758
7/20/2022 15:30:00,135,136.6,132.2,132.55,60317150
7/21/2022 15:30:00,133,133.5,131.8,133.1,20853780
7/22/2022 15:30:00,133.8,133.8,131.55,132.45,11630255
7/25/2022 15:30:00,132,132.45,128.4,129.8,21705935
7/26/2022 15:30:00,130.85,131.6,127.75,128.2,22172845
7/27/2022 15:30:00,129.1,130.2,127.8,128.6,20187969
7/28/2022 15:30:00,130.4,130.5,128.25,130.25,25736737
7/29/2022 15:30:00,130.45,134.5,129.9,134.15,19738642
8/1/2022 15:30:00,134.1,139,133.2,138.4,20592826
8/2/2022 15:30:00,136.7,137.05,134.6,136.7,15037928
8/3/2022 15:30:00,136,138.45,133.8,135.65,15853543
8/4/2022 15:30:00,134.35,137.15,134,136.25,14311959
8/5/2022 15:30:00,135.1,138.5,133.6,136.5,66480753
8/8/2022 15:30:00,136.3,137.5,135.05,136.5,12451233
8/10/2022 15:30:00,136.4,136.75,133.45,133.8,15829467
8/11/2022 15:30:00,134.5,136,132.05,132.8,19479706
8/12/2022 15:30:00,133.9,139.7,133.5,139.2,40876891
8/16/2022 15:30:00,139.5,141.9,136.1,139.95,31230003
8/17/2022 15:30:00,139.95,140.8,138.7,139.65,15694770
8/18/2022 15:30:00,138.25,138.3,134.7,135.55,42597708
8/19/2022 15:30:00,137.5,138.5,134.05,134.6,35382493
8/22/2022 15:30:00,134.5,134.5,129.8,131.9,31231393
8/23/2022 15:30:00,131.9,134.2,130.1,133.75,24268146
8/24/2022 15:30:00,134.7,137.4,134.5,136,22730039
8/25/2022 15:30:00,137,138.15,136.15,136.55,14620592
8/26/2022 15:30:00,136.5,138.25,136.1,136.65,12105053
8/29/2022 15:30:00,134.2,136.6,133.75,135.9,9198908
8/30/2022 15:30:00,137.9,139.85,137.55,138.6,21720398
9/1/2022 15:30:00,135,136.25,134.15,134.7,20349294
9/2/2022 15:30:00,134.7,135.75,132.3,132.75,17495310
9/5/2022 15:30:00,132.9,133.9,132.65,133.4,14865879
9/6/2022 15:30:00,134.1,134.15,131.7,132.1,10870488
9/7/2022 15:30:00,131,132.95,130.05,132.5,12042788
9/8/2022 15:30:00,131.65,134.15,131.5,131.85,14629497
9/9/2022 15:30:00,132.5,134.2,131.95,134,12327341
9/12/2022 15:30:00,135,135.4,133.6,134,13500202
9/13/2022 15:30:00,134.2,135.15,133.5,133.9,10846178
9/14/2022 15:30:00,132.45,134.1,132,133.2,8597956
9/15/2022 15:30:00,133.6,134.4,132,132.6,10810473
9/16/2022 15:30:00,131.1,132,130,131.25,20909579
9/19/2022 15:30:00,132.1,134.35,129.7,130.55,19411428
9/20/2022 15:30:00,131.4,133.6,131.3,133.2,13080582
9/21/2022 15:30:00,132.2,133.2,130.05,130.9,11156865
9/22/2022 15:30:00,130.4,130.85,128.1,128.65,11366882
9/23/2022 15:30:00,128.25,129.1,127.5,128.6,10407849
9/26/2022 15:30:00,127.3,128.8,122.65,123.45,12848954
9/27/2022 15:30:00,124.35,127.9,123.85,124.45,14465123
9/28/2022 15:30:00,123.95,123.95,121.5,122.55,15267018
9/29/2022 15:30:00,123.5,128.2,123.5,126.65,20597761
9/30/2022 15:30:00,125.5,132.4,125.5,126.8,33530494
10/3/2022 15:30:00,131.7,135,130.6,132.4,50966493
10/4/2022 15:30:00,134.9,135,131.8,133.9,14137567
10/6/2022 15:30:00,136.5,136.55,132.4,132.65,14570735
10/7/2022 15:30:00,132.05,134.25,131.2,134.05,13532236
10/10/2022 15:30:00,133,134,132.2,133.25,10183057
10/11/2022 15:30:00,133.25,133.5,130.25,131.1,13176461
10/12/2022 15:30:00,131.1,132,129.1,131.35,9401804
10/13/2022 15:30:00,131.2,131.85,127.65,129.85,13320136
10/14/2022 15:30:00,132,132.8,127.05,127.6,13205955
10/17/2022 15:30:00,127,128.2,126,127.8,9320940
10/18/2022 15:30:00,128.45,129.1,127.6,128.7,6490293
10/19/2022 15:30:00,128.7,128.7,127.4,127.8,7381712
10/20/2022 15:30:00,127,131,125.8,129.6,18748363
10/21/2022 15:30:00,129.35,133.4,128.75,131.55,11945173
10/25/2022 15:30:00,132.45,132.9,129.85,130.75,10232002
10/27/2022 15:30:00,130.75,132.2,130.3,131.8,13865026
10/28/2022 15:30:00,132.1,135.6,131.8,133.7,22918037
10/31/2022 15:30:00,134.4,135.2,132.8,134.05,8753855
11/1/2022 15:30:00,134.1,135.7,134.1,135.15,11630848
11/2/2022 15:30:00,135.85,139.2,135.35,136.45,21117499
11/3/2022 15:30:00,136.4,136.7,135.25,136.4,7561534
11/4/2022 15:30:00,136.4,138.4,136.05,137.85,7498344
11/7/2022 15:30:00,138.55,139,136.75,138.55,9987481
11/9/2022 15:30:00,138.95,139,137,138.65,12033732
11/10/2022 15:30:00,137.5,140.85,137.4,139.85,15908521
11/11/2022 15:30:00,140.6,141.3,139.2,140.45,18492513
11/14/2022 15:30:00,140.6,141,138.6,139.25,12743505
11/15/2022 15:30:00,140,143.35,140,142.35,24636519
11/16/2022 15:30:00,142.8,143.3,141.2,142.9,11460200
11/17/2022 15:30:00,141.95,143.8,141.7,143.2,13368536
11/18/2022 15:30:00,143.15,143.25,140.2,141.75,19958908
11/21/2022 15:30:00,136,136.35,134.4,135.45,16348881
11/22/2022 15:30:00,134.95,135.9,132.9,135.2,11198874
11/23/2022 15:30:00,135.55,136.65,134.55,136.5,9010911
11/24/2022 15:30:00,136.5,140,135.5,139.45,11803087
11/25/2022 15:30:00,139,141.3,137.75,140.55,9789098
11/28/2022 15:30:00,139.5,141.2,139.05,139.6,8925344
11/29/2022 15:30:00,140.05,141.1,139.5,140.25,13558920
11/30/2022 15:30:00,139.6,141.8,139.6,141.1,17720938
12/1/2022 15:30:00,141.45,142,139.8,140.05,27727625
12/2/2022 15:30:00,141.85,144.8,140.55,140.9,24518337
12/5/2022 15:30:00,141.5,143.95,140.6,143.75,18440387
12/6/2022 15:30:00,142.85,143.15,141.15,142.45,10977472
12/7/2022 15:30:00,140.8,141.75,140.1,140.65,9731670
12/8/2022 15:30:00,141.25,143,140.35,142.65,10150945
12/9/2022 15:30:00,142.5,142.95,140.3,140.7,9438307
12/12/2022 15:30:00,140,142.5,139.2,142.35,8946335
12/13/2022 15:30:00,143.05,144.65,142.55,144.35,12593054
12/14/2022 15:30:00,144.35,148.6,144.1,147.6,17692988
12/15/2022 15:30:00,147.65,148.85,146.65,147.45,11426194
12/16/2022 15:30:00,148.35,150.5,147,147.2,20540447
12/19/2022 15:30:00,147.05,147.55,145,145.8,10635055
12/20/2022 15:30:00,145.5,146.2,143.1,145.85,6714207
12/21/2022 15:30:00,146.5,146.8,142.7,143.5,10011408
12/22/2022 15:30:00,145,145.15,141.55,142.25,9123323
12/23/2022 15:30:00,140.6,143.5,139.3,139.8,8007752
12/26/2022 15:30:00,140.5,142.85,139.5,141.3,7150680
12/27/2022 15:30:00,142.1,145.4,142.1,144.8,8765357
12/28/2022 15:30:00,143.45,144.65,142.7,143.9,9534858
12/29/2022 15:30:00,142.75,146,142.5,144.65,36752195
12/30/2022 15:30:00,145.45,148.75,144.55,146.75,9644998
1/2/2023 15:30:00,147.3,150.8,147.25,150.45,9631496
1/3/2023 15:30:00,149.7,150.6,148,149.55,14991139
1/4/2023 15:30:00,148.8,148.85,145,146.25,13535874
1/5/2023 15:30:00,145.85,147,144.15,146.5,16320559
1/6/2023 15:30:00,146.7,148.1,146.3,147.35,16804116
1/9/2023 15:30:00,149.3,150.2,147.8,148.15,18660445
1/10/2023 15:30:00,148.6,150.3,148.6,149.35,18490715
1/11/2023 15:30:00,149.5,150,146.25,146.8,12538238
1/12/2023 15:30:00,147.7,148.25,145.75,146.15,13270422
1/13/2023 15:30:00,146.4,147.5,145.9,146.95,8854484
1/16/2023 15:30:00,147.7,147.8,146,147.6,9696320
1/17/2023 15:30:00,148.3,149,146.65,147.85,18484595
1/18/2023 15:30:00,148.25,149.75,148.2,149.25,12139643
1/19/2023 15:30:00,148.05,152.1,148.05,151.75,18437610
1/20/2023 15:30:00,152,152.5,150.55,151.6,17512691
1/23/2023 15:30:00,152.55,153.1,151.35,152.35,16742252
1/24/2023 15:30:00,152.35,153.2,151.6,152.15,8276792
1/25/2023 15:30:00,151.25,153.4,151.15,152.45,9827342
1/27/2023 15:30:00,152.45,154.15,146.6,147.65,13052535
1/30/2023 15:30:00,147.5,148.85,143.25,144.9,12688399
1/31/2023 15:30:00,145.15,147.9,144.25,144.9,19050398
2/1/2023 15:30:00,145.8,146,142.35,144.25,11526089
2/2/2023 15:30:00,143,145,140.65,143.45,11886667
2/3/2023 15:30:00,143.5,145.35,140.1,144.3,9250428
2/6/2023 15:30:00,141.7,144.2,141.6,143.5,6436143
2/7/2023 15:30:00,143.9,144.95,142.2,144.65,8681511
2/8/2023 15:30:00,145.4,145.9,143.15,143.9,10325869
2/9/2023 15:30:00,144.65,146.4,143.2,146.2,8078404
2/10/2023 15:30:00,146.15,147,144.8,146.7,6396208
2/13/2023 15:30:00,147.45,148.8,146.6,148.15,6563018
2/14/2023 15:30:00,148.65,149.2,147,148.45,6991500
2/15/2023 15:30:00,149,149.4,145.5,147.5,12631259
2/16/2023 15:30:00,150,156.45,148.4,155.9,30949761
2/17/2023 15:30:00,155.5,158.8,154.4,156.6,19874561
2/20/2023 15:30:00,157.2,157.8,154.4,154.85,8348393
2/21/2023 15:30:00,154.9,155.9,153.45,154.1,7599927
2/22/2023 15:30:00,154.25,154.5,151.7,153.6,9599697
2/23/2023 15:30:00,153.7,156.2,153.25,154.65,18675946
2/24/2023 15:30:00,151.75,155.35,149.75,155,14648507
2/27/2023 15:30:00,154,156.05,153,155.25,11904749
2/28/2023 15:30:00,154.15,155.45,151.2,152.05,17607584
3/1/2023 15:30:00,152,155.1,151.85,154.8,7707977
3/2/2023 15:30:00,154.5,155.05,152.65,154.05,8219892
3/3/2023 15:30:00,154,155.7,153.45,154.25,8260104
3/6/2023 15:30:00,154.7,159.7,153.55,158.2,14491522
3/8/2023 15:30:00,156.55,158.85,156.4,158.25,7339476
3/9/2023 15:30:00,159.05,159.15,156.05,156.3,5314022
3/10/2023 15:30:00,155.6,156.7,154.2,155.8,4689681
3/13/2023 15:30:00,156.2,158,155.2,155.8,8785721
3/14/2023 15:30:00,155.8,156.85,153.05,153.3,7177342
3/15/2023 15:30:00,154,154.45,151.8,152.55,9832270
3/16/2023 15:30:00,151.2,153.4,148,152.2,18551936
3/17/2023 15:30:00,153.5,154.9,151.95,153.15,16593429
3/20/2023 15:30:00,153,154.15,151.6,152.3,8749355
3/21/2023 15:30:00,153.15,153.75,150.95,151.55,6148489
3/22/2023 15:30:00,152.4,152.8,150.85,151.55,4329409
3/23/2023 15:30:00,151.1,153.15,150.3,152.8,4484564
3/24/2023 15:30:00,152.7,153.2,148.8,149.4,8301726
3/27/2023 15:30:00,149.55,152.45,149.25,150.25,7437261
3/28/2023 15:30:00,150.25,150.25,146.65,147.2,8964539
3/29/2023 15:30:00,147.25,150.85,146.5,149.35,24012834
3/31/2023 15:30:00,150.1,153,150.05,151.05,7998472
4/3/2023 15:30:00,154.5,157.85,153.1,153.65,20016785
4/5/2023 15:30:00,156.75,157.35,152.55,152.9,15880397
4/6/2023 15:30:00,153.2,153.45,150.4,150.6,10670936
4/10/2023 15:30:00,150.7,157.5,150,157.15,17431401
4/11/2023 15:30:00,157.1,159.3,156.4,159.05,13305621
4/12/2023 15:30:00,159,159.05,156.6,157.65,7333339
4/13/2023 15:30:00,158.15,160.5,158,158.75,11610851
4/17/2023 15:30:00,159.1,160.45,158,160.15,9358885
4/18/2023 15:30:00,160.15,160.55,159.4,160.1,8008560
4/19/2023 15:30:00,158.3,160.45,158.05,160.1,11374283
4/20/2023 15:30:00,159.6,160.1,158.5,159.15,5733670
4/21/2023 15:30:00,158.9,159.85,158.7,159.6,3512214
4/24/2023 15:30:00,159.6,160.75,159.3,160.25,7028440
4/25/2023 15:30:00,160.2,161.8,160,160.65,10169778
4/26/2023 15:30:00,160,161.6,159.75,161.15,9177783
4/27/2023 15:30:00,160.2,160.9,159.6,160.05,6456825
4/28/2023 15:30:00,159.8,159.8,154.85,158.95,12656744
5/2/2023 15:30:00,159.5,164.8,159.35,164.25,16612560
5/3/2023 15:30:00,162.9,163.35,160.85,161.15,8029435
5/4/2023 15:30:00,160.8,161.2,159.2,161,9929482
5/5/2023 15:30:00,161.05,161.95,159.7,160.3,5488707
5/8/2023 15:30:00,160.3,165.35,160,165,9699470
5/9/2023 15:30:00,165,166.5,164.4,165.25,7600834
5/10/2023 15:30:00,165.25,167.65,165,166.95,10901429
5/11/2023 15:30:00,166.1,168.65,166.1,167.05,7877677
5/12/2023 15:30:00,168.15,169,165,165.5,16373574
5/15/2023 15:30:00,165.5,166.6,164.4,165.6,8559162
5/16/2023 15:30:00,168.3,168.5,166.75,168,12249266
5/17/2023 15:30:00,168,168,166.1,167.25,7360259
5/18/2023 15:30:00,167.5,168.45,166,166.35,7433090
5/19/2023 15:30:00,166.2,166.75,164,164.9,5969632
5/22/2023 15:30:00,164.1,166.4,164.1,165.6,7331865
5/23/2023 15:30:00,165.6,167.05,164.45,165,10119254
5/24/2023 15:30:00,165,166.45,164.65,166.25,6107980
5/25/2023 15:30:00,166.25,167.4,165.25,166,8077606
5/26/2023 15:30:00,166.05,167.4,162.3,163.75,14873707
5/29/2023 15:30:00,160,160.25,156.5,159,43253971
5/30/2023 15:30:00,159.7,161.7,157.25,158.85,16117505
5/31/2023 15:30:00,159,159.4,150.05,154.9,83741017
6/1/2023 15:30:00,154.7,156,153.2,153.65,13982606
6/2/2023 15:30:00,155,155,153.4,154.7,9851058
6/5/2023 15:30:00,155.5,156,154.45,155.4,11850547
6/6/2023 15:30:00,155.5,155.9,153.2,153.65,8118800
6/7/2023 15:30:00,153.6,154.5,152.55,153.85,12180164
6/8/2023 15:30:00,154.5,156.65,154.2,156.1,13850599
6/9/2023 15:30:00,156.7,156.9,153.8,154.25,11764248
6/12/2023 15:30:00,154.85,155.25,152.6,155.05,11017643
6/13/2023 15:30:00,155.2,156.2,154.25,155.65,10073644
6/14/2023 15:30:00,156.1,158.4,155.85,157.85,9695952
6/15/2023 15:30:00,157.5,157.9,156.2,157.65,7426254
6/16/2023 15:30:00,158.25,158.65,156.35,157,11466647
6/19/2023 15:30:00,157.9,158.45,156.5,157.8,4718221
6/20/2023 15:30:00,157.55,157.8,156.55,157.25,6059738
6/21/2023 15:30:00,157,160.55,156.6,160.2,8284206
6/22/2023 15:30:00,160.2,160.95,157.5,158.95,10629027
6/23/2023 15:30:00,159,159,155.4,156.9,8722650
6/26/2023 15:30:00,157,158.25,155.85,156.9,4273205
6/27/2023 15:30:00,158.85,158.85,157.35,157.85,9730174
6/28/2023 15:30:00,157.85,160.15,156.55,158.55,40243993
6/30/2023 15:30:00,161,161,158.95,160.3,7840112
7/3/2023 15:30:00,160.3,163.25,160,162.9,9548822
7/4/2023 15:30:00,162.5,162.9,160,161.2,5394282
7/5/2023 15:30:00,162,164.4,161.35,162.8,8795342
7/6/2023 15:30:00,162.8,165.8,162.55,165.4,9845699
7/7/2023 15:30:00,165.5,166,162.8,163.5,7597171
7/10/2023 15:30:00,163.9,165.4,162.5,162.75,5437687
7/11/2023 15:30:00,163.25,165.1,162.9,164.6,6343183
7/12/2023 15:30:00,165.95,169,165.25,167.65,15614026
7/13/2023 15:30:00,168.65,169.3,167.2,167.8,11350009
7/14/2023 15:30:00,169,169.75,168.2,169.25,9448062
7/17/2023 15:30:00,167.8,168.4,166.15,166.4,4968847
7/18/2023 15:30:00,166.4,168.15,166.05,166.9,4322257
7/19/2023 15:30:00,167.2,167.95,166.1,166.75,5968174
7/20/2023 15:30:00,167,168.1,166,167.2,5217131
7/21/2023 15:30:00,167.35,171,166.5,170.55,7842863
7/24/2023 15:30:00,171.65,172.25,170.25,171,8451631
7/25/2023 15:30:00,172,173.35,171.3,173,10480578
7/26/2023 15:30:00,173.85,174.3,172,172.95,9103949
7/27/2023 15:30:00,173.45,173.65,170.7,171,7731146
7/28/2023 15:30:00,170.7,174.95,168.9,171.8,9004252
7/31/2023 15:30:00,172.8,177.5,171.4,177.05,9277749
8/1/2023 15:30:00,175.3,177,174.3,176.7,5584773
8/2/2023 15:30:00,177,178.65,174,175.95,8975495
8/3/2023 15:30:00,175.25,175.8,171.5,172.1,6152393
8/4/2023 15:30:00,173.35,174.45,172.1,173.35,4605271
8/7/2023 15:30:00,174.3,174.5,172.1,172.95,2240015
8/8/2023 15:30:00,172.9,173.8,172.6,173.35,3631238
8/9/2023 15:30:00,173.35,177.25,173.3,176.9,4852294
8/10/2023 15:30:00,178.1,179.75,176.9,178.65,10430692
8/11/2023 15:30:00,178.9,179.7,176.7,177.2,4112277
8/14/2023 15:30:00,180,180.45,177.35,178,12876956
8/16/2023 15:30:00,176.3,179.45,175.8,179.05,8371665
8/17/2023 15:30:00,178.7,179.1,177.1,177.75,5199363
8/18/2023 15:30:00,177.65,177.65,174.15,175.3,6734650
8/21/2023 15:30:00,175.3,176.3,174.3,176.05,3599820
8/22/2023 15:30:00,176.05,177.9,175.6,176.15,5348036
8/23/2023 15:30:00,177,177.2,175,175.5,6379611
8/24/2023 15:30:00,175.5,176.7,172.8,173.1,7976333
8/25/2023 15:30:00,173.1,175.25,172.85,174.7,4757915
8/28/2023 15:30:00,175.1,175.8,174.55,175.2,4354221
8/29/2023 15:30:00,175.6,176.1,174.95,175.7,4596468
8/30/2023 15:30:00,175.7,176.9,175,175.75,5937955
8/31/2023 15:30:00,175.8,176,173.05,174.15,15823452
9/1/2023 15:30:00,174.4,184.75,174.4,181.75,22460960
9/4/2023 15:30:00,183.85,184.45,181.8,182.95,10998180
9/5/2023 15:30:00,183.5,186,182.4,183.1,13506519
9/6/2023 15:30:00,184.9,186.75,182.35,183.05,11954407
9/7/2023 15:30:00,185,185.2,181,181.75,11137801
9/8/2023 15:30:00,182.5,184.95,182,184.45,9737214
9/11/2023 15:30:00,185.45,185.95,182.3,183.4,10845871
9/12/2023 15:30:00,184.85,184.9,180.2,180.9,15524470
9/13/2023 15:30:00,181.9,184.7,180.9,183.9,10578786
9/14/2023 15:30:00,184.75,188.9,184.2,187.9,17746404
9/15/2023 15:30:00,191.7,191.7,185.6,186.65,19924829
9/18/2023 15:30:00,185.8,187.5,185.1,186.75,5022956
9/20/2023 15:30:00,186.45,189.5,186.2,188.2,12687099
9/21/2023 15:30:00,188.4,188.45,186.05,186.7,7814108
9/22/2023 15:30:00,186.6,187.7,185,185.1,7814821
9/25/2023 15:30:00,186,186.7,185.25,185.5,5540062
9/26/2023 15:30:00,186,188.15,185.25,187.75,12446655
9/27/2023 15:30:00,189.3,189.3,186.3,187.25,5630907
9/28/2023 15:30:00,188.9,189.5,186.5,187.45,14890642
9/29/2023 15:30:00,188.5,192.25,188.15,191.85,10085766
10/3/2023 15:30:00,189.3,189.3,183.65,184.6,22118500
10/4/2023 15:30:00,184.45,184.6,182.1,182.75,9360058
10/5/2023 15:30:00,181.25,184,181,182.2,11128340
10/6/2023 15:30:00,183.5,183.5,180.6,181.45,5759904
10/9/2023 15:30:00,182.9,184.7,181.25,181.7,14622727
10/10/2023 15:30:00,182.3,184.5,182.05,183.5,11819690
10/11/2023 15:30:00,184.4,184.7,182.75,183.25,8499601
10/12/2023 15:30:00,183.2,184.85,183,184.45,8677885
10/13/2023 15:30:00,184.5,186.25,184.05,184.9,7435899
10/16/2023 15:30:00,187.95,188.2,186.25,186.55,12376549
10/17/2023 15:30:00,187,187.05,185.55,186.25,4381065
10/18/2023 15:30:00,188,188.05,186.05,186.95,10181113
10/19/2023 15:30:00,186,186.65,185.05,186.3,9148124
10/20/2023 15:30:00,187,187.3,185.15,186.2,7912216
10/23/2023 15:30:00,185.95,185.95,184.2,184.85,4723090
10/25/2023 15:30:00,184.85,185.85,183,184.35,6812004
10/26/2023 15:30:00,183.5,184.15,179.9,180.9,8474867
10/27/2023 15:30:00,181,185.8,180.3,184.75,6422123
10/30/2023 15:30:00,185,189.2,184.6,188.8,7352638
10/31/2023 15:30:00,189.2,189.8,184.2,186.15,9404675
11/1/2023 15:30:00,186.15,188.8,185.05,186.7,9167869
11/2/2023 15:30:00,187,187.65,185.75,186.2,11471209
11/3/2023 15:30:00,186.65,190.65,185.8,190,7464912
11/6/2023 15:30:00,190.2,194.2,189.55,193.3,8962124
11/7/2023 15:30:00,193.4,198,192.35,193.2,13921916
11/8/2023 15:30:00,193.7,196.55,192.3,195.35,10186886
11/9/2023 15:30:00,196.5,196.7,192.2,192.7,5303833
11/10/2023 15:30:00,192.7,196.5,192.7,195.9,6025889
11/13/2023 15:30:00,195.9,197.3,194.1,195.8,11181086
11/15/2023 15:30:00,198.5,203,197.65,199.5,19769385
11/16/2023 15:30:00,202.5,203.4,201,201.8,18629240
11/17/2023 15:30:00,200.85,201.25,195.55,196.35,13199928
11/20/2023 15:30:00,198,198.5,197,197.85,6423265
11/21/2023 15:30:00,193,193.95,191,191.2,10720353
11/22/2023 15:30:00,191.2,191.85,189.75,191,7538825
11/23/2023 15:30:00,191,191.75,189.6,190.65,6541617
11/24/2023 15:30:00,190.85,191.85,188.15,188.85,5751331
11/28/2023 15:30:00,188.85,194.45,188.4,193.95,9277764
11/29/2023 15:30:00,195.5,195.5,191.7,192,8791333
11/30/2023 15:30:00,192.65,195.65,192.05,194.95,14965403
12/1/2023 15:30:00,195.25,198.25,194.25,194.55,9935740
12/4/2023 15:30:00,196.5,205.9,196.05,202.05,28615290
12/5/2023 15:30:00,202.2,203.95,199.15,202.05,14557746
12/6/2023 15:30:00,203.75,203.75,199.1,201.95,12662213
12/7/2023 15:30:00,200.9,200.9,196.05,198.9,16425880
12/8/2023 15:30:00,199.85,200.3,194.1,195.95,10414387
12/11/2023 15:30:00,197.05,200.85,194.25,197.8,10108266
12/12/2023 15:30:00,196.95,197.8,194.55,195.4,10719911
12/13/2023 15:30:00,195.4,195.4,192.05,193.15,10892122
12/14/2023 15:30:00,195.9,196.3,193.25,195.95,15257294
12/15/2023 15:30:00,197.25,201.95,196.85,201.05,22863981
12/18/2023 15:30:00,201.05,201.65,197.35,199,8061011
12/19/2023 15:30:00,202,203.55,199.3,200.3,16739742
12/20/2023 15:30:00,201.75,212,200.95,203.2,57762576
12/21/2023 15:30:00,203.95,206.75,201.2,202.65,22823936
12/22/2023 15:30:00,204,204.5,201.8,203.95,9910694
12/26/2023 15:30:00,204.5,208.5,203.65,207.35,17052969
12/27/2023 15:30:00,209.5,209.9,204.5,205.55,20361303
12/28/2023 15:30:00,206.5,208.9,205.35,208.3,22010872
12/29/2023 15:30:00,208,208,204.25,205.05,12171663
1/1/2024 15:30:00,206,207.1,204.75,205.35,4820168