Date,Open,High,Low,Close,Volume
1/1/2015 15:30:00,61.25,63.2,61.25,62.4,2982093
1/2/2015 15:30:00,62.4,63.85,62.4,63.25,4056781
1/5/2015 15:30:00,63.25,63.95,62.8,63.4,3624746
1/6/2015 15:30:00,62.85,62.9,60.6,60.95,4925484
1/7/2015 15:30:00,60.55,61.3,59.4,60.5,4533177
1/8/2015 15:30:00,61,61.75,60.6,61.5,3408923
1/9/2015 15:30:00,61.65,62.2,60.3,60.95,3501703
1/12/2015 15:30:00,61,61.45,60.5,61.25,2574207
1/13/2015 15:30:00,61.25,61.5,59.95,60.15,4112746
1/14/2015 15:30:00,60.15,60.8,58.85,60.05,6639163
1/15/2015 15:30:00,60.55,62.1,60.2,61.6,5328930
1/16/2015 15:30:00,61.45,62.1,60.8,61.55,4009799
1/19/2015 15:30:00,61.25,62.9,61.25,62.15,3356857
1/20/2015 15:30:00,62.6,62.85,61.65,62.45,4133744
1/21/2015 15:30:00,62.35,62.7,61.55,62,2550213
1/22/2015 15:30:00,62.1,62.65,61.45,62,2715700
1/23/2015 15:30:00,62.5,65.45,60.8,64.8,10157443
1/27/2015 15:30:00,65.8,65.9,63.8,64.1,4867856
1/28/2015 15:30:00,63.9,64.45,62.55,63,4208286
1/29/2015 15:30:00,62.95,63.7,62.5,63.45,4014695
1/30/2015 15:30:00,63.55,65.75,63.45,65.1,6520420
2/2/2015 15:30:00,65.2,66.85,64.55,66.05,5465876
2/3/2015 15:30:00,66.35,66.6,64.2,64.45,3813390
2/4/2015 15:30:00,65,65.5,63.7,64.2,3951173
2/5/2015 15:30:00,64.2,64.4,60.15,60.65,5575108
2/6/2015 15:30:00,60.65,61,59.05,59.95,6967639
2/9/2015 15:30:00,59,59.5,56.35,56.55,7180201
2/10/2015 15:30:00,55.6,57.6,54.95,56.35,7996502
2/11/2015 15:30:00,57,58.1,56.35,57.8,4430249
2/12/2015 15:30:00,58.3,59.55,57.95,59.2,5819824
2/13/2015 15:30:00,59.75,59.95,59,59.2,3509929
2/16/2015 15:30:00,59.5,60.85,59.5,60,4873242
2/18/2015 15:30:00,60.4,61.7,60.15,61.4,4427992
2/19/2015 15:30:00,61.4,64.2,59.7,63.85,8638748
2/20/2015 15:30:00,64,64.45,62.6,63.35,5522400
2/23/2015 15:30:00,62.5,63.75,61.65,62.4,6073441
2/24/2015 15:30:00,62.45,63.65,62.2,62.75,5320750
2/25/2015 15:30:00,62.8,63.5,61.95,62.15,3581304
2/26/2015 15:30:00,61.95,63.05,61.4,62.45,8278993
2/27/2015 15:30:00,62.7,64.3,62.65,64.05,4363218
3/2/2015 15:30:00,62.95,63.1,61.15,61.75,3630327
3/3/2015 15:30:00,62.1,63.1,61.4,62.65,4407815
3/4/2015 15:30:00,63,63.4,59.85,60.2,5890021
3/5/2015 15:30:00,60.6,61.4,60,60.95,4100473
3/9/2015 15:30:00,60.65,60.65,57.9,58.2,5586215
3/10/2015 15:30:00,58.4,58.9,57.55,57.85,3669558
3/11/2015 15:30:00,58,58.75,57.8,58.1,2876121
3/12/2015 15:30:00,58.55,60,58.3,59.85,4510621
3/13/2015 15:30:00,60.3,60.55,58.05,58.25,3772093
3/16/2015 15:30:00,58.85,58.85,57.6,57.8,2539002
3/17/2015 15:30:00,58.15,58.65,57.1,57.95,3181157
3/18/2015 15:30:00,58,58.7,57.75,58.05,2636127
3/19/2015 15:30:00,58.4,58.75,56.4,56.75,2964548
3/20/2015 15:30:00,57.3,57.75,56.55,56.7,3023253
3/23/2015 15:30:00,56.8,57.3,56.05,56.15,2719487
3/24/2015 15:30:00,56.3,56.85,55.6,55.95,2255530
3/25/2015 15:30:00,56,56.3,55.25,55.45,2360511
3/26/2015 15:30:00,55.5,55.9,54.5,54.75,4309739
3/27/2015 15:30:00,55.4,55.75,53.7,54.85,3959806
3/30/2015 15:30:00,55.1,56.95,55.1,56.5,3396920
3/31/2015 15:30:00,57.1,57.5,56.1,56.5,3435155
4/1/2015 15:30:00,56.8,57.55,56.4,57.3,2463140
4/6/2015 15:30:00,57.55,57.55,55.95,56.65,2822575
4/7/2015 15:30:00,56.85,57.95,56.25,57.85,3321139
4/8/2015 15:30:00,58,58.8,57.55,58.1,2912994
4/9/2015 15:30:00,58.2,58.85,57.9,58.4,2998579
4/10/2015 15:30:00,58.5,62.5,58.15,61.35,11428478
4/13/2015 15:30:00,61.5,62.35,61.15,61.7,4904027
4/15/2015 15:30:00,61.7,62.75,60.4,61,3976954
4/16/2015 15:30:00,61,61.25,59.8,60.3,3081913
4/17/2015 15:30:00,60.2,61.6,59.95,60.2,3479129
4/20/2015 15:30:00,60.2,60.55,57.8,58.2,3171784
4/21/2015 15:30:00,58.25,58.95,57.45,57.6,2317936
4/22/2015 15:30:00,57.8,58.7,57.15,58.5,3321321
4/23/2015 15:30:00,59.35,59.35,58.1,58.6,2475904
4/24/2015 15:30:00,58.75,58.75,57.25,57.55,2903012
4/27/2015 15:30:00,57.6,57.85,55.5,55.75,3049046
4/28/2015 15:30:00,55.85,58.85,55.15,58.3,4409778
4/29/2015 15:30:00,58.5,58.95,57.3,57.65,2725664
4/30/2015 15:30:00,57.6,57.6,56.3,56.65,6121541
5/4/2015 15:30:00,57,59.6,56.95,59.15,4339766
5/5/2015 15:30:00,59.2,60.9,58.6,59.4,5075898
5/6/2015 15:30:00,59.25,59.6,55.4,55.7,5298018
5/7/2015 15:30:00,55,55.95,52.65,53.25,5083651
5/8/2015 15:30:00,54.65,54.65,53.1,53.8,3565747
5/11/2015 15:30:00,54.5,54.75,53.6,54.35,3451530
5/12/2015 15:30:00,54.45,54.55,52.05,52.45,4704958
5/13/2015 15:30:00,53,54.05,52.1,53.5,5278523
5/14/2015 15:30:00,53.45,54.35,52.9,54.05,3810193
5/15/2015 15:30:00,54.2,54.7,53.05,53.5,3417351
5/18/2015 15:30:00,53.6,54.55,53.5,54.05,3367812
5/19/2015 15:30:00,54,54.9,53.6,54.55,3801391
5/20/2015 15:30:00,54.6,55.1,53.8,54.15,3361825
5/21/2015 15:30:00,54.45,54.5,53.4,53.7,2109806
5/22/2015 15:30:00,53.8,54.3,52.8,53.2,2635687
5/25/2015 15:30:00,53.25,54.1,52.8,53.7,2907968
5/26/2015 15:30:00,53.75,54,53.1,53.5,2402546
5/27/2015 15:30:00,54.05,54.95,53.55,54.2,5644451
5/28/2015 15:30:00,54.35,54.35,52.7,53,6411754
5/29/2015 15:30:00,53.1,53.75,52.7,52.85,3674299
6/1/2015 15:30:00,53,53.5,52.7,52.85,2098083
6/2/2015 15:30:00,53,53.1,51.35,51.55,3471516
6/3/2015 15:30:00,51.9,51.9,41.25,45.65,18685831
6/4/2015 15:30:00,46,46.35,44.2,45.25,7692931
6/5/2015 15:30:00,44.9,45.95,44.45,44.75,4484206
6/8/2015 15:30:00,46,46,43.05,45.5,11667434
6/9/2015 15:30:00,45.45,46,44.5,45.2,4947083
6/10/2015 15:30:00,45.25,46.1,44.65,45.3,4098367
6/11/2015 15:30:00,45.65,45.75,43.4,43.9,4771354
6/12/2015 15:30:00,43.8,44.25,43,43.8,3561941
6/15/2015 15:30:00,43.9,44.6,42.6,43,8093343
6/16/2015 15:30:00,43,43.7,42.4,43.4,3902536
6/17/2015 15:30:00,43.6,44.35,43.2,43.55,3853375
6/18/2015 15:30:00,43.5,44.2,43.1,43.7,2911711
6/19/2015 15:30:00,43.9,44.3,43.2,43.75,3186741
6/22/2015 15:30:00,43.85,45.85,43.85,45.2,4119985
6/23/2015 15:30:00,45.2,45.65,44.55,45.15,2975237
6/24/2015 15:30:00,46,46.1,44.4,44.7,6199298
6/25/2015 15:30:00,44.6,45.25,44.4,45,7665853
6/26/2015 15:30:00,45,47.7,43.8,46.5,11859311
6/29/2015 15:30:00,45,45.5,44.2,44.85,4920673
6/30/2015 15:30:00,44.9,45.45,44.4,44.85,3965440
7/1/2015 15:30:00,44.75,45.85,44.75,45.35,3733404
7/2/2015 15:30:00,45.55,46.2,45,45.2,4199258
7/3/2015 15:30:00,46,46,44.55,44.8,4124141
7/6/2015 15:30:00,44.25,45.75,44,45.35,3980224
7/7/2015 15:30:00,45.2,46.2,45.05,45.7,5114518
7/8/2015 15:30:00,45.05,45.45,43.9,44.95,7337438
7/9/2015 15:30:00,44.95,46.7,44.85,45.9,6378652
7/10/2015 15:30:00,46.6,46.6,44.5,44.7,6879163
7/13/2015 15:30:00,44.8,45.55,44.7,45.45,3000301
7/14/2015 15:30:00,45.65,45.85,44.85,44.95,3340455
7/15/2015 15:30:00,45,45.9,44.95,45.2,3185919
7/16/2015 15:30:00,45.9,46.1,45.5,45.7,3905965
7/17/2015 15:30:00,45.9,46.95,45.5,46.3,5062973
7/20/2015 15:30:00,46.4,46.75,45.6,46.1,2651850
7/21/2015 15:30:00,46.05,46.2,43.85,44.15,3693194
7/22/2015 15:30:00,44.1,45.55,43.85,45.25,3140263
7/23/2015 15:30:00,45.3,45.55,44.75,44.95,2591135
7/24/2015 15:30:00,44.9,45.15,44.05,44.2,2433046
7/27/2015 15:30:00,44.2,44.65,42.95,43.1,3291448
7/28/2015 15:30:00,43.2,43.4,41.7,42.3,3332708
7/29/2015 15:30:00,42.05,42.65,40.3,40.8,5279123
7/30/2015 15:30:00,41,42.5,40.75,42.35,4510817
7/31/2015 15:30:00,42.6,43.45,42.3,42.65,3400633
8/3/2015 15:30:00,43.5,43.95,42.55,43.3,2603926
8/4/2015 15:30:00,43.3,43.9,42.7,43.55,2804818
8/5/2015 15:30:00,43.5,44.55,43.35,43.95,3991692
8/6/2015 15:30:00,44.05,44.7,43.8,44.4,3262060
8/7/2015 15:30:00,44.3,44.6,43.6,43.9,2957055
8/10/2015 15:30:00,43.9,44.3,43.25,43.5,1749503
8/11/2015 15:30:00,43.75,45.1,42.7,44.55,7706362
8/12/2015 15:30:00,45,0,0,44.7,0
8/13/2015 15:30:00,44,44.3,40,40.75,11204268
8/14/2015 15:30:00,41.3,42.15,40.65,41.85,4497419
8/17/2015 15:30:00,42,42.6,40.9,42.2,3547102
8/18/2015 15:30:00,42.45,42.5,40.85,42,2796170
8/19/2015 15:30:00,41.9,42.4,41.55,42,2259259
8/20/2015 15:30:00,41.9,42.1,40.7,40.9,2974947
8/21/2015 15:30:00,40.45,41.75,40,41.35,3339961
8/24/2015 15:30:00,40,40.25,35.25,35.9,7629867
8/25/2015 15:30:00,36.9,37.2,33.1,35.95,9370306
8/26/2015 15:30:00,36,37.6,35.05,36.7,5837799
8/27/2015 15:30:00,37.55,37.8,36.6,37.35,10256284
8/28/2015 15:30:00,38,38.9,37,37.7,5434638
8/31/2015 15:30:00,37.85,38.4,37.1,37.5,3631218
9/1/2015 15:30:00,37,37.45,35.95,36.4,3703346
9/2/2015 15:30:00,36.75,37.05,36.25,36.5,3554954
9/3/2015 15:30:00,36.7,37.75,36.55,37.55,3308691
9/4/2015 15:30:00,37.5,37.5,35,35.6,4030682
9/7/2015 15:30:00,36,36.2,34.9,35.2,2986405
9/8/2015 15:30:00,35.5,36.7,34,36.4,5273522
9/9/2015 15:30:00,37.25,38.45,36.7,37.9,5665773
9/10/2015 15:30:00,37.15,38.45,36.65,38.25,4337634
9/11/2015 15:30:00,38.4,38.6,37.65,38.25,3381818
9/14/2015 15:30:00,38.2,40.5,37.8,39.95,5305319
9/15/2015 15:30:00,40,40.25,38.75,38.95,4468573
9/16/2015 15:30:00,39.5,40.1,38.8,39.8,3240588
9/18/2015 15:30:00,40,41.1,40,40.8,7591631
9/21/2015 15:30:00,40.5,43.5,40.15,42.7,7206225
9/22/2015 15:30:00,42.85,42.95,40.6,41.2,4819545
9/23/2015 15:30:00,40.85,42.45,40.5,41.95,3395254
9/24/2015 15:30:00,41.8,42.6,41.15,41.55,4997394
9/28/2015 15:30:00,41.7,43.55,41.4,42.55,3728270
9/29/2015 15:30:00,41.8,43.45,40.5,42.55,6099251
9/30/2015 15:30:00,42.75,43.4,42.4,43,4149272
10/1/2015 15:30:00,44,44.7,43,43.5,6521616
10/5/2015 15:30:00,43.65,44.65,43.65,44.5,3563642
10/6/2015 15:30:00,44.55,45.4,44.35,45.05,4310133
10/7/2015 15:30:00,45.1,47.3,44.6,46.65,7556312
10/8/2015 15:30:00,46.85,46.9,45.4,46.2,3972585
10/9/2015 15:30:00,46.45,47.2,45.6,46.15,3381242
10/12/2015 15:30:00,46.3,49.65,45.75,47.95,8492688
10/13/2015 15:30:00,48,48.55,47.15,47.9,4029495
10/14/2015 15:30:00,47.75,48.75,47.25,47.5,3683072
10/15/2015 15:30:00,47.95,48.5,47.6,48.05,2801708
10/16/2015 15:30:00,48.2,49.1,47.85,48.65,4247344
10/19/2015 15:30:00,48.8,48.95,48.1,48.7,2725010
10/20/2015 15:30:00,48.6,52.7,48.5,51.15,13584898
10/21/2015 15:30:00,51.4,51.9,49.65,50.5,6310225
10/23/2015 15:30:00,51,51.35,49.3,49.8,3698054
10/26/2015 15:30:00,49.85,50.45,49.1,49.3,3645374
10/27/2015 15:30:00,49.2,50.3,48.65,49.7,4341966
10/28/2015 15:30:00,49.55,49.8,48.85,49.15,2893511
10/29/2015 15:30:00,49,50.05,48.75,49,4682946
10/30/2015 15:30:00,49.1,52.7,49.05,50.45,10253362
11/2/2015 15:30:00,50.4,50.7,49.05,49.85,3462740
11/3/2015 15:30:00,50.5,51.1,48.55,49.45,9829915
11/4/2015 15:30:00,50.15,52.25,50.1,51.4,11071039
11/5/2015 15:30:00,51.5,52.5,51,51.4,8359627
11/6/2015 15:30:00,52.25,52.4,47.25,48.5,8071645
11/9/2015 15:30:00,47,49.9,46.3,49.4,13288184
11/10/2015 15:30:00,49.5,50.2,46.85,47.15,6080739
11/13/2015 15:30:00,47.6,49.8,47.4,48.6,5574797
11/16/2015 15:30:00,48.1,49.9,48.1,49.6,4420846
11/17/2015 15:30:00,50.15,50.75,48.75,49.65,4661697
11/18/2015 15:30:00,49.6,50.45,48.95,49.15,5317673
11/19/2015 15:30:00,48.3,49,48.05,48.15,3795095
11/20/2015 15:30:00,48.25,49.1,47.55,48.15,4248050
11/23/2015 15:30:00,48.15,48.7,48,48.25,2082410
11/24/2015 15:30:00,48.1,49.3,48.1,48.9,3628025
11/26/2015 15:30:00,49.3,52.7,48.9,52.25,12738770
11/27/2015 15:30:00,52.45,53.5,50.1,51.15,7577743
11/30/2015 15:30:00,51.5,53.2,51.25,52.5,6838868
12/1/2015 15:30:00,52.95,53.25,51.45,52.45,5954335
12/2/2015 15:30:00,52.6,53.3,52.05,52.55,4964888
12/3/2015 15:30:00,52.45,54.35,52.15,53.15,10058164
12/4/2015 15:30:00,52.65,53.9,52,52.3,5857570
12/7/2015 15:30:00,52.75,52.9,51.5,52.05,2855034
12/8/2015 15:30:00,52.05,52.2,48.95,49.1,5803817
12/9/2015 15:30:00,49,49.4,48,48.5,4525318
12/10/2015 15:30:00,48.65,49.35,48.1,49.2,2768588
12/11/2015 15:30:00,49.2,50.65,47.4,48.2,7426793
12/14/2015 15:30:00,48.2,49.3,47.75,48.65,3413595
12/15/2015 15:30:00,48.55,48.85,47.9,48.55,2492063
12/16/2015 15:30:00,48.95,50.5,48.6,49.4,5034038
12/17/2015 15:30:00,49.8,50.85,49.5,50.65,3449999
12/18/2015 15:30:00,50.45,51.95,50.3,51.25,5175666
12/21/2015 15:30:00,51.45,52.85,51.3,52.5,4701839
12/22/2015 15:30:00,52.4,53.4,51.75,51.95,4743192
12/23/2015 15:30:00,52.3,53,52,52.5,3029435
12/24/2015 15:30:00,53,55,52.3,54.7,11059408
12/28/2015 15:30:00,55.35,55.45,54.55,54.9,5198535
12/29/2015 15:30:00,55,55.9,54.7,55.2,7446084
12/30/2015 15:30:00,55.45,56.15,55.2,55.5,5364148
12/31/2015 15:30:00,55.65,59.4,55.45,56.8,16178597
1/1/2016 15:30:00,57.2,59.4,56.85,58.8,11685502
1/4/2016 15:30:00,58.75,60,55.1,57,14193187
1/5/2016 15:30:00,57.8,59.35,56.75,58.45,9741518
1/6/2016 15:30:00,58.45,59.4,56.8,57.45,8529871
1/7/2016 15:30:00,56,56.7,54.5,55.4,8286270
1/8/2016 15:30:00,55.65,59,55.65,58.6,12437935
1/11/2016 15:30:00,57.6,60.4,56.9,60,17366212
1/12/2016 15:30:00,61.25,61.25,57.1,58.5,17683368
1/13/2016 15:30:00,59.7,59.7,54.7,57.5,14681450
1/14/2016 15:30:00,55.95,57.2,55.1,55.65,8197412
1/15/2016 15:30:00,55.65,56.4,50.35,51.1,10516953
1/18/2016 15:30:00,51,51.5,48.15,48.7,10266093
1/19/2016 15:30:00,49.3,51.7,48.8,50.65,12856965
1/20/2016 15:30:00,49.7,50.2,46.65,48.3,13029307
1/21/2016 15:30:00,49.05,50.5,47.25,48.65,12098870
1/22/2016 15:30:00,49.45,51,49.05,50.35,6382247
1/25/2016 15:30:00,50.95,51.15,49.15,49.75,4457058
1/27/2016 15:30:00,50.35,50.9,49.4,50.35,5443377
1/28/2016 15:30:00,50.4,51,49.6,50.35,7700655
1/29/2016 15:30:00,50.55,51.4,49.1,50.7,6266009
2/1/2016 15:30:00,50.65,50.9,50,50.4,3832987
2/2/2016 15:30:00,50.2,51.1,48.7,48.9,4763381
2/3/2016 15:30:00,48.5,48.5,45.45,45.75,6803718
2/4/2016 15:30:00,46.25,46.8,43.95,45.15,8139578
2/5/2016 15:30:00,45.2,47.3,45.1,46.95,4941023
2/8/2016 15:30:00,46.9,48.5,46.45,46.85,5767752
2/9/2016 15:30:00,45.75,47.25,45.65,46.6,3854854
2/10/2016 15:30:00,46.7,46.85,45.05,46.15,4216419
2/11/2016 15:30:00,46.05,48,42.25,42.85,6210187
2/12/2016 15:30:00,43.5,43.6,40.35,42.7,6871356
2/15/2016 15:30:00,43.9,45.75,43.25,44.4,5523089
2/16/2016 15:30:00,44.95,45.8,43.45,43.75,5601404
2/17/2016 15:30:00,44,44.45,42.2,44.2,5031029
2/18/2016 15:30:00,44.6,45.35,43.25,44.5,4761150
2/19/2016 15:30:00,44.25,45.3,43.9,44.85,3339692
2/22/2016 15:30:00,45.2,45.25,44.25,44.75,2544332
2/23/2016 15:30:00,44.75,45.55,43.7,44.15,3557608
2/24/2016 15:30:00,44.25,44.9,43.3,43.85,2928936
2/25/2016 15:30:00,45.3,45.45,43.3,43.45,10309457
2/26/2016 15:30:00,43.85,44.85,42.25,44.55,7346389
2/29/2016 15:30:00,44.8,45.9,43.7,44.5,8024973
3/1/2016 15:30:00,44.9,45.8,44.35,45.55,4508421
3/2/2016 15:30:00,46.3,47.15,45.65,46.25,7317343
3/3/2016 15:30:00,46.55,47.35,45.9,47.1,4344871
3/4/2016 15:30:00,47.25,47.7,46.15,46.7,5361975
3/8/2016 15:30:00,46.95,47.5,45.9,46.8,3876860
3/9/2016 15:30:00,46.8,48.1,46.35,47.9,4429342
3/10/2016 15:30:00,47.9,48.65,46.9,47.25,5804375
3/11/2016 15:30:00,47.45,47.65,46,46.45,3521342
3/14/2016 15:30:00,47,47.1,45.65,46.25,2718333
3/15/2016 15:30:00,46.1,47.15,46,46.75,3419841
3/16/2016 15:30:00,46.85,47.15,44.9,46.05,5847639
3/17/2016 15:30:00,46.65,46.9,45.9,46.15,3799065
3/18/2016 15:30:00,46.3,46.95,46.1,46.75,2985274
3/21/2016 15:30:00,47,47.3,46.45,47,2954076
3/22/2016 15:30:00,47.2,48.3,46.7,48.1,5365052
3/23/2016 15:30:00,48,48.5,47.65,47.95,2953208
3/28/2016 15:30:00,48,48.1,45.9,46.4,3467228
3/29/2016 15:30:00,46.4,46.9,45.95,46.1,1955841
3/30/2016 15:30:00,46.5,47.95,46.5,47.65,2874301
3/31/2016 15:30:00,47.8,49.95,47.45,49.4,7905083
4/1/2016 15:30:00,49.7,50.95,49.55,50.2,4589915
4/4/2016 15:30:00,50.35,51.6,50.3,50.95,4352222
4/5/2016 15:30:00,51,51,48.4,48.75,4231081
4/6/2016 15:30:00,48.7,49.2,48,48.95,3356276
4/7/2016 15:30:00,49.05,50.4,47.6,48.55,7333401
4/8/2016 15:30:00,48.65,49.4,48.3,49.25,2618159
4/11/2016 15:30:00,49.3,51.95,49.25,51.45,7834401
4/12/2016 15:30:00,51.35,51.95,50.55,51.4,3394787
4/13/2016 15:30:00,51.45,52.7,51.45,51.9,4580366
4/18/2016 15:30:00,51.9,52.15,51.1,51.95,3218598
4/20/2016 15:30:00,51.95,52.95,51.85,52.25,3192328
4/21/2016 15:30:00,52.7,52.8,51.6,52.05,3159074
4/22/2016 15:30:00,51.65,53.5,51.65,52.9,5247588
4/25/2016 15:30:00,52.9,53.2,51.9,52.3,3007018
4/26/2016 15:30:00,52,54.15,51.85,53.5,6863695
4/27/2016 15:30:00,53.95,53.95,52.9,53.3,3846334
4/28/2016 15:30:00,53.3,53.5,51.4,51.65,4169220
4/29/2016 15:30:00,51.4,51.8,49.8,50.95,4122898
5/2/2016 15:30:00,50.4,51.95,50.25,51.4,4163676
5/3/2016 15:30:00,51.6,52.95,51.1,51.35,4746803
5/4/2016 15:30:00,51.25,51.7,49.5,49.7,3943032
5/5/2016 15:30:00,50.45,50.45,48.75,49.3,4056854
5/6/2016 15:30:00,49.2,50.2,48.95,49.65,2883973
5/9/2016 15:30:00,49.85,51.5,49.85,51.15,3091666
5/10/2016 15:30:00,51.2,51.5,50.75,50.95,2042131
5/11/2016 15:30:00,50,51.1,49.55,50.15,3321085
5/12/2016 15:30:00,50.15,50.7,49.8,50.5,2143069
5/13/2016 15:30:00,50.2,50.35,48.9,49.25,3213115
5/16/2016 15:30:00,49,49.7,48.6,48.95,2436876
5/17/2016 15:30:00,49.1,49.45,48.65,48.85,2257673
5/18/2016 15:30:00,48.5,49.3,48.4,49.1,1716929
5/19/2016 15:30:00,49.15,49.95,48.15,48.35,2530729
5/20/2016 15:30:00,48.45,48.75,48,48.1,1755245
5/23/2016 15:30:00,48.15,48.5,47.75,47.9,1442851
5/24/2016 15:30:00,47.9,48.25,46.45,46.9,3645348
5/25/2016 15:30:00,47.8,48.15,47.2,47.95,1810958
5/26/2016 15:30:00,48,48.8,47.8,48.65,2451637
5/27/2016 15:30:00,48.7,53.9,48.65,52.25,14394583
5/30/2016 15:30:00,53.05,53.5,52.1,52.45,3394897
5/31/2016 15:30:00,52.5,52.75,51.4,52,2257817
6/1/2016 15:30:00,52.1,53.3,51.5,51.7,4441509
6/2/2016 15:30:00,51.65,52,50.9,51.6,2627220
6/3/2016 15:30:00,51.7,52,50.6,50.85,3271211
6/6/2016 15:30:00,50.85,51.5,50.3,51.25,1910313
6/7/2016 15:30:00,51.5,51.9,51,51.65,2280506
6/8/2016 15:30:00,51.65,52.6,51.55,52.3,3670260
6/9/2016 15:30:00,52.3,53,51.9,52.4,2878906
6/10/2016 15:30:00,52.4,53,51.9,52.2,2942945
6/13/2016 15:30:00,51.8,51.9,50.65,51.2,2366158
6/14/2016 15:30:00,51,52.95,51,52.45,3984574
6/15/2016 15:30:00,52.75,52.95,52,52.65,1978649
6/16/2016 15:30:00,52.2,53.3,51.3,52.05,3538563
6/17/2016 15:30:00,53.7,53.75,52.1,52.6,3640348
6/20/2016 15:30:00,52,52.95,51.8,52.6,2540871
6/21/2016 15:30:00,52.6,53.2,51.8,52.1,2851018
6/22/2016 15:30:00,52.35,52.5,51,51.3,2811227
6/23/2016 15:30:00,50.2,51.2,50,51.05,4245741
6/24/2016 15:30:00,50,50,48.25,49.35,3880535
6/27/2016 15:30:00,49.3,50.05,49.15,49.6,1940518
6/28/2016 15:30:00,49.75,50.55,49.65,50,1950621
6/29/2016 15:30:00,50.1,50.6,50,50.3,1293270
6/30/2016 15:30:00,51,51.7,50.4,51.35,4185749
7/1/2016 15:30:00,51.35,52.3,51.35,51.7,3158401
7/4/2016 15:30:00,51.8,53.35,51.6,52.45,3354996
7/5/2016 15:30:00,52.4,54.6,52.15,53.7,7327732
7/7/2016 15:30:00,53.3,54.4,53,53.2,3709648
7/8/2016 15:30:00,53.2,53.35,51.8,52.1,2403996
7/11/2016 15:30:00,52.75,53.25,52.5,52.8,2343464
7/12/2016 15:30:00,53,53.35,52.1,52.85,2561163
7/13/2016 15:30:00,53,53.45,51.85,52.25,3873422
7/14/2016 15:30:00,52.1,52.8,52,52.5,2106735
7/15/2016 15:30:00,52.6,52.75,51.65,51.8,2486942
7/18/2016 15:30:00,52,52.85,51.1,51.35,2208996
7/19/2016 15:30:00,51.25,51.85,51.15,51.45,1720845
7/20/2016 15:30:00,51.45,52.15,51.35,52,1812085
7/21/2016 15:30:00,52.25,52.45,51.05,51.25,2080212
7/22/2016 15:30:00,51.05,52.2,51.05,51.85,2194589
7/25/2016 15:30:00,51.85,53.05,51.7,52.8,2238838
7/26/2016 15:30:00,53.05,56.45,53,54.3,11736448
7/27/2016 15:30:00,54.95,55.25,53.25,54.45,4533611
7/28/2016 15:30:00,54.45,55.25,53.9,54.1,3568603
7/29/2016 15:30:00,54.15,55.4,54.15,54.35,4745847
8/1/2016 15:30:00,54.75,54.95,52.1,53,3529407
8/2/2016 15:30:00,53,53.55,52.1,52.4,2316971
8/3/2016 15:30:00,52.3,52.6,51.05,51.2,2981590
8/4/2016 15:30:00,51.5,52.05,50.6,51.2,5057598
8/5/2016 15:30:00,51.6,52.2,51.4,52.05,3126924
8/8/2016 15:30:00,52.45,53,52.05,52.45,2976725
8/9/2016 15:30:00,52.45,53.3,52.15,52.4,2368472
8/10/2016 15:30:00,52.5,52.75,50.85,51.1,3085144
8/11/2016 15:30:00,50.8,51.55,50.25,51.15,2742380
8/12/2016 15:30:00,51.45,51.6,50.75,51,1891304
8/16/2016 15:30:00,51,51.6,50.1,51.35,3522274
8/17/2016 15:30:00,51.25,51.55,50.75,51.3,2234645
8/18/2016 15:30:00,51.8,52.45,51.45,52.1,2439706
8/19/2016 15:30:00,52.2,52.8,51.8,52.3,2334535
8/22/2016 15:30:00,52.25,52.55,51.45,52.1,1707295
8/23/2016 15:30:00,51.95,52.95,51.85,52.65,2905939
8/24/2016 15:30:00,53.4,53.45,52.75,53.15,3057159
8/25/2016 15:30:00,53.1,53.7,52,52.3,4346560
8/26/2016 15:30:00,52.3,52.8,51.5,52.4,3926844
8/29/2016 15:30:00,52.2,53.2,51.9,53,2791925
8/30/2016 15:30:00,53.45,53.45,52.9,53.15,2358954
8/31/2016 15:30:00,53.15,54,52.85,53.25,4827669
9/1/2016 15:30:00,53.25,53.7,50.9,51.15,4597744
9/2/2016 15:30:00,51.4,52.1,51,51.85,2771016
9/6/2016 15:30:00,52.1,52.6,52,52.25,1711506
9/7/2016 15:30:00,52.3,53.1,51.95,52.7,2994991
9/8/2016 15:30:00,52.7,53.4,52.6,53.15,2513600
9/9/2016 15:30:00,53.35,54.2,53.15,53.5,4358394
9/12/2016 15:30:00,53.25,53.25,50.85,51.5,5447166
9/14/2016 15:30:00,51.35,53,51.35,52.8,3634756
9/15/2016 15:30:00,52.9,53.3,52,52.2,2127237
9/16/2016 15:30:00,52.9,53.15,51.5,51.75,4705196
9/19/2016 15:30:00,52,52.1,51.4,51.8,1896968
9/20/2016 15:30:00,51.8,52,51.35,51.5,1227429
9/21/2016 15:30:00,51.65,51.85,50.9,51.1,1641784
9/22/2016 15:30:00,51.7,52,51.35,51.8,1609815
9/23/2016 15:30:00,51.95,52.6,51.5,51.8,3101198
9/26/2016 15:30:00,51.7,52,51,51.25,1654179
9/27/2016 15:30:00,51.45,51.95,51.05,51.15,1662148
9/28/2016 15:30:00,51.25,51.85,51,51.45,2795266
9/29/2016 15:30:00,51.6,51.9,46.35,46.85,5530064
9/30/2016 15:30:00,46.7,47.85,46.2,47.65,4153675
10/3/2016 15:30:00,48,48.8,47.55,48.65,2957616
10/4/2016 15:30:00,48.7,48.8,48.2,48.65,1786439
10/5/2016 15:30:00,48.8,49.3,48.4,48.6,1888644
10/6/2016 15:30:00,48.65,49.2,47.7,47.95,2638597
10/7/2016 15:30:00,47.8,48.4,47.55,48.05,2766404
10/10/2016 15:30:00,48.2,48.65,47.9,48.05,958112
10/13/2016 15:30:00,47.95,47.95,46.25,46.6,3896558
10/14/2016 15:30:00,46.8,47.35,46.65,47.1,1514652
10/17/2016 15:30:00,47.15,47.5,46.1,46.5,1816838
10/18/2016 15:30:00,46.8,47.45,46.6,47.3,1863294
10/19/2016 15:30:00,47.35,47.95,47.2,47.85,1918580
10/20/2016 15:30:00,48.05,48.8,47.8,48.7,3841798
10/21/2016 15:30:00,48.5,48.65,48.15,48.4,1050630
10/24/2016 15:30:00,48.6,49.1,48,48.45,1936845
10/25/2016 15:30:00,48.45,48.7,47.9,48.15,1124538
10/26/2016 15:30:00,47.8,48.5,47.4,47.6,2010347
10/27/2016 15:30:00,47.5,47.7,46.6,46.8,8675372
10/28/2016 15:30:00,46.85,47.35,46.8,47.1,1677134
11/1/2016 15:30:00,47.15,47.7,46.85,47.1,1537950
11/2/2016 15:30:00,46.7,46.8,46,46.15,2878282
11/3/2016 15:30:00,46.05,46.55,45.5,45.8,2141163
11/4/2016 15:30:00,45.8,45.9,43.8,43.95,3824770
11/7/2016 15:30:00,44.65,44.75,44.3,44.55,1279823
11/8/2016 15:30:00,44.7,45.3,44.35,44.7,3103752
11/9/2016 15:30:00,41.95,43.1,40.2,42.8,7239558
11/10/2016 15:30:00,44,44.75,43.55,44.4,2176892
11/11/2016 15:30:00,43,44.05,43,43.3,3006254
11/15/2016 15:30:00,43,43.3,41,41.3,3277494
11/16/2016 15:30:00,41.65,42.5,40.2,40.4,2535915
11/17/2016 15:30:00,40.55,40.8,40.15,40.3,2124207
11/18/2016 15:30:00,40.7,40.85,40,40.5,1770326
11/21/2016 15:30:00,40.55,40.85,39.3,39.5,2493475
11/22/2016 15:30:00,39.85,40.05,38.9,39.4,2859753
11/23/2016 15:30:00,39.8,39.95,39.15,39.6,2122460
11/24/2016 15:30:00,39.4,41.5,38.05,38.65,7200643
11/25/2016 15:30:00,38.65,39.5,38.45,39.4,2591668
11/28/2016 15:30:00,39.4,40.75,39.3,40.6,2883757
11/29/2016 15:30:00,40.75,41.55,40.6,41.2,2298980
11/30/2016 15:30:00,41.25,41.75,41.15,41.7,1309869
12/1/2016 15:30:00,41.75,42.15,40.3,40.45,2817487
12/2/2016 15:30:00,40.4,41.7,40.05,41,2657811
12/5/2016 15:30:00,41.4,41.8,40.45,41.4,2609221
12/6/2016 15:30:00,41.4,42.35,40.7,42.1,2221809
12/7/2016 15:30:00,42.25,43.05,41.8,42.05,2686894
12/8/2016 15:30:00,42.35,43,42.35,42.6,2163511
12/9/2016 15:30:00,43.1,43.2,42.5,42.85,2176018
12/12/2016 15:30:00,42.8,42.8,42.05,42.35,1505734
12/13/2016 15:30:00,42.4,42.55,42.1,42.25,1263305
12/14/2016 15:30:00,42.15,42.55,41.7,41.9,1854272
12/15/2016 15:30:00,41.3,42.55,41.15,42.25,2507072
12/16/2016 15:30:00,42.35,42.35,41.5,41.7,1681705
12/19/2016 15:30:00,41.7,43.2,41.5,42.75,3049194
12/20/2016 15:30:00,42.95,42.95,41.3,41.5,1908726
12/21/2016 15:30:00,41.8,42.75,41.6,42.25,2512578
12/22/2016 15:30:00,42,42.35,41.2,41.4,1407230
12/23/2016 15:30:00,41.2,41.7,40.75,41.2,2144736
12/26/2016 15:30:00,40.9,41.2,39.35,39.5,2276395
12/27/2016 15:30:00,39.5,40.2,39.2,40.1,1225922
12/28/2016 15:30:00,40.1,40.7,39.95,40.1,1476993
12/29/2016 15:30:00,40,40.65,40,40.4,3683573
12/30/2016 15:30:00,40.7,42,40.5,41.2,2041852
1/2/2017 15:30:00,41.2,42.05,41.1,41.9,1391461
1/3/2017 15:30:00,41.95,42.2,41.7,41.95,1437898
1/4/2017 15:30:00,42,42.6,41.9,42.45,2349076
1/5/2017 15:30:00,42.75,43.4,42.35,43.3,2061124
1/6/2017 15:30:00,43.35,44.25,43.15,43.9,2511536
1/9/2017 15:30:00,44,44.25,43.4,43.8,1486066
1/10/2017 15:30:00,44.1,44.15,43.6,43.9,1259294
1/11/2017 15:30:00,44,44.65,43.8,44.45,2132310
1/12/2017 15:30:00,44.5,45.75,43.95,45.25,4787636
1/13/2017 15:30:00,46,46,44.55,44.8,2377747
1/16/2017 15:30:00,44.8,44.8,44.2,44.35,1084101
1/17/2017 15:30:00,44.2,44.7,43.6,44.05,1798045
1/18/2017 15:30:00,44.15,44.65,43.95,44.2,1302154
1/19/2017 15:30:00,44.3,44.55,43.8,44.45,1413122
1/20/2017 15:30:00,44.4,44.7,43.25,43.5,1888953
1/23/2017 15:30:00,43.2,44,43.2,43.7,969117
1/24/2017 15:30:00,43.8,44.15,43.7,44.05,801093
1/25/2017 15:30:00,44.15,44.3,43.65,44,1743082
1/27/2017 15:30:00,44.1,45.2,43.95,44.45,2889389
1/30/2017 15:30:00,44.1,46.4,43.95,45.55,4263459
1/31/2017 15:30:00,45.5,46.2,44.6,44.8,4653422
2/1/2017 15:30:00,44.8,45.5,43.7,45.3,3598038
2/2/2017 15:30:00,45.3,45.6,44.85,45.1,2518346
2/3/2017 15:30:00,45,47.15,44.95,46.1,4307925
2/6/2017 15:30:00,46.7,46.7,46.05,46.5,1858041
2/7/2017 15:30:00,46.5,46.7,45.45,45.9,2909521
2/8/2017 15:30:00,46.25,46.4,45.65,46.05,2607091
2/9/2017 15:30:00,46.4,46.7,45.15,45.65,2981693
2/10/2017 15:30:00,45.7,46.1,45.1,45.3,1572246
2/13/2017 15:30:00,45.3,45.6,43.3,43.95,3900453
2/14/2017 15:30:00,43.9,44.35,43.55,44.15,2209648
2/15/2017 15:30:00,44.1,44.2,42.75,43,1871988
2/16/2017 15:30:00,43,43.55,42.65,43.4,1534952
2/17/2017 15:30:00,43.55,44.3,43.35,44,1946091
2/20/2017 15:30:00,44.1,45.1,43.95,44.95,1758219
2/21/2017 15:30:00,45.05,45.4,44.55,45.2,1778336
2/22/2017 15:30:00,45.2,46.9,45.2,46.15,5417573
2/23/2017 15:30:00,46.05,46.6,45.65,46,5593316
2/27/2017 15:30:00,46,47.8,45.9,46.7,5205337
2/28/2017 15:30:00,46.75,47.9,46.5,47.5,3826823
3/1/2017 15:30:00,47.6,47.85,47.2,47.4,1775110
3/2/2017 15:30:00,47.5,47.7,45.7,45.85,2034005
3/3/2017 15:30:00,45.6,46.25,45.45,46.15,1688479
3/6/2017 15:30:00,46.25,47.15,46.05,46.9,1937233
3/7/2017 15:30:00,47.6,48.85,47.3,47.5,5998354
3/8/2017 15:30:00,47.55,47.75,46,46.15,2546286
3/9/2017 15:30:00,46.05,46.45,45.6,45.95,2072085
3/10/2017 15:30:00,46.1,47.15,46,46.2,3422791
3/14/2017 15:30:00,47.9,47.9,46.85,47.05,3594810
3/15/2017 15:30:00,47.1,47.6,46.75,46.85,2304834
3/16/2017 15:30:00,47.25,48.9,47.15,48.7,5026949
3/17/2017 15:30:00,48.7,48.9,47.4,47.8,3383195
3/20/2017 15:30:00,47.8,48.6,47.5,48.15,3026617
3/21/2017 15:30:00,48.3,48.45,47.5,47.95,2839730
3/22/2017 15:30:00,47.3,47.75,47.05,47.25,1800909
3/23/2017 15:30:00,47.3,48.3,47.3,47.95,2906939
3/24/2017 15:30:00,48.15,48.65,48,48.15,3452917
3/27/2017 15:30:00,48.1,48.15,47.25,47.6,2002305
3/28/2017 15:30:00,47.6,48.35,47.6,47.9,1911528
3/29/2017 15:30:00,48.5,48.5,47.85,48,2061881
3/30/2017 15:30:00,48.25,48.25,47.6,47.75,11573416
3/31/2017 15:30:00,48.05,48.35,47.9,48.1,2207780
4/3/2017 15:30:00,48.3,50.15,48.15,49.75,6926598
4/5/2017 15:30:00,50,50.8,49.8,50.25,4857594
4/6/2017 15:30:00,50,50.15,49.55,49.9,2275201
4/7/2017 15:30:00,49.7,50.3,48.7,48.9,2618529
4/10/2017 15:30:00,49.45,49.55,48.7,49,2536457
4/11/2017 15:30:00,49.25,49.75,48,49.4,5018228
4/12/2017 15:30:00,49.4,49.4,47.75,48,2946445
4/13/2017 15:30:00,48,48.4,47.15,47.45,3371387
4/17/2017 15:30:00,48.2,48.5,47.05,47.85,5181770
4/18/2017 15:30:00,48,49.25,46.6,46.95,4528301
4/19/2017 15:30:00,46.8,47.5,46.5,47,2364779
4/20/2017 15:30:00,47.15,47.4,45.45,47.3,4889896
4/21/2017 15:30:00,47.35,48,47.05,47.25,2339950
4/24/2017 15:30:00,47.35,50.45,47.15,49.7,9881411
4/25/2017 15:30:00,50,50.25,48.8,49.1,3620302
4/26/2017 15:30:00,49.2,50.1,48.15,48.75,4403180
4/27/2017 15:30:00,48.75,49.1,48.25,48.8,3106178
4/28/2017 15:30:00,48.9,49.65,48.8,48.9,3170144
5/2/2017 15:30:00,49.1,49.2,48.1,48.35,2309365
5/3/2017 15:30:00,48.4,48.95,47.65,48.05,2490111
5/4/2017 15:30:00,48.2,48.45,47.55,47.7,2493584
5/5/2017 15:30:00,47.9,48,45.8,46.2,4385085
5/8/2017 15:30:00,46.5,46.95,46.1,46.8,1959107
5/9/2017 15:30:00,47.05,47.75,46.75,47.55,2361536
5/10/2017 15:30:00,47.75,48.05,47.4,47.7,1883640
5/11/2017 15:30:00,48,48.05,47,47.05,1590400
5/12/2017 15:30:00,47.45,47.6,46.55,46.7,1790720
5/15/2017 15:30:00,46.85,46.95,46.5,46.7,1431646
5/16/2017 15:30:00,46.8,48,46.8,47.35,2737326
5/17/2017 15:30:00,47.4,48.5,47.25,47.5,5712304
5/18/2017 15:30:00,47,47.4,46.2,46.5,3233234
5/19/2017 15:30:00,46.8,47.2,45.8,46.3,3111518
5/22/2017 15:30:00,46.55,46.95,45.75,45.9,2247079
5/23/2017 15:30:00,45.9,46,44,44.2,4441477
5/24/2017 15:30:00,44.3,44.6,41.45,41.9,7011989
5/25/2017 15:30:00,42.4,42.9,41.55,42.35,3784082
5/26/2017 15:30:00,42.45,43.75,42.3,43.6,3051866
5/29/2017 15:30:00,43.55,43.7,39.45,39.9,10848525
5/30/2017 15:30:00,39.75,41.4,39,40.6,5656363
5/31/2017 15:30:00,40.9,41.45,39.7,41.3,10834552
6/1/2017 15:30:00,41.3,41.7,40.7,40.9,4852018
6/2/2017 15:30:00,41.3,41.6,40.75,41,2953185
6/5/2017 15:30:00,41.05,42.45,41.05,41.25,3020566
6/6/2017 15:30:00,41.3,41.5,39.6,40.15,2728271
6/7/2017 15:30:00,40,40.65,39.9,40.45,1911629
6/8/2017 15:30:00,40.45,40.55,40,40.15,1435271
6/9/2017 15:30:00,40.15,40.3,39.8,40,1743005
6/12/2017 15:30:00,40,40.6,39.8,40.4,1687922
6/13/2017 15:30:00,40.4,41,40.25,40.45,1854374
6/14/2017 15:30:00,40.65,40.65,39.7,40.15,3061655
6/15/2017 15:30:00,40.15,40.6,39.9,40.35,2018794
6/16/2017 15:30:00,40.5,40.75,40,40.1,1746374
6/19/2017 15:30:00,40.2,40.45,40.05,40.1,1171747
6/20/2017 15:30:00,40.25,40.4,39.8,40.1,1007667
6/21/2017 15:30:00,40.05,40.9,39.9,40.7,2116579
6/22/2017 15:30:00,40.85,41.5,40.5,40.7,2934117
6/23/2017 15:30:00,40.7,41.05,39.75,40.6,2812015
6/27/2017 15:30:00,40.4,41.4,39.95,41.1,3047240
6/28/2017 15:30:00,40.65,42.5,40.65,42.35,4145062
6/29/2017 15:30:00,42.35,43.4,41.85,43,3693108
6/30/2017 15:30:00,42.9,43.05,42.2,42.55,2158616
7/3/2017 15:30:00,42.1,43.35,42.1,42.5,2079094
7/4/2017 15:30:00,42.55,42.95,41.85,42.1,2419965
7/5/2017 15:30:00,42.05,42.75,41.85,42.45,1809627
7/6/2017 15:30:00,42.45,43.15,42.35,42.7,2296673
7/7/2017 15:30:00,42.65,43.2,42.4,42.9,2488339
7/10/2017 15:30:00,43.2,44.15,42.1,43.85,831871
7/11/2017 15:30:00,44,44.4,43.5,43.65,2369929
7/12/2017 15:30:00,43.5,44.4,43.45,44.2,3239584
7/13/2017 15:30:00,44.35,44.55,43.6,43.8,2058048
7/14/2017 15:30:00,43.9,44.95,43.6,44.4,5025678
7/17/2017 15:30:00,44.2,44.55,44.05,44.15,1718117
7/18/2017 15:30:00,44.15,44.15,43.3,43.4,2006039
7/19/2017 15:30:00,43.5,44,43.3,43.9,2022618
7/20/2017 15:30:00,43.9,44.7,43.75,44.4,2673383
7/21/2017 15:30:00,44.65,44.65,43.6,43.9,3343836
7/24/2017 15:30:00,43.9,44.45,43.75,44.05,2485445
7/25/2017 15:30:00,44,44.35,43.85,44.25,1585062
7/26/2017 15:30:00,44.4,44.9,44.05,44.45,2645617
7/27/2017 15:30:00,44.5,45.65,44.25,44.95,5094877
7/28/2017 15:30:00,44.8,46.2,44.6,45.4,5273609
7/31/2017 15:30:00,45.4,45.9,45,45.35,3526670
8/1/2017 15:30:00,45.3,45.5,43.8,44.3,2986051
8/2/2017 15:30:00,44.3,44.8,43.65,44,2331693
8/3/2017 15:30:00,43.65,44.1,42.3,42.55,3729984
8/4/2017 15:30:00,42.4,42.8,42,42.45,2081079
8/7/2017 15:30:00,42.6,43.05,42.4,42.85,1636304
8/8/2017 15:30:00,43,43,41.45,41.8,2513948
8/9/2017 15:30:00,41.5,41.85,41,41.25,2658505
8/10/2017 15:30:00,41.3,41.35,38.3,39,3632908
8/11/2017 15:30:00,38.5,39.25,37.65,38.7,2433410
8/14/2017 15:30:00,39.1,40.35,38.9,40,2662457
8/16/2017 15:30:00,41,41,39.7,40.65,4439909
8/17/2017 15:30:00,40.45,41.1,40.3,40.65,2144488
8/18/2017 15:30:00,40,41,39.8,40.35,3261985
8/21/2017 15:30:00,40.25,40.55,39.1,39.25,2423704
8/22/2017 15:30:00,39.35,39.7,38.35,38.5,2415881
8/23/2017 15:30:00,38.9,39.3,38.65,39.2,1636816
8/24/2017 15:30:00,39.3,39.55,39.15,39.5,1337878
8/28/2017 15:30:00,39.8,40.35,39.4,40.25,1564284
8/29/2017 15:30:00,40.4,41.1,39.7,39.75,4516296
8/30/2017 15:30:00,39.9,40.55,39.9,40.4,1537725
8/31/2017 15:30:00,40.4,40.8,40.2,40.45,8508492
9/1/2017 15:30:00,40.65,41.95,40.5,41.25,3879730
9/4/2017 15:30:00,41,41.1,39.75,40.1,2964770
9/5/2017 15:30:00,40.3,40.65,40,40.25,1887477
9/6/2017 15:30:00,40.15,40.45,39.45,40.05,2003415
9/7/2017 15:30:00,40.4,40.45,39.8,39.9,1639747
9/8/2017 15:30:00,39.9,40.2,39.1,39.3,3981995
9/11/2017 15:30:00,39.65,40,39.5,39.6,2076221
9/12/2017 15:30:00,39.8,40.5,39.7,40.4,2544355
9/13/2017 15:30:00,40.5,41.25,39.85,40.25,4396963
9/14/2017 15:30:00,40.4,42.7,40.25,42.5,8989757
9/15/2017 15:30:00,42.15,43,41.65,41.95,5775506
9/18/2017 15:30:00,42.05,44.2,41.3,43.65,10357100
9/19/2017 15:30:00,42.9,44.1,42.7,43.85,5157067
9/20/2017 15:30:00,45.75,46.1,45.15,45.55,13838274
9/21/2017 15:30:00,45.55,45.6,44.1,44.8,5046221
9/22/2017 15:30:00,44.55,44.6,42.2,42.35,5085497
9/25/2017 15:30:00,42.5,43,41.2,42.2,6309836
9/26/2017 15:30:00,42.15,43,42.05,42.7,3333002
9/27/2017 15:30:00,42.95,43,40.9,41.05,4419127
9/28/2017 15:30:00,41.35,41.75,40.9,41.05,3060947
9/29/2017 15:30:00,41.45,41.65,41,41.1,1890115
10/3/2017 15:30:00,41.6,41.6,40.15,40.3,2288938
10/4/2017 15:30:00,40.6,41,40.25,40.6,1524851
10/5/2017 15:30:00,41.05,41.05,40.35,40.6,1604375
10/6/2017 15:30:00,40.85,41.3,40.75,41,1944916
10/9/2017 15:30:00,41.15,41.45,40.7,41.1,2241211
10/10/2017 15:30:00,41.15,41.35,40.75,40.9,1576904
10/11/2017 15:30:00,41.05,41.25,39.9,40.1,2002109
10/12/2017 15:30:00,41.85,41.85,39.85,40.65,2643753
10/13/2017 15:30:00,41,41.3,40.6,40.85,1836578
10/16/2017 15:30:00,41,41.2,40.4,40.65,1778095
10/17/2017 20:00:00,40.4,40.9,40.25,40.55,1336276
10/18/2017 15:30:00,40.65,40.9,39.7,39.85,2720056
10/19/2017 20:00:00,39.85,40,39.5,39.8,833309
10/23/2017 15:30:00,39.65,39.9,38.75,39.25,13335519
10/24/2017 15:30:00,39.45,39.8,39.3,39.55,2100970
10/25/2017 15:30:00,39.8,40.7,39.4,40.5,3288703
10/26/2017 15:30:00,40.5,40.55,39.9,40,3998705
10/27/2017 15:30:00,40.3,40.9,40.15,40.55,3020587
10/30/2017 15:30:00,40.7,41.2,40.6,40.9,2127073
10/31/2017 15:30:00,41,41.45,40.7,40.8,2809796
11/1/2017 15:30:00,41,41.15,40.6,40.7,1823822
11/2/2017 15:30:00,40.8,42.4,40.5,41.25,5391332
11/3/2017 15:30:00,41.85,41.85,40.9,41.05,3164105
11/6/2017 15:30:00,41.45,41.45,40.65,40.85,2717365
11/7/2017 15:30:00,40.95,41.1,39.5,39.65,3527918
11/8/2017 15:30:00,39.8,40.1,39,39.1,2701457
11/9/2017 15:30:00,39.2,39.5,38.7,39.25,2521933
11/10/2017 15:30:00,39.05,39.8,39.05,39.4,2103175
11/13/2017 15:30:00,39.6,39.7,38.35,38.6,3278046
11/14/2017 15:30:00,38.6,39,38.5,38.55,1451894
11/15/2017 15:30:00,38.55,38.65,34.6,35.35,10072807
11/16/2017 15:30:00,35.35,37.3,34.65,36.75,11326368
11/17/2017 15:30:00,37.3,37.4,36.5,36.95,3984991
11/20/2017 15:30:00,36.9,37.6,36.4,37.3,3545824
11/21/2017 15:30:00,37.65,38.95,37.15,38.15,4532644
11/22/2017 15:30:00,38.4,38.5,37.7,38.35,2126759
11/23/2017 15:30:00,38.45,38.7,37.75,38.05,2406333
11/24/2017 15:30:00,38.05,38.5,37.95,38.4,1911889
11/27/2017 15:30:00,38.2,39.4,38.1,39.2,2861457
11/28/2017 15:30:00,39,39.1,38.45,38.8,2437003
11/29/2017 15:30:00,38.8,39.2,38.6,38.8,1718379
11/30/2017 15:30:00,38.8,38.85,37.75,38,6699409
12/1/2017 15:30:00,38.8,38.8,37.3,37.45,2978171
12/4/2017 15:30:00,37.5,37.65,36.4,36.7,2475539
12/5/2017 15:30:00,36.5,36.85,36.2,36.75,2545677
12/6/2017 15:30:00,37.1,38,36.3,36.4,3755837
12/7/2017 15:30:00,36.4,37,36.4,36.85,1885990
12/8/2017 15:30:00,36.7,37.45,36.7,37,1825222
12/11/2017 15:30:00,37.4,37.45,36.8,37.2,1818019
12/12/2017 15:30:00,37.15,37.15,36.5,36.6,1772466
12/13/2017 15:30:00,36.45,36.85,36,36.1,1472829
12/14/2017 15:30:00,36.3,36.35,35.65,36.05,1577912
12/15/2017 15:30:00,36.3,36.55,36,36.1,1572723
12/18/2017 15:30:00,36,36.7,34.8,36.35,3420761
12/19/2017 15:30:00,36.6,37.1,36.2,37,3779531
12/20/2017 15:30:00,36.9,40.45,36.8,39.5,9860895
12/21/2017 15:30:00,39.6,40.65,38.75,40.3,9071612
12/22/2017 15:30:00,40.7,42.85,40.25,41.65,15501384
12/26/2017 15:30:00,41.7,43.65,41.5,43.2,12849581
12/27/2017 15:30:00,43.75,45.75,43.05,44.5,21454904
12/28/2017 15:30:00,44.65,46.6,44.1,44.85,17809100
12/29/2017 15:30:00,46.55,51.55,44.95,50.25,47047023
1/1/2018 15:30:00,50.9,63.65,50.25,61.25,193482359
1/2/2018 15:30:00,62.6,65.2,55.35,56.85,136371990
1/3/2018 15:30:00,56.85,58.6,55.15,56.95,54258958
1/4/2018 15:30:00,57.5,59,55.5,58.45,43274292
1/5/2018 15:30:00,58.75,60.1,57.55,58.7,28059455
1/8/2018 15:30:00,59,62,58.25,61.3,58204783
1/9/2018 15:30:00,61.9,62.15,56.8,57.2,40967364
1/10/2018 15:30:00,57.3,57.9,55.8,56.15,19168197
1/11/2018 15:30:00,56.1,57.2,55.5,55.8,15148534
1/12/2018 15:30:00,56,56.5,53.3,54.6,20836932
1/15/2018 15:30:00,54.95,55.6,53.7,54,13740123
1/16/2018 15:30:00,54.15,54.45,50.8,51.2,18749286
1/17/2018 15:30:00,51,53.1,48.65,52.3,27253834
1/18/2018 15:30:00,53,53.3,48,48.7,21139555
1/19/2018 15:30:00,48.75,49.4,46.6,48.9,23589935
1/22/2018 15:30:00,49.1,49.1,47.65,48,7822291
1/23/2018 15:30:00,48,50.8,47.7,48.4,17506799
1/24/2018 15:30:00,48,48.75,47.45,47.65,7687039
1/25/2018 15:30:00,47.8,48.4,46.7,47.15,10472765
1/29/2018 15:30:00,47.2,48.8,46.4,46.8,12771040
1/30/2018 15:30:00,46.75,49,46.6,47.2,17020692
1/31/2018 15:30:00,47.55,47.7,45.1,45.75,12683291
2/1/2018 15:30:00,45.75,46.25,43.05,44.2,12046200
2/2/2018 15:30:00,43.8,43.8,40,41.25,15203924
2/5/2018 15:30:00,39.5,43,39.5,42.6,14004413
2/6/2018 15:30:00,39.6,41.4,39.15,40.65,10119828
2/7/2018 15:30:00,41.15,41.75,40.6,40.8,5812376
2/8/2018 15:30:00,41.3,42.8,41.05,42.2,7641508
2/9/2018 15:30:00,41.25,46.75,41.1,44.9,17106102
2/12/2018 15:30:00,45,48.95,45,47.35,18285447
2/14/2018 15:30:00,47.1,47.75,45.55,45.95,14816000
2/15/2018 15:30:00,46.05,46.55,43.95,44.75,9295667
2/16/2018 15:30:00,45,45.25,43.65,44.3,7852360
2/19/2018 15:30:00,44.05,44.7,42.3,43.2,9540267
2/20/2018 15:30:00,43.2,43.85,42.75,42.9,4481249
2/21/2018 15:30:00,43.25,45.1,42.65,43.85,8907241
2/22/2018 15:30:00,43.75,44,43.05,43.55,6080996
2/23/2018 15:30:00,45.95,45.95,43.85,44.35,7064831
2/26/2018 15:30:00,44.6,46.65,44.1,45.65,14241507
2/27/2018 15:30:00,45.9,45.9,44,44.7,8333651
2/28/2018 15:30:00,44.4,45.45,43.95,44.7,5336665
3/1/2018 15:30:00,44.9,45.3,43.25,43.45,8698793
3/5/2018 15:30:00,43.4,43.4,41.7,42.4,5377399
3/6/2018 15:30:00,42.45,43.1,40.55,41.2,5680107
3/7/2018 15:30:00,40.85,40.9,38.85,39.15,7470836
3/8/2018 15:30:00,39.5,40.15,38.25,39.95,6708230
3/9/2018 15:30:00,39.8,40.25,38.1,38.25,5826910
3/12/2018 15:30:00,38.55,39.35,37.35,39.15,6484927
3/13/2018 15:30:00,38.9,40.2,38.6,39.35,5920433
3/14/2018 15:30:00,39.35,40.15,38.95,39.75,5383217
3/15/2018 15:30:00,39.65,40.85,39.6,39.95,5506254
3/16/2018 15:30:00,39.95,40.5,39,39.2,5143674
3/19/2018 15:30:00,39.2,39.85,38,38.45,4648780
3/20/2018 15:30:00,38.25,39.25,38.15,39,4338360
3/21/2018 15:30:00,39.3,39.95,39,39.45,6576848
3/22/2018 15:30:00,39.45,39.75,38.05,38.2,5410739
3/23/2018 15:30:00,37.6,37.6,36.35,36.9,6259951
3/26/2018 15:30:00,37,37.2,36,36.9,5792507
3/27/2018 15:30:00,37.05,38.15,37,37.75,4695198
3/28/2018 15:30:00,37.45,37.85,35.7,36.1,7521801
4/2/2018 15:30:00,36.25,37.7,36.25,37.45,4570412
4/3/2018 15:30:00,37.3,38.3,36.8,38.05,4533121
4/4/2018 15:30:00,38.15,43.9,38.1,42.45,41938075
4/5/2018 15:30:00,42.7,43.4,41.8,42.65,18370975
4/6/2018 15:30:00,42.5,43.15,41,41.6,11882489
4/9/2018 15:30:00,41.75,42.3,41,41.65,6520453
4/10/2018 15:30:00,41.8,42.2,41.2,41.5,4794237
4/11/2018 15:30:00,41.6,41.6,40.7,41.2,6205657
4/12/2018 15:30:00,41,41.35,39.8,40.05,5916344
4/13/2018 15:30:00,40.15,40.95,40.05,40.45,5051162
4/16/2018 15:30:00,40.1,40.25,39.3,39.8,4424516
4/17/2018 15:30:00,40,40.55,39.6,40.05,3339701
4/18/2018 15:30:00,40.15,40.4,39.45,39.6,2401347
4/19/2018 15:30:00,39.95,41,39.2,39.9,6315911
4/20/2018 15:30:00,39.85,39.85,37.8,38.2,10137914
4/23/2018 15:30:00,38.15,38.55,37.8,38.3,3651237
4/24/2018 15:30:00,38.3,38.45,35.6,36.7,9027361
4/25/2018 15:30:00,36.5,37.45,36.4,36.85,5010118
4/26/2018 15:30:00,36.8,37,35.6,35.95,6825068
4/27/2018 15:30:00,36.15,36.95,36.05,36.35,4053960
4/30/2018 15:30:00,36.35,37.15,35.7,37,3988153
5/2/2018 15:30:00,37.05,39.8,36,36.2,17317772
5/3/2018 15:30:00,36.25,36.35,34.6,35,7003678
5/4/2018 15:30:00,35,36.9,34.65,36.65,12357695
5/7/2018 15:30:00,36.7,38.9,36.2,38.65,13395333
5/8/2018 15:30:00,38.6,39,37.6,38.75,9039733
5/9/2018 15:30:00,38.55,38.7,37.4,37.6,3618695
5/10/2018 15:30:00,37.65,37.8,36,36.1,5176473
5/11/2018 15:30:00,36.05,36.5,35.45,35.8,3855295
5/14/2018 15:30:00,35.75,35.8,33.1,33.75,14223639
5/15/2018 15:30:00,33.5,34.6,32.5,33.55,7772586
5/16/2018 15:30:00,33.1,33.7,32.4,33.3,5905500
5/17/2018 15:30:00,33.35,37.15,33.35,35.55,26803930
5/18/2018 15:30:00,35.9,37,33.45,33.8,19062844
5/21/2018 15:30:00,33.8,34.8,32.7,33.25,10746426
5/22/2018 15:30:00,33.45,35.05,32.9,33.65,11258363
5/23/2018 15:30:00,33.6,34.35,33.25,33.55,5780088
5/24/2018 15:30:00,33.7,34.05,32.55,33.1,7822640
5/25/2018 15:30:00,33.2,35.05,33,34.65,8478875
5/28/2018 15:30:00,35,36.5,34.85,35.95,7015495
5/29/2018 15:30:00,35.95,36.7,35.45,35.75,5941929
5/30/2018 15:30:00,35.75,36.55,35.4,35.95,6247232
5/31/2018 15:30:00,37.5,37.85,35.55,36.4,14591547
6/1/2018 15:30:00,36,36.1,34.35,35.3,7740907
6/4/2018 15:30:00,35.2,35.55,34,34.2,4161265
6/5/2018 15:30:00,34.1,34.1,32.6,33.25,5173006
6/6/2018 15:30:00,33.65,34.4,33.15,34.15,4622111
6/7/2018 15:30:00,34.2,35.7,34.1,35.35,6766673
6/8/2018 15:30:00,35.25,35.7,34.85,35.55,3321344
6/11/2018 15:30:00,35.65,36.75,35.55,36.05,6001067
6/12/2018 15:30:00,36,36.7,35.45,36.3,4289744
6/13/2018 15:30:00,36.4,36.7,35.6,35.75,3972075
6/14/2018 15:30:00,35.3,35.4,34.4,34.85,5533769
6/15/2018 15:30:00,34.9,35.1,33.6,34.6,7330518
6/18/2018 15:30:00,34.4,34.85,34,34.7,2961778
6/19/2018 15:30:00,34.45,34.85,33.8,34,3509192
6/20/2018 15:30:00,34.15,35.7,33.8,35.5,6621700
6/21/2018 15:30:00,35.85,35.85,34.5,34.8,4391529
6/22/2018 15:30:00,34.8,35,33.8,34.8,3725239
6/25/2018 15:30:00,34.6,35.45,34.1,34.25,4795876
6/26/2018 15:30:00,34.2,34.3,33.7,33.9,3558421
6/27/2018 15:30:00,34,34.05,32,32.3,9011103
6/28/2018 15:30:00,32,32.5,31.4,31.75,7195327
6/29/2018 15:30:00,32,32.95,31.65,32,6621648
7/2/2018 15:30:00,32.1,32.2,30.45,31.05,6438288
7/3/2018 15:30:00,31.05,31.6,30.75,31.3,4079607
7/4/2018 15:30:00,31.15,31.55,30.55,30.8,5064375
7/5/2018 15:30:00,30.8,31.05,30.15,30.7,4983952
7/6/2018 15:30:00,30.7,31.35,30.4,31.05,5001794
7/9/2018 15:30:00,31.25,32.05,31.25,31.9,4762904
7/10/2018 15:30:00,32.3,32.55,32,32.45,3252113
7/11/2018 15:30:00,32,33.4,32,32.65,7763608
7/12/2018 15:30:00,32.85,33.4,31.9,32.1,5365411
7/13/2018 15:30:00,32.15,32.3,30.85,31.1,5350617
7/16/2018 15:30:00,31.2,31.3,29.05,29.15,6882404
7/17/2018 15:30:00,29.25,30.7,28.8,30.35,8463490
7/18/2018 15:30:00,30.6,30.85,29.05,30,6389715
7/19/2018 15:30:00,30.05,30.4,29.4,30.15,4982717
7/20/2018 15:30:00,30.25,31,29.6,30.85,7176411
7/23/2018 15:30:00,31,31.4,29.7,31.15,9486292
7/24/2018 15:30:00,31.3,32.8,30.95,32,8558588
7/25/2018 15:30:00,32.05,32.85,31.4,31.8,6364378
7/26/2018 15:30:00,31.8,32.9,31.55,32.4,6500627
7/27/2018 15:30:00,32.6,33.45,32.25,32.85,8074585
7/30/2018 15:30:00,32.85,33.9,32.6,33.55,6772856
7/31/2018 15:30:00,33.65,34,33.1,33.5,6923676
8/1/2018 15:30:00,33.75,34,31.8,32.3,9057088
8/2/2018 15:30:00,32.4,33.7,31.6,33.2,6995102
8/3/2018 15:30:00,33.2,34.7,33.05,33.6,9322181
8/6/2018 15:30:00,33.8,34.4,33.35,33.95,6417598
8/7/2018 15:30:00,34.05,34.35,33.25,33.4,5005764
8/8/2018 15:30:00,33.4,34.05,33,33.75,6651304
8/9/2018 15:30:00,34.2,34.95,33.75,34.4,9728319
8/10/2018 15:30:00,34.5,34.65,33.15,33.4,5915851
8/13/2018 15:30:00,33.1,33.3,32.4,32.65,5509321
8/14/2018 15:30:00,32.9,33.05,32.2,32.8,6159970
8/16/2018 15:30:00,32.35,32.9,31.85,32.15,4179898
8/17/2018 15:30:00,32.55,32.65,31.9,32.55,5904402
8/20/2018 15:30:00,32.75,33.7,32.6,33.3,8151419
8/21/2018 15:30:00,33.55,34.3,33,33.75,5829927
8/23/2018 15:30:00,34.35,34.6,33.6,34.05,8680860
8/24/2018 15:30:00,34.45,34.45,33.25,33.7,6950483
8/27/2018 15:30:00,33.75,34.2,33.45,33.8,5147441
8/28/2018 15:30:00,33.7,33.8,33.1,33.4,4932745
8/29/2018 15:30:00,33.2,35.6,33.2,34.55,13121762
8/30/2018 15:30:00,34.8,38,34.45,36.65,33087814
8/31/2018 15:30:00,36.9,38.15,35.75,37.75,22276840
9/3/2018 15:30:00,37.9,39.3,37.25,37.85,15743192
9/4/2018 15:30:00,38,38,34.6,34.95,12541196
9/5/2018 15:30:00,34.9,35.55,33.75,35.4,11647016
9/6/2018 15:30:00,35.55,36,34.75,35.25,7492679
9/7/2018 15:30:00,35.2,37.55,34.85,36.8,17052474
9/10/2018 15:30:00,35.75,37.45,35.7,36,14376213
9/11/2018 15:30:00,36,36.5,35,35.2,7267769
9/12/2018 15:30:00,35.5,35.5,33.65,34.5,7742054
9/14/2018 15:30:00,34.55,35.25,34.55,34.75,5687171
9/17/2018 15:30:00,34.7,35.4,34.3,34.9,5434007
9/18/2018 15:30:00,34.8,35.3,33.2,33.45,6852367
9/19/2018 15:30:00,33.7,33.75,31.2,31.5,10800824
9/21/2018 15:30:00,31.55,31.95,28.4,29.2,16640362
9/24/2018 15:30:00,29.6,29.8,27.1,27.75,10822093
9/25/2018 15:30:00,27.9,28.1,26.25,27,10201205
9/26/2018 15:30:00,27.5,27.8,26.65,27.25,7652068
9/27/2018 15:30:00,27.3,27.35,25.9,26.1,9123573
9/28/2018 15:30:00,26.1,26.65,24.85,26.1,21206651
10/1/2018 15:30:00,26,26.75,25,26.55,8013844
10/3/2018 15:30:00,26.55,28.25,26.1,27.05,8584137
10/4/2018 15:30:00,26.9,27.5,26,27.2,8739724
10/5/2018 15:30:00,26.65,27.65,25.7,25.95,8177590
10/8/2018 15:30:00,25.5,25.95,23.7,24.4,10898835
10/9/2018 15:30:00,23.1,25.15,23.1,24.65,9968349
10/10/2018 15:30:00,24.8,26.8,24.75,26.4,9820606
10/11/2018 15:30:00,25.4,27.15,24.75,25.9,10372591
10/12/2018 15:30:00,26.2,28.85,26.2,28.1,14132888
10/15/2018 15:30:00,28.6,29.1,27.7,28.35,8196471
10/16/2018 15:30:00,28.35,28.9,28.2,28.6,5170248
10/17/2018 15:30:00,29,29,27.15,27.35,7727726
10/19/2018 15:30:00,27.35,28.15,26.3,27.35,10555635
10/22/2018 15:30:00,28,28.1,26.9,27.2,6648086
10/23/2018 15:30:00,27.05,27.55,26.45,26.8,5708278
10/24/2018 15:30:00,27.15,27.65,26.95,27.5,7206246
10/25/2018 15:30:00,27,28.4,26.85,27.7,7454322
10/26/2018 15:30:00,27.7,28,26.9,27.4,10814081
10/29/2018 15:30:00,27.75,30.4,27.15,29.55,16276323
10/30/2018 15:30:00,29.7,30.6,29.45,29.75,11228703
10/31/2018 15:30:00,29.9,30.5,28.7,30.2,10177197
11/1/2018 15:30:00,30.5,32.15,30.15,31.25,10885799
11/2/2018 15:30:00,31.85,32.1,31.15,31.35,9634117
11/5/2018 19:00:00,31.1,31.85,29.8,30.95,9207439
11/6/2018 15:30:00,31,31.35,30.5,30.7,5069645
11/9/2018 15:30:00,30.6,31.75,30.6,31.45,6370975
11/12/2018 15:30:00,31.75,31.85,30.4,30.6,5154500
11/13/2018 15:30:00,30.5,30.7,29.75,30.5,5790479
11/14/2018 15:30:00,30.8,30.9,30.05,30.5,5498769
11/15/2018 15:30:00,30.5,31.4,29.9,31.05,5206840
11/16/2018 15:30:00,31.6,31.6,29.85,30.4,6687895
11/19/2018 15:30:00,30.15,32.7,30,31.5,15658004
11/20/2018 15:30:00,31.5,31.9,30.3,30.5,7723323
11/21/2018 15:30:00,30.55,31.45,30.3,31.1,5459816
11/22/2018 15:30:00,31.05,31.95,31,31.15,6365888
11/26/2018 15:30:00,31.2,31.45,29.85,30.1,7432868
11/27/2018 15:30:00,30.15,30.45,29.55,30.2,5957926
11/28/2018 15:30:00,30.3,30.45,29.65,29.9,6269275
11/29/2018 15:30:00,29.95,30.05,29,29.3,6969977
11/30/2018 15:30:00,29.4,30.3,28.9,29.15,11338887
12/3/2018 15:30:00,29.5,31.55,29.15,30.1,16647600
12/4/2018 15:30:00,30.25,30.5,29.7,29.95,8924043
12/5/2018 15:30:00,29.8,30.65,28.9,29.15,11817082
12/6/2018 15:30:00,29,29.05,27.55,27.7,11298200
12/7/2018 15:30:00,28,28.05,26.9,27.75,9750758
12/10/2018 15:30:00,26.8,27.4,26.7,26.75,6396214
12/11/2018 15:30:00,25.85,27.3,25.85,26.95,11239076
12/12/2018 15:30:00,27.35,28.1,26.95,27.65,10141805
12/13/2018 15:30:00,27.95,28.5,27.7,28.05,9605300
12/14/2018 15:30:00,28,29.05,27.8,28.05,14189939
12/17/2018 15:30:00,28.2,28.35,27.85,28.05,7416699
12/18/2018 15:30:00,28.05,28.35,27.9,28.1,9503060
12/19/2018 15:30:00,28.15,29.05,28.05,28.2,15967573
12/20/2018 15:30:00,28.1,28.15,27.5,28,8920833
12/21/2018 15:30:00,28.4,28.4,27.7,28.05,10085763
12/24/2018 15:30:00,28.2,28.5,27.5,27.65,12093058
12/26/2018 15:30:00,27.75,27.85,26.75,27.65,9718982
12/27/2018 15:30:00,27.85,28.9,27.7,28.45,13382122
12/28/2018 15:30:00,28.6,30.1,28.55,29.1,17430176
12/31/2018 15:30:00,29.25,29.55,28.5,28.65,9823948
1/1/2019 15:30:00,28.95,29,28.45,28.85,7266908
1/2/2019 15:30:00,28.8,28.8,27.6,27.75,11568301
1/3/2019 15:30:00,27.8,27.9,27,27.15,6177344
1/4/2019 15:30:00,27.3,27.9,27,27.65,17033814
1/7/2019 15:30:00,27.9,29.75,27.85,29.1,19212100
1/8/2019 15:30:00,28.9,30.6,28.7,30.4,12856320
1/9/2019 15:30:00,30.55,30.7,29.25,29.7,10133470
1/10/2019 15:30:00,29.65,30.2,29.5,29.7,4945517
1/11/2019 15:30:00,29.7,29.95,29.1,29.45,4256436
1/14/2019 15:30:00,29.5,29.65,28.8,28.9,4026336
1/15/2019 15:30:00,29.8,30.35,29.05,30.2,7176813
1/16/2019 15:30:00,29.8,30.95,29.8,30.25,6481904
1/17/2019 15:30:00,30.4,30.4,29.1,29.35,4845520
1/18/2019 15:30:00,29.3,29.5,28.4,28.5,4861476
1/21/2019 15:30:00,28.6,28.75,27.85,28,4882892
1/22/2019 15:30:00,27.9,28.25,27.4,28.15,5569253
1/23/2019 15:30:00,28.1,28.55,27.9,28.1,3888323
1/24/2019 15:30:00,28.05,29,28.05,28.85,7120092
1/25/2019 15:30:00,28.7,29.3,27.65,28.05,12002432
1/28/2019 15:30:00,28.05,28.45,26.75,26.95,8916262
1/29/2019 15:30:00,26.5,27.2,26.5,26.7,6601816
1/30/2019 15:30:00,26.85,27.1,26.45,26.65,4160107
1/31/2019 15:30:00,26.65,26.85,25.7,26.5,6743523
2/1/2019 15:30:00,26.5,27.2,26.15,26.4,7711767
2/4/2019 15:30:00,24.95,25.2,16.55,17.2,86170048
2/5/2019 15:30:00,16.85,17.6,11.7,12,209001837
2/6/2019 15:30:00,12,13.6,10.2,12.75,197150927
2/7/2019 15:30:00,13.1,13.35,9.1,10,283770262
2/8/2019 15:30:00,9.9,11.7,9.65,10.9,160315430
2/11/2019 15:30:00,11.8,11.8,10.75,11.05,57877825
2/12/2019 15:30:00,11,11.1,10.6,10.75,52397665
2/13/2019 15:30:00,10.8,10.95,10.2,10.35,45685949
2/14/2019 15:30:00,10.35,11.2,10.1,10.65,44400917
2/15/2019 15:30:00,10.55,10.7,10,10.2,32434913
2/18/2019 15:30:00,11.2,12.2,11.05,11.35,80682460
2/19/2019 15:30:00,11.55,11.65,10.7,10.8,65983040
2/20/2019 15:30:00,11.05,11.15,10.25,10.75,60434670
2/21/2019 15:30:00,10.85,11.35,10.5,11.2,61955364
2/22/2019 15:30:00,11.25,11.9,11.1,11.4,76794124
2/25/2019 15:30:00,11.55,11.75,10.95,11.05,39123929
2/26/2019 15:30:00,10.85,11,10.4,10.8,48238885
2/27/2019 15:30:00,10.9,11.15,10.3,10.5,45576247
2/28/2019 15:30:00,10.65,11,10.55,10.75,52941191
3/1/2019 15:30:00,10.8,12.55,10.8,12.35,181501193
3/5/2019 15:30:00,12.55,13.25,12.35,12.75,112484244
3/6/2019 15:30:00,12.85,13.2,12.1,12.45,93611460
3/7/2019 15:30:00,12.55,12.7,12.2,12.35,52819188
3/8/2019 15:30:00,12.35,12.55,11.85,11.95,56752343
3/11/2019 15:30:00,11.85,12.35,11.65,11.95,48185035
3/12/2019 15:30:00,12.05,12.3,11.8,11.9,41767095
3/13/2019 15:30:00,12,12.05,11.45,11.5,32793164
3/14/2019 15:30:00,11.5,11.6,10.65,10.75,61392729
3/15/2019 15:30:00,10.75,11.1,10.4,10.8,61818021
3/18/2019 15:30:00,11,11.45,10.75,11,110021128
3/19/2019 15:30:00,11.85,11.9,11.05,11.15,103484245
3/20/2019 15:30:00,11.2,11.3,10.85,10.9,38949664
3/22/2019 15:30:00,10.85,11.1,10.55,10.65,32904978
3/25/2019 15:30:00,10.55,10.8,10.3,10.5,46104099
3/26/2019 15:30:00,10.45,10.95,10.4,10.7,60360100
3/27/2019 15:30:00,10.75,10.85,10.25,10.4,40547925
3/28/2019 15:30:00,10.45,10.75,10.4,10.65,74649229
3/29/2019 15:30:00,10.7,11.65,10.7,11.35,157687409
4/1/2019 15:30:00,11.35,11.45,10.9,10.95,33866891
4/2/2019 15:30:00,11,11.3,10.7,10.75,65010417
4/3/2019 15:30:00,10.8,10.85,10.4,10.45,44214140
4/4/2019 15:30:00,10.45,10.5,10.2,10.3,24014310
4/5/2019 15:30:00,10.35,10.8,10.35,10.5,29621101
4/8/2019 15:30:00,10.55,10.55,10.05,10.2,20908936
4/9/2019 15:30:00,10.25,10.3,9.6,9.85,41536749
4/10/2019 15:30:00,9.85,10,9.7,9.9,20062078
4/11/2019 15:30:00,9.9,10,9.4,9.65,29502256
4/12/2019 15:30:00,9.65,9.7,9.4,9.5,24318374
4/15/2019 15:30:00,9.5,9.8,9.45,9.55,17833528
4/16/2019 15:30:00,9.6,9.7,9.4,9.45,17992575
4/18/2019 15:30:00,9.55,9.55,8,8.2,91059674
4/22/2019 15:30:00,8.15,8.4,7.85,7.9,61661247
4/23/2019 15:30:00,7.9,8.15,7.5,7.65,78890590
4/24/2019 15:30:00,7.65,7.85,7.3,7.75,69622555
4/25/2019 15:30:00,7.85,8.25,7.8,7.9,59261154
4/26/2019 15:30:00,8,8.25,7.2,7.35,73740558
4/30/2019 15:30:00,7.15,7.15,5.8,6.05,149731806
5/2/2019 15:30:00,6.1,6.15,5.05,5.35,204536792
5/3/2019 15:30:00,5.45,6.65,5.4,6.5,181296564
5/6/2019 15:30:00,6.5,7,6.2,6.6,139391104
5/7/2019 19:00:00,6.7,6.8,6,6.05,79552448
5/8/2019 15:30:00,5.85,6.1,5.7,5.85,66028921
5/9/2019 15:30:00,5.85,6.35,5.65,6.15,81965980
5/10/2019 15:30:00,6.15,6.35,6.05,6.15,42509522
5/13/2019 15:30:00,6.15,6.25,5.65,5.7,46001555
5/14/2019 15:30:00,5.7,6.15,5.55,6,56885674
5/15/2019 15:30:00,6.05,6.2,5.7,5.75,39610021
5/16/2019 15:30:00,5.75,5.95,5.5,5.85,41470243
5/17/2019 15:30:00,5.85,6.2,5.8,6,48751362
5/20/2019 15:30:00,6.55,7.15,6.2,7.05,99998281
5/21/2019 15:30:00,7.35,7.35,6.55,6.95,72878273
5/22/2019 15:30:00,7.05,7.95,6.75,7.75,124920129
5/23/2019 15:30:00,8.3,8.5,7.55,7.65,150559500
5/24/2019 15:30:00,7.7,7.85,7.25,7.55,69968316
5/27/2019 15:30:00,7.55,7.6,7.35,7.5,42128842
5/28/2019 15:30:00,7.4,8.55,7.3,8.1,142329479
5/29/2019 15:30:00,8.1,8.25,7.7,7.85,58556584
5/30/2019 15:30:00,7.7,7.8,7.1,7.4,59818496
5/31/2019 15:30:00,7.45,7.6,6.9,7.45,75261908
6/3/2019 15:30:00,7.45,7.85,7.2,7.3,78390491
6/4/2019 15:30:00,7.3,7.45,6.95,7,51195744
6/6/2019 15:30:00,7.05,7.1,6.5,6.6,63971168
6/7/2019 15:30:00,6.7,6.7,5.95,6.15,97785958
6/10/2019 15:30:00,5.55,6.05,4.85,5.75,180723923
6/11/2019 15:30:00,5.6,6.1,5.3,5.95,91048248
6/12/2019 15:30:00,6.1,6.25,5.75,6,58437340
6/13/2019 15:30:00,5.95,5.95,5.4,5.6,68954451
6/14/2019 15:30:00,5.55,5.8,5.35,5.4,37434640
6/17/2019 15:30:00,5.2,5.4,5.05,5.3,43397723
6/18/2019 15:30:00,5.25,5.4,4.35,4.55,84837402
6/19/2019 15:30:00,4.65,4.7,3.95,4.2,94090500
6/20/2019 15:30:00,4.15,5.45,4.05,5.4,91698344
6/21/2019 15:30:00,5.3,5.7,5,5.45,82777529
6/24/2019 15:30:00,5.4,5.7,4.55,4.7,93057042
6/25/2019 15:30:00,4.65,4.7,3.95,4,119433248
6/26/2019 15:30:00,3.95,4.65,3.95,4.45,105695676
6/27/2019 15:30:00,4.5,4.75,4.3,4.35,94367635
6/28/2019 15:30:00,4.4,4.5,4.05,4.15,36977691
7/1/2019 15:30:00,4.2,4.25,4,4.2,19075710
7/2/2019 15:30:00,4.25,4.55,4.15,4.35,22659685
7/3/2019 15:30:00,4.4,4.5,4.35,4.35,10930479
7/4/2019 15:30:00,4.35,4.4,4.25,4.3,11550120
7/5/2019 15:30:00,4.3,4.4,4.15,4.15,15001989
7/8/2019 15:30:00,4.15,4.15,3.95,4,16424283
7/9/2019 15:30:00,4.05,4.1,3.95,4.05,11641609
7/10/2019 15:30:00,4.05,4.1,3.95,4,9901291
7/11/2019 15:30:00,4,4.5,4,4.2,25702483
7/12/2019 15:30:00,4.25,4.35,4.15,4.2,24368430
7/15/2019 15:30:00,4.25,4.3,4,4.05,14342324
7/16/2019 15:30:00,4,4.05,3.9,3.95,15858116
7/17/2019 15:30:00,3.95,4.1,3.9,3.95,15879551
7/18/2019 15:30:00,3.95,3.95,3.8,3.8,10583673
7/19/2019 15:30:00,3.85,3.9,3.55,3.65,23185351
7/22/2019 15:30:00,3.65,3.7,3.5,3.65,14115937
7/23/2019 15:30:00,3.7,3.8,3.6,3.7,11125882
7/24/2019 15:30:00,3.7,3.7,3.55,3.6,12985753
7/25/2019 15:30:00,3.6,3.75,3.55,3.6,14254685
7/26/2019 15:30:00,3.6,3.7,3.55,3.65,10145296
7/29/2019 15:30:00,3.6,3.65,3.35,3.4,15130121
7/30/2019 15:30:00,3.4,3.4,3.05,3.1,21059342
7/31/2019 15:30:00,3.1,3.7,2.95,3.55,27012964
8/1/2019 15:30:00,3.55,3.8,3.35,3.5,33746996
8/2/2019 15:30:00,3.45,3.8,3.2,3.75,38711870
8/5/2019 15:30:00,3.7,3.75,3.55,3.65,8786340
8/6/2019 15:30:00,3.65,3.9,3.6,3.75,9299963
8/7/2019 15:30:00,3.75,3.9,3.7,3.75,9825318
8/8/2019 15:30:00,3.8,3.8,3.55,3.6,8718386
8/9/2019 15:30:00,3.65,3.7,3.6,3.65,4712975
8/13/2019 15:30:00,3.75,3.85,3.55,3.6,9519025
8/14/2019 15:30:00,3.6,3.7,3.5,3.55,8102203
8/16/2019 15:30:00,3.6,3.65,3.45,3.55,11620491
8/19/2019 15:30:00,3.6,3.6,3.4,3.45,8014605
8/20/2019 15:30:00,3.5,3.5,3.3,3.3,5893791
8/21/2019 15:30:00,3.35,3.35,3.1,3.2,10516767
8/22/2019 15:30:00,3.15,3.2,2.7,2.8,26093143
8/23/2019 15:30:00,2.8,3.1,2.7,3,18831720
8/26/2019 15:30:00,3.1,3.3,2.9,3.15,16429091
8/27/2019 15:30:00,3.15,3.3,3.1,3.2,8136023
8/28/2019 15:30:00,3.2,3.25,3,3.05,7631350
8/29/2019 15:30:00,3.05,3.1,2.9,2.95,8206636
8/30/2019 15:30:00,2.95,3.3,2.9,3.25,13202183
9/3/2019 15:30:00,3.35,3.6,3.3,3.5,14872830
9/4/2019 15:30:00,3.65,3.75,3.4,3.55,16175401
9/5/2019 15:30:00,3.55,3.6,3.4,3.45,8596599
9/6/2019 15:30:00,3.5,3.55,3.25,3.25,9270140
9/9/2019 15:30:00,3.25,3.4,3.2,3.35,12690942
9/11/2019 15:30:00,3.35,3.5,3.35,3.45,11356918
9/12/2019 15:30:00,3.45,3.55,3.3,3.35,16994759
9/13/2019 15:30:00,3.35,3.35,3.2,3.3,10131838
9/16/2019 15:30:00,3.25,3.4,3.2,3.35,14184983
9/17/2019 15:30:00,3.4,3.45,3.2,3.2,10680754
9/18/2019 15:30:00,3.25,3.35,3.1,3.1,11852689
9/19/2019 15:30:00,3.15,3.15,2.95,3,12040852
9/20/2019 15:30:00,3.05,3.1,2.85,2.9,47948742
9/23/2019 15:30:00,2.95,3,2.75,2.8,24912585
9/24/2019 15:30:00,2.85,2.9,2.75,2.75,17373973
9/25/2019 15:30:00,2.75,2.8,2.7,2.75,17670679
9/26/2019 15:30:00,2.7,2.75,2.5,2.55,29082041
9/27/2019 15:30:00,2.55,2.6,2.35,2.4,27512665
9/30/2019 15:30:00,2.4,2.45,2.15,2.2,35821591
10/1/2019 15:30:00,2.25,2.6,2.2,2.55,47326181
10/3/2019 15:30:00,2.65,2.8,2.4,2.55,28330855
10/4/2019 15:30:00,2.55,2.65,2.35,2.45,16360887
10/7/2019 15:30:00,2.5,2.55,2.35,2.4,10590272
10/9/2019 15:30:00,2.4,2.45,2.3,2.3,12180708
10/10/2019 15:30:00,2.3,2.35,2.2,2.2,17213464
10/11/2019 15:30:00,2.25,2.3,2.05,2.1,26864736
10/14/2019 15:30:00,2.1,2.15,2,2.05,17359574
10/15/2019 15:30:00,2.1,2.15,1.8,2,41785178
10/16/2019 15:30:00,1.95,2,1.9,1.9,15199902
10/17/2019 15:30:00,1.9,2,1.8,1.95,28688826
10/18/2019 15:30:00,2,2.3,1.95,2.3,30403532
10/22/2019 15:30:00,2.55,2.75,2.45,2.75,42666113
10/23/2019 15:30:00,3.05,3.3,2.8,3.3,69484686
10/24/2019 15:30:00,3.6,3.6,3.6,3.6,4426978
10/25/2019 19:00:00,3.75,3.9,3.25,3.25,72129992
10/27/2019 19:25:00,3.35,3.55,3.3,3.5,9967178
10/29/2019 15:30:00,3.6,3.6,3.2,3.35,16688524
10/30/2019 15:30:00,3.45,3.5,3.25,3.3,11828689
10/31/2019 15:30:00,3.35,3.5,3.25,3.35,17431984
11/1/2019 15:30:00,3.35,3.45,3.25,3.35,17664216
11/4/2019 15:30:00,3.45,3.65,3.45,3.65,12529598
11/5/2019 15:30:00,4,4,3.7,4,43734509
11/6/2019 15:30:00,4.2,4.4,3.9,4.4,29752639
11/7/2019 15:30:00,4.6,4.6,4.5,4.6,4723502
11/8/2019 15:30:00,4.8,4.8,4.65,4.8,16407456
11/11/2019 15:30:00,5,5,4.6,4.6,31105742
11/13/2019 15:30:00,4.4,4.4,4.4,4.4,1173923
11/14/2019 15:30:00,4.2,4.2,4.2,4.2,915996
11/15/2019 15:30:00,4,4,4,4,1358053
11/18/2019 15:30:00,3.8,3.95,3.8,3.8,8872864
11/19/2019 15:30:00,3.65,3.65,3.65,3.65,1018538
11/20/2019 15:30:00,3.55,3.65,3.5,3.5,8943389
11/21/2019 15:30:00,3.35,3.65,3.35,3.65,30587413
11/22/2019 15:30:00,3.8,3.8,3.5,3.5,26579382
11/25/2019 15:30:00,3.55,3.65,3.4,3.65,24627641
11/26/2019 15:30:00,3.7,3.8,3.5,3.65,29785142
11/27/2019 15:30:00,3.7,3.75,3.65,3.65,7123073
11/28/2019 15:30:00,3.75,3.8,3.6,3.8,20270647
11/29/2019 15:30:00,3.9,3.9,3.65,3.65,43909305
12/3/2019 15:30:00,3.35,3.4,3.35,3.35,7427154
12/4/2019 15:30:00,3.25,3.5,3.2,3.45,29961552
12/5/2019 15:30:00,3.55,3.6,3.4,3.55,29310888
12/6/2019 15:30:00,3.55,3.55,3.4,3.4,7259881
12/9/2019 15:30:00,3.3,3.35,3.25,3.25,8760269
12/10/2019 15:30:00,3.2,3.4,3.2,3.4,14438164
12/11/2019 15:30:00,3.35,3.4,3.25,3.25,6342189
12/12/2019 15:30:00,3.15,3.2,3.1,3.1,6237262
12/13/2019 15:30:00,3.05,3.25,3.05,3.25,14541771
12/16/2019 15:30:00,3.3,3.4,3.25,3.4,14544613
12/17/2019 15:30:00,3.5,3.55,3.45,3.55,13615685
12/18/2019 15:30:00,3.65,3.7,3.4,3.4,22950516
12/19/2019 15:30:00,3.25,3.3,3.25,3.25,7572976
12/20/2019 15:30:00,3.15,3.4,3.15,3.3,11191360
12/23/2019 15:30:00,3.35,3.4,3.3,3.3,3609915
12/24/2019 15:30:00,3.35,3.45,3.3,3.35,8532794
12/26/2019 15:30:00,3.35,3.45,3.3,3.35,8752554
12/27/2019 15:30:00,3.4,3.45,3.3,3.4,9008584
12/30/2019 15:30:00,3.5,3.55,3.4,3.5,5605029
12/31/2019 15:30:00,3.5,3.55,3.45,3.5,6190326
1/1/2020 15:30:00,3.55,3.65,3.5,3.65,18323699
1/2/2020 15:30:00,3.65,3.7,3.5,3.55,14739717
1/3/2020 15:30:00,3.55,3.55,3.4,3.45,9106074
1/6/2020 15:30:00,3.4,3.55,3.3,3.3,15665622
1/7/2020 15:30:00,3.15,3.25,3.15,3.15,13551600
1/8/2020 15:30:00,3,3.1,3,3,6699653
1/9/2020 15:30:00,2.85,2.9,2.85,2.85,26806352
1/10/2020 15:30:00,2.75,2.75,2.75,2.75,4288283
1/13/2020 15:30:00,2.65,2.65,2.65,2.65,2467930
1/14/2020 15:30:00,2.55,2.55,2.55,2.55,3400169
1/15/2020 15:30:00,2.45,2.65,2.45,2.6,86784608
1/16/2020 15:30:00,2.5,2.5,2.5,2.5,7155688
1/17/2020 15:30:00,2.4,2.4,2.4,2.4,3179599
1/20/2020 15:30:00,2.3,2.3,2.3,2.3,1834847
1/21/2020 15:30:00,2.2,2.2,2.2,2.2,2528966
1/22/2020 15:30:00,2.1,2.15,2.1,2.1,25625642
1/23/2020 15:30:00,2,2.2,2,2.2,97526532
1/24/2020 15:30:00,2.25,2.3,2.1,2.1,81236729
1/27/2020 15:30:00,2,2,2,2,6696006
1/28/2020 15:30:00,1.9,2.05,1.9,1.9,66200601
1/29/2020 15:30:00,1.85,1.85,1.85,1.85,9841916
1/30/2020 15:30:00,1.8,1.8,1.8,1.8,4660995
1/31/2020 15:30:00,1.75,1.75,1.75,1.75,5338930
2/1/2020 17:00:00,1.7,1.7,1.7,1.7,3204437
2/3/2020 15:30:00,1.65,1.65,1.65,1.65,2502962
2/4/2020 15:30:00,1.6,1.7,1.6,1.65,68455168
2/5/2020 15:30:00,1.6,1.65,1.6,1.6,27020870
2/6/2020 15:30:00,1.6,1.65,1.6,1.65,23295362
2/7/2020 15:30:00,1.7,1.7,1.7,1.7,1218177
2/10/2020 15:30:00,1.75,1.75,1.75,1.75,10294818
2/11/2020 15:30:00,1.8,1.8,1.8,1.8,1305857
2/12/2020 15:30:00,1.85,1.85,1.75,1.75,42269304
2/13/2020 15:30:00,1.7,1.8,1.7,1.8,9839587
2/14/2020 15:30:00,1.8,1.85,1.75,1.75,10171900
2/17/2020 15:30:00,1.7,1.8,1.7,1.75,10629507
2/18/2020 15:30:00,1.8,1.8,1.7,1.7,12484282
2/19/2020 15:30:00,1.7,1.75,1.65,1.75,9500518
2/20/2020 15:30:00,1.8,1.8,1.75,1.8,7710936
2/24/2020 15:30:00,1.85,1.85,1.8,1.85,10726490
2/25/2020 15:30:00,1.85,1.9,1.8,1.9,6304700
2/26/2020 15:30:00,1.95,1.95,1.85,1.85,4105755
2/27/2020 15:30:00,1.85,1.85,1.8,1.8,4670688
2/28/2020 15:30:00,1.75,1.75,1.75,1.75,1139564
3/2/2020 15:30:00,1.7,1.75,1.7,1.7,5914069
3/3/2020 15:30:00,1.65,1.65,1.65,1.65,1645320
3/4/2020 15:30:00,1.6,1.65,1.6,1.6,4225939
3/5/2020 15:30:00,1.6,1.65,1.55,1.65,16657057
3/6/2020 15:30:00,1.6,1.6,1.6,1.6,1687841
3/9/2020 15:30:00,1.55,1.55,1.55,1.55,2214165
3/11/2020 15:30:00,1.5,1.55,1.5,1.5,10798527
3/12/2020 15:30:00,1.45,1.45,1.45,1.45,1904281
3/13/2020 15:30:00,1.4,1.4,1.4,1.4,3640720
3/16/2020 15:30:00,1.35,1.4,1.35,1.35,9575993
3/17/2020 15:30:00,1.3,1.35,1.3,1.3,7516953
3/18/2020 15:30:00,1.25,1.25,1.25,1.25,2770330
3/19/2020 15:30:00,1.2,1.2,1.2,1.2,2503299
3/20/2020 15:30:00,1.15,1.25,1.15,1.2,34755183
3/23/2020 15:30:00,1.15,1.15,1.15,1.15,4070614
3/24/2020 15:30:00,1.15,1.15,1.1,1.1,5803637
3/25/2020 15:30:00,1.05,1.1,1.05,1.05,17273623
3/26/2020 15:30:00,1.05,1.1,1,1.1,20951895
3/27/2020 15:30:00,1.15,1.15,1.05,1.15,18022876
3/30/2020 15:30:00,1.15,1.2,1.1,1.2,11590780
3/31/2020 15:30:00,1.2,1.25,1.15,1.25,25301192
4/1/2020 15:30:00,1.3,1.3,1.25,1.3,5913315
4/3/2020 15:30:00,1.35,1.35,1.3,1.35,8628424
4/7/2020 15:30:00,1.4,1.4,1.35,1.4,5495622
4/8/2020 15:30:00,1.45,1.45,1.45,1.45,883826
4/9/2020 15:30:00,1.5,1.5,1.5,1.5,975467
4/13/2020 15:30:00,1.55,1.55,1.45,1.55,20252164
4/15/2020 15:30:00,1.6,1.6,1.55,1.6,4163199
4/16/2020 15:30:00,1.65,1.65,1.6,1.65,6921454
4/17/2020 15:30:00,1.7,1.7,1.7,1.7,1115508
4/20/2020 15:30:00,1.75,1.75,1.75,1.75,910659
4/21/2020 15:30:00,1.8,1.8,1.8,1.8,2045837
4/22/2020 15:30:00,1.85,1.85,1.85,1.85,1234888
4/23/2020 15:30:00,1.9,1.9,1.9,1.9,1171932
4/24/2020 15:30:00,1.95,1.95,1.95,1.95,1924118
4/27/2020 15:30:00,2,2,2,2,1546953
4/28/2020 15:30:00,2.1,2.1,2.1,2.1,2495249
4/29/2020 15:30:00,2.2,2.2,2.2,2.2,933898
4/30/2020 15:30:00,2.3,2.3,2.15,2.3,37379633
5/4/2020 15:30:00,2.25,2.3,2.2,2.2,15819037
5/5/2020 15:30:00,2.1,2.15,2.1,2.1,4655115
5/6/2020 15:30:00,2,2,2,2,3393357
5/7/2020 15:30:00,1.9,1.9,1.9,1.9,3059718
5/8/2020 15:30:00,1.85,1.95,1.85,1.85,35872086
5/11/2020 15:30:00,1.8,1.85,1.8,1.8,5877412
5/12/2020 15:30:00,1.75,1.75,1.75,1.75,1500967
5/13/2020 15:30:00,1.75,1.8,1.7,1.7,18100623
5/14/2020 15:30:00,1.75,1.75,1.7,1.75,4121944
5/15/2020 15:30:00,1.8,1.8,1.8,1.8,1382036
5/18/2020 15:30:00,1.85,1.85,1.85,1.85,4823607
5/19/2020 15:30:00,1.9,1.9,1.8,1.85,12843536
5/20/2020 15:30:00,1.85,1.85,1.8,1.8,9341978
5/21/2020 15:30:00,1.8,1.85,1.75,1.85,16180187
5/22/2020 15:30:00,1.85,1.9,1.8,1.8,5035951
5/26/2020 15:30:00,1.8,1.85,1.75,1.75,9841115
5/27/2020 15:30:00,1.75,1.8,1.7,1.8,11909335
5/28/2020 15:30:00,1.85,1.85,1.85,1.85,2007947
5/29/2020 15:30:00,1.9,1.9,1.85,1.9,16629556
6/1/2020 15:30:00,1.95,1.95,1.9,1.95,16453828
6/2/2020 15:30:00,2,2,1.95,2,7980078
6/3/2020 15:30:00,2.1,2.1,2.1,2.1,3097155
6/4/2020 15:30:00,2.2,2.2,2.2,2.2,5277985
6/5/2020 15:30:00,2.3,2.3,2.3,2.3,2198530
6/8/2020 15:30:00,2.4,2.4,2.4,2.4,2122268
6/9/2020 15:30:00,2.5,2.5,2.5,2.5,3679284
6/10/2020 15:30:00,2.6,2.6,2.6,2.6,5156715
6/11/2020 15:30:00,2.7,2.7,2.6,2.7,50056728
6/12/2020 15:30:00,2.65,2.7,2.6,2.6,10858049
6/15/2020 15:30:00,2.5,2.7,2.5,2.7,37105810
6/16/2020 15:30:00,2.8,2.8,2.65,2.8,24305816
6/17/2020 15:30:00,2.9,2.9,2.85,2.9,11730036
6/18/2020 15:30:00,3,3,3,3,2031776
6/19/2020 15:30:00,3.15,3.15,3.15,3.15,1259695
6/22/2020 15:30:00,3.3,3.3,3.3,3.3,1451836
6/23/2020 15:30:00,3.45,3.45,3.45,3.45,5145128
6/24/2020 15:30:00,3.6,3.6,3.6,3.6,3705614
6/25/2020 15:30:00,3.75,3.75,3.75,3.75,1724830
6/26/2020 15:30:00,3.9,3.9,3.9,3.9,842895
6/29/2020 15:30:00,4.05,4.05,4.05,4.05,1772642
6/30/2020 15:30:00,4.25,4.25,4.25,4.25,4183513
7/1/2020 15:30:00,4.45,4.45,4.05,4.45,83313787
7/2/2020 15:30:00,4.65,4.65,4.65,4.65,1632832
7/3/2020 15:30:00,4.85,4.85,4.45,4.45,124040164
7/6/2020 15:30:00,4.25,4.25,4.25,4.25,8228855
7/7/2020 15:30:00,4.05,4.05,4.05,4.05,4042940
7/8/2020 15:30:00,3.85,3.85,3.85,3.85,4545309
7/9/2020 15:30:00,3.7,4,3.7,4,133161550
7/10/2020 15:30:00,4.2,4.2,3.8,3.9,81508834
7/13/2020 15:30:00,3.9,4.05,3.75,3.75,33251600
7/14/2020 15:30:00,3.6,3.65,3.6,3.6,4469081
7/15/2020 15:30:00,3.5,3.75,3.45,3.45,92926736
7/16/2020 15:30:00,3.45,3.55,3.3,3.3,17557597
7/17/2020 15:30:00,3.25,3.45,3.15,3.45,36530744
7/20/2020 15:30:00,3.6,3.6,3.5,3.6,7752801
7/21/2020 15:30:00,3.75,3.75,3.65,3.75,20705974
7/22/2020 15:30:00,3.85,3.85,3.6,3.65,36384734
7/23/2020 15:30:00,3.65,3.75,3.6,3.7,19623106
7/24/2020 15:30:00,3.65,3.8,3.6,3.7,27456172
7/27/2020 15:30:00,3.7,3.75,3.55,3.55,11520938
7/28/2020 15:30:00,3.45,3.55,3.4,3.4,20594049
7/29/2020 15:30:00,3.35,3.55,3.3,3.55,28289187
7/30/2020 15:30:00,3.45,3.5,3.4,3.4,21932067
7/31/2020 15:30:00,3.35,3.4,3.25,3.3,21944799
8/3/2020 15:30:00,3.4,3.45,3.3,3.45,32828801
8/4/2020 15:30:00,3.5,3.55,3.3,3.35,16600200
8/5/2020 15:30:00,3.4,3.5,3.35,3.45,19592945
8/6/2020 15:30:00,3.5,3.5,3.35,3.45,12162437
8/7/2020 15:30:00,3.45,3.5,3.35,3.45,12082472
8/10/2020 15:30:00,3.45,3.75,3.4,3.75,22508808
8/11/2020 15:30:00,3.85,4.1,3.8,4.05,59176154
8/12/2020 15:30:00,4,4,3.75,3.85,35092519
8/13/2020 15:30:00,3.9,3.95,3.7,3.8,18765520
8/14/2020 15:30:00,3.85,3.9,3.7,3.75,24773822
8/17/2020 15:30:00,3.8,3.9,3.75,3.8,18182875
8/18/2020 15:30:00,3.85,3.85,3.75,3.75,9053281
8/19/2020 15:30:00,3.8,4.1,3.7,3.9,54254014
8/20/2020 15:30:00,3.85,4,3.75,3.85,23646600
8/21/2020 15:30:00,3.9,3.95,3.75,3.8,16371823
8/24/2020 15:30:00,3.8,3.85,3.6,3.7,14991280
8/25/2020 15:30:00,3.7,3.75,3.6,3.65,13547320
8/26/2020 15:30:00,3.65,3.75,3.55,3.6,23239750
8/27/2020 15:30:00,3.6,3.85,3.5,3.7,48461606
8/28/2020 15:30:00,3.8,3.8,3.65,3.65,15376659
8/31/2020 15:30:00,3.7,3.75,3.35,3.4,27557886
9/1/2020 15:30:00,3.4,3.5,3.2,3.25,23538780
9/2/2020 15:30:00,3.25,3.5,3.2,3.35,13180069
9/3/2020 15:30:00,3.4,3.45,3.25,3.3,8717748
9/4/2020 15:30:00,3.3,3.35,3.15,3.3,8971500
9/7/2020 15:30:00,3.25,3.3,3.1,3.2,12387543
9/8/2020 15:30:00,3.2,3.45,3.15,3.25,15725520
9/9/2020 15:30:00,3.25,3.3,3.15,3.2,10696824
9/10/2020 15:30:00,3.2,3.35,3.1,3.15,20068970
9/11/2020 15:30:00,3.2,3.2,3.05,3.1,11594561
9/14/2020 15:30:00,3.15,3.3,3,3.05,29901798
9/15/2020 15:30:00,3.1,3.15,3,3.05,11267962
9/16/2020 15:30:00,3.05,3.1,3,3,6284944
9/17/2020 15:30:00,3,3.05,2.9,2.9,9067740
9/18/2020 15:30:00,2.95,3.1,2.9,3,10302266
9/21/2020 15:30:00,2.95,3.05,2.7,2.75,23719299
9/22/2020 15:30:00,2.7,2.75,2.5,2.7,17253468
9/23/2020 15:30:00,2.75,2.85,2.65,2.7,7371831
9/24/2020 15:30:00,2.6,2.7,2.55,2.65,11582226
9/25/2020 15:30:00,2.65,2.9,2.6,2.9,22119902
9/28/2020 15:30:00,2.9,2.95,2.75,2.85,15474666
9/29/2020 15:30:00,2.85,2.9,2.8,2.85,5224621
9/30/2020 15:30:00,2.85,2.9,2.7,2.75,7864247
10/1/2020 15:30:00,2.8,2.8,2.7,2.7,4231439
10/5/2020 15:30:00,2.75,2.85,2.6,2.75,11104530
10/6/2020 15:30:00,2.8,2.9,2.75,2.8,9600789
10/7/2020 15:30:00,2.8,2.85,2.6,2.65,20215945
10/8/2020 15:30:00,2.7,2.8,2.65,2.7,8722234
10/9/2020 15:30:00,2.65,2.85,2.55,2.75,16095131
10/12/2020 15:30:00,2.75,2.8,2.65,2.7,5032870
10/13/2020 15:30:00,2.7,2.75,2.65,2.65,4479441
10/14/2020 15:30:00,2.65,2.7,2.6,2.65,6132590
10/15/2020 15:30:00,2.65,2.75,2.45,2.5,11369739
10/16/2020 15:30:00,2.55,2.6,2.5,2.55,5416655
10/19/2020 15:30:00,2.55,2.6,2.5,2.55,5097482
10/20/2020 15:30:00,2.55,2.65,2.4,2.45,14703121
10/21/2020 15:30:00,2.5,2.55,2.45,2.45,4551511
10/22/2020 15:30:00,2.45,2.9,2.4,2.75,100095737
10/23/2020 15:30:00,3,3.3,2.95,3.3,127816442
10/26/2020 15:30:00,3.6,3.75,3.15,3.35,136818460
10/27/2020 15:30:00,3.35,3.4,3,3.05,32027604
10/28/2020 15:30:00,3.05,3.1,2.85,3,22457548
10/29/2020 15:30:00,2.9,3.6,2.85,3.5,65406995
10/30/2020 15:30:00,3.7,3.8,3.45,3.5,42550766
11/2/2020 15:30:00,3.5,3.55,3.2,3.25,15216203
11/3/2020 15:30:00,3.25,3.3,3.1,3.15,10426349
11/4/2020 15:30:00,3.15,3.3,3.1,3.2,16849574
11/5/2020 15:30:00,3.3,3.3,3,3.05,22914355
11/6/2020 15:30:00,3.05,3.2,3,3.1,10770233
11/9/2020 15:30:00,3.1,3.2,3.05,3.1,13106308
11/10/2020 15:30:00,3.15,3.15,3,3.05,5815353
11/11/2020 15:30:00,3.05,3.1,2.95,3,6404719
11/12/2020 15:30:00,3.05,3.05,2.95,3.05,4521759
11/13/2020 15:30:00,3,3.05,2.95,3.05,3429783
11/17/2020 15:30:00,3.1,3.15,3.05,3.1,6908159
11/18/2020 15:30:00,3.15,3.15,3,3.05,5539473
11/19/2020 15:30:00,3,3.15,2.95,3,7568729
11/20/2020 15:30:00,3.05,3.1,2.95,3,5980613
11/23/2020 15:30:00,3,3.15,2.95,3.15,13170374
11/24/2020 15:30:00,3.3,3.3,3.25,3.3,15092469
11/25/2020 15:30:00,3.45,3.45,3.25,3.35,21902735
11/26/2020 15:30:00,3.35,3.4,3.2,3.2,6499969
11/27/2020 15:30:00,3.2,3.25,3.05,3.1,12344907
12/1/2020 15:30:00,3.1,3.2,3.05,3.1,6759153
12/2/2020 15:30:00,3.15,3.15,3,3.05,11920173
12/3/2020 15:30:00,3.1,3.2,3.1,3.2,7223529
12/4/2020 15:30:00,3.35,3.35,3.3,3.35,10838127
12/7/2020 15:30:00,3.4,3.5,3.35,3.5,14035657
12/8/2020 15:30:00,3.65,3.65,3.65,3.65,3602696
12/9/2020 15:30:00,3.8,3.8,3.7,3.8,11255462
12/10/2020 15:30:00,3.95,3.95,3.65,3.8,26351765
12/11/2020 15:30:00,3.8,3.95,3.8,3.95,21794122
12/14/2020 15:30:00,4.1,4.1,4,4.1,22142666
12/15/2020 15:30:00,4.25,4.25,3.9,3.9,14098523
12/16/2020 15:30:00,3.75,3.9,3.75,3.75,6154700
12/17/2020 15:30:00,3.6,3.6,3.6,3.6,3308115
12/18/2020 15:30:00,3.45,3.65,3.45,3.6,20658823
12/21/2020 15:30:00,3.5,3.55,3.45,3.45,8593809
12/22/2020 15:30:00,3.3,3.3,3.3,3.3,2905461
12/23/2020 15:30:00,3.3,3.45,3.3,3.45,8387748
12/24/2020 15:30:00,3.6,3.6,3.45,3.6,10596454
12/28/2020 15:30:00,3.55,3.55,3.45,3.5,11541804
12/29/2020 15:30:00,3.55,3.55,3.35,3.45,7865584
12/30/2020 15:30:00,3.45,3.5,3.35,3.4,6648237
12/31/2020 15:30:00,3.4,3.45,3.35,3.4,4041987
1/1/2021 15:30:00,3.35,3.5,3.35,3.5,8144537
1/4/2021 15:30:00,3.65,3.65,3.5,3.65,21251406
1/5/2021 15:30:00,3.6,3.8,3.5,3.8,23490748
1/6/2021 15:30:00,3.95,3.95,3.65,3.7,20108536
1/7/2021 15:30:00,3.75,3.75,3.55,3.65,15677662
1/8/2021 15:30:00,3.65,3.65,3.55,3.6,10726224
1/11/2021 15:30:00,3.65,3.65,3.45,3.55,13109050
1/12/2021 15:30:00,3.5,3.55,3.4,3.45,8711987
1/13/2021 15:30:00,3.5,3.5,3.35,3.4,8653739
1/14/2021 15:30:00,3.4,3.45,3.35,3.4,6374174
1/15/2021 15:30:00,3.45,3.55,3.4,3.5,11350417
1/18/2021 15:30:00,3.5,3.65,3.4,3.45,8940557
1/19/2021 15:30:00,3.55,3.55,3.4,3.45,5037559
1/20/2021 15:30:00,3.45,3.55,3.4,3.5,4671580
1/21/2021 15:30:00,3.55,3.6,3.45,3.5,12027105
1/22/2021 15:30:00,3.55,3.6,3.35,3.4,17383094
1/25/2021 15:30:00,3.45,3.45,3.3,3.35,8185561
1/27/2021 15:30:00,3.35,3.35,3.2,3.2,10117374
1/28/2021 15:30:00,3.15,3.3,3.15,3.2,6652823
1/29/2021 15:30:00,3.25,3.35,3.25,3.3,5428518
2/1/2021 15:30:00,3.35,3.35,3.2,3.25,6937018
2/2/2021 15:30:00,3.3,3.4,3.2,3.25,13599553
2/3/2021 15:30:00,3.3,3.4,3.2,3.3,25787029
2/4/2021 15:30:00,3.3,3.4,3.25,3.35,14717195
2/5/2021 15:30:00,3.45,3.5,3.3,3.35,10608582
2/8/2021 15:30:00,3.35,3.65,3.3,3.6,24611822
2/9/2021 15:30:00,3.7,3.75,3.45,3.5,15203306
2/10/2021 15:30:00,3.5,3.55,3.25,3.3,22538547
2/11/2021 15:30:00,3.3,3.4,3.2,3.25,12880193
2/12/2021 15:30:00,3.25,3.3,3.2,3.2,10722344
2/15/2021 15:30:00,3.25,3.3,3.2,3.25,6214974
2/16/2021 15:30:00,3.25,3.3,3.2,3.2,6501744
2/17/2021 15:30:00,3.2,3.25,3.15,3.2,6168576
2/18/2021 15:30:00,3.2,3.25,3.15,3.25,9046268
2/19/2021 15:30:00,3.25,3.25,3.05,3.1,18302386
2/22/2021 15:30:00,3.1,3.4,3.1,3.4,28495020
2/23/2021 15:30:00,3.65,3.7,3.55,3.7,80819647
2/24/2021 15:30:00,3.85,3.9,3.5,3.55,37185213
2/25/2021 15:30:00,3.6,3.9,3.55,3.9,32515284
2/26/2021 15:30:00,3.8,4.25,3.8,4.25,124153149
3/1/2021 15:30:00,4.45,4.45,4.45,4.45,4079280
3/2/2021 15:30:00,4.65,4.65,4.25,4.5,177823578
3/3/2021 15:30:00,4.6,4.65,4.3,4.3,23693283
3/4/2021 15:30:00,4.1,4.5,4.1,4.5,74307933
3/5/2021 15:30:00,4.65,4.7,4.6,4.7,40026346
3/8/2021 15:30:00,4.9,4.9,4.9,4.9,4785295
3/9/2021 15:30:00,5.1,5.1,4.95,5.1,89691410
3/10/2021 15:30:00,5.35,5.35,5.2,5.35,47552944
3/12/2021 15:30:00,5.6,5.6,5.1,5.2,104901039
3/15/2021 15:30:00,5.2,5.3,4.95,5.2,55285403
3/16/2021 15:30:00,5.35,5.4,4.95,4.95,45051839
3/17/2021 15:30:00,4.9,4.95,4.75,4.75,24273738
3/18/2021 15:30:00,4.55,4.65,4.55,4.55,8179571
3/19/2021 15:30:00,4.35,4.45,4.35,4.35,51955075
3/22/2021 15:30:00,4.35,4.55,4.25,4.55,23685407
3/23/2021 15:30:00,4.75,4.75,4.6,4.75,21013603
3/24/2021 15:30:00,4.8,4.95,4.65,4.9,70259034
3/25/2021 15:30:00,4.9,4.95,4.7,4.7,10137026
3/26/2021 15:30:00,4.65,4.8,4.5,4.7,41909488
3/30/2021 15:30:00,4.8,4.8,4.5,4.55,18703411
3/31/2021 15:30:00,4.5,4.55,4.35,4.35,22689877
4/1/2021 15:30:00,4.4,4.55,4.4,4.55,4136086
4/5/2021 15:30:00,4.75,4.75,4.55,4.75,39673665
4/6/2021 15:30:00,4.95,4.95,4.75,4.95,37372907
4/7/2021 15:30:00,5.05,5.1,4.8,4.85,33046936
4/8/2021 15:30:00,4.95,5.1,4.8,4.9,25085778
4/9/2021 15:30:00,4.9,4.95,4.75,4.8,15335174
4/12/2021 15:30:00,4.6,4.65,4.35,4.35,37129855
4/13/2021 15:30:00,4.25,4.55,4.15,4.5,35200575
4/15/2021 15:30:00,4.5,4.6,4.2,4.4,24783472
4/16/2021 15:30:00,4.4,4.75,4.3,4.7,34681451
4/19/2021 15:30:00,4.45,4.55,4.35,4.45,21361333
4/20/2021 15:30:00,4.6,4.8,4.45,4.55,24782654
4/22/2021 15:30:00,4.55,4.7,4.45,4.5,21267712
4/23/2021 15:30:00,4.5,4.6,4.45,4.5,14272437
4/26/2021 15:30:00,4.55,4.6,4.4,4.45,16573231
4/27/2021 15:30:00,4.45,4.5,4.4,4.45,11025910
4/28/2021 15:30:00,4.45,4.7,4.3,4.55,23019148
4/29/2021 15:30:00,4.7,4.75,4.45,4.65,38126253
4/30/2021 15:30:00,4.6,5.1,4.5,4.85,140857674
5/3/2021 15:30:00,4.85,5.3,4.75,5.3,97302674
5/4/2021 15:30:00,5.45,5.6,4.95,5.05,98395108
5/5/2021 15:30:00,5.1,5.25,5,5.1,39744558
5/6/2021 15:30:00,5.1,5.55,5.05,5.5,138623193
5/7/2021 15:30:00,5.6,6.05,5.4,6.05,152055878
5/10/2021 15:30:00,6.65,6.65,6.65,6.65,11619097
5/11/2021 15:30:00,7,7.3,6.65,7.3,172976218
5/12/2021 15:30:00,7.65,7.65,6.95,6.95,292590749
5/14/2021 15:30:00,7.2,7.25,6.65,6.8,108015150
5/17/2021 15:30:00,6.9,6.9,6.5,6.6,45769730
5/18/2021 15:30:00,6.6,6.9,6.45,6.9,58872151
5/19/2021 15:30:00,7,7.2,6.85,7,100621785
5/20/2021 15:30:00,7,7.1,6.75,6.9,46666488
5/21/2021 15:30:00,6.95,7.2,6.95,7.15,62671887
5/24/2021 15:30:00,7.3,7.5,7.15,7.5,37246804
5/25/2021 15:30:00,7.75,7.85,7.7,7.85,118624245
5/26/2021 15:30:00,8.1,8.2,8,8.2,52254342
5/27/2021 15:30:00,8.6,8.6,8.5,8.6,24379515
5/28/2021 15:30:00,9,9,8.2,8.25,181511695
5/31/2021 15:30:00,8.2,8.65,7.85,8.65,136182541
6/1/2021 15:30:00,8.95,9,8.3,8.65,87455094
6/2/2021 15:30:00,8.6,9.05,8.45,9.05,87959859
6/3/2021 15:30:00,9.45,9.5,9.3,9.5,12232924
6/4/2021 15:30:00,9.95,9.95,9.35,9.95,150102762
6/7/2021 15:30:00,10.2,10.4,9.6,10.4,75490484
6/8/2021 15:30:00,10.85,10.9,10.55,10.9,90292955
6/9/2021 15:30:00,11.25,11.4,11,11.4,23622441
6/10/2021 15:30:00,11.95,11.95,11.95,11.95,3515157
6/11/2021 15:30:00,12.5,12.5,11.4,12.5,81559807
6/14/2021 15:30:00,13.1,13.1,12.5,13.1,38713411
6/15/2021 15:30:00,13.75,13.75,13.75,13.75,10197153
6/16/2021 15:30:00,14.4,14.4,14.4,14.4,5790894
6/17/2021 15:30:00,15.1,15.1,14.8,15.1,29383065
6/18/2021 15:30:00,15.85,15.85,14.35,15.85,76570822
6/21/2021 15:30:00,15.65,16.6,15.2,16.6,23976029
6/22/2021 15:30:00,17.4,17.4,17.4,17.4,13072147
6/23/2021 15:30:00,18.25,18.25,16.55,16.6,101156218
6/24/2021 15:30:00,16.1,16.1,15.8,15.8,11256443
6/25/2021 15:30:00,15.05,15.05,15.05,15.05,5485899
6/28/2021 15:30:00,14.3,14.3,14.3,14.3,15355356
6/29/2021 15:30:00,14.1,15,14.1,15,41572639
6/30/2021 15:30:00,15.5,15.75,14.25,15,47840028
7/1/2021 15:30:00,14.25,14.8,14.25,14.25,28177456
7/2/2021 15:30:00,13.65,14.95,13.55,14.9,60584226
7/5/2021 15:30:00,14.9,14.9,14.2,14.2,38337447
7/6/2021 15:30:00,13.95,14.6,13.5,13.5,31386220
7/7/2021 15:30:00,13,13.35,12.85,12.85,27466677
7/8/2021 15:30:00,12.5,13.45,12.45,13.45,28163245
7/9/2021 15:30:00,13.5,14.1,13.2,14.1,20146650
7/12/2021 15:30:00,14.65,14.75,13.85,14.05,20362976
7/13/2021 15:30:00,14.05,14.2,13.35,13.4,16783397
7/14/2021 15:30:00,13.4,13.85,13.15,13.35,11748979
7/15/2021 15:30:00,13.75,13.8,12.9,13.1,11691474
7/16/2021 15:30:00,13.4,13.5,12.8,13,13848856
7/19/2021 15:30:00,12.5,13.65,12.4,13.35,19645291
7/20/2021 15:30:00,13.15,13.4,12.75,12.9,14846148
7/22/2021 15:30:00,13.05,13.2,12.3,12.4,21336355
7/23/2021 15:30:00,12.3,12.3,11.8,11.8,13259691
7/26/2021 15:30:00,11.3,12.35,11.25,12.35,30604253
7/27/2021 15:30:00,12.65,12.65,11.8,11.9,17478912
7/28/2021 15:30:00,11.85,12.05,11.35,11.4,15168809
7/29/2021 15:30:00,11.4,11.75,11.1,11.5,10921526
7/30/2021 15:30:00,11.55,12.05,11.25,12.05,9588851
8/2/2021 15:30:00,12.45,12.65,12.2,12.65,15198881
8/3/2021 15:30:00,13.25,13.25,12.95,13.25,20415028
8/4/2021 15:30:00,13.65,13.65,12.6,12.65,17329565
8/5/2021 15:30:00,12.6,12.6,12.05,12.2,10139900
8/6/2021 15:30:00,12.5,12.8,12.2,12.8,9989135
8/9/2021 15:30:00,13.05,13.15,12.25,12.7,11999144
8/10/2021 15:30:00,12.25,12.6,12.1,12.1,10214194
8/11/2021 15:30:00,11.5,12.1,11.5,11.55,19698501
8/12/2021 15:30:00,11.5,12.05,11.1,11.95,9908038
8/13/2021 15:30:00,12.15,12.15,11.5,11.55,10253577
8/16/2021 15:30:00,11.7,11.7,11,11,9627265
8/17/2021 15:30:00,10.6,10.8,10.45,10.45,10005324
8/18/2021 15:30:00,10.05,10.95,9.95,10.6,31955571
8/20/2021 15:30:00,10.2,10.55,10.1,10.1,10484544
8/23/2021 15:30:00,10.1,10.15,9.6,9.6,19783988
8/24/2021 15:30:00,9.3,10.05,9.2,10.05,14025602
8/25/2021 15:30:00,10.55,10.55,10.35,10.55,5306319
8/26/2021 15:30:00,11,11.05,10.6,11.05,9238938
8/27/2021 15:30:00,11.4,11.4,10.7,11.2,18413485
8/30/2021 15:30:00,11.3,11.75,11.2,11.75,13375349
8/31/2021 15:30:00,11.8,11.9,11.25,11.4,11907340
9/1/2021 15:30:00,11.3,11.35,10.85,11.1,10695638
9/2/2021 15:30:00,11.35,11.65,11.1,11.65,9341412
9/3/2021 15:30:00,11.75,12.2,11.4,12.2,25619689
9/6/2021 15:30:00,12.25,12.55,11.8,12.25,14369301
9/7/2021 15:30:00,12.25,12.25,11.8,12.05,8768985
9/8/2021 15:30:00,12,12.65,11.9,12.65,13475989
9/9/2021 15:30:00,12.8,13.25,12.4,13.25,18768106
9/13/2021 15:30:00,13.9,13.9,13.9,13.9,4346835
9/14/2021 15:30:00,14.55,14.55,13.45,13.85,90157300
9/15/2021 15:30:00,13.9,14.5,13.8,14.5,37464453
9/16/2021 15:30:00,14.65,14.85,14,14.05,25975777
9/17/2021 15:30:00,14.3,14.3,13.35,13.75,74934110
9/20/2021 15:30:00,13.15,14.3,13.1,13.4,17351202
9/21/2021 15:30:00,13.5,13.6,12.75,13.1,14870771
9/22/2021 15:30:00,13,13.65,12.8,13.4,10145370
9/23/2021 15:30:00,13.55,13.85,13.4,13.55,9286294
9/24/2021 15:30:00,13.55,13.7,12.9,13.1,10959695
9/27/2021 15:30:00,13.3,13.3,12.85,13,8057127
9/28/2021 15:30:00,13,13.1,12.65,12.9,11185198
9/29/2021 15:30:00,12.75,13.5,12.75,13.5,11578696
9/30/2021 15:30:00,13.95,13.95,13.4,13.65,13695956
10/1/2021 15:30:00,13.5,13.7,13.3,13.6,10167436
10/4/2021 15:30:00,13.6,13.85,13.45,13.7,12712082
10/5/2021 15:30:00,13.75,13.8,13.4,13.5,8531376
10/6/2021 15:30:00,14,14.15,13.65,14.15,30104203
10/7/2021 15:30:00,14.3,14.85,14.15,14.85,28703626
10/8/2021 15:30:00,15.55,15.55,14.95,15.55,38481235
10/11/2021 15:30:00,15.9,16.3,15.75,16.3,21696079
10/12/2021 15:30:00,17.1,17.1,16.15,17.1,40679375
10/13/2021 15:30:00,17.2,17.7,16.25,16.95,49716512
10/14/2021 15:30:00,17.1,17.2,16.15,16.15,27882021
10/18/2021 15:30:00,16.5,16.95,16.15,16.95,18376097
10/19/2021 15:30:00,17.3,17.5,16.15,16.15,26809484
10/20/2021 15:30:00,15.75,15.9,15.35,15.35,16567771
10/21/2021 15:30:00,15.35,16.1,15,15.85,13581770
10/22/2021 15:30:00,16.1,16.35,15.15,15.3,10470209
10/25/2021 15:30:00,16,16,14.65,14.9,16425421
10/26/2021 15:30:00,15.15,15.6,15.05,15.6,15385081
10/27/2021 15:30:00,15.75,16.1,15.35,15.55,17537172
10/28/2021 15:30:00,14.8,14.8,14.8,14.8,4953478
10/29/2021 15:30:00,14.1,14.6,14.1,14.1,29306333
11/1/2021 15:30:00,13.7,14.2,13.4,14,55664798
11/2/2021 15:30:00,14.25,14.7,13.9,14.7,17792708
11/3/2021 15:30:00,15,15.05,14.2,14.2,13859422
11/4/2021 19:15:00,14.4,14.5,14.2,14.3,4802166
11/8/2021 15:30:00,14.5,14.6,13.75,14.1,14650711
11/9/2021 15:30:00,14.1,14.3,14,14.15,14855027
11/10/2021 15:30:00,14.05,14.2,13.9,14,9312460
11/11/2021 15:30:00,14,14,13.65,13.8,13341340
11/12/2021 15:30:00,13.95,14.1,13.4,13.95,10516001
11/15/2021 15:30:00,13.95,14.1,13.45,13.75,7846516
11/16/2021 15:30:00,13.85,14.35,13.75,13.9,10802091
11/17/2021 15:30:00,14.1,14.15,13.6,13.9,7490092
11/18/2021 15:30:00,13.9,14,13.35,13.5,8097102
11/22/2021 15:30:00,13.6,13.75,12.85,12.85,12795478
11/23/2021 15:30:00,12.7,13.45,12.35,13.45,9667425
11/24/2021 15:30:00,13.6,14.05,13.45,13.6,10044447
11/25/2021 15:30:00,13.95,14.25,13.65,14.25,11137133
11/26/2021 15:30:00,14,14.2,13.55,13.55,12811677
11/29/2021 15:30:00,13.4,13.5,12.9,12.9,10311277
11/30/2021 15:30:00,12.3,13.3,12.3,12.9,51967473
12/1/2021 15:30:00,13,13,12.3,12.65,8703043
12/2/2021 15:30:00,12.5,13.15,12.2,13.05,11205673
12/3/2021 15:30:00,12.85,13.05,12.55,12.6,8797135
12/6/2021 15:30:00,12.5,12.9,12.2,12.35,12557950
12/7/2021 15:30:00,12.55,12.85,12.5,12.7,7159893
12/8/2021 15:30:00,12.95,13,12.6,12.75,6922762
12/9/2021 15:30:00,12.85,13.35,12.45,13.35,13744168
12/10/2021 15:30:00,13.8,14,13.65,14,10508684
12/13/2021 15:30:00,14.4,14.7,13.7,13.8,19473391
12/14/2021 15:30:00,13.7,14.2,13.4,13.95,8096694
12/15/2021 15:30:00,14.1,14.2,13.7,13.8,6852304
12/16/2021 15:30:00,14,14.1,13.4,13.5,8349692
12/17/2021 15:30:00,13.65,13.7,12.85,13.15,11688801
12/20/2021 15:30:00,12.95,12.95,12.5,12.5,10582711
12/21/2021 15:30:00,12.55,12.95,12.55,12.6,5115585
12/22/2021 15:30:00,12.8,13.2,12.7,13.2,6555842
12/23/2021 15:30:00,13.4,13.4,12.9,13,6146269
12/24/2021 15:30:00,13,13,12.6,12.75,6247019
12/27/2021 15:30:00,12.95,13.35,12.6,12.9,25923488
12/28/2021 15:30:00,13,13.5,12.8,13.5,23992667
12/29/2021 15:30:00,13.65,13.95,13.25,13.45,17252821
12/30/2021 15:30:00,13.45,13.45,12.95,13.1,12498898
12/31/2021 15:30:00,13.35,13.7,13.15,13.6,16153721
1/3/2022 15:30:00,13.75,14.25,13.7,14.25,27795816
1/4/2022 15:30:00,14.8,14.8,13.7,13.9,26348271
1/5/2022 15:30:00,13.85,14.15,13.55,13.85,14234815
1/6/2022 15:30:00,13.6,14.5,13.45,14.3,22589016
1/7/2022 15:30:00,14.45,14.8,14,14.15,19328941
1/10/2022 15:30:00,14.3,14.85,14.25,14.85,35695334
1/11/2022 15:30:00,15.35,15.4,14.15,14.3,45398849
1/12/2022 15:30:00,14.65,15,14,14.35,25548681
1/13/2022 15:30:00,14.5,14.55,14,14.25,13391613
1/14/2022 15:30:00,14.25,14.95,14,14.95,18615828
1/17/2022 15:30:00,15.1,15.65,15.1,15.65,11999747
1/18/2022 15:30:00,16.4,16.4,15.55,16.1,103601063
1/19/2022 15:30:00,15.95,16.15,15.3,15.85,54223128
1/20/2022 15:30:00,15.95,16.6,15.8,16.55,41363262
1/21/2022 15:30:00,16.5,16.75,15.8,16.05,30866131
1/24/2022 15:30:00,16.05,16.15,15.25,15.25,15393640
1/25/2022 15:30:00,14.6,15.2,14.5,14.75,32146516
1/27/2022 15:30:00,14.35,15.1,14.2,14.8,16984648
1/28/2022 15:30:00,15.05,15.5,15,15.2,27226474
1/31/2022 15:30:00,15.5,15.8,14.45,14.8,29815727
2/1/2022 15:30:00,15.05,15.5,14.65,15.5,19550315
2/2/2022 15:30:00,15.8,16.25,15.2,16.05,34388912
2/3/2022 15:30:00,16.2,16.85,15.95,16.85,55246431
2/4/2022 15:30:00,17.05,17.65,16.85,17.65,25961409
2/7/2022 15:30:00,18.1,18.5,16.9,18.5,108059189
2/8/2022 15:30:00,18.9,19.25,17.6,17.6,123634668
2/9/2022 15:30:00,17.6,18.15,16.75,17,93781605
2/10/2022 15:30:00,17.05,17.1,16.15,16.15,42666063
2/11/2022 15:30:00,15.4,16.75,15.4,15.95,43839935
2/14/2022 15:30:00,15.2,15.2,15.2,15.2,4034965
2/15/2022 15:30:00,14.45,14.9,14.45,14.55,99325716
2/16/2022 15:30:00,14.4,15.25,14.35,14.8,59916365
2/17/2022 15:30:00,15,15.1,14.1,14.15,33574601
2/18/2022 15:30:00,13.9,14.55,13.8,14.15,21275395
2/21/2022 15:30:00,13.85,14.15,13.45,13.6,28840995
2/22/2022 15:30:00,13.05,13.5,12.95,12.95,28046599
2/23/2022 15:30:00,13.25,13.55,13.1,13.55,22444628
2/24/2022 15:30:00,12.9,13.1,12.9,12.9,23689825
2/25/2022 15:30:00,13,13.35,12.7,13,31080968
2/28/2022 15:30:00,12.85,13.2,12.5,13.05,17725819
3/2/2022 15:30:00,12.9,13.55,12.8,13.15,21768761
3/3/2022 15:30:00,13.45,13.45,13,13.05,13011725
3/4/2022 15:30:00,13.1,13.3,12.8,12.85,17914357
3/7/2022 15:30:00,12.4,12.9,12.4,12.65,15662537
3/8/2022 15:30:00,12.75,13.15,12.5,12.8,16589470
3/9/2022 15:30:00,12.95,13.4,12.9,13.35,19813729
3/10/2022 15:30:00,13.7,13.8,13.35,13.55,19002571
3/11/2022 15:30:00,13.75,14.2,13.65,14.2,31704543
3/14/2022 15:30:00,14.5,14.6,13.7,13.85,26568431
3/15/2022 15:30:00,14,14.2,13.25,13.45,16946477
3/16/2022 15:30:00,13.65,14.1,13.55,14.1,18998154
3/17/2022 15:30:00,14.4,14.4,13.55,13.75,21536170
3/21/2022 15:30:00,13.8,14.15,13.4,13.65,24197867
3/22/2022 15:30:00,13.15,13.4,13,13,28676620
3/23/2022 15:30:00,12.75,13.25,12.75,12.85,18912240
3/24/2022 15:30:00,12.85,13.1,12.5,13,19026292
3/25/2022 15:30:00,13.3,13.45,12.9,13,25129848
3/28/2022 15:30:00,12.6,12.7,12.35,12.35,38902885
3/29/2022 15:30:00,12.4,12.95,12.25,12.95,12862071
3/30/2022 15:30:00,13.25,13.55,13.2,13.55,7927618
3/31/2022 15:30:00,14.2,14.2,13.4,13.5,56122877
4/1/2022 15:30:00,13.5,14.15,13.4,14.15,32275373
4/4/2022 15:30:00,14.1,14.85,13.9,14.85,44822664
4/5/2022 15:30:00,15.15,15.55,14.7,15.55,55650471
4/6/2022 15:30:00,15.55,16.3,15.25,16.3,40507650
4/7/2022 15:30:00,16.55,17,15.5,15.5,75310388
4/8/2022 15:30:00,15.5,15.9,15.15,15.6,22755954
4/11/2022 15:30:00,16,16.35,15.6,15.7,22446047
4/12/2022 15:30:00,15.7,15.85,15,15.15,15694302
4/13/2022 15:30:00,15.4,15.45,14.7,14.85,19782359
4/18/2022 15:30:00,14.85,14.85,14.2,14.4,13412485
4/19/2022 15:30:00,14.45,15.1,14,14.4,36812250
4/20/2022 15:30:00,14.55,14.9,14.45,14.75,15323821
4/21/2022 15:30:00,15,15.45,14.9,15.15,40778175
4/22/2022 15:30:00,14.95,15.45,14.7,14.95,18813322
4/25/2022 15:30:00,14.8,15.05,14.4,14.55,21069193
4/26/2022 15:30:00,14.7,14.9,14.25,14.5,13307328
4/27/2022 15:30:00,14.5,14.75,14.15,14.4,16417709
4/28/2022 15:30:00,14.5,14.55,13.8,13.95,16018649
4/29/2022 15:30:00,14.05,14.6,13.8,14.25,17019794
5/2/2022 15:30:00,14.2,14.65,14.15,14.2,11778270
5/4/2022 15:30:00,14.35,14.4,13.5,13.55,17210678
5/5/2022 15:30:00,13.75,13.85,13.35,13.4,12688571
5/6/2022 15:30:00,13.25,13.25,12.95,13.1,8646080
5/9/2022 15:30:00,13.1,13.75,12.8,13.7,18256241
5/10/2022 15:30:00,13.75,14.05,13.05,13.1,16513068
5/11/2022 15:30:00,13.2,13.5,12.65,13,23855100
5/12/2022 15:30:00,12.75,12.95,12.35,12.4,18307718
5/13/2022 15:30:00,12.6,12.95,12.4,12.5,18653085
5/16/2022 15:30:00,12.05,12.25,11.9,11.9,37381413
5/17/2022 15:30:00,11.95,12.45,11.95,12.45,16346984
5/18/2022 15:30:00,12.7,12.75,12.35,12.45,12187753
5/19/2022 15:30:00,12,12.55,11.95,12.3,9234735
5/20/2022 15:30:00,12.5,12.9,12.5,12.85,17925495
5/23/2022 15:30:00,13,13,12.35,12.4,9598700
5/24/2022 15:30:00,12.5,12.7,12.35,12.55,8950965
5/25/2022 15:30:00,12.45,12.6,12.05,12.1,8297456
5/26/2022 15:30:00,12.25,12.35,11.5,11.9,16053316
5/27/2022 15:30:00,12.1,12.15,11.7,11.85,9697989
5/30/2022 15:30:00,11.9,12.15,11.9,12,9411681
5/31/2022 15:30:00,12,12.6,11.9,12.6,16214999
6/1/2022 15:30:00,12.8,13.2,12.65,13.2,30278115
6/2/2022 15:30:00,13.35,13.85,13.3,13.85,28026241
6/3/2022 15:30:00,14.2,14.2,13.2,13.25,30514325
6/6/2022 15:30:00,13.05,13.9,12.8,13.8,20140522
6/7/2022 15:30:00,13.6,14.7,13.3,14.3,35019589
6/8/2022 15:30:00,14.35,14.6,13.75,13.85,20405726
6/9/2022 15:30:00,13.75,14.1,13.5,13.95,16082480
6/10/2022 15:30:00,13.65,13.9,13.45,13.55,10382115
6/13/2022 15:30:00,13.1,13.25,12.7,12.9,11601678
6/14/2022 15:30:00,12.75,13.3,12.7,12.85,11626321
6/15/2022 15:30:00,12.95,13.1,12.5,12.65,6895709
6/16/2022 15:30:00,12.85,12.95,11.9,12.05,14153736
6/17/2022 15:30:00,12.05,12.35,11.8,12.15,13207472
6/20/2022 15:30:00,12.3,12.75,10.95,11.1,22572320
6/21/2022 15:30:00,11.25,11.6,11.05,11.45,13441885
6/22/2022 15:30:00,11.4,11.6,11.3,11.4,8662663
6/23/2022 15:30:00,11.5,11.8,11.4,11.6,8843330
6/24/2022 15:30:00,11.8,11.95,11.7,11.85,5828590
6/27/2022 15:30:00,12.05,12.25,11.75,11.8,7782308
6/28/2022 15:30:00,11.8,12,11.55,11.8,5181067
6/29/2022 15:30:00,11.7,12,11.65,11.75,4643422
6/30/2022 15:30:00,11.8,11.85,11.45,11.5,4914810
7/1/2022 15:30:00,11.6,11.6,11.2,11.4,4058897
7/4/2022 15:30:00,11.5,11.6,11.3,11.35,4538113
7/5/2022 15:30:00,11.4,11.75,11.3,11.35,6326043
7/6/2022 15:30:00,11.4,11.45,11.1,11.2,5987748
7/7/2022 15:30:00,11.35,11.5,11.3,11.45,4844626
7/8/2022 15:30:00,11.6,11.6,11.35,11.4,5792790
7/11/2022 15:30:00,11.4,11.75,11.3,11.65,12923307
7/12/2022 15:30:00,11.55,12.05,11.45,11.5,13296744
7/13/2022 15:30:00,11.6,11.7,11.4,11.5,4121767
7/14/2022 15:30:00,11.4,11.55,11.35,11.4,4668633
7/15/2022 15:30:00,11.45,11.5,11.25,11.3,3465821
7/18/2022 15:30:00,11.4,11.6,11.4,11.5,6734567
7/19/2022 15:30:00,11.55,12.15,11.5,11.8,18049912
7/20/2022 15:30:00,11.95,12.1,11.8,11.85,9457351
7/21/2022 15:30:00,11.85,12.35,11.7,11.85,16229594
7/22/2022 15:30:00,11.95,11.95,11.65,11.75,6013396
7/25/2022 15:30:00,11.85,11.85,11.55,11.55,4295595
7/26/2022 15:30:00,11.55,12.55,11.5,11.9,35907022
7/27/2022 15:30:00,11.95,12.2,11.75,11.9,14818082
7/28/2022 15:30:00,12,12.05,11.65,11.75,8829990
7/29/2022 15:30:00,11.8,12.75,11.7,12.4,32009253
8/1/2022 15:30:00,12.5,13.15,12.25,13,33573919
8/2/2022 15:30:00,13,13.7,12.9,13.3,32474604
8/3/2022 15:30:00,13.35,13.4,12.8,13,14330281
8/4/2022 15:30:00,13,13.4,12.45,13.2,31646480
8/5/2022 15:30:00,13.45,13.65,13.05,13.15,22977419
8/8/2022 15:30:00,13,13.5,12.9,13.3,18844949
8/10/2022 15:30:00,13.4,14.25,13,14.15,68998073
8/11/2022 15:30:00,14.2,14.25,13.45,13.6,22969202
8/12/2022 15:30:00,13.55,13.8,13.25,13.4,14431196
8/16/2022 15:30:00,13.3,13.8,13.2,13.4,15878957
8/17/2022 15:30:00,13.5,13.8,13.4,13.65,21194300
8/18/2022 15:30:00,13.65,14.55,13.6,14.2,46729902
8/19/2022 15:30:00,14.25,15.1,14.1,14.95,74547754
8/22/2022 15:30:00,15.1,16.2,14.9,15.65,108715778
8/23/2022 15:30:00,15.6,16,15.15,15.4,47006114
8/24/2022 15:30:00,15.25,15.85,15.1,15.3,39217580
8/25/2022 15:30:00,15.35,15.55,15,15.05,21609453
8/26/2022 15:30:00,15.15,16.85,15.15,16.25,145645641
8/29/2022 15:30:00,15.7,16.9,15.6,16.3,109676564
8/30/2022 15:30:00,16.55,17.15,16.25,16.8,66973760
9/1/2022 15:30:00,16.75,20.15,16.7,20.15,278269770
9/2/2022 15:30:00,20.9,23.75,20.25,21.2,461789015
9/5/2022 15:30:00,21.55,23.3,21.55,23.3,153031552
9/6/2022 15:30:00,24.75,25,21.4,21.95,151536084
9/7/2022 15:30:00,21.75,22.75,21.3,21.65,64869145
9/8/2022 15:30:00,22.1,22.35,21.15,21.3,48143250
9/9/2022 15:30:00,21.2,21.2,19.2,19.2,115341202
9/12/2022 15:30:00,18.8,21.1,18.4,21.1,107892593
9/13/2022 15:30:00,20.9,21.45,20.05,20.05,20777351
9/14/2022 15:30:00,19.05,19.7,19.05,19.05,21625155
9/15/2022 15:30:00,18.85,19.25,18.1,18.1,26912514
9/16/2022 15:30:00,17.95,18.85,17.55,18.45,29739338
9/19/2022 15:30:00,18.8,18.8,17.55,17.65,11444410
9/20/2022 15:30:00,17.7,18.5,17.65,18.2,11716445
9/21/2022 15:30:00,18.15,18.15,17.3,17.3,11904399
9/22/2022 15:30:00,17.1,17.7,16.75,17.3,10239233
9/23/2022 15:30:00,17.4,17.45,16.7,16.9,7321524
9/26/2022 15:30:00,16.5,16.75,16.1,16.35,10575909
9/27/2022 15:30:00,16.4,16.6,15.85,16.2,6787950
9/28/2022 15:30:00,16,16.75,15.9,16.1,5651810
9/29/2022 15:30:00,16.5,16.6,15.8,16.05,6044059
9/30/2022 15:30:00,16,16.65,15.75,16.4,7267597
10/3/2022 15:30:00,16.7,17.1,16.35,16.45,6480231
10/4/2022 15:30:00,16.7,17,16.3,16.4,5377181
10/6/2022 15:30:00,16.7,16.9,16.15,16.75,11448436
10/7/2022 15:30:00,16.8,17.55,16.55,17.55,12789925
10/10/2022 15:30:00,17.45,18.15,17.25,17.75,11331582
10/11/2022 15:30:00,17.8,17.8,16.9,16.9,8754664
10/12/2022 15:30:00,16.8,17,16.15,16.35,5905236
10/13/2022 15:30:00,16.5,16.9,16.25,16.5,6040006
10/14/2022 15:30:00,16.7,16.8,16.05,16.2,5351153
10/17/2022 15:30:00,16.1,16.5,15.95,16.2,4834090
10/18/2022 15:30:00,16.15,16.7,16.15,16.6,6370915
10/19/2022 15:30:00,16.65,16.75,16.1,16.35,4207433
10/20/2022 15:30:00,16.4,16.45,15.95,16.1,5483105
10/21/2022 15:30:00,16.3,16.8,16.1,16.35,5881455
10/25/2022 15:30:00,16.65,16.65,16.25,16.3,2691089
10/27/2022 15:30:00,16.3,16.45,16.1,16.15,4856846
10/28/2022 15:30:00,16.2,16.3,15.9,16,4659397
10/31/2022 15:30:00,16.15,16.3,15.9,16.1,5233390
11/1/2022 15:30:00,16.2,16.25,15.95,16.05,4245353
11/2/2022 15:30:00,16.15,16.25,16,16.1,5872006
11/3/2022 15:30:00,15.85,16.15,15.85,16,3715615
11/4/2022 15:30:00,16.1,16.8,15.85,16.8,12797470
11/7/2022 15:30:00,17.1,17.4,16.5,16.85,13510564
11/9/2022 15:30:00,17,17.2,16.2,16.45,7182290
11/10/2022 15:30:00,16.4,16.45,15.95,16.1,4502473
11/11/2022 15:30:00,15.7,16.35,15.6,16,8956145
11/14/2022 15:30:00,16,16.15,15.6,16.05,6072616
11/15/2022 15:30:00,16.05,16.4,15.9,16.1,4219941
11/16/2022 15:30:00,16.4,16.5,15.9,16,5487243
11/17/2022 15:30:00,16.15,16.15,15.45,15.65,5538195
11/18/2022 15:30:00,15.7,15.95,15.45,15.5,3653816
11/21/2022 15:30:00,15.6,16,15.5,15.5,5558728
11/22/2022 15:30:00,15.8,15.8,14.9,15.05,7828491
11/23/2022 15:30:00,15.2,15.5,15,15.2,4188535
11/24/2022 15:30:00,15.3,15.55,15.15,15.25,2827009
11/25/2022 15:30:00,15.3,16,15.2,16,12205093
11/28/2022 15:30:00,16.1,16.25,15.9,16,6728703
11/29/2022 15:30:00,16.05,16.2,15.7,15.9,7027568
11/30/2022 15:30:00,15.9,16.4,15.8,16.05,16777348
12/1/2022 15:30:00,16.1,16.25,15.85,16,7038436
12/2/2022 15:30:00,15.95,16.8,15.65,16.8,24401937
12/5/2022 15:30:00,16.95,16.95,16,16.05,19577532
12/6/2022 15:30:00,15.85,16.3,15.8,15.85,17465360
12/7/2022 15:30:00,15.9,16.2,15.5,15.7,11680369
12/8/2022 15:30:00,15.75,16.05,15.5,15.85,11119754
12/9/2022 15:30:00,16,16.55,15.7,15.9,21275150
12/12/2022 15:30:00,15.95,16.2,15.75,15.95,25028814
12/13/2022 15:30:00,16,16.4,15.7,15.75,35437003
12/14/2022 15:30:00,15.8,16.5,15.7,16.45,55553551
12/15/2022 15:30:00,16.2,16.5,15.85,15.9,22792227
12/16/2022 15:30:00,15.9,16.2,15.65,15.75,21493992
12/19/2022 15:30:00,15.85,16,15.75,15.8,12178836
12/20/2022 15:30:00,15.8,15.95,15.45,15.75,14909860
12/21/2022 15:30:00,15.9,15.9,15,15,24450802
12/22/2022 15:30:00,14.95,15.05,14.25,14.25,29006327
12/23/2022 15:30:00,13.85,13.85,13.55,13.55,14177515
12/26/2022 15:30:00,13.15,14.2,12.9,14.15,29297031
12/27/2022 15:30:00,14.2,14.85,14.1,14.8,13932965
12/28/2022 15:30:00,14.8,15.15,14.55,14.6,12860847
12/29/2022 15:30:00,14.45,14.55,14.2,14.3,12465598
12/30/2022 15:30:00,14.45,14.75,14.3,14.35,9993716
1/2/2023 15:30:00,14.45,14.85,14.4,14.7,7616454
1/3/2023 15:30:00,14.7,15.2,14.7,14.8,11998936
1/4/2023 15:30:00,14.85,14.9,14.25,14.45,10497572
1/5/2023 15:30:00,14.6,14.8,14.35,14.6,8101094
1/6/2023 15:30:00,14.65,14.7,14.35,14.45,5920357
1/9/2023 15:30:00,14.7,14.8,14.4,14.55,8021961
1/10/2023 15:30:00,14.6,14.65,14.25,14.3,4970822
1/11/2023 15:30:00,14.3,14.45,14.25,14.25,5254521
1/12/2023 15:30:00,14.3,14.4,13.8,13.95,8992128
1/13/2023 15:30:00,14,14.3,13.85,14.15,9040623
1/16/2023 15:30:00,14.15,14.7,14.1,14.25,10774663
1/17/2023 15:30:00,14.25,14.4,14.05,14.15,8156536
1/18/2023 15:30:00,14.2,14.3,14,14,7538740
1/19/2023 15:30:00,14,14.2,13.95,14,5224360
1/20/2023 15:30:00,14.05,14.05,13.75,13.85,10251629
1/23/2023 15:30:00,13.95,13.95,13.2,13.2,15531510
1/24/2023 15:30:00,13.3,13.45,13.2,13.2,6466213
1/25/2023 15:30:00,13.3,13.3,12.9,12.95,8832009
1/27/2023 15:30:00,13.1,13.1,12.35,12.65,12988895
1/30/2023 15:30:00,12.75,12.95,12.4,12.5,9831771
1/31/2023 15:30:00,12.55,13.1,12.4,12.75,23848822
2/1/2023 15:30:00,12.65,13.1,12.15,12.25,20669121
2/2/2023 15:30:00,12.25,12.6,11.9,11.95,20958060
2/3/2023 15:30:00,12.05,12.15,11.35,11.75,30489212
2/6/2023 15:30:00,11.8,12.3,11.65,12,15666539
2/7/2023 15:30:00,12,12.25,11.6,11.65,14197921
2/8/2023 15:30:00,11.75,11.8,11.6,11.7,12067346
2/9/2023 15:30:00,11.75,12.05,11.65,11.7,17839732
2/10/2023 15:30:00,11.7,11.9,11.6,11.65,12090065
2/13/2023 15:30:00,11.7,11.95,11.3,11.35,12281010
2/14/2023 15:30:00,11.4,11.45,11,11.3,12757073
2/15/2023 15:30:00,11.35,11.45,11.05,11.1,12955152
2/16/2023 15:30:00,11.15,11.25,11,11.05,11944734
2/17/2023 15:30:00,11.1,11.25,10.95,11.05,11076968
2/20/2023 15:30:00,11.15,11.2,10.75,10.95,11564588
2/21/2023 15:30:00,11,11.15,10.5,10.6,13862209
2/22/2023 15:30:00,10.55,11,10.3,10.4,24234889
2/23/2023 15:30:00,10.5,10.5,10,10.05,15912209
2/24/2023 15:30:00,10.1,10.7,10,10.1,34920732
2/27/2023 15:30:00,10.2,10.4,9.8,9.9,21519422
2/28/2023 15:30:00,10,10.05,9.75,9.8,15580538
3/1/2023 15:30:00,9.9,10.4,9.9,10,26222162
3/2/2023 15:30:00,10.1,10.2,9.7,9.8,22294988
3/3/2023 15:30:00,9.85,10.75,9.75,10.7,124274996
3/6/2023 15:30:00,10.8,11.45,10.55,10.7,58160006
3/8/2023 15:30:00,10.7,11.75,10.6,11.7,76955647
3/9/2023 15:30:00,11.8,11.9,11,11.2,46172324
3/10/2023 15:30:00,11.1,11.9,11,11.45,50460691
3/13/2023 15:30:00,11.45,11.5,10.7,10.75,34671169
3/14/2023 15:30:00,10.8,10.9,10.35,10.7,26879025
3/15/2023 15:30:00,10.85,10.95,10.55,10.75,23522176
3/16/2023 15:30:00,10.8,10.8,10.45,10.55,14773665
3/17/2023 15:30:00,10.65,10.95,10.6,10.7,29476051
3/20/2023 15:30:00,10.6,10.75,10.15,10.3,23034866
3/21/2023 15:30:00,10.4,10.45,10.2,10.25,11116475
3/22/2023 15:30:00,10.35,10.45,10.25,10.3,11202141
3/23/2023 15:30:00,10.3,10.3,9.9,9.95,16428529
3/24/2023 15:30:00,10,10.35,9.7,9.85,39423050
3/27/2023 15:30:00,9.9,9.95,9.3,9.4,22690733
3/28/2023 15:30:00,9.45,9.55,9.05,9.15,24270710
3/29/2023 15:30:00,9.25,9.9,9.1,9.8,29919440
3/31/2023 15:30:00,9.95,10.4,9.9,9.95,30780259
4/3/2023 15:30:00,10.25,10.55,9.95,10.4,32332522
4/5/2023 15:30:00,10.5,10.85,10.3,10.8,34031167
4/6/2023 15:30:00,10.8,11.55,10.65,11.15,55264569
4/10/2023 15:30:00,11.25,11.3,10.85,10.9,23719805
4/11/2023 15:30:00,10.95,12.8,10.9,12.55,154537831
4/12/2023 15:30:00,12.65,12.65,11.95,12.15,69564545
4/13/2023 15:30:00,12.2,12.95,11.85,12.8,87989459
4/17/2023 15:30:00,12.6,13.15,12.35,12.7,59186087
4/18/2023 15:30:00,12.75,12.8,12.15,12.4,35999574
4/19/2023 15:30:00,12.4,12.6,12.1,12.25,37469474
4/20/2023 15:30:00,12.25,12.45,12.05,12.1,22356101
4/21/2023 15:30:00,12.1,12.35,11.9,12,41595866
4/24/2023 15:30:00,12.1,12.15,11.7,11.8,24257112
4/25/2023 15:30:00,11.8,12.25,11.75,11.85,30992225
4/26/2023 15:30:00,11.85,12.2,11.8,11.9,33574152
4/27/2023 15:30:00,11.95,12.75,11.95,12.5,69405704
4/28/2023 15:30:00,12.6,12.7,12.1,12.2,36723917
5/2/2023 15:30:00,12.25,12.4,12.1,12.15,17516877
5/3/2023 15:30:00,12.1,12.15,11.85,11.9,27894500
5/4/2023 15:30:00,12.05,12.7,12.05,12.2,60912396
5/5/2023 15:30:00,12.15,12.6,12.05,12.4,40026169
5/8/2023 15:30:00,12.55,12.55,12.1,12.15,21423800
5/9/2023 15:30:00,12.2,12.3,11.95,12,20934654
5/10/2023 15:30:00,12.05,12.1,11.85,11.9,13335218
5/11/2023 15:30:00,11.95,12.15,11.8,11.85,19675010
5/12/2023 15:30:00,11.9,12,11.75,11.8,15011082
5/15/2023 15:30:00,11.85,11.85,11.55,11.6,15046036
5/16/2023 15:30:00,11.65,12.05,11.65,11.7,28245933
5/17/2023 15:30:00,11.75,11.85,11.55,11.6,17016164
5/18/2023 15:30:00,11.65,11.8,11.3,11.4,18992232
5/19/2023 15:30:00,11.4,11.55,11.05,11.45,28461817
5/22/2023 15:30:00,11.5,11.85,11.35,11.5,29174177
5/23/2023 15:30:00,11.55,13.05,11.45,12.95,303719881
5/24/2023 15:30:00,12.95,13.15,11.9,12.1,125805073
5/25/2023 15:30:00,12.15,13.7,12,12.85,441947341
5/26/2023 15:30:00,12.85,14,12.85,13.05,336937268
5/29/2023 15:30:00,13.25,13.65,13,13.3,193534442
5/30/2023 15:30:00,13.3,13.35,12.85,12.95,109769357
5/31/2023 15:30:00,13,13.15,12.75,12.95,72173214
6/1/2023 15:30:00,13,13.25,12.85,12.95,44995950
6/2/2023 15:30:00,13,13.35,12.95,13.15,53056381
6/5/2023 15:30:00,13.25,13.35,13,13.1,39998339
6/6/2023 15:30:00,13.1,13.7,13.05,13.6,103474418
6/7/2023 15:30:00,13.6,15.3,13.55,14.75,234230014
6/8/2023 15:30:00,14.6,15.1,13.8,14.05,130572192
6/9/2023 15:30:00,14.15,14.45,13.8,13.95,82980361
6/12/2023 15:30:00,14,16.25,14,15.85,350896355
6/13/2023 15:30:00,16.3,16.9,15.65,16.05,269392680
6/14/2023 15:30:00,16.15,16.35,15.7,15.9,124100769
6/15/2023 15:30:00,15.9,17,15.8,16.75,311399704
6/16/2023 15:30:00,16.85,17.45,15.85,16.1,233929319
6/19/2023 15:30:00,16.3,16.65,15.4,15.7,136156356
6/20/2023 15:30:00,15.7,15.8,15.05,15.3,102811556
6/21/2023 15:30:00,15.35,15.65,14.85,15,134021474
6/22/2023 15:30:00,15.1,15.2,14.5,14.75,100194362
6/23/2023 15:30:00,14.8,14.95,14.4,14.75,80172848
6/26/2023 15:30:00,14.8,15.05,14,14.1,86234397
6/27/2023 15:30:00,14.1,14.5,13.8,13.85,82890418
6/28/2023 15:30:00,13.95,14.45,13.95,14.15,73113184
6/30/2023 15:30:00,14.3,14.45,13.8,14.05,64796886
7/3/2023 15:30:00,14.2,15.25,14.1,15,223546092
7/4/2023 15:30:00,15.1,15.3,14.4,14.65,133545307
7/5/2023 15:30:00,14.55,14.8,14.3,14.35,101420478
7/6/2023 15:30:00,14.35,15.55,14.3,15.3,284800394
7/7/2023 15:30:00,15.3,15.65,14.9,15.25,145694306
7/10/2023 15:30:00,15.35,15.5,14.9,15.05,60637006
7/11/2023 15:30:00,15.05,15.6,14.9,15.35,110499183
7/12/2023 15:30:00,15.5,16.25,15.3,15.9,201191060
7/13/2023 15:30:00,16.05,16.2,15.05,15.2,114712259
7/14/2023 15:30:00,15.25,15.45,15,15.25,83402993
7/17/2023 15:30:00,15.35,15.5,15.15,15.25,42765404
7/18/2023 15:30:00,15.3,15.5,14.85,15.2,118991946
7/19/2023 15:30:00,15.2,15.85,15.2,15.65,154585372
7/20/2023 15:30:00,15.75,16.1,15.5,15.7,112725727
7/21/2023 15:30:00,15.6,16.45,15.5,15.8,171203870
7/24/2023 15:30:00,15.95,16.35,15.6,15.65,105234223
7/25/2023 15:30:00,15.75,16.2,15.7,15.95,85396364
7/26/2023 15:30:00,16,16.05,15.65,15.75,64050635
7/27/2023 15:30:00,15.8,16.9,15.75,16.55,246061577
7/28/2023 15:30:00,16.55,16.75,15.85,16.1,115685551
7/31/2023 15:30:00,16.1,16.6,15.95,16.45,107623352
8/1/2023 15:30:00,16.5,17.4,16.4,17,197567994
8/2/2023 15:30:00,16.9,18.35,16.7,18.15,396882728
8/3/2023 15:30:00,18.35,18.55,17.25,18.05,245776641
8/4/2023 15:30:00,18.2,19.2,18.1,19.05,291761372
8/7/2023 15:30:00,19.3,19.5,18.5,18.65,215951344
8/8/2023 15:30:00,18.65,18.7,17.6,17.8,123268940
8/9/2023 15:30:00,17.8,18.5,17.6,18.25,140190910
8/10/2023 15:30:00,17.5,17.95,17.3,17.5,126456625
8/11/2023 15:30:00,17.65,17.9,17.2,17.4,76829316
8/14/2023 15:30:00,17.4,17.45,16.85,16.95,61882364
8/16/2023 15:30:00,16.9,17.2,16.45,16.75,87314956
8/17/2023 15:30:00,16.7,17.25,16.45,16.55,79975462
8/18/2023 15:30:00,16.6,16.85,16.3,16.4,58640566
8/21/2023 15:30:00,16.5,16.65,16.25,16.35,47479520
8/22/2023 15:30:00,16.4,17.55,16.35,17.4,137649420
8/23/2023 15:30:00,17.5,17.8,17.2,17.3,78020081
8/24/2023 15:30:00,17.45,17.65,17.2,17.3,79846622
8/25/2023 15:30:00,17.35,18,17.25,17.35,117823049
8/28/2023 15:30:00,17.55,17.75,17.35,17.45,61334510
8/29/2023 15:30:00,17.65,18.65,17.6,18.25,195394729
8/30/2023 15:30:00,18.5,20.6,18.25,20.2,569141634
8/31/2023 15:30:00,20.4,20.65,18.9,19.15,264116104
9/1/2023 15:30:00,19.3,19.9,18.9,19,134930310
9/4/2023 15:30:00,19.3,20.15,19,19.55,143886986
9/5/2023 15:30:00,19.65,20.1,19.1,19.8,122485331
9/6/2023 15:30:00,20,21.6,20,21.2,358332671
9/7/2023 15:30:00,21.1,21.45,20.75,21.2,136951787
9/8/2023 15:30:00,21.35,22.05,20.9,21.15,166587523
9/11/2023 15:30:00,21.3,21.35,20.65,20.8,91580431
9/12/2023 15:30:00,20.95,21,18.2,18.4,177964372
9/13/2023 15:30:00,18.5,19.15,17.8,19,146455333
9/14/2023 15:30:00,19.2,19.6,18.65,18.75,111473884
9/15/2023 15:30:00,18.9,19.55,18.6,19.15,97096853
9/18/2023 15:30:00,19.15,19.45,18.85,19.1,58256083
9/20/2023 15:30:00,19,19.4,18.7,19.05,95451417
9/21/2023 15:30:00,19,19.7,18.8,19,109797642
9/22/2023 15:30:00,19.05,19.4,18.75,18.9,83933616
9/25/2023 15:30:00,19.1,19.2,18.85,18.95,46443309
9/26/2023 15:30:00,19,19.65,18.85,19,69568077
9/27/2023 15:30:00,19,19.3,18.9,19.2,67263376
9/28/2023 15:30:00,19.2,20.15,19.1,19.15,121084044
9/29/2023 15:30:00,19.35,19.4,19.05,19.25,39541489
10/3/2023 15:30:00,19.3,19.55,19.15,19.25,52662477
10/4/2023 15:30:00,19.25,19.25,18.4,18.8,68891569
10/5/2023 15:30:00,18.95,19.1,18.55,18.9,43782204
10/6/2023 15:30:00,18.95,19.1,18.75,18.85,26043912
10/9/2023 15:30:00,18.5,18.5,17.7,17.85,50799957
10/10/2023 15:30:00,17.9,18.1,17.7,17.8,42788219
10/11/2023 15:30:00,17.9,18.35,17.85,18.2,43594800
10/12/2023 15:30:00,18.3,18.35,17.85,18,39860092
10/13/2023 15:30:00,17.85,18.05,17.7,17.75,27054229
10/16/2023 15:30:00,17.9,18.5,17.7,18.4,92471985
10/17/2023 15:30:00,18.45,18.8,18.25,18.55,63936691
10/18/2023 15:30:00,18.65,18.8,18.1,18.15,44885996
10/19/2023 15:30:00,18,18.85,18,18.65,85820805
10/20/2023 15:30:00,18.65,19,18.3,18.5,63826654
10/23/2023 15:30:00,18.55,18.65,16.3,16.7,80110583
10/25/2023 15:30:00,17.05,17.25,15.95,16.3,79888875
10/26/2023 15:30:00,16.1,16.7,15.55,16.5,76547213
10/27/2023 15:30:00,16.6,16.95,16.55,16.8,33325399
10/30/2023 15:30:00,16.9,17.15,16.45,16.95,61855118
10/31/2023 15:30:00,17.05,17.3,16.8,17.1,42272362
11/1/2023 15:30:00,16.9,17.6,16.85,17.4,74842373
11/2/2023 15:30:00,17.6,18.35,17.35,18.25,77875784
11/3/2023 15:30:00,18.45,18.65,18.15,18.25,68732670
11/6/2023 15:30:00,18.4,20.25,18.35,19.3,259712325
11/7/2023 15:30:00,19.45,20.85,19.35,20.7,232715280
11/8/2023 15:30:00,20.9,21.1,20.1,20.45,135784164
11/9/2023 15:30:00,20.6,21.75,20.25,21.2,225110596
11/10/2023 15:30:00,21.25,21.65,20.25,20.5,149791559
11/13/2023 15:30:00,20.65,22.75,20.25,22.5,294553361
11/15/2023 15:30:00,22.85,23.2,22.05,22.3,158954240
11/16/2023 15:30:00,22.3,23.15,22.15,22.65,163568647
11/17/2023 15:30:00,22.6,23.75,22.35,22.85,285161163
11/20/2023 15:30:00,23,23.2,21.8,22.1,130712010
11/21/2023 15:30:00,22.2,22.4,21.05,21.35,126666416
11/22/2023 15:30:00,21.4,21.45,20.7,20.9,118764772
11/23/2023 15:30:00,21.1,21.8,20.95,21.35,108417604
11/24/2023 15:30:00,21.4,21.5,20.7,20.9,72667677
11/28/2023 15:30:00,21,21.4,20.75,20.9,102431117
11/29/2023 15:30:00,21,21.65,20.75,21.5,119348659
11/30/2023 15:30:00,21.55,21.6,20.8,21.15,105285487
12/1/2023 15:30:00,21.2,21.45,20.65,20.85,75245066
12/4/2023 15:30:00,21.1,21.3,20.8,20.9,48218169
12/5/2023 15:30:00,21,22.4,20.65,22.3,199210606
12/6/2023 15:30:00,22.4,23.4,21.9,23.2,222427296
12/7/2023 15:30:00,23.2,24.35,22.9,23.25,267160956
12/8/2023 15:30:00,23.25,24.45,22.95,23.95,265304415
12/11/2023 15:30:00,24.35,25.2,23.95,24.5,246235193
12/12/2023 15:30:00,24.7,24.8,22.85,23.2,183998905
12/13/2023 15:30:00,23.3,23.95,23,23.8,157544783
12/14/2023 15:30:00,23.95,24.3,23.55,23.85,113211921
12/15/2023 15:30:00,23.9,24.25,23.4,23.6,90282269
12/18/2023 15:30:00,23.35,24,23.1,23.8,76259742
12/19/2023 15:30:00,23.8,24.65,23.65,23.75,110705956
12/20/2023 15:30:00,23.9,24.2,20.85,21.4,153301134
12/21/2023 15:30:00,21.35,23.1,20.6,22.7,177574729
12/22/2023 15:30:00,22.8,23.15,22.2,22.4,87841372
12/26/2023 15:30:00,22.6,22.9,22.25,22.6,60927333
12/27/2023 15:30:00,22.65,23.1,22.4,22.6,75727285
12/28/2023 15:30:00,22.65,22.8,22.15,22.35,43977932
12/29/2023 15:30:00,22.4,23.4,22.2,23.3,139420239
1/1/2024 15:30:00,23.5,24.25,23.3,23.95,146057646