Date,Open,High,Low,Close,Volume
1/1/2015 15:30:00,312.45,315,310.7,314,6138488
1/2/2015 15:30:00,314.35,318.3,314.35,315.25,9935094
1/5/2015 15:30:00,316.25,316.8,312.1,312.75,9136716
1/6/2015 15:30:00,310,311.1,298.7,299.9,15329257
1/7/2015 15:30:00,300,302.55,295.15,300.15,15046745
1/8/2015 15:30:00,305,306.5,302.35,304.85,8939749
1/9/2015 15:30:00,306.7,307.85,302,303.2,11953948
1/12/2015 15:30:00,304.15,307.8,301.1,307.1,8536142
1/13/2015 15:30:00,308.15,310.75,304.15,305.1,9484804
1/14/2015 15:30:00,304,307,302.25,304.7,8855660
1/15/2015 15:30:00,319.9,323.7,314,320.3,30729523
1/16/2015 15:30:00,320,320.3,313.1,315.45,21598514
1/19/2015 15:30:00,316.55,317.95,312.5,313.15,9975658
1/20/2015 15:30:00,314,319.8,314,318.15,13104643
1/21/2015 15:30:00,319.9,327.6,319,326.2,22617660
1/22/2015 15:30:00,326.9,327.6,321.8,324.65,12232626
1/23/2015 15:30:00,328.25,332.55,324.65,327.45,17127278
1/27/2015 15:30:00,329.4,332.15,322.6,330.05,13734088
1/28/2015 15:30:00,330.4,336,328.2,334.6,19428852
1/29/2015 15:30:00,332.8,333.6,325.1,327,14911660
1/30/2015 15:30:00,328.7,330.5,307,308.95,30252827
2/2/2015 15:30:00,309.5,311.9,305.1,307.5,17639807
2/3/2015 15:30:00,312,312,299.05,300.3,23743882
2/4/2015 15:30:00,302.7,302.95,291.9,293.05,21477507
2/5/2015 15:30:00,293.15,297.8,289.2,290.8,15722348
2/6/2015 15:30:00,291,294.85,285.7,290.3,15985714
2/9/2015 15:30:00,289.5,292.8,278,279.5,17088719
2/10/2015 15:30:00,277.5,290.8,275.7,287.3,22589681
2/11/2015 15:30:00,290.8,293.5,283.7,285.95,17366588
2/12/2015 15:30:00,288.9,289,278.3,284.3,20957180
2/13/2015 15:30:00,288,307.95,285.35,306.95,70540056
2/16/2015 15:30:00,310.6,313.15,304.7,306.7,21372131
2/18/2015 15:30:00,306.8,307.9,302,305.7,13472484
2/19/2015 15:30:00,306.1,307.3,296.8,302.35,17762135
2/20/2015 15:30:00,301.9,306.5,297.05,302.3,15792502
2/23/2015 15:30:00,303.2,304.6,294.4,296.55,12440505
2/24/2015 15:30:00,296.9,299,292.1,296.25,15046698
2/25/2015 15:30:00,299,300.65,295,295.55,12845169
2/26/2015 15:30:00,297,297,288.05,289.4,18707345
2/27/2015 15:30:00,291.25,301,290.1,299.9,18316053
3/2/2015 15:30:00,305.9,305.9,296.7,302,15085595
3/3/2015 15:30:00,303.5,305.4,299.7,302.6,14387971
3/4/2015 15:30:00,314,315,292,293.85,38674148
3/5/2015 15:30:00,294.75,296.25,289.75,293.8,16803823
3/9/2015 15:30:00,292,294,288.7,290.65,13199803
3/10/2015 15:30:00,290.75,293.25,285.1,287.6,14064427
3/11/2015 15:30:00,288.55,290.9,283.75,285.15,16329314
3/12/2015 15:30:00,288.15,289.45,286.1,286.85,9969794
3/13/2015 15:30:00,290,291.05,280,280.75,13414248
3/16/2015 15:30:00,281.5,283.85,280,281.65,15132928
3/17/2015 15:30:00,283.9,284,279.5,283.1,11350496
3/18/2015 15:30:00,284.1,288.45,282,287.3,12394230
3/19/2015 15:30:00,290,290.3,280.6,281.6,11046649
3/20/2015 15:30:00,281.8,282.4,276.8,278.25,11482652
3/23/2015 15:30:00,279.4,280,273.55,274.75,13058026
3/24/2015 15:30:00,273.8,276.4,269,270.55,17585259
3/25/2015 15:30:00,271.9,272.1,265,265.4,15824629
3/26/2015 15:30:00,264.5,265.9,255.2,256.65,22253318
3/27/2015 15:30:00,259.85,264.95,256,263.6,19423101
3/30/2015 15:30:00,265.1,269.35,263.15,267.9,12303870
3/31/2015 15:30:00,268.9,271.35,266,267.05,19482636
4/1/2015 15:30:00,266.65,274.65,263.15,273.45,12383589
4/6/2015 15:30:00,275.45,275.75,271.2,274.65,12925445
4/7/2015 15:30:00,275.3,276.35,270.3,272.05,12933524
4/8/2015 15:30:00,271.9,277.35,271.85,273.9,9913899
4/9/2015 15:30:00,275,281.8,272.5,280.85,13471276
4/10/2015 15:30:00,281,287.35,280.05,285.75,16880558
4/13/2015 15:30:00,287.8,288.5,283.35,286.3,11985436
4/15/2015 15:30:00,287.4,294.45,285.95,290,17289500
4/16/2015 15:30:00,290.25,294.25,286.5,292.4,15043998
4/17/2015 15:30:00,291,294.9,289.2,291.75,16819018
4/20/2015 15:30:00,291,293.35,284.85,287.65,13788536
4/21/2015 15:30:00,287.4,292,281.75,289.2,15487948
4/22/2015 15:30:00,290.55,293.25,275.4,283.85,17741741
4/23/2015 15:30:00,285,287.4,276.25,277.65,13874710
4/24/2015 15:30:00,278.35,279.6,274.35,275.55,10049508
4/27/2015 15:30:00,276.55,276.55,266.1,267.05,12394191
4/28/2015 15:30:00,267,273.5,265.15,272.5,12693457
4/29/2015 15:30:00,272.25,273.4,269.55,271.9,8217676
4/30/2015 15:30:00,270.1,273.45,266.7,269.75,21635216
5/4/2015 15:30:00,274,278,271.65,277.15,8012690
5/5/2015 15:30:00,277,277,271.35,272.05,7102772
5/6/2015 15:30:00,271.45,273.6,263.25,265.4,16335660
5/7/2015 15:30:00,264,267.25,259.65,260.95,15962706
5/8/2015 15:30:00,264,268,260.3,261.95,14044596
5/11/2015 15:30:00,263.4,277.2,262.6,276.05,17198308
5/12/2015 15:30:00,275.3,275.4,266.35,267.4,12792368
5/13/2015 15:30:00,269.9,275,268.05,274.3,9245732
5/14/2015 15:30:00,274,281.9,272.95,280.95,13101418
5/15/2015 15:30:00,282,288.35,282,287.45,18247889
5/18/2015 15:30:00,289.9,290,285.4,289.75,13266119
5/19/2015 15:30:00,289.2,291.35,286.2,288.45,14541041
5/20/2015 15:30:00,289.5,294.8,289.25,292.6,11807544
5/21/2015 15:30:00,294,294.75,288.45,290.25,12118415
5/22/2015 15:30:00,293,305,280.75,282.45,69490117
5/25/2015 15:30:00,280.2,284.3,276.15,277.65,20356833
5/26/2015 15:30:00,279,280.8,276,277.15,9675703
5/27/2015 15:30:00,277,281.6,274.2,280.75,12176680
5/28/2015 15:30:00,279.8,279.8,276.1,277.6,13024987
5/29/2015 15:30:00,278.65,281.65,277.1,278.15,14809918
6/1/2015 15:30:00,278.65,282,277.55,278.2,11567692
6/2/2015 15:30:00,278.8,279.45,265.35,266.25,21653784
6/3/2015 15:30:00,267,267.3,255.05,257.4,25967877
6/4/2015 15:30:00,259.9,261.4,253.75,257.6,20210546
6/5/2015 15:30:00,257,262,255.6,257.8,13539638
6/8/2015 15:30:00,258.75,258.75,252.55,254.95,17384700
6/9/2015 15:30:00,255,258.3,254,257.6,15275972
6/10/2015 15:30:00,259,262.55,258.5,260.6,10910978
6/11/2015 15:30:00,262.25,262.95,252.65,254,20857622
6/12/2015 15:30:00,254.05,255.5,251.8,253.95,11440479
6/15/2015 15:30:00,255,255.6,248.85,250.25,13545280
6/16/2015 15:30:00,250.25,255.75,249,254.6,9896598
6/17/2015 15:30:00,256,256.9,253.5,255.1,11241061
6/18/2015 15:30:00,256.45,260.7,255.2,258.1,11598549
6/19/2015 15:30:00,259.9,263.1,258.15,260.15,12216399
6/22/2015 15:30:00,260.9,267.4,260.8,266,11051382
6/23/2015 15:30:00,269.4,271.2,266.25,267.75,16180083
6/24/2015 15:30:00,267.7,267.9,260.5,262.35,8361760
6/25/2015 15:30:00,261.25,266,259.05,264.8,16506503
6/26/2015 15:30:00,264.1,266.9,261.05,265.2,14588452
6/29/2015 15:30:00,258.75,260.8,255,259.65,15040805
6/30/2015 15:30:00,259.25,263.35,257.6,262.75,14181965
7/1/2015 15:30:00,263.1,269.5,262.55,267.75,12072024
7/2/2015 15:30:00,267.9,271.25,266.1,267.85,8741783
7/3/2015 15:30:00,267.35,270,266.8,269.4,7238541
7/6/2015 15:30:00,263.2,271.5,262,270.8,9458200
7/7/2015 15:30:00,270.4,274.65,270,272.9,12523410
7/8/2015 15:30:00,269.9,271,265.6,267.35,12669850
7/9/2015 15:30:00,267,271.3,267,267.75,6469504
7/10/2015 15:30:00,270.25,271,266.25,270.55,8788162
7/13/2015 15:30:00,272,274.35,267.9,273.7,8423083
7/14/2015 15:30:00,273.6,273.6,267.15,268.2,10337307
7/15/2015 15:30:00,268.75,271.7,267.15,268.05,7483918
7/16/2015 15:30:00,269.75,272.75,268.1,272.2,8354120
7/17/2015 15:30:00,272.4,274,270.5,271.1,5571891
7/20/2015 15:30:00,272,272,266.15,267.45,6418930
7/21/2015 15:30:00,267,269.8,263.5,264.3,5638653
7/22/2015 15:30:00,263.7,269.4,261.9,268.55,11322177
7/23/2015 15:30:00,268.5,272,267.25,270.05,6376216
7/24/2015 15:30:00,268.7,270.35,262.1,263.25,7796401
7/27/2015 15:30:00,263.2,263.4,258.05,258.45,6788558
7/28/2015 15:30:00,260.25,263.9,258.35,259.2,10788886
7/29/2015 15:30:00,260,260.7,252.3,253.6,9997136
7/30/2015 15:30:00,253.6,259.5,253.6,256.8,10536937
7/31/2015 15:30:00,258,273.75,257.55,270.05,20534806
8/3/2015 15:30:00,270,283,269.9,281.05,21901780
8/4/2015 15:30:00,282.5,289.95,276.4,288.6,28858887
8/5/2015 15:30:00,289.1,291.8,284.25,285.4,10169558
8/6/2015 15:30:00,285.6,290.8,282,289.05,15372143
8/7/2015 15:30:00,288.5,288.5,280.2,281.3,13845614
8/10/2015 15:30:00,282.05,286,280.1,282.75,14694901
8/11/2015 15:30:00,285.8,289.45,267.5,268.8,39233644
8/12/2015 15:30:00,267.45,267.45,255.05,256.35,29724325
8/13/2015 15:30:00,259.75,262.85,258.15,259.3,16360033
8/14/2015 15:30:00,261.9,269.4,259.25,268.5,14852873
8/17/2015 15:30:00,272,281.9,270.8,279.75,27500063
8/18/2015 15:30:00,280.8,288,275.55,284.8,27728824
8/19/2015 15:30:00,283.9,285.95,275.55,278,15452575
8/20/2015 15:30:00,277.65,281.65,268,270.55,14577599
8/21/2015 15:30:00,261.5,268.9,256.2,267.5,19030056
8/24/2015 15:30:00,254.7,257.7,242.4,245.4,29561705
8/25/2015 15:30:00,250,254.8,240,253.35,23492839
8/26/2015 15:30:00,252.5,253.3,245,245.7,16325529
8/27/2015 15:30:00,251.15,252,248.1,249.45,21076926
8/28/2015 15:30:00,254.5,255.9,247.45,248.95,16644381
8/31/2015 15:30:00,249,251.35,245,247.35,21645114
9/1/2015 15:30:00,244.85,244.85,237.7,239.1,19689080
9/2/2015 15:30:00,242.65,243,230.1,230.55,23655457
9/3/2015 15:30:00,232.65,235.4,231,232.25,14680299
9/4/2015 15:30:00,231.9,231.9,224,225.15,20466346
9/7/2015 15:30:00,227.1,227.5,220.15,221.1,15424783
9/8/2015 15:30:00,223,230.25,221.15,228.35,16189253
9/9/2015 15:30:00,233.95,234.5,229.1,231.65,18237115
9/10/2015 15:30:00,227.35,229.8,224.1,227.45,14195882
9/11/2015 15:30:00,230.9,233.3,228,230.1,13650937
9/14/2015 15:30:00,231.55,236,230,235.25,10671222
9/15/2015 15:30:00,235.2,238.45,232.65,232.9,13193410
9/16/2015 15:30:00,236.4,237.75,235,236.8,11272509
9/18/2015 15:30:00,240,246.45,239.5,242,16049395
9/21/2015 15:30:00,239.55,246,237.25,245.25,9602436
9/22/2015 15:30:00,247.95,248.45,236.25,237.95,13667322
9/23/2015 15:30:00,235,241.9,233.6,239.85,13614082
9/24/2015 15:30:00,239.45,241.45,238.05,239.05,9299508
9/28/2015 15:30:00,241,243.65,238.65,239.45,8588230
9/29/2015 15:30:00,236,245.4,232.2,241.9,24488685
9/30/2015 15:30:00,244.85,245.4,235.7,237.15,17011911
10/1/2015 15:30:00,241.2,241.9,234.4,235.15,11590498
10/5/2015 15:30:00,238.1,241.35,237.25,240,18307463
10/6/2015 15:30:00,242.7,242.8,237.7,240.1,10087077
10/7/2015 15:30:00,240.15,244.25,239.05,243.55,10608795
10/8/2015 15:30:00,242.45,245.2,241.1,243.3,9230511
10/9/2015 15:30:00,245.5,247.8,240.65,243.45,12171416
10/12/2015 15:30:00,244.1,245.65,241.3,244.55,7566962
10/13/2015 15:30:00,244,247.5,242.05,243.8,10200698
10/14/2015 15:30:00,243.7,246.8,243.2,244.25,7895820
10/15/2015 15:30:00,246,249.9,245.5,248.95,11582401
10/16/2015 15:30:00,249.85,257.15,248.35,256.8,11738832
10/19/2015 15:30:00,256.65,257.1,253.5,254.5,8969153
10/20/2015 15:30:00,254.5,257.1,253.2,254.85,8811740
10/21/2015 15:30:00,254,255.9,248.55,249.8,8606466
10/23/2015 15:30:00,253,254.85,252,253.4,7544810
10/26/2015 15:30:00,254.75,256,250.35,251.25,13085058
10/27/2015 15:30:00,250.1,252.2,248.1,248.8,6565348
10/28/2015 15:30:00,248,249.45,241.2,242.05,12310403
10/29/2015 15:30:00,241.5,241.8,236.45,236.95,16114932
10/30/2015 15:30:00,238.7,240.4,235.1,237.05,8669606
11/2/2015 15:30:00,238,238,232.7,236.9,7611610
11/3/2015 15:30:00,239.35,239.7,235,235.95,8323201
11/4/2015 15:30:00,239.2,240.5,237,239,8418352
11/5/2015 15:30:00,238,239,233.1,233.9,8906564
11/6/2015 15:30:00,235.6,244.8,233,243,30821077
11/9/2015 15:30:00,236,248.3,235.6,246.1,22806485
11/10/2015 15:30:00,244.9,247.25,240.1,241.2,11767845
11/13/2015 15:30:00,241.5,241.8,237.7,240.25,9082062
11/16/2015 15:30:00,239.5,249.35,239.1,248.3,14051479
11/17/2015 15:30:00,250,251.65,246.7,247.85,11273394
11/18/2015 15:30:00,247.6,248.7,239.45,241,10397889
11/19/2015 15:30:00,243.05,245,241.4,243.9,7325199
11/20/2015 15:30:00,243.95,249.9,242,242.95,13718619
11/23/2015 15:30:00,243.9,245.25,240.55,242.7,10552151
11/24/2015 15:30:00,242.5,244,240.6,241.4,6651669
11/26/2015 15:30:00,241.95,244.9,241,242.5,13629888
11/27/2015 15:30:00,243,250.5,242.8,249.7,15149912
11/30/2015 15:30:00,249.65,253,245,248.65,12865469
12/1/2015 15:30:00,250.85,251.9,249.3,250.2,9501537
12/2/2015 15:30:00,250.55,250.65,243.75,244.6,10881754
12/3/2015 15:30:00,244.15,244.5,240.4,241.1,7155630
12/4/2015 15:30:00,240,242.15,238.05,241.1,11115170
12/7/2015 15:30:00,242.95,242.95,238,238.65,7531729
12/8/2015 15:30:00,238.1,239.95,235.3,235.95,8254434
12/9/2015 15:30:00,235.4,238.2,233.6,234.4,7408777
12/10/2015 15:30:00,236,236.75,230.6,231.95,11713559
12/11/2015 15:30:00,232.9,233.9,225.1,227.3,12872949
12/14/2015 15:30:00,224.9,227.7,224,225.95,12464883
12/15/2015 15:30:00,227,227.15,224,226.4,10404430
12/16/2015 15:30:00,227.75,229.6,225.25,227.3,13030720
12/17/2015 15:30:00,230,232.4,228.5,230.9,14539096
12/18/2015 15:30:00,229.95,232.35,225.8,226.5,18871084
12/21/2015 15:30:00,226.9,231,226.5,230.45,9557098
12/22/2015 15:30:00,231.65,232.25,227.5,228.35,9155574
12/23/2015 15:30:00,230.25,231,228.9,229.65,7914311
12/24/2015 15:30:00,230.85,231,227.6,228.3,7257958
12/28/2015 15:30:00,229.05,229.95,228,228.9,8756879
12/29/2015 15:30:00,228.85,229.95,227.5,228.2,7263286
12/30/2015 15:30:00,229,229.7,224.85,225.8,11702877
12/31/2015 15:30:00,225.95,226.55,224,224.45,11558305
1/1/2016 15:30:00,225,228.9,224.5,227.8,6449426
1/4/2016 15:30:00,226.95,226.95,220.05,220.7,14092071
1/5/2016 15:30:00,222.8,222.8,217,217.75,15074848
1/6/2016 15:30:00,217.9,219.9,216.4,216.85,11921123
1/7/2016 15:30:00,214,214.1,209,209.55,14342279
1/8/2016 15:30:00,212,212.5,208.6,208.95,11745840
1/11/2016 15:30:00,206.8,207.5,202.65,204.3,19287860
1/12/2016 15:30:00,204.85,205,198.6,199.6,20318816
1/13/2016 15:30:00,201.35,202.4,194,200.9,23788247
1/14/2016 15:30:00,197,201.5,194.3,196.05,20256636
1/15/2016 15:30:00,197.8,197.8,181,184.3,29090426
1/18/2016 15:30:00,184.9,188.15,179.15,181,35653244
1/19/2016 15:30:00,182.15,187.8,181.5,182.95,24501774
1/20/2016 15:30:00,180.65,180.65,171.5,173.65,28655794
1/21/2016 15:30:00,177,178.65,172.05,175.6,28697205
1/22/2016 15:30:00,179.9,185.4,178.3,184.6,21432409
1/25/2016 15:30:00,187.9,188.8,182.5,182.95,17534650
1/27/2016 15:30:00,184.4,186.2,181.05,184.4,16569813
1/28/2016 15:30:00,184.2,185.9,182.5,185.25,20241030
1/29/2016 15:30:00,184.2,185.75,178.1,179.9,24259147
2/1/2016 15:30:00,181.95,181.95,172.1,172.75,22915269
2/2/2016 15:30:00,173.1,177.4,168.6,169.4,35957332
2/3/2016 15:30:00,167.8,167.8,163.25,166.05,24132003
2/4/2016 15:30:00,169.3,169.8,160.2,162.85,23811109
2/5/2016 15:30:00,163.7,169.3,162.2,168.2,22732245
2/8/2016 15:30:00,169.45,176.9,168.55,171.4,22289005
2/9/2016 15:30:00,168,172.4,166.1,167.05,19008384
2/10/2016 15:30:00,165,166.2,158,159,32294785
2/11/2016 15:30:00,159.5,167.5,152.2,154.25,72749830
2/12/2016 15:30:00,156.15,157.65,148.25,154.45,41187889
2/15/2016 15:30:00,159,170,158,167.85,35956266
2/16/2016 15:30:00,170.75,170.75,155.65,156.4,33816243
2/17/2016 15:30:00,155,159.85,151.25,158.95,32447698
2/18/2016 15:30:00,161.95,163.7,156.4,159.8,21024178
2/19/2016 15:30:00,157.9,165.3,157.1,164.7,24592575
2/22/2016 15:30:00,165.95,166.8,163.7,164.95,15815058
2/23/2016 15:30:00,165,165,158,158.5,20200068
2/24/2016 15:30:00,156,160.7,155.3,156.3,19440950
2/25/2016 15:30:00,157.6,158.1,151,151.8,22713124
2/26/2016 15:30:00,155.5,158.7,152.55,155.9,30051402
2/29/2016 15:30:00,158.2,163.9,153,158.75,66981910
3/1/2016 15:30:00,160.5,162.9,158.55,162.05,23588231
3/2/2016 15:30:00,172.5,183.2,172.5,181.15,53333757
3/3/2016 15:30:00,184,184.6,178.5,182.75,33507048
3/4/2016 15:30:00,183.4,189.85,178.5,188.4,38860711
3/8/2016 15:30:00,186.95,186.95,181.4,183.35,27928279
3/9/2016 15:30:00,180,184,178.7,183.4,29453018
3/10/2016 15:30:00,184.75,184.75,179.4,180.5,20472928
3/11/2016 15:30:00,180,182.65,177.55,180.1,21869157
3/14/2016 15:30:00,182.45,183.4,180.7,181.75,14369755
3/15/2016 15:30:00,181.65,186.2,181.65,185.3,22369600
3/16/2016 15:30:00,185,185.9,181.6,185.2,19237834
3/17/2016 15:30:00,188,189.3,185,186.35,21560986
3/18/2016 15:30:00,186.85,192,186,191.25,21144216
3/21/2016 15:30:00,193,197.3,193,196.8,20678069
3/22/2016 15:30:00,196.8,198.25,194.5,197.5,16728809
3/23/2016 15:30:00,196.9,197.6,195.3,196.6,13362780
3/28/2016 15:30:00,195.8,198.25,187.65,188.3,19760603
3/29/2016 15:30:00,188.5,191.25,186.65,189.5,16804848
3/30/2016 15:30:00,192.25,198.3,190.5,197.55,20709407
3/31/2016 15:30:00,197.85,198.75,192.35,194.25,30132473
4/1/2016 15:30:00,193.7,197.25,192,195.65,21752206
4/4/2016 15:30:00,197.3,197.45,192.55,194.7,15732565
4/5/2016 15:30:00,193.9,194.55,183.3,184.35,36635637
4/6/2016 15:30:00,185,185.5,182.2,183.85,16350631
4/7/2016 15:30:00,183.8,185.65,181,181.95,19430601
4/8/2016 15:30:00,181.65,183.95,180.2,183.1,15805231
4/11/2016 15:30:00,183.85,188.9,182,188.25,18990364
4/12/2016 15:30:00,188.5,190.25,186.3,187.8,14563344
4/13/2016 15:30:00,191.55,193.8,190.8,191.9,17573045
4/18/2016 15:30:00,191.45,191.5,185.6,186.75,13985439
4/20/2016 15:30:00,188.35,188.65,184.1,187.3,20163005
4/21/2016 15:30:00,190.5,197.4,190,194.35,31008152
4/22/2016 15:30:00,193.6,201.5,191.55,200.15,34049763
4/25/2016 15:30:00,200.95,202.55,195.8,197.05,23835613
4/26/2016 15:30:00,195.95,201.4,194.55,200.95,21809451
4/27/2016 15:30:00,200.9,200.9,195.5,196.15,22801603
4/28/2016 15:30:00,196.75,198.2,191.2,192.05,24555479
4/29/2016 15:30:00,191.9,194,186.45,189,21021661
5/2/2016 15:30:00,187.6,188.45,185.5,186,14469844
5/3/2016 15:30:00,187,189.35,183.65,184.05,16247931
5/4/2016 15:30:00,183.5,184.4,179.15,179.95,17826594
5/5/2016 15:30:00,180.25,182.7,178.5,180.35,17742028
5/6/2016 15:30:00,180.95,184.95,180.1,184.35,18336962
5/9/2016 15:30:00,186.5,189.4,185.05,188.7,13863696
5/10/2016 15:30:00,187.6,190.3,186.7,189.5,13845979
5/11/2016 15:30:00,185.4,188.5,184.1,185,18128414
5/12/2016 15:30:00,187.1,189.5,185.4,188.5,17398341
5/13/2016 15:30:00,187.95,187.95,184.3,184.85,15546644
5/16/2016 15:30:00,185,185,175.15,176.8,30937008
5/17/2016 15:30:00,178.5,178.6,175.25,176.85,22183140
5/18/2016 15:30:00,176.9,180.45,173.55,179.95,25345278
5/19/2016 15:30:00,181,181,171.9,172.7,25480517
5/20/2016 15:30:00,173.5,174.7,170.55,171.35,16720624
5/23/2016 15:30:00,172.3,172.7,168.2,168.4,16193112
5/24/2016 15:30:00,168.8,170.4,166.4,169.5,14816798
5/25/2016 15:30:00,171.5,175.8,171.45,175.1,18900887
5/26/2016 15:30:00,175.1,185.5,173.5,184.15,30700988
5/27/2016 15:30:00,184,202.4,181.5,195.9,85585820
5/30/2016 15:30:00,200.2,203.9,194.6,198.85,46075949
5/31/2016 15:30:00,198.8,205.7,196.2,204.95,39457647
6/1/2016 15:30:00,205.95,208.3,196.6,198.25,41868032
6/2/2016 15:30:00,197.85,202.3,195.55,200.55,23499884
6/3/2016 15:30:00,201,202.15,195.4,196.6,24568749
6/6/2016 15:30:00,197.45,202.6,197.1,198.9,23623536
6/7/2016 15:30:00,200.45,211.15,200.15,210.15,66063192
6/8/2016 15:30:00,210.15,211.9,207.55,210.7,35163093
6/9/2016 15:30:00,210,212.8,208.3,209.95,27858182
6/10/2016 15:30:00,209.35,211.5,205.3,205.95,25598224
6/13/2016 15:30:00,201.5,202.6,200.2,201.8,21192525
6/14/2016 15:30:00,204.35,208.6,203.8,207.7,23918910
6/15/2016 15:30:00,209.75,217.55,208.55,216.05,48362742
6/16/2016 15:30:00,216,218.5,213.05,216,48122379
6/17/2016 15:30:00,216.75,217.5,211.6,213.45,26486677
6/20/2016 15:30:00,208,216.7,207.9,215.9,32633757
6/21/2016 15:30:00,215,217.5,213.15,214,18960306
6/22/2016 15:30:00,214,215.25,211.45,212.9,16395548
6/23/2016 15:30:00,213,218,212.75,217.55,20666649
6/24/2016 15:30:00,205.9,212.35,202.5,211.25,47224652
6/27/2016 15:30:00,210.8,218.85,210.55,217.15,29021651
6/28/2016 15:30:00,216.75,218.65,215.4,215.9,21784062
6/29/2016 15:30:00,217.9,218.8,216.1,217.2,18019568
6/30/2016 15:30:00,220,221.9,217.9,218.8,30600995
7/1/2016 15:30:00,220.8,221,218.9,219.6,15346865
7/4/2016 15:30:00,222.35,224.35,222,223,16534518
7/5/2016 15:30:00,223.25,225.15,221.55,223.5,15357018
7/7/2016 15:30:00,223.9,224.6,219.35,220.05,12917872
7/8/2016 15:30:00,220.15,220.85,216.5,218.3,16017389
7/11/2016 15:30:00,223.6,225.45,222,224.7,15831791
7/12/2016 15:30:00,225,227.2,224.15,226.7,19374179
7/13/2016 15:30:00,227,228.5,223.95,227.7,18377333
7/14/2016 15:30:00,227,232.85,226,232,21208021
7/15/2016 15:30:00,232.9,234.4,230.8,231.5,15068302
7/18/2016 15:30:00,232.4,233.85,228.2,228.75,11816985
7/19/2016 15:30:00,230,232.15,227,229.6,19767339
7/20/2016 15:30:00,230.65,232.75,229.2,231.15,18051608
7/21/2016 15:30:00,231.65,232.1,224.4,225.65,13306837
7/22/2016 15:30:00,225.4,225.9,222.1,223.5,12341622
7/25/2016 15:30:00,223,231,222.7,229.9,18427070
7/26/2016 15:30:00,230,232.2,225.9,226.7,14162638
7/27/2016 15:30:00,227.75,231,226.8,229.25,17626617
7/28/2016 15:30:00,230.15,235.15,229.3,231,26838284
7/29/2016 15:30:00,230,232.7,228.4,229.4,15577230
8/1/2016 15:30:00,230.8,232.65,225.3,227.3,16071228
8/2/2016 15:30:00,229.3,230.9,227.3,228.05,16145066
8/3/2016 15:30:00,228.5,230.5,225.8,226.65,14838944
8/4/2016 15:30:00,228.45,228.7,223.2,225.65,17810908
8/5/2016 15:30:00,227.35,233.9,226.9,232.75,21264296
8/8/2016 15:30:00,233.95,235.9,231.7,233.25,16972827
8/9/2016 15:30:00,234.25,238,232.65,235.15,19854185
8/10/2016 15:30:00,236.75,236.9,231.05,231.5,16279843
8/11/2016 15:30:00,231.5,231.6,226.1,227.15,16673286
8/12/2016 15:30:00,227,247.95,224.4,243.3,86616475
8/16/2016 15:30:00,245.25,247.9,242.65,246.75,27709873
8/17/2016 15:30:00,246.45,249.8,244.3,246.25,18294050
8/18/2016 15:30:00,246.9,250.4,246.55,248.4,14314950
8/19/2016 15:30:00,255,260,253.5,258.5,39822529
8/22/2016 15:30:00,259.8,260.4,254,254.8,19769886
8/23/2016 15:30:00,254.9,255.8,251,254.75,17583721
8/24/2016 15:30:00,254.95,256.2,253.5,254.4,11560293
8/25/2016 15:30:00,254.9,255.55,248.6,250.15,21230706
8/26/2016 15:30:00,250.3,250.7,245.85,246.6,16531983
8/29/2016 15:30:00,245.85,249.85,244.25,249.05,11786129
8/30/2016 15:30:00,250.15,252.9,249.8,252.25,15323228
8/31/2016 15:30:00,253.25,255.8,251.2,252.5,15601566
9/1/2016 15:30:00,251.95,254.85,251.15,252,12175873
9/2/2016 15:30:00,252,255.2,251.65,254.6,11380257
9/6/2016 15:30:00,257.2,261.5,256,260.1,16620963
9/7/2016 15:30:00,262.9,270.3,260.4,266.8,30862337
9/8/2016 15:30:00,268,271.6,266.9,268.35,14339143
9/9/2016 15:30:00,268.4,268.4,263.35,264.1,11455826
9/12/2016 15:30:00,257.5,258.75,251.8,252.75,18989750
9/14/2016 15:30:00,255,258,253,257.55,12754966
9/15/2016 15:30:00,258.35,258.35,254.2,256,7783662
9/16/2016 15:30:00,257.95,262,253.4,254.3,18013477
9/19/2016 15:30:00,256,258.3,255.2,255.65,11433295
9/20/2016 15:30:00,256.4,256.4,253.65,254.45,9914599
9/21/2016 15:30:00,254.5,256.25,250.65,251.15,12817180
9/22/2016 15:30:00,257.9,258.45,255.1,257.9,20797370
9/23/2016 15:30:00,258.8,258.8,253.8,254.55,12730223
9/26/2016 15:30:00,253.95,254.45,250.65,251.65,8800173
9/27/2016 15:30:00,253.15,253.9,248.3,249,11345387
9/28/2016 15:30:00,250,255.8,248.05,253.75,17277539
9/29/2016 15:30:00,255,256.75,243.5,247.25,27870695
9/30/2016 15:30:00,246.85,252.5,245.8,251.25,14826293
10/3/2016 15:30:00,253,256.65,252.65,255.3,9314647
10/4/2016 15:30:00,255.8,262,253.8,259.75,21532806
10/5/2016 15:30:00,262,264.9,259.55,260.85,20868556
10/6/2016 15:30:00,261.35,262,255.65,256.8,11081154
10/7/2016 15:30:00,257.25,259.9,255.25,258.7,11934100
10/10/2016 15:30:00,259.35,260.3,256.05,256.6,9399844
10/13/2016 15:30:00,254.95,255.35,245.85,249.65,18050638
10/14/2016 15:30:00,251,253.55,249.1,252.1,12133951
10/17/2016 15:30:00,253.75,256.45,252,253.2,16865537
10/18/2016 15:30:00,254.9,257.7,253.8,256.9,20218355
10/19/2016 15:30:00,258,258,254.85,255.4,9546481
10/20/2016 15:30:00,255.7,260.9,255.3,260.2,14179531
10/21/2016 15:30:00,259.75,259.75,256.1,258.5,8833390
10/24/2016 15:30:00,259.3,264.9,259.3,262.95,14483254
10/25/2016 15:30:00,264,264.55,260.75,261.45,9079178
10/26/2016 15:30:00,260.4,264.85,256.8,258.75,15020687
10/27/2016 15:30:00,258,258.1,254.3,255.4,10938008
10/28/2016 15:30:00,255.9,258.8,254,258,11430184
11/1/2016 15:30:00,257,260.9,256.5,258.95,10000632
11/2/2016 15:30:00,254.1,256,250.55,251.05,13716294
11/3/2016 15:30:00,251.15,252.8,244.85,245.65,12902390
11/4/2016 15:30:00,246.25,247.4,240.3,242.85,12657669
11/7/2016 15:30:00,248,253.9,245.5,252.7,11224419
11/8/2016 15:30:00,253.7,254.1,248.65,252.65,9367228
11/9/2016 15:30:00,235,261.05,235,260,31761606
11/10/2016 15:30:00,267,284.2,265.25,281.3,50227559
11/11/2016 15:30:00,278.75,288.8,270.5,273,57937113
11/15/2016 15:30:00,275.15,283.45,270.7,278.2,48658808
11/16/2016 15:30:00,284,284.8,276.15,277.2,27532708
11/17/2016 15:30:00,278,282.2,275.6,277.45,19500760
11/18/2016 15:30:00,278.15,280,274.85,275.8,13389671
11/21/2016 15:30:00,277.15,277.6,255.85,257.35,26002028
11/22/2016 15:30:00,260.8,262.65,251.15,257.35,25631435
11/23/2016 15:30:00,259.8,260.35,254.75,258.65,16190033
11/24/2016 15:30:00,257.8,263,254.55,261.75,28927720
11/25/2016 15:30:00,263.5,264.5,258.35,260.95,19303589
11/28/2016 15:30:00,253.45,257.75,248,253.55,22315183
11/29/2016 15:30:00,254.25,256.5,252,252.7,12656706
11/30/2016 15:30:00,254,260.15,252.7,258.35,16501691
12/1/2016 15:30:00,259.65,261,254.65,255.65,12986151
12/2/2016 15:30:00,253.95,261.4,253,254.1,21139754
12/5/2016 15:30:00,254.4,257.8,253.2,256.9,8406973
12/6/2016 15:30:00,258.5,260.15,256.35,259.1,10048459
12/7/2016 15:30:00,260.35,262.75,251.65,255.6,22193202
12/8/2016 15:30:00,258.45,260.5,258.05,259.9,9047721
12/9/2016 15:30:00,260.8,267.2,258.8,266.65,16004173
12/12/2016 15:30:00,268.9,269.35,262.3,263.65,14296268
12/13/2016 15:30:00,264.9,266.75,261.55,266.15,9084137
12/14/2016 15:30:00,266,266.25,262.3,262.9,8672531
12/15/2016 15:30:00,259.9,267.5,259,265.4,12274497
12/16/2016 15:30:00,266.35,266.35,263.05,264.75,11017555
12/19/2016 15:30:00,263.35,264.5,260.85,261.35,8371299
12/20/2016 15:30:00,261.85,262.9,253.25,254.55,12765309
12/21/2016 15:30:00,256.1,258,254.1,255.35,8778450
12/22/2016 15:30:00,254.25,254.25,248.35,249.8,12981595
12/23/2016 15:30:00,249.75,251.8,247.8,249.15,10557157
12/26/2016 15:30:00,248,248.3,243.6,244.2,8592983
12/27/2016 15:30:00,244.6,249.95,243.1,248.75,8756536
12/28/2016 15:30:00,249.25,252.5,247.15,247.75,11747088
12/29/2016 15:30:00,247.65,248.85,245.5,247.65,10658616
12/30/2016 15:30:00,247.75,252.3,247.25,250.2,10538497
1/2/2017 15:30:00,252.5,253.65,242.6,243.6,25988990
1/3/2017 15:30:00,244,246.4,241.1,244.9,15963085
1/4/2017 15:30:00,245.8,246.4,242.2,242.9,11225978
1/5/2017 15:30:00,245,245.9,243.7,245.35,11970913
1/6/2017 15:30:00,246,249,245.5,245.9,12354302
1/9/2017 15:30:00,246.4,248.35,246,247.05,8329253
1/10/2017 15:30:00,247.7,249,246.4,248.3,9352013
1/11/2017 15:30:00,249.65,253.2,249,251.7,13415303
1/12/2017 15:30:00,252.9,254.45,250.55,251.25,11282323
1/13/2017 15:30:00,252,252.6,249.1,250.9,9333736
1/16/2017 15:30:00,251.05,256.4,250.7,255.75,13234727
1/17/2017 15:30:00,257.45,258.65,254.4,256,9480201
1/18/2017 15:30:00,257.1,259.3,256.6,258.35,8048897
1/19/2017 15:30:00,257.2,262,256.5,258.4,13029151
1/20/2017 15:30:00,258.5,260.5,250.3,251.05,15341756
1/23/2017 15:30:00,251,255.2,250.1,254.15,9339939
1/24/2017 15:30:00,255.1,257,254,254.9,13540202
1/25/2017 15:30:00,255.55,261,254.2,259.2,16343545
1/27/2017 15:30:00,260.3,268.2,259.5,266.45,18039379
1/30/2017 15:30:00,265.85,267.9,263.4,263.95,11884795
1/31/2017 15:30:00,261.15,263.85,259.65,260.35,8899165
2/1/2017 15:30:00,262,271.9,261.6,270.7,27253142
2/2/2017 15:30:00,271.85,275,268.7,273.3,20139955
2/3/2017 15:30:00,273,278.55,272,277.55,15366890
2/6/2017 15:30:00,280,282.5,276,277.05,14725291
2/7/2017 15:30:00,277.85,280,276.3,277.9,10981984
2/8/2017 15:30:00,278.1,279.25,272.6,277.2,13622088
2/9/2017 15:30:00,278.8,280.3,270.85,275.85,16080181
2/10/2017 15:30:00,278.75,282.8,275,276.35,37580487
2/13/2017 15:30:00,277.8,278.25,270.2,271.65,19853043
2/14/2017 15:30:00,272,273,268.1,270.2,13306738
2/15/2017 15:30:00,270.95,272.5,267.05,268.95,12201568
2/16/2017 15:30:00,277,277,269.65,270.5,21794688
2/17/2017 15:30:00,271.15,273.65,267.7,269.35,17830528
2/20/2017 15:30:00,269.9,271.55,268,269.65,9229363
2/21/2017 15:30:00,270,271.5,268.65,270.7,7754157
2/22/2017 15:30:00,271.9,274.7,269.5,272.3,12617613
2/23/2017 15:30:00,271.7,273,269.6,270.45,13146194
2/27/2017 15:30:00,270.8,271.45,267.6,268.25,9645350
2/28/2017 15:30:00,268.9,271.25,268,269.2,7941592
3/1/2017 15:30:00,270,273.3,269.8,271.75,7656892
3/2/2017 15:30:00,273,274.7,266.5,267.3,14220808
3/3/2017 15:30:00,266.25,268.9,264.25,265.05,10120034
3/6/2017 15:30:00,266.6,270.35,266.35,269.85,9515073
3/7/2017 15:30:00,270.8,270.9,266.4,267.8,11599142
3/8/2017 15:30:00,267.8,270.3,266,269.9,9122987
3/9/2017 15:30:00,269,273.9,268.4,273.25,15594429
3/10/2017 15:30:00,274.5,275.55,269.5,272.05,9557026
3/14/2017 15:30:00,278.4,278.4,273.8,274.65,15734886
3/15/2017 15:30:00,272.65,280.5,272.65,277.35,20055974
3/16/2017 15:30:00,278,280.2,276.05,279.3,18005184
3/17/2017 15:30:00,279.45,279.5,273.5,274.15,14265642
3/20/2017 15:30:00,274.75,274.75,271.8,273.9,9678185
3/21/2017 15:30:00,274.4,277.05,270.15,272.35,11898233
3/22/2017 15:30:00,270.3,271,266.8,267.5,9887203
3/23/2017 15:30:00,269,269.4,266.7,268.5,7998170
3/24/2017 15:30:00,269.5,278.95,268.65,276.5,20133467
3/27/2017 15:30:00,276,280.8,275.2,279.45,15966114
3/28/2017 15:30:00,280.65,282.9,278.5,282.1,18673371
3/29/2017 15:30:00,283.15,289.9,283.15,288.45,31008407
3/30/2017 15:30:00,289,293.75,288.85,291.05,19683170
3/31/2017 15:30:00,292,295,288.5,293.4,20185269
4/3/2017 15:30:00,294.8,295.7,292.2,293.15,10509610
4/5/2017 15:30:00,293.3,298.75,289.65,297.35,21936647
4/6/2017 15:30:00,295.45,297.55,291.45,292.85,18413111
4/7/2017 15:30:00,291.7,294.8,287.65,289.45,10765502
4/10/2017 15:30:00,289.8,290.35,286.55,289.35,10307875
4/11/2017 15:30:00,289.3,295.15,288.8,294.5,11682024
4/12/2017 15:30:00,294,295.45,289.1,290.15,13251421
4/13/2017 15:30:00,290.25,293.1,290,291.55,9944020
4/17/2017 15:30:00,291.1,292.75,288.5,289.9,8146800
4/18/2017 15:30:00,291.05,296.9,288.4,290.3,13457050
4/19/2017 15:30:00,291.55,291.75,282.9,284.05,18149995
4/20/2017 15:30:00,283.9,286.9,282.2,284.8,14514929
4/21/2017 15:30:00,287,287,279.25,282.2,12042308
4/24/2017 15:30:00,283.25,287.85,280.9,286.05,10077853
4/25/2017 15:30:00,287.5,288.8,285,286.05,11531902
4/26/2017 15:30:00,287.1,289.5,283.35,286.45,13836891
4/27/2017 15:30:00,286.45,287.95,281.05,282.05,22622372
4/28/2017 15:30:00,283,290.75,282.5,289.75,14152004
5/2/2017 15:30:00,290.25,292.5,287.1,288.3,9754789
5/3/2017 15:30:00,289.4,293.2,285.8,289.8,13950914
5/4/2017 15:30:00,294,300,293.1,299.05,24534923
5/5/2017 15:30:00,301,304.9,292.15,296,34756331
5/8/2017 15:30:00,296.1,300.75,293.9,299.4,11560550
5/9/2017 15:30:00,300.9,300.9,295.25,296.5,7843574
5/10/2017 15:30:00,297,298.15,293,294.45,8699405
5/11/2017 15:30:00,295.9,299.4,294.45,298.1,11934889
5/12/2017 15:30:00,300,302.6,296,297.9,13376269
5/15/2017 15:30:00,298.4,302,297.5,301.4,10383539
5/16/2017 15:30:00,302,308.4,299.35,307.5,17533439
5/17/2017 15:30:00,308,308.8,305.5,307.65,14120513
5/18/2017 15:30:00,304.85,307.9,302,302.95,15471393
5/19/2017 15:30:00,304.45,315.3,302,308,55250969
5/22/2017 15:30:00,308.95,309.4,293.2,294.3,35771221
5/23/2017 15:30:00,295,295.9,287.25,288.85,19846852
5/24/2017 15:30:00,290.05,290.45,281.65,283.15,16435958
5/25/2017 15:30:00,284.15,291.35,283.55,290.1,15018467
5/26/2017 15:30:00,290.5,291,285.3,288.45,12304394
5/29/2017 15:30:00,288.9,290.85,283.3,284,10619968
5/30/2017 15:30:00,283.4,289.75,281.05,288.85,9643418
5/31/2017 15:30:00,289,291.5,287.2,288.3,10697171
6/1/2017 15:30:00,287.95,291.4,284.6,287.45,12186700
6/2/2017 15:30:00,289.9,290.5,286.35,287.05,12004368
6/5/2017 15:30:00,288.05,289.75,286.75,287.25,7917410
6/6/2017 15:30:00,292,292.95,286.6,287.3,12346121
6/7/2017 15:30:00,288.2,291.5,287.2,290.55,10864355
6/8/2017 15:30:00,292,292,287.75,288.6,8370299
6/9/2017 15:30:00,288.3,289.4,285.8,288.55,10804887
6/12/2017 15:30:00,286.75,287,284.3,284.95,10326846
6/13/2017 15:30:00,285.4,287,283,283.85,9171049
6/14/2017 15:30:00,285.9,286.3,282.6,284.2,11566255
6/15/2017 15:30:00,283.85,285.8,281.35,284,11925641
6/16/2017 15:30:00,284.7,286.65,283.25,285.95,19246907
6/19/2017 15:30:00,286.6,289.85,285.3,288.85,14848661
6/20/2017 15:30:00,287.6,291,285.6,290.1,14927701
6/21/2017 15:30:00,288.25,292.45,288.25,290.9,10537576
6/22/2017 15:30:00,291.25,295.9,291.05,294.5,26110402
6/23/2017 15:30:00,294.75,295.55,287.8,288.95,20648597
6/27/2017 15:30:00,289.25,289.45,276.8,279.65,25523129
6/28/2017 15:30:00,277.6,278.45,273.75,276.4,17241351
6/29/2017 15:30:00,277.15,279.3,271.65,272.45,30457363
6/30/2017 15:30:00,272,274.75,269.7,273.65,12235472
7/3/2017 15:30:00,274.1,275.5,272.55,274.85,8951033
7/4/2017 15:30:00,275,276.45,272.05,273,7856082
7/5/2017 15:30:00,273.9,275.6,272.35,274.9,10048734
7/6/2017 15:30:00,275.05,282.7,274.6,281,16115817
7/7/2017 15:30:00,280.6,282.4,279.2,280.1,5914038
7/10/2017 15:30:00,284.1,287,283.2,285.55,2095795
7/11/2017 15:30:00,287.5,289.7,283,283.55,12400820
7/12/2017 15:30:00,284.7,288.4,283.2,287.65,7524835
7/13/2017 15:30:00,288.9,290,286.55,288.75,8434324
7/14/2017 15:30:00,288.8,293.6,287.25,291.6,13750192
7/17/2017 15:30:00,292.8,294.1,289.65,293,10549310
7/18/2017 15:30:00,291.85,296.4,290,291,11913832
7/19/2017 15:30:00,291.5,294,291.4,293.3,9006728
7/20/2017 15:30:00,293,294.25,290.05,290.95,6256500
7/21/2017 15:30:00,291.05,292.2,288.25,290.65,7266604
7/24/2017 15:30:00,290.8,296.3,290.7,294.55,11195781
7/25/2017 15:30:00,296,297.3,294.65,296.1,10846999
7/26/2017 15:30:00,296.25,299.65,295.25,295.8,12527914
7/27/2017 15:30:00,297,299.85,296.2,298.35,22286060
7/28/2017 15:30:00,297,300.75,295.6,299.1,15766196
7/31/2017 15:30:00,299.4,313.85,298,312.5,41547584
8/1/2017 15:30:00,314,314.8,307.95,309,14888804
8/2/2017 15:30:00,310,311.8,305.3,307.7,17005571
8/3/2017 15:30:00,307,307.4,299.1,300.55,14459919
8/4/2017 15:30:00,300.3,306.3,297.6,305.25,9615344
8/7/2017 15:30:00,305.8,311.8,305.15,311.2,11420767
8/8/2017 15:30:00,311,311.8,301.2,303.65,13578680
8/9/2017 15:30:00,302.75,307.45,300.1,302.3,15852734
8/10/2017 15:30:00,301.2,302.4,292,296.7,14519518
8/11/2017 15:30:00,294.5,303,277.45,280.15,67652562
8/14/2017 15:30:00,281.45,282.4,276.5,278.2,23773509
8/16/2017 15:30:00,279.05,283.9,274.2,283.1,21074533
8/17/2017 15:30:00,283.8,284.7,280,280.85,12134114
8/18/2017 15:30:00,278,279.65,276,278.7,12653217
8/21/2017 15:30:00,279,280.65,273.35,274.65,9247153
8/22/2017 15:30:00,276,277,271.2,273.9,11814388
8/23/2017 15:30:00,274.75,279.7,274.2,279,11317821
8/24/2017 15:30:00,279.7,281.45,277.5,280.3,14138226
8/28/2017 15:30:00,282.1,282.1,279,279.35,10505317
8/29/2017 15:30:00,278.45,280.85,276.05,277,10335964
8/30/2017 15:30:00,278,279.25,276,276.6,7648702
8/31/2017 15:30:00,276.85,279.5,274.2,277.75,14222467
9/1/2017 15:30:00,277.65,280.4,276.6,277.85,8255209
9/4/2017 15:30:00,278.95,279.6,276.4,277.75,7168751
9/5/2017 15:30:00,278.1,279.5,275.95,276.55,9565430
9/6/2017 15:30:00,275.95,276.65,273.65,274.25,7306781
9/7/2017 15:30:00,275.4,276.9,273.1,274.2,16102724
9/8/2017 15:30:00,274.9,275.4,271.1,271.8,7077895
9/11/2017 15:30:00,272.6,273.5,269.55,270.95,14489224
9/12/2017 15:30:00,272,275.65,270.5,273.45,8375133
9/13/2017 15:30:00,274.95,276.6,272.5,273.4,10150073
9/14/2017 15:30:00,273.4,275.6,272.3,274.2,8015217
9/15/2017 15:30:00,270.75,274.5,269.9,271.5,18404860
9/18/2017 15:30:00,273,274,269.45,270.4,17538678
9/19/2017 15:30:00,270.45,270.8,266.45,267.8,14331316
9/20/2017 15:30:00,268.15,272.05,267.45,270.05,12355806
9/21/2017 15:30:00,269.75,271.4,267.35,268.5,8509419
9/22/2017 15:30:00,267.25,267.4,261.1,261.85,12860892
9/25/2017 15:30:00,261.5,261.8,254.4,258.75,13937050
9/26/2017 15:30:00,258.5,259.65,256,258.25,11728345
9/27/2017 15:30:00,259.9,259.9,249.5,250.4,17080769
9/28/2017 15:30:00,250.25,253.55,249.5,252.55,17776419
9/29/2017 15:30:00,254.7,255.5,253.05,253.85,10073641
10/3/2017 15:30:00,256.4,256.4,250.6,251.3,10547836
10/4/2017 15:30:00,251.65,254.65,251.35,253.2,14063896
10/5/2017 15:30:00,253.7,254.1,249.2,251.6,13476692
10/6/2017 15:30:00,252.15,257.9,252.1,256.75,11932139
10/9/2017 15:30:00,256.8,258.6,254.25,256.85,8009211
10/10/2017 15:30:00,256.85,258.2,255.7,256.95,9742878
10/11/2017 15:30:00,257.15,258.45,250.45,251.75,14192548
10/12/2017 15:30:00,252,252.95,248.5,251.2,13404759
10/13/2017 15:30:00,251.1,255.35,250.2,252.1,15697555
10/16/2017 15:30:00,254.6,254.7,250.1,252.05,12171830
10/17/2017 20:00:00,252.05,254.7,250.65,251.15,13505216
10/18/2017 15:30:00,246,247.8,242.55,243.75,20677891
10/19/2017 20:00:00,243.8,245.25,241.15,242.2,3458869
10/23/2017 15:30:00,244,247,242.3,245.95,8901335
10/24/2017 15:30:00,246,255.3,245.95,254.45,17197805
10/25/2017 15:30:00,279.85,328.05,279.85,322.95,262677081
10/26/2017 15:30:00,330,351.3,317.5,320.5,112804243
10/27/2017 15:30:00,320.25,323.6,310.1,311.05,27580765
10/30/2017 15:30:00,312,322.35,310.6,312,28530254
10/31/2017 15:30:00,313,313.85,304.3,305.8,16455750
11/1/2017 15:30:00,309.4,321.45,309.4,319.85,34907283
11/2/2017 15:30:00,320,323.15,313.55,314.35,23110527
11/3/2017 15:30:00,315.45,327.5,312.6,325,26898400
11/6/2017 15:30:00,323.6,330,321.45,329,17143407
11/7/2017 15:30:00,328.95,331.7,315.5,317.2,21883541
11/8/2017 15:30:00,318,319.3,306.65,309.55,20242447
11/9/2017 15:30:00,313.15,318,308.2,313.7,21846178
11/10/2017 15:30:00,315,338.5,309.5,333.55,82984969
11/13/2017 15:30:00,336.75,344.8,329.75,331.05,38777555
11/14/2017 15:30:00,330.35,334.7,327.5,329.1,25647162
11/15/2017 15:30:00,328,331.15,322.25,324.95,17389606
11/16/2017 15:30:00,327.4,334.2,323.65,333.4,22506014
11/17/2017 15:30:00,345,346.7,336,337.5,26518142
11/20/2017 15:30:00,337.1,337.15,331.25,333,13507662
11/21/2017 15:30:00,335,335.4,330,330.65,14189920
11/22/2017 15:30:00,330.85,339.65,327,335.3,22861716
11/23/2017 15:30:00,335.5,336.65,331.65,334.95,13338423
11/24/2017 15:30:00,336,337,331.5,332.4,11716981
11/27/2017 15:30:00,329.9,337,328.05,335.65,13114683
11/28/2017 15:30:00,336,336.7,331.2,332,16054996
11/29/2017 15:30:00,332.35,334.85,327.2,328.9,11264624
11/30/2017 15:30:00,325.8,326.5,318.5,320.35,27276288
12/1/2017 15:30:00,321.5,322.3,311.25,312.75,16425620
12/4/2017 15:30:00,314.7,315.95,311.15,313.6,13887727
12/5/2017 15:30:00,312.5,320.7,308.8,319.1,15130931
12/6/2017 15:30:00,316.7,317.4,311.5,312.4,18658202
12/7/2017 15:30:00,312.5,317.75,312.45,316.25,12278558
12/8/2017 15:30:00,316.6,318.85,312.1,313.1,16418832
12/11/2017 15:30:00,315.95,319.3,315.1,318.4,14014369
12/12/2017 15:30:00,317.75,320.5,314.65,318.45,17658856
12/13/2017 15:30:00,316.15,318.95,311.15,313.3,17540585
12/14/2017 15:30:00,314.3,315.4,309.5,314,13894451
12/15/2017 15:30:00,318.4,319.35,311.5,312.25,16050711
12/18/2017 15:30:00,308,323.5,300.4,318.9,32119915
12/19/2017 15:30:00,319.45,322.25,318.4,319.8,14741481
12/20/2017 15:30:00,319,319,316.5,317.5,9895770
12/21/2017 15:30:00,316.6,318.2,315.4,316.75,9916409
12/22/2017 15:30:00,317.1,323.85,316.5,319.85,13821639
12/26/2017 15:30:00,318.6,319.95,316.3,317.15,9329690
12/27/2017 15:30:00,316.5,320.3,313.05,314.85,14276027
12/28/2017 15:30:00,315.3,316.5,307.65,308.4,20353152
12/29/2017 15:30:00,310,312,309.05,309.9,11939569
1/1/2018 15:30:00,310.6,312.75,306.3,307.1,12182400
1/2/2018 15:30:00,309,309,301.35,303.25,14797364
1/3/2018 15:30:00,305.3,306.45,302.15,302.85,13857373
1/4/2018 15:30:00,304.5,310.2,303.15,308.5,24517099
1/5/2018 15:30:00,311.4,311.4,305.6,306.35,14580575
1/8/2018 15:30:00,307.2,309.5,305,305.8,13557197
1/9/2018 15:30:00,307.5,309.5,303.3,304.3,15574755
1/10/2018 15:30:00,304.65,305.85,300,301.1,13064599
1/11/2018 15:30:00,300.9,303,300,302.2,12299087
1/12/2018 15:30:00,304.65,304.65,300.55,302.25,17594228
1/15/2018 15:30:00,303.95,305.25,301.55,302.6,18189668
1/16/2018 15:30:00,302.4,303.35,295.3,296.15,18040940
1/17/2018 15:30:00,296,308.4,292.6,307.1,26277307
1/18/2018 15:30:00,315,317.8,300.5,303.25,40000111
1/19/2018 15:30:00,303.95,310,302.5,309.25,18461642
1/22/2018 15:30:00,308.35,308.75,304.05,306.5,12622645
1/23/2018 15:30:00,306.4,320.55,306.35,318.1,35252217
1/24/2018 15:30:00,317.7,331.6,316.2,329.9,38070520
1/25/2018 15:30:00,332.75,332.75,311.85,313.15,42466150
1/29/2018 15:30:00,313.15,316.9,311,312.1,23600898
1/30/2018 15:30:00,312.05,318.85,311,313.55,25810404
1/31/2018 15:30:00,313,316.6,307.85,313.25,16409938
2/1/2018 15:30:00,316.9,317.4,305,306.05,19515991
2/2/2018 15:30:00,302.9,305.75,295.5,297.35,23274673
2/5/2018 15:30:00,292.65,300.4,290,298.05,18940578
2/6/2018 15:30:00,285,297.3,282.9,291.75,30577218
2/7/2018 15:30:00,296.6,297.9,290,292.8,21463818
2/8/2018 15:30:00,292.9,303.3,292.55,301.4,18932796
2/9/2018 15:30:00,297,300.6,295,296.4,15750824
2/12/2018 15:30:00,288.25,292.4,285.15,288.75,50839665
2/14/2018 15:30:00,288.7,288.7,275,276.2,45641149
2/15/2018 15:30:00,274.8,282.3,274.25,278.7,26058237
2/16/2018 15:30:00,280.5,281.2,270.05,271.65,30338112
2/19/2018 15:30:00,271.5,272,256.65,268.5,43847791
2/20/2018 15:30:00,269,274.2,264.8,269.65,33458021
2/21/2018 15:30:00,272.2,274.1,267.4,273.3,23714454
2/22/2018 15:30:00,270.4,273.6,269.45,272.6,25584062
2/23/2018 15:30:00,273.45,277.2,272.5,276.05,15482147
2/26/2018 15:30:00,280,280,273.85,274.45,15306032
2/27/2018 15:30:00,273,275.9,265.95,267.6,20824909
2/28/2018 15:30:00,264.25,269.7,260.8,268,26810799
3/1/2018 15:30:00,266.3,270,261.25,262.15,22859175
3/5/2018 15:30:00,260.45,265,258.75,263.5,18484565
3/6/2018 15:30:00,265.85,266,255,256.55,20778164
3/7/2018 15:30:00,255.05,255.35,246.05,246.65,31262500
3/8/2018 15:30:00,247,257.95,244.3,256.8,33133336
3/9/2018 15:30:00,257,257.4,251.65,253.25,21536191
3/12/2018 15:30:00,254.1,255.25,247.25,252.85,25332474
3/13/2018 15:30:00,251.3,262.4,249.6,254.7,37647221
3/14/2018 15:30:00,252.5,257.85,250,257.05,25471485
3/15/2018 15:30:00,257,258.8,252.55,253.7,18339890
3/16/2018 15:30:00,250.65,255.7,250.1,252.3,25728297
3/19/2018 15:30:00,252.9,253.6,246.1,247.95,18167594
3/20/2018 15:30:00,246.85,252.25,245.35,249.1,20556571
3/21/2018 15:30:00,251.75,254.3,247.1,248,19533972
3/22/2018 15:30:00,247,247.35,240.65,241.55,26828240
3/23/2018 15:30:00,237.8,239.65,232.35,234.8,27150262
3/26/2018 15:30:00,234.75,247.85,234.25,246.5,30373940
3/27/2018 15:30:00,250,255.5,248,254.35,31205051
3/28/2018 15:30:00,252,256.2,248.7,249.9,36673566
4/2/2018 15:30:00,251.8,252,244.9,246.15,14993188
4/3/2018 15:30:00,249.55,252.8,248.25,250.5,19883309
4/4/2018 15:30:00,251.7,253,245.5,247.3,18824449
4/5/2018 15:30:00,252.6,261.9,250,259.3,22880821
4/6/2018 15:30:00,259.65,261.45,254.85,259.7,24868860
4/9/2018 15:30:00,260.65,262.75,257.6,260.65,20208874
4/10/2018 15:30:00,261.1,265,258.5,263.3,21201141
4/11/2018 15:30:00,263,263,256.3,257.05,14885838
4/12/2018 15:30:00,257.5,257.5,252.25,253.8,18660913
4/13/2018 15:30:00,254,255.95,249.7,250.95,25654020
4/16/2018 15:30:00,249.35,251.3,247.1,249,16408377
4/17/2018 15:30:00,251.4,252.5,246.6,248.15,15922452
4/18/2018 15:30:00,249.5,249.9,245.3,246.45,16142387
4/19/2018 15:30:00,247.1,248.45,245.2,246.15,13166927
4/20/2018 15:30:00,245.85,245.85,239.5,241.2,15546939
4/23/2018 15:30:00,241.9,244.85,239.3,242.45,12111837
4/24/2018 15:30:00,242,243.4,239.6,240.6,9486349
4/25/2018 15:30:00,239.7,240.75,236.75,237.2,13124853
4/26/2018 15:30:00,238.4,238.8,232.5,233.2,24495144
4/27/2018 15:30:00,233.25,245.8,233.25,242.6,31401889
4/30/2018 15:30:00,244.8,249.7,244.5,246.4,17263193
5/2/2018 15:30:00,245.9,246.3,239.75,241,12887066
5/3/2018 15:30:00,240.95,243.4,238.75,241.9,12939642
5/4/2018 15:30:00,243.5,243.9,240.35,241.95,12777310
5/7/2018 15:30:00,242.45,248.2,242.05,246.5,15122614
5/8/2018 15:30:00,248,252.6,244.6,250.05,23293920
5/9/2018 15:30:00,249.8,249.8,246.3,248,11429823
5/10/2018 15:30:00,248.25,250.2,246.3,247.95,13160967
5/11/2018 15:30:00,247.6,251.6,246.05,250.35,11958589
5/14/2018 15:30:00,249.95,255.8,248.15,253.6,18673849
5/15/2018 15:30:00,253,257.45,245.9,248,18026861
5/16/2018 15:30:00,245.5,248.7,240.6,243.1,17222004
5/17/2018 15:30:00,244.2,246,241.15,242.7,11721064
5/18/2018 15:30:00,243,244,237.85,238.85,11873041
5/21/2018 15:30:00,243.55,245.75,240.3,244.45,18780730
5/22/2018 15:30:00,243.65,259.7,241,253.9,68713602
5/23/2018 15:30:00,254.65,269.75,254.3,263.2,71202072
5/24/2018 15:30:00,263.85,269.7,260.65,268.5,34679642
5/25/2018 15:30:00,267.8,268.4,262.55,266.95,22317308
5/28/2018 15:30:00,267.4,274.2,266.05,272.05,18959368
5/29/2018 15:30:00,270.5,270.95,262.8,264.3,16107543
5/30/2018 15:30:00,260.5,268,259.95,267.15,19320209
5/31/2018 15:30:00,266.85,274.8,263.15,269.55,31935892
6/1/2018 15:30:00,269.25,269.8,264.6,266.7,16574717
6/4/2018 15:30:00,268,268.35,261.3,263,12933824
6/5/2018 15:30:00,260.9,265.25,260.9,263.55,14102731
6/6/2018 15:30:00,263,271.4,262.2,270.15,18315171
6/7/2018 15:30:00,271.05,272.9,268.4,269.65,18773700
6/8/2018 15:30:00,268.95,273.9,267,273,14096549
6/11/2018 15:30:00,273.3,278.4,273.15,274,18219428
6/12/2018 15:30:00,274,284.4,274,282.85,31358021
6/13/2018 15:30:00,284,289.65,283.65,287.7,26748300
6/14/2018 15:30:00,286.55,286.55,281.3,282.6,18513730
6/15/2018 15:30:00,282.75,283.45,276.6,277.45,16949917
6/18/2018 15:30:00,278,279.75,275.45,276.85,13542420
6/19/2018 15:30:00,276,276.7,269.75,272.6,20726975
6/20/2018 15:30:00,273.2,274.75,271.1,273.3,14002946
6/21/2018 15:30:00,274.75,274.75,268.1,268.65,12954943
6/22/2018 15:30:00,269,273.7,265.75,273.05,20784133
6/25/2018 15:30:00,271.85,273.15,267.2,268.45,10934401
6/26/2018 15:30:00,267.25,271.2,265.4,267.4,16867009
6/27/2018 15:30:00,267.35,267.35,261,261.7,16277655
6/28/2018 15:30:00,260.4,262,255.7,257,21349738
6/29/2018 15:30:00,258.25,263.45,258.2,259.35,16244724
7/2/2018 15:30:00,258.95,261.75,254,258.85,21896701
7/3/2018 15:30:00,259.6,260.9,256.4,257.5,16099030
7/4/2018 15:30:00,255.75,258.35,254.5,257.45,14206935
7/5/2018 15:30:00,257.9,258.7,255.15,256.45,11215032
7/6/2018 15:30:00,256.1,260.8,255.55,257.2,16174019
7/9/2018 15:30:00,258.2,262.4,257.95,261.55,13220744
7/10/2018 15:30:00,263.85,265.75,262.4,263.75,11487165
7/11/2018 15:30:00,262.65,262.65,257.9,259.1,12857179
7/12/2018 15:30:00,261.4,264.5,261.15,262.75,10642215
7/13/2018 15:30:00,262.1,262.4,256.8,257.75,11976239
7/16/2018 15:30:00,257,257.5,251,251.6,8965623
7/17/2018 15:30:00,250.7,259.85,250.45,259.05,16067598
7/18/2018 15:30:00,260.1,262.5,256.15,259.55,17641125
7/19/2018 15:30:00,259.4,263.5,256.2,260.2,9958284
7/20/2018 15:30:00,259.9,263,258.55,261.5,6120163
7/23/2018 15:30:00,262,267.5,260.6,266.35,17013119
7/24/2018 15:30:00,267.2,269.2,265.55,266.85,9320281
7/25/2018 15:30:00,268,272.85,265.65,271.85,13099277
7/26/2018 15:30:00,275.1,289.4,274.2,287.7,53496546
7/27/2018 15:30:00,289.5,297,285.1,286.75,32175436
7/30/2018 15:30:00,289.2,299.55,289.2,297.4,40949610
7/31/2018 15:30:00,297,302.4,291.8,293.5,36510328
8/1/2018 15:30:00,294.5,298,288.35,295.1,33885474
8/2/2018 15:30:00,293,296.4,290.55,293.9,15665209
8/3/2018 15:30:00,294.6,299.95,294.5,299.25,18254462
8/6/2018 15:30:00,300.6,311.35,300.6,308.5,31576923
8/7/2018 15:30:00,309.85,311.7,303.05,304.05,23929123
8/8/2018 15:30:00,304.05,310.9,303.05,308.7,20498279
8/9/2018 15:30:00,312.95,319.85,310.15,317.4,46464355
8/10/2018 15:30:00,317.65,326.4,300.5,304.45,111510771
8/13/2018 15:30:00,296,302.8,291.1,294.15,58127432
8/14/2018 15:30:00,296.7,298.95,293.35,294.9,25294933
8/16/2018 15:30:00,293.5,298.4,290.25,292.7,31083900
8/17/2018 15:30:00,295,302.7,294.05,302.1,21931134
8/20/2018 15:30:00,304.1,308.7,303.6,307.65,20240462
8/21/2018 15:30:00,308.3,308.85,303.35,307,14139592
8/23/2018 15:30:00,306.95,306.95,298.3,302.45,22721004
8/24/2018 15:30:00,300.6,305.7,299,300.45,18869585
8/27/2018 15:30:00,304,310.35,303.3,308,28111768
8/28/2018 15:30:00,308.05,310.25,303.4,305.35,16890236
8/29/2018 15:30:00,306.8,312,305.75,309.7,24320824
8/30/2018 15:30:00,309.3,310.5,306,308.6,19935935
8/31/2018 15:30:00,307.9,310.65,304.55,309.6,18100140
9/3/2018 15:30:00,312.5,312.5,304.8,306.35,14708076
9/4/2018 15:30:00,306.8,307.45,295.45,296.4,42859084
9/5/2018 15:30:00,296.5,298.85,290.4,296.55,22922686
9/6/2018 15:30:00,298,299.85,294.5,296.45,18001336
9/7/2018 15:30:00,295.9,295.9,289.45,291.65,23716678
9/10/2018 15:30:00,290.65,293.25,283.8,284.85,23354395
9/11/2018 15:30:00,287.35,291.45,281.65,282.6,28361400
9/12/2018 15:30:00,284,286.7,280,285.3,22717796
9/14/2018 15:30:00,290.1,291.8,288.7,290.65,15149585
9/17/2018 15:30:00,288.5,288.5,284.1,285.3,16089996
9/18/2018 15:30:00,285,286.9,272.4,273.8,33901000
9/19/2018 15:30:00,275.4,282.85,270.5,271.5,40759431
9/21/2018 15:30:00,274.2,279.45,253.4,270.6,39308482
9/24/2018 15:30:00,272.7,273,262.6,264.35,24633374
9/25/2018 15:30:00,264,272.95,260.8,270.9,28948831
9/26/2018 15:30:00,274,274,262.75,263.85,23951904
9/27/2018 15:30:00,264.5,268.6,263.75,265.35,24829383
9/28/2018 15:30:00,266.4,273.5,262.5,265.5,33803139
10/1/2018 15:30:00,265.5,275.2,264.1,273.85,17711738
10/3/2018 15:30:00,273.35,278.7,270.6,271.7,19714943
10/4/2018 15:30:00,267.95,272.7,265.7,271.35,17754204
10/5/2018 15:30:00,271,271,256,258.35,36628643
10/8/2018 15:30:00,259.75,268.5,258.35,265.75,21100804
10/9/2018 15:30:00,268,268.15,260,262.95,16010883
10/10/2018 15:30:00,261.6,280.45,261.2,278.65,31772330
10/11/2018 15:30:00,268,271.5,260.6,262.15,46291120
10/12/2018 15:30:00,266,267.9,261.5,263.75,42967696
10/15/2018 15:30:00,264.4,265.7,261.1,263.2,21965859
10/16/2018 15:30:00,264.6,270.85,263.35,270.3,33597068
10/17/2018 15:30:00,273.75,275,260,261.15,21631573
10/19/2018 15:30:00,259.7,264.2,258.1,261.1,28474307
10/22/2018 15:30:00,266,266,259.45,260.35,19933462
10/23/2018 15:30:00,258,259,255,255.65,20206307
10/24/2018 15:30:00,260.25,261.8,252.8,255.7,25636533
10/25/2018 15:30:00,254.5,255,248.4,249.55,33066232
10/26/2018 15:30:00,252,252.5,247.4,248.1,20543437
10/29/2018 15:30:00,250,269.25,248.4,267.9,37768359
10/30/2018 15:30:00,267.5,279.1,266,273.15,33401683
10/31/2018 15:30:00,275,282.75,268.6,281.4,28137370
11/1/2018 15:30:00,283,289,278.85,285.9,29144808
11/2/2018 15:30:00,287.9,292.8,283.2,285.35,27760214
11/5/2018 19:00:00,286.45,300,283.5,296.1,44619891
11/6/2018 15:30:00,296.1,298.3,283.9,286.45,40688243
11/9/2018 15:30:00,287,287.5,282.45,283.25,19201007
11/12/2018 15:30:00,283.7,283.7,276.85,277.95,24044907
11/13/2018 15:30:00,276.3,279.7,273.35,278.05,25633628
11/14/2018 15:30:00,280.4,287.7,278,283.6,52674807
11/15/2018 15:30:00,283.85,287.05,281.15,285.4,18445463
11/16/2018 15:30:00,285.9,291.8,282.6,290.9,24805910
11/19/2018 15:30:00,293.5,293.5,286.05,288.15,13799970
11/20/2018 15:30:00,285.9,288.55,282.5,283.45,12900924
11/21/2018 15:30:00,283.45,289.55,283.05,287.05,16167419
11/22/2018 15:30:00,285.95,287.05,281.6,282.7,12066797
11/26/2018 15:30:00,284.1,287.25,279.6,286.4,16846820
11/27/2018 15:30:00,284.6,290.5,284.05,289.4,21242956
11/28/2018 15:30:00,289.4,292.45,283,284.55,19837609
11/29/2018 15:30:00,289.3,289.65,284.25,286.4,27919104
11/30/2018 15:30:00,288.8,290.9,283.2,284.65,17583510
12/3/2018 15:30:00,286.7,287.9,283.25,286.8,15772176
12/4/2018 15:30:00,287.95,287.95,281.9,282.55,11897307
12/5/2018 15:30:00,282.45,283.2,277.05,280.15,14893748
12/6/2018 15:30:00,278,279.25,275.1,275.65,11083451
12/7/2018 15:30:00,277,277.35,272.1,275.4,10165275
12/10/2018 15:30:00,271,276.4,270.15,274.2,11947887
12/11/2018 15:30:00,268.35,283.25,268.35,281.25,30927239
12/12/2018 15:30:00,283.75,285.85,282.2,285.25,21765939
12/13/2018 15:30:00,290,294,285.75,289,24097152
12/14/2018 15:30:00,288.5,290.8,287.05,289.2,12156361
12/17/2018 15:30:00,289.3,291.45,287.3,289.5,12728014
12/18/2018 15:30:00,287.85,294,287,292.75,13606582
12/19/2018 15:30:00,294.7,302,294.7,300.7,26124125
12/20/2018 15:30:00,298.35,301.65,293.15,294.05,19222232
12/21/2018 15:30:00,293.65,296.5,290.8,291.9,15777301
12/24/2018 15:30:00,293.5,295,290.15,293.05,12048877
12/26/2018 15:30:00,292.85,295,287.15,294.15,12684324
12/27/2018 15:30:00,296.7,297.6,291.5,292.15,15304564
12/28/2018 15:30:00,293.6,297.1,293.55,294.8,12876558
12/31/2018 15:30:00,297.2,298.25,295.5,295.9,9526067
1/1/2019 15:30:00,297.5,300.7,293.85,299.6,11837127
1/2/2019 15:30:00,299.1,302.5,293.1,293.9,25559853
1/3/2019 15:30:00,295,295.55,290.1,291.1,17548347
1/4/2019 15:30:00,292.1,299,291.5,297.65,19514041
1/7/2019 15:30:00,301.05,301.5,295.2,296.3,14579399
1/8/2019 15:30:00,295.8,306,294.75,305.3,22949961
1/9/2019 15:30:00,306,307.1,300.75,305.3,21109911
1/10/2019 15:30:00,305.1,307.5,303.5,305.55,16295468
1/11/2019 15:30:00,305.4,306.2,300.95,302.75,12702551
1/14/2019 15:30:00,301,303.6,299.55,300.4,10372933
1/15/2019 15:30:00,302,303.6,301.1,301.65,9444374
1/16/2019 15:30:00,303,306.65,302.1,303.15,12111480
1/17/2019 15:30:00,303.9,304.35,295.6,297.4,15974634
1/18/2019 15:30:00,298.75,299.85,294.25,294.95,9082501
1/21/2019 15:30:00,295.9,296.75,291.45,292.45,10188647
1/22/2019 15:30:00,293,293,288.2,290.25,11297989
1/23/2019 15:30:00,290.45,292.95,285.5,286.65,10304608
1/24/2019 15:30:00,286.65,289.9,285.5,288.05,11532528
1/25/2019 15:30:00,289.6,291,283.2,285.4,11121223
1/28/2019 15:30:00,285.65,286.6,277.3,281.6,18905470
1/29/2019 15:30:00,281,286,276.55,280.6,17435611
1/30/2019 15:30:00,281.2,289.4,280.25,287.45,18908654
1/31/2019 15:30:00,290,294.8,288,293.65,25546487
2/1/2019 15:30:00,296.9,302.7,282,284.4,60015958
2/4/2019 15:30:00,282.4,285.2,277.85,283.95,20642919
2/5/2019 15:30:00,284.2,287,283,284.65,13291133
2/6/2019 15:30:00,285.85,289.75,283.5,289.05,12149759
2/7/2019 15:30:00,289.4,294,286.6,287.4,19733315
2/8/2019 15:30:00,285.6,288,282.2,286,19781908
2/11/2019 15:30:00,285.95,285.95,280,280.5,15420017
2/12/2019 15:30:00,280.65,282.2,274.65,275.4,15326106
2/13/2019 15:30:00,276.5,276.7,266.7,268.2,18662893
2/14/2019 15:30:00,268,268.35,263.65,267.1,26372671
2/15/2019 15:30:00,268.85,268.85,261.3,262.95,23366091
2/19/2019 15:30:00,260.9,267.5,260.3,262.9,19064306
2/20/2019 15:30:00,264.5,268.3,264.3,267.7,15514595
2/21/2019 15:30:00,270.3,271,267.3,268,13760702
2/22/2019 15:30:00,267.9,271.9,267.6,270.95,12536918
2/25/2019 15:30:00,271.3,271.4,267.9,270.15,20793897
2/26/2019 15:30:00,266.8,268.2,263.25,266.35,15274303
2/27/2019 15:30:00,268,272.7,266.55,267.65,20571652
2/28/2019 15:30:00,267.7,270.8,267.65,269.05,31636468
3/1/2019 15:30:00,270.55,274.6,270.1,272.95,20024726
3/5/2019 15:30:00,271.7,277.85,271.2,276.45,21533972
3/6/2019 15:30:00,277.3,282.55,276.45,278.1,22161376
3/7/2019 15:30:00,279.45,282.5,277.65,281.75,14899105
3/8/2019 15:30:00,281.85,284.25,279.6,281.2,19943319
3/11/2019 15:30:00,285.3,289,283.5,287.35,22931245
3/12/2019 15:30:00,289.2,289.9,285.75,286.9,20828136
3/13/2019 15:30:00,288.1,294.4,284.7,293.15,23725641
3/14/2019 15:30:00,294.5,294.7,290.75,291.9,16164017
3/15/2019 15:30:00,292.6,301.3,292.5,298.4,37928480
3/18/2019 15:30:00,298.9,300.9,294.65,298.95,23782967
3/19/2019 15:30:00,300.15,306.6,299.15,303.05,27218691
3/20/2019 15:30:00,302.8,304.65,300.05,303.8,18820555
3/22/2019 15:30:00,304.3,306.4,296.95,298.05,17865957
3/25/2019 15:30:00,294,295.45,292.2,294,16895511
3/26/2019 15:30:00,294.75,305,294.75,303.5,18303791
3/27/2019 15:30:00,305.25,310.85,304.35,308.8,35956450
3/28/2019 15:30:00,310.1,339.65,309.05,319,63244736
3/29/2019 15:30:00,321.1,323,316.25,320.75,30394717
4/1/2019 15:30:00,321.8,327.65,321.05,322.75,22372357
4/2/2019 15:30:00,323.65,331,322.1,329,27897583
4/3/2019 15:30:00,331,332.45,319.5,320.5,30552104
4/4/2019 15:30:00,321.5,325.75,318.3,321.8,27832294
4/5/2019 15:30:00,323.7,323.7,315,317.05,23117232
4/8/2019 15:30:00,318.25,319.25,311.1,312.8,17394139
4/9/2019 15:30:00,313.95,315.7,308.1,314.75,25556039
4/10/2019 15:30:00,314.85,317.05,310,310.9,19237974
4/11/2019 15:30:00,311,315.4,308.7,314.9,14897935
4/12/2019 15:30:00,314.6,316.4,311.2,315.25,14751964
4/15/2019 15:30:00,315.5,318.7,313.75,315.6,13864791
4/16/2019 15:30:00,316.6,319.4,314.7,315.75,14940726
4/18/2019 15:30:00,315.8,315.8,308.05,310.8,15691168
4/22/2019 15:30:00,308.8,312.3,306.35,310.05,15665440
4/23/2019 15:30:00,310.05,313.75,304.6,305.25,17324274
4/24/2019 15:30:00,305.85,311.95,303.6,310.75,15228591
4/25/2019 15:30:00,311,312,305.4,306.2,30842477
4/26/2019 15:30:00,306.9,313.5,306.6,312.5,14987906
4/30/2019 15:30:00,312,312,305,309.95,18178758
5/2/2019 15:30:00,308.05,311.4,305.65,308.15,16640100
5/3/2019 15:30:00,309,311.8,308.8,310,12452689
5/6/2019 15:30:00,306.8,310.3,305.9,308.75,10639216
5/7/2019 19:00:00,310.7,313.4,303.75,305.45,15219845
5/8/2019 15:30:00,303.95,305.3,296.75,298.25,22103678
5/9/2019 15:30:00,297.6,301,296.1,299.3,12654440
5/10/2019 15:30:00,301.8,310.75,292.45,308.05,60739833
5/13/2019 15:30:00,310,314.2,305.3,306.9,40101505
5/14/2019 15:30:00,307.85,316.75,305.1,314.65,30521436
5/15/2019 15:30:00,316.2,317.9,311,312.1,27932459
5/16/2019 15:30:00,312.5,317.1,309.55,315.75,18147559
5/17/2019 15:30:00,315.65,321.95,313.45,319.25,25838962
5/20/2019 15:30:00,332,345.8,331,344.7,53207071
5/21/2019 15:30:00,345.9,347.55,336.25,337.55,33457162
5/22/2019 15:30:00,338.9,342.6,333.55,341.1,32002499
5/23/2019 15:30:00,353,364,339.2,342.2,74413322
5/24/2019 15:30:00,344.95,357,343.5,355.35,35703403
5/27/2019 15:30:00,355.05,362.5,354,361.7,31374994
5/28/2019 15:30:00,360.95,361.7,356.65,360.05,23501608
5/29/2019 15:30:00,358,359,347.15,348.65,28370210
5/30/2019 15:30:00,349.75,355,347.5,353.55,25712604
5/31/2019 15:30:00,354.35,357.9,344.65,352.5,32588069
6/3/2019 15:30:00,352.35,356.45,349.65,355.45,18380919
6/4/2019 15:30:00,354,357.2,351.4,352.4,18130636
6/6/2019 15:30:00,349,349.6,335.9,336.9,41941144
6/7/2019 15:30:00,337,342.75,336,342.05,29739710
6/10/2019 15:30:00,346,347.3,340.15,344.3,20500542
6/11/2019 15:30:00,345.05,348.3,342.85,347.1,16281297
6/12/2019 15:30:00,346.95,346.95,342.3,344,11564970
6/13/2019 15:30:00,343,347.45,339.8,346.5,15509948
6/14/2019 15:30:00,345.5,346.35,342.55,343.8,10347594
6/17/2019 15:30:00,343.75,343.75,336.95,337.85,13779496
6/18/2019 15:30:00,335.5,344,333.8,340.05,21957480
6/19/2019 15:30:00,343.1,345.2,335.5,338.85,16416903
6/20/2019 15:30:00,341,346.25,335.6,345.15,20626861
6/21/2019 15:30:00,344.8,350.7,343.15,349.4,24749090
6/24/2019 15:30:00,350,354.75,349.65,353.2,17919504
6/25/2019 15:30:00,352.7,357,351.25,356.55,15922634
6/26/2019 15:30:00,355.75,359,354.3,358.15,15835579
6/27/2019 15:30:00,358.1,363,357.25,362.15,29658120
6/28/2019 15:30:00,362.2,365,358.7,361.25,22708464
7/1/2019 15:30:00,362.8,363,358.5,361.55,12348793
7/2/2019 15:30:00,362.15,365,360.35,364.5,14482172
7/3/2019 15:30:00,365.25,366.7,363,366.15,12626285
7/4/2019 15:30:00,367.25,370.9,366.2,367.4,19252646
7/5/2019 15:30:00,369.45,373.6,366,370.65,30019347
7/8/2019 15:30:00,368,368.45,353.5,355.3,27247892
7/9/2019 15:30:00,353.5,360,352.5,359.5,16579914
7/10/2019 15:30:00,360.55,361.5,351.3,354.2,18681819
7/11/2019 15:30:00,358.5,364,357,363.2,20048321
7/12/2019 15:30:00,363,366.55,361.5,363.6,14661748
7/15/2019 15:30:00,364.1,365,357.6,360.05,15665939
7/16/2019 15:30:00,358.5,366,357.65,364.35,16251836
7/17/2019 15:30:00,364.05,373.55,363.05,372.4,17545177
7/18/2019 15:30:00,371.95,373.8,362.55,363.65,21691056
7/19/2019 15:30:00,365.1,366.05,355.15,356,22213173
7/22/2019 15:30:00,356,359.55,348.7,350.85,19682038
7/23/2019 15:30:00,351.2,353,341,342.2,27956145
7/24/2019 15:30:00,341.85,344.7,336.25,339.6,20823143
7/25/2019 15:30:00,341.7,343.2,337.4,341.3,19857643
7/26/2019 15:30:00,340.8,346.15,340.5,342.6,16139052
7/29/2019 15:30:00,343.95,346.55,336.8,343.8,17060483
7/30/2019 15:30:00,344.4,346.7,325.85,327.55,24437235
7/31/2019 15:30:00,325.1,333.2,323.9,332.2,22741445
8/1/2019 15:30:00,330.8,331.5,311.35,317.15,40853304
8/2/2019 15:30:00,315.55,322.25,307.05,308.45,64472348
8/5/2019 15:30:00,298.45,302.85,291.7,300.25,48815899
8/6/2019 15:30:00,298.8,304.25,297.25,301.4,30442970
8/7/2019 15:30:00,302.4,302.45,288.8,289.9,30820114
8/8/2019 15:30:00,290,295.5,285.6,294.35,32929233
8/9/2019 15:30:00,296.3,298,290.05,291.35,23377581
8/13/2019 15:30:00,290.9,291.55,282.5,283.35,24231272
8/14/2019 15:30:00,285.05,291.25,284.5,289.75,18523649
8/16/2019 15:30:00,287.95,292.8,284.3,290.9,20047399
8/19/2019 15:30:00,292,292.4,286,286.85,19831459
8/20/2019 15:30:00,287.3,287.4,280.65,283.7,23204417
8/21/2019 15:30:00,285.5,285.6,276.3,277.4,28226325
8/22/2019 15:30:00,278.3,278.3,267.3,268.55,27728925
8/23/2019 15:30:00,267.1,275.25,262.7,271.1,35212444
8/26/2019 15:30:00,288,288,270,280.2,64066440
8/27/2019 15:30:00,284,288,282.6,285.7,45164811
8/28/2019 15:30:00,286.65,286.65,282.2,284.9,18979998
8/29/2019 15:30:00,283.2,284.3,273.3,274.5,27083514
8/30/2019 15:30:00,275.95,277.95,266.85,273.85,45702652
9/3/2019 15:30:00,272,272,266.95,268.4,21241863
9/4/2019 15:30:00,269.7,275.85,267.25,275.1,27309675
9/5/2019 15:30:00,275,276.35,271.05,273.3,25085139
9/6/2019 15:30:00,275.05,277,272.1,273.95,16675146
9/9/2019 15:30:00,273.95,278.7,271,278,18616889
9/11/2019 15:30:00,278.5,285.85,278.5,285.25,20999669
9/12/2019 15:30:00,286.75,288.8,284.15,287.05,21964832
9/13/2019 15:30:00,285,292.5,282,291.7,27303181
9/16/2019 15:30:00,288.2,290.45,283.8,284.7,18267680
9/17/2019 15:30:00,285,286.45,273,273.95,21533362
9/18/2019 15:30:00,277.2,282.95,274.4,280.4,25478758
9/19/2019 15:30:00,279.95,279.95,273.05,274.05,23387797
9/20/2019 15:30:00,274.5,307.65,268.4,301.7,84481749
9/23/2019 15:30:00,307.55,316,300.4,313.75,54178171
9/24/2019 15:30:00,313.15,315.15,300.8,302.6,40096711
9/25/2019 15:30:00,297,297.5,278.7,280.25,73063465
9/26/2019 15:30:00,281.5,289.9,277,281.85,79005946
9/27/2019 15:30:00,282.7,286.05,280,281.2,37851718
9/30/2019 15:30:00,281.4,281.85,270.15,270.8,41094131
10/1/2019 15:30:00,272.75,275.5,245.55,255.95,79350077
10/3/2019 15:30:00,254,260.7,250.1,254.15,56207921
10/4/2019 15:30:00,258.5,260.5,248.55,249.95,60029186
10/7/2019 15:30:00,251.5,253.4,246.85,249.1,39160623
10/9/2019 15:30:00,250.1,262,244.35,260.95,60328507
10/10/2019 15:30:00,258,258,252.6,254.15,37577511
10/11/2019 15:30:00,256.2,261.4,251.5,254.55,43272106
10/14/2019 15:30:00,256.95,259.4,254,255.45,28265136
10/15/2019 15:30:00,256.45,259.9,254.8,258.45,23444973
10/16/2019 15:30:00,259.3,261.95,255,256.05,30892295
10/17/2019 15:30:00,256.4,266,255.6,265.45,37061013
10/18/2019 15:30:00,264.4,271.35,263.2,269.65,33203721
10/22/2019 15:30:00,270.4,275,268.5,270.5,27574295
10/23/2019 15:30:00,270.75,277.8,268.65,275.45,31789622
10/24/2019 15:30:00,276,277.65,248.65,262.5,63943183
10/25/2019 19:00:00,265.8,284.15,263.55,281.55,105518180
10/27/2019 19:25:00,284.95,284.95,280.25,281.3,12183625
10/29/2019 15:30:00,283.15,285,278.55,280.65,51033578
10/30/2019 15:30:00,283,291,279.25,289.9,51469048
10/31/2019 15:30:00,293.35,317.8,292.75,312.4,128449327
11/1/2019 15:30:00,312.4,315,308.6,313.55,44894016
11/4/2019 15:30:00,316,319,312.35,314.3,31535656
11/5/2019 15:30:00,313.9,322,312.8,319.2,50080853
11/6/2019 15:30:00,318.95,318.95,314,317.55,32157080
11/7/2019 15:30:00,318.25,323.3,316.8,318.15,33926772
11/8/2019 15:30:00,316.2,321,314.5,316,25423362
11/11/2019 15:30:00,314.7,319.65,313.1,318.25,20491942
11/13/2019 15:30:00,316.05,318.6,305.65,306.8,32675829
11/14/2019 15:30:00,306.95,309.5,299.7,306,43617772
11/15/2019 15:30:00,312,323.7,310.05,321.9,95199897
11/18/2019 15:30:00,324,329.85,323.75,325.1,39009263
11/19/2019 15:30:00,325.8,331.8,322.1,330.4,41372145
11/20/2019 15:30:00,332,332.5,325.1,328.8,29972583
11/21/2019 15:30:00,329.25,332.85,326.55,331.35,34116162
11/22/2019 15:30:00,331.45,333.8,328.25,329.3,28974967
11/25/2019 15:30:00,329,337.5,328.35,336.1,27561300
11/26/2019 15:30:00,338,340,332.6,335.5,36464072
11/27/2019 15:30:00,335.95,345.55,334.05,343.55,33971305
11/28/2019 15:30:00,346.85,351,344.5,349.3,42538227
11/29/2019 15:30:00,348.85,348.85,340.6,341.85,23081823
12/3/2019 15:30:00,341,342.95,333.35,336.25,26482178
12/4/2019 15:30:00,334.1,342.95,331.85,341.85,26789483
12/5/2019 15:30:00,343,344.6,335.15,336.2,30429507
12/6/2019 15:30:00,336.7,337.65,318,320,47027528
12/9/2019 15:30:00,318.95,327.65,314.75,316.7,52435239
12/10/2019 15:30:00,317.2,322.65,312.25,313.4,52155809
12/11/2019 15:30:00,311.2,315.75,308,312.8,52557951
12/12/2019 15:30:00,314,322.95,313.55,321.85,37804216
12/13/2019 15:30:00,325.2,333.45,325,332.55,40955226
12/16/2019 15:30:00,335.95,337.25,330.8,331.85,35027613
12/17/2019 15:30:00,333.25,335.75,330.65,332.9,26734601
12/18/2019 15:30:00,335,335.55,325.8,326.95,26449075
12/19/2019 15:30:00,327.35,329.6,324.5,328.15,27516289
12/20/2019 15:30:00,330.35,339.5,330.35,337.85,51839714
12/23/2019 15:30:00,335.7,338.85,330.35,332.4,30150335
12/24/2019 15:30:00,333.2,334.2,329.2,331.45,21747782
12/26/2019 15:30:00,333,333.45,328.1,329.85,24616942
12/27/2019 15:30:00,333.4,338.35,333,337.25,33477173
12/30/2019 15:30:00,337.75,337.85,332.5,334.4,22775554
12/31/2019 15:30:00,334.4,336.35,332.55,333.75,23801635
1/1/2020 15:30:00,334.7,335.95,332.15,334.45,17379320
1/2/2020 15:30:00,334.5,339.85,333.35,339.3,20324236
1/3/2020 15:30:00,337.95,337.95,332,333.7,21853208
1/6/2020 15:30:00,331.7,331.7,317.7,319,35645325
1/7/2020 15:30:00,324.45,327,315.4,318.4,50966826
1/8/2020 15:30:00,312.1,321.5,311,319.8,44527485
1/9/2020 15:30:00,326.9,331.4,325,330.2,40348407
1/10/2020 15:30:00,331,337.95,328.1,332.25,42377838
1/13/2020 15:30:00,334,335.45,329.05,330.75,23615129
1/14/2020 15:30:00,329.8,331.7,326.5,328,26296117
1/15/2020 15:30:00,329,329.2,322.35,324.25,32625740
1/16/2020 15:30:00,324,326.9,322.35,323.3,26653623
1/17/2020 15:30:00,313,323.5,310.1,318,58396326
1/20/2020 15:30:00,321,321.45,313.4,314,30682902
1/21/2020 15:30:00,313.8,316.95,312,313.7,30591772
1/22/2020 15:30:00,317,317,313.7,316.15,24994911
1/23/2020 15:30:00,316,324.8,314.15,323.2,33293610
1/24/2020 15:30:00,323.5,327.3,321.15,324.05,22706879
1/27/2020 15:30:00,320.9,322,315.8,316.2,23309355
1/28/2020 15:30:00,317.95,320,311.05,315.1,26488426
1/29/2020 15:30:00,317.85,319.7,315.55,316.45,23914114
1/30/2020 15:30:00,316.75,316.75,305.65,310.7,35802330
1/31/2020 15:30:00,313.7,321.7,308.6,318.45,92656638
2/1/2020 17:00:00,317.95,322.65,296.3,301.5,60823596
2/3/2020 15:30:00,303,306.85,295.35,298.1,56060158
2/4/2020 15:30:00,302.9,307.55,297.1,306.25,51141567
2/5/2020 15:30:00,306.9,313.65,304.6,311,35014841
2/6/2020 15:30:00,311.2,323.5,310.1,321.95,57757656
2/7/2020 15:30:00,321.5,325,318.4,320.55,37126803
2/10/2020 15:30:00,319.8,322.8,316.5,318.5,24816396
2/11/2020 15:30:00,321.05,325.8,321.05,324.35,30188757
2/12/2020 15:30:00,329.9,329.9,319.25,320.2,38930849
2/13/2020 15:30:00,322,330.95,322,327.45,62516057
2/14/2020 15:30:00,328.1,331.9,318.55,319.4,48205947
2/17/2020 15:30:00,320.95,321.15,311.65,314.2,36950692
2/18/2020 15:30:00,315.4,319.2,309.4,317.55,38588583
2/19/2020 15:30:00,322.3,324,317.25,320.35,39846727
2/20/2020 15:30:00,319.35,329.2,318.75,327.65,40150409
2/24/2020 15:30:00,325.75,331.3,321.85,322.95,45273936
2/25/2020 15:30:00,325.9,328.15,322.2,326.8,39050709
2/26/2020 15:30:00,324.85,330.8,324.2,328.2,43915281
2/27/2020 15:30:00,328,330,318,321.95,47010040
2/28/2020 15:30:00,312,314.65,301.1,303,59705346
3/2/2020 15:30:00,311,312,284.05,287.4,66711413
3/3/2020 15:30:00,293,294.4,285.3,289.85,61949382
3/4/2020 15:30:00,291.8,293,275.1,285.3,73675736
3/5/2020 15:30:00,290.9,298.4,270,288.5,149245973
3/6/2020 15:30:00,268,274.4,253.95,270.5,106043172
3/9/2020 15:30:00,260.05,262.75,251.15,253.45,101294751
3/11/2020 15:30:00,253,258.5,243.1,245.1,90847179
3/12/2020 15:30:00,231.9,231.9,208.6,212.6,99770256
3/13/2020 15:30:00,200,248.8,184.65,242,155703140
3/16/2020 15:30:00,227.9,231.4,220.6,223.35,75584607
3/17/2020 15:30:00,227.2,229.9,212.05,215.15,65414721
3/18/2020 15:30:00,221,223.15,200.1,215.2,101405421
3/19/2020 15:30:00,202.95,219.75,198.15,203.65,93535977
3/20/2020 15:30:00,205.55,215.7,200,209.85,77393021
3/23/2020 15:30:00,190,199.5,180.25,181.6,61751758
3/24/2020 15:30:00,190.95,191.95,173.55,183.2,67492010
3/25/2020 15:30:00,178,195.25,176.45,189.9,71568237
3/26/2020 15:30:00,191.55,201,185.1,192.75,107260674
3/27/2020 15:30:00,202,211.9,195,195.95,114746995
3/30/2020 15:30:00,190,195,186.25,186.9,60083237
3/31/2020 15:30:00,192,198.5,188.05,196.85,59543906
4/1/2020 15:30:00,194,194.5,185.25,186.55,52954482
4/3/2020 15:30:00,187.55,188.2,175,175.5,64455937
4/7/2020 15:30:00,184.4,187.3,177.6,186.4,72133717
4/8/2020 15:30:00,182.9,194.4,180.45,183,80436673
4/9/2020 15:30:00,188,190,183.6,187.75,62417301
4/13/2020 15:30:00,186.8,188.7,183.1,183.5,51847574
4/15/2020 15:30:00,187,191.95,180.15,182.35,72190294
4/16/2020 15:30:00,182,189.9,180.25,188.5,61165997
4/17/2020 15:30:00,196,198,186.3,193.25,89858053
4/20/2020 15:30:00,194,197.35,190.05,192.5,81961666
4/21/2020 15:30:00,188,188.2,183,184.75,53043573
4/22/2020 15:30:00,185.5,189.5,181.35,188.7,61503792
4/23/2020 15:30:00,187.75,189.9,185.15,186.7,50957437
4/24/2020 15:30:00,184,184,179,179.75,65146846
4/27/2020 15:30:00,183.5,183.5,180.5,180.9,43003001
4/28/2020 15:30:00,182,185.35,181.2,184.3,49590249
4/29/2020 15:30:00,185,191.8,183.5,190.1,57470639
4/30/2020 15:30:00,193.5,195.9,189.7,190.5,63069460
5/4/2020 15:30:00,182.45,183.5,178,178.85,58122608
5/5/2020 15:30:00,181,181.25,168.8,170.4,91050629
5/6/2020 15:30:00,171.15,173.3,166.55,171.1,73156881
5/7/2020 15:30:00,170.85,172.55,168.8,170.75,42944139
5/8/2020 15:30:00,172.45,173.8,166.1,166.65,55935527
5/11/2020 15:30:00,167.95,168.9,165,165.45,54594499
5/12/2020 15:30:00,164.2,168.5,160.85,166.9,70752913
5/13/2020 15:30:00,178.55,178.55,170.5,174.1,81721884
5/14/2020 15:30:00,170.95,171.75,167.5,167.95,48137099
5/15/2020 15:30:00,167.95,168.25,164.7,166.4,35498484
5/18/2020 15:30:00,166.4,166.4,155,155.3,77350889
5/19/2020 15:30:00,157.5,157.85,152.4,152.8,71522983
5/20/2020 15:30:00,153,155.25,151.15,153.4,66178068
5/21/2020 15:30:00,153.65,156.15,151.5,151.95,61150189
5/22/2020 15:30:00,152,155.6,149.45,150.85,87069955
5/26/2020 15:30:00,152.4,153.2,150.2,151.4,48281208
5/27/2020 15:30:00,151.95,160.8,150.8,158.6,88206678
5/28/2020 15:30:00,159.45,162.4,156.7,158.2,76970390
5/29/2020 15:30:00,156.1,161.9,155.2,161.3,58368035
6/1/2020 15:30:00,164,171.4,163.35,170.05,92742124
6/2/2020 15:30:00,169.9,171.3,167.2,170.25,70422258
6/3/2020 15:30:00,172.5,179.9,172,174.9,113173574
6/4/2020 15:30:00,174.9,177.65,171.5,174.05,83495015
6/5/2020 15:30:00,176.55,189.8,176,187.8,201325176
6/8/2020 15:30:00,197,197.5,185.8,186.8,151750421
6/9/2020 15:30:00,187.7,191,183.35,184.45,96656234
6/10/2020 15:30:00,184.55,189,183.8,187.7,67335901
6/11/2020 15:30:00,188,190.4,176.35,177.15,91729798
6/12/2020 15:30:00,170,180,169.8,179.15,92761694
6/15/2020 15:30:00,177.85,177.85,172,173.7,63617286
6/16/2020 15:30:00,178,178.95,169.4,172.9,63929925
6/17/2020 15:30:00,171,176.2,169.25,172.95,73867145
6/18/2020 15:30:00,172.4,180.65,171.1,179.65,58262367
6/19/2020 15:30:00,180.3,184.95,179.5,184.5,76897890
6/22/2020 15:30:00,185,191.75,184.25,187.7,80024673
6/23/2020 15:30:00,189.6,193.1,187.85,192.45,65487726
6/24/2020 15:30:00,194.8,194.9,183.9,184.6,74670206
6/25/2020 15:30:00,182.2,186.8,180.4,185.25,73626947
6/26/2020 15:30:00,188,188.6,183.8,184.6,49178705
6/29/2020 15:30:00,183,183.1,178.5,179.25,50967079
6/30/2020 15:30:00,181.1,182.9,177.25,178.45,43616291
7/1/2020 15:30:00,179.45,185.4,178.6,184.8,54015536
7/2/2020 15:30:00,185.65,188,184,185.45,52127613
7/3/2020 15:30:00,186.65,186.85,183.4,184.7,38050996
7/6/2020 15:30:00,186.6,189.85,186.15,188.05,43789749
7/7/2020 15:30:00,187,189.2,184.05,188.6,55124984
7/8/2020 15:30:00,188.9,197.45,188.4,191.9,143083196
7/9/2020 15:30:00,192.8,201,192.55,199.1,89540860
7/10/2020 15:30:00,198,202.5,194.8,195.6,111410003
7/13/2020 15:30:00,198.8,199.8,191.6,192.7,61952344
7/14/2020 15:30:00,192.3,192.3,184.6,186.05,62243325
7/15/2020 15:30:00,187.95,189.95,183,183.8,58528072
7/16/2020 15:30:00,185,186.95,181.65,186.25,46549518
7/17/2020 15:30:00,186.8,189.5,185,188.2,47035751
7/20/2020 15:30:00,190,193.25,188.75,190.75,45680606
7/21/2020 15:30:00,192.45,196.2,191.5,194.4,59286092
7/22/2020 15:30:00,195.7,196.75,190.1,192,62276770
7/23/2020 15:30:00,192.4,199.1,191.15,198.25,70802269
7/24/2020 15:30:00,195.7,196.3,190.65,191.95,65266228
7/27/2020 15:30:00,193,193.2,186.5,187.15,50714366
7/28/2020 15:30:00,188,190.5,185.75,189.45,51490418
7/29/2020 15:30:00,187.6,195.25,187,191.2,73766851
7/30/2020 15:30:00,192.5,193.5,186.05,186.55,48478733
7/31/2020 15:30:00,188,194.85,186.7,191.45,145903102
8/3/2020 15:30:00,192,194.6,190.05,192.25,72457670
8/4/2020 15:30:00,193.35,193.8,190.5,191.6,43867110
8/5/2020 15:30:00,192.75,196.85,191,191.45,68888954
8/6/2020 15:30:00,192.3,194.5,190.25,190.95,59740299
8/7/2020 15:30:00,191.45,192.1,189.55,190.65,44822757
8/10/2020 15:30:00,191.85,195.5,191.7,193.8,48785067
8/11/2020 15:30:00,195,196.8,193.75,195.05,43892064
8/12/2020 15:30:00,196,204.25,194.6,203.3,157820882
8/13/2020 15:30:00,205.5,207.3,200.75,201.9,70443500
8/14/2020 15:30:00,203,204,194.6,196.5,56176117
8/17/2020 15:30:00,198.45,198.65,191.5,193.1,54788249
8/18/2020 15:30:00,193.8,195.75,191.7,195.1,46295650
8/19/2020 15:30:00,196.4,200.3,195.9,197.05,59302164
8/20/2020 15:30:00,194,196.35,193.25,194.75,37505379
8/21/2020 15:30:00,199,201.5,197.65,198.4,68047789
8/24/2020 15:30:00,200,202.8,198.6,201.45,53866579
8/25/2020 15:30:00,204,208.45,202.7,207.95,105397006
8/26/2020 15:30:00,208.5,210.35,206.15,209.85,66750983
8/27/2020 15:30:00,210.5,216.5,210.5,215.65,80999489
8/28/2020 15:30:00,217,225.9,216.8,224.85,95983850
8/31/2020 15:30:00,231.55,231.55,210.35,212,119990567
9/1/2020 15:30:00,213.1,218.9,211.2,218.1,75048317
9/2/2020 15:30:00,218.25,219,212.3,216.25,47608719
9/3/2020 15:30:00,217.5,218.25,212.3,213.15,38595597
9/4/2020 15:30:00,210,212.3,205.9,206.6,54435819
9/7/2020 15:30:00,207.5,209.65,205.4,207.9,35687677
9/8/2020 15:30:00,207.9,208.5,202.9,204.05,34147081
9/9/2020 15:30:00,201.1,201.4,192.5,194.85,72716962
9/10/2020 15:30:00,197.7,201.45,195.2,198.15,67790247
9/11/2020 15:30:00,198.55,203.85,197,202.7,48488142
9/14/2020 15:30:00,205.9,206.2,197.35,198.5,63606706
9/15/2020 15:30:00,199.9,201,197.1,200.15,51762796
9/16/2020 15:30:00,199.85,200.05,196.25,198.2,52407160
9/17/2020 15:30:00,197,198,195,195.45,41226058
9/18/2020 15:30:00,196,197.2,189.7,192.6,55286449
9/21/2020 15:30:00,193.05,193.5,184.25,185.8,57614739
9/22/2020 15:30:00,186.15,188.3,181.15,186.2,51216440
9/23/2020 15:30:00,188.15,188.95,181,183.8,44321881
9/24/2020 15:30:00,181.1,181.8,175.5,176.35,46115352
9/25/2020 15:30:00,179,182.75,176.15,182.2,46550618
9/28/2020 15:30:00,184,188.15,183.35,187.25,41921659
9/29/2020 15:30:00,188.5,188.95,183.25,185.05,35688939
9/30/2020 15:30:00,185.05,186.8,182.4,185.4,37642302
10/1/2020 15:30:00,187,191.2,186.9,190.3,43589041
10/5/2020 15:30:00,192,193.8,187.05,188.75,41694812
10/6/2020 15:30:00,191.1,192.1,188.3,191.6,31098807
10/7/2020 15:30:00,192.55,193.15,189.1,190.7,34578821
10/8/2020 15:30:00,191.35,195.8,190.55,191.5,43351954
10/9/2020 15:30:00,192,198.8,190.55,198.3,64908374
10/12/2020 15:30:00,199.7,205.95,197.25,198.7,69125880
10/13/2020 15:30:00,198.65,200,195.1,195.7,34949604
10/14/2020 15:30:00,194.05,200.9,193.05,200.05,40550062
10/15/2020 15:30:00,201,202.5,192,192.85,49184944
10/16/2020 15:30:00,194,196.75,191.6,195.95,36894938
10/19/2020 15:30:00,196.2,204.6,196.05,204,60223657
10/20/2020 15:30:00,201,204.35,200.7,203.05,39317197
10/21/2020 15:30:00,204.7,207.3,198.85,203.75,54516482
10/22/2020 15:30:00,201.9,204.6,201.1,203.3,33721761
10/23/2020 15:30:00,204,205.6,201.55,202.8,32708098
10/26/2020 15:30:00,202.7,204,195.6,196.7,45471498
10/27/2020 15:30:00,197.25,197.55,192.25,194.65,37802664
10/28/2020 15:30:00,195,195,189.05,190.45,46462213
10/29/2020 15:30:00,189.35,190.7,185.9,188.7,44823105
10/30/2020 15:30:00,189.35,192,186.15,189.25,41520135
11/2/2020 15:30:00,192.2,197.25,190.05,196.05,52600119
11/3/2020 15:30:00,198,205.8,197.6,204.75,69890201
11/4/2020 15:30:00,203.5,209,198.05,207,117577856
11/5/2020 15:30:00,216,221,214.75,218.65,138023646
11/6/2020 15:30:00,219,221.85,217.05,219.2,73147085
11/9/2020 15:30:00,222.5,222.65,217.05,219.5,60359458
11/10/2020 15:30:00,223.1,235,223,231.7,135294550
11/11/2020 15:30:00,232.75,239.35,227.75,234.2,107094861
11/12/2020 15:30:00,233.2,233.35,225.65,226.8,58859905
11/13/2020 15:30:00,225,230.65,220.1,229.45,70676525
11/17/2020 15:30:00,231.85,241.6,231,240.2,80501583
11/18/2020 15:30:00,239.4,253,237.9,252,104514060
11/19/2020 15:30:00,248,251.8,239,239.75,82284278
11/20/2020 15:30:00,241.5,245.4,233.95,242.75,84411129
11/23/2020 15:30:00,243.5,246.15,238.1,238.7,57538324
11/24/2020 15:30:00,240.5,245,239.5,243.85,47636611
11/25/2020 15:30:00,245.45,249.9,241.6,243,74767232
11/26/2020 15:30:00,244,246.25,240.15,245.45,64248318
11/27/2020 15:30:00,245.45,246.25,242.05,244.25,54355703
12/1/2020 15:30:00,245,248.95,244.25,248.05,37003272
12/2/2020 15:30:00,248.35,250.85,244.1,246.95,56723083
12/3/2020 15:30:00,249.3,259,248,256.3,79266442
12/4/2020 15:30:00,257,264.35,253.55,263.5,79252024
12/7/2020 15:30:00,263.8,271.45,263,269.6,76053084
12/8/2020 15:30:00,270.95,273.7,265.25,271.9,65617502
12/9/2020 15:30:00,272.1,274.9,269.2,270.35,48495641
12/10/2020 15:30:00,269,271,265.55,269.55,38676657
12/11/2020 15:30:00,270.05,276.25,270.05,272.45,50255223
12/14/2020 15:30:00,274,276.15,272.35,274.2,31946501
12/15/2020 15:30:00,274.05,274.05,268.15,270.65,34890948
12/16/2020 15:30:00,272.8,273.65,268.5,269.4,24844177
12/17/2020 15:30:00,270,272.15,266.7,267.7,25904699
12/18/2020 15:30:00,267.7,271.95,265,271.45,29816205
12/21/2020 15:30:00,268.45,269,251.05,254.7,55160758
12/22/2020 15:30:00,254.8,258.7,248.25,257.45,51189571
12/23/2020 15:30:00,256.95,263.9,255.6,263,29056404
12/24/2020 15:30:00,265,268.85,264.65,266.85,28585509
12/28/2020 15:30:00,268.75,276,268,275.2,36870242
12/29/2020 15:30:00,276.3,279.9,274.7,277.9,45032526
12/30/2020 15:30:00,278,278.7,272.5,276.9,30971894
12/31/2020 15:30:00,275,277.25,272.6,274.95,29467966
1/1/2021 15:30:00,274.9,280,274.4,279.4,24531791
1/4/2021 15:30:00,281.85,283.9,277.75,281.05,31450608
1/5/2021 15:30:00,278.05,282.45,277,281.75,27393072
1/6/2021 15:30:00,283,289.15,281.4,285.05,40765708
1/7/2021 15:30:00,289,291.8,287,287.7,30546600
1/8/2021 15:30:00,290.1,291.4,285.2,286,32543357
1/11/2021 15:30:00,288,288.2,279.6,282.5,29703173
1/12/2021 15:30:00,280,293.85,277.9,292.5,44307145
1/13/2021 15:30:00,296,308,294.5,306.8,78042133
1/14/2021 15:30:00,306.7,309.25,303.8,307.25,40123498
1/15/2021 15:30:00,306.8,310.9,301.3,303.85,35307601
1/18/2021 15:30:00,303.5,308.65,292.2,294.45,54969750
1/19/2021 15:30:00,297.65,302.5,296.4,298.6,35803901
1/20/2021 15:30:00,298.8,304.7,296.85,302.55,33759304
1/21/2021 15:30:00,304,305.15,291.5,294.85,29995203
1/22/2021 15:30:00,295.5,298,282.4,283.7,44440810
1/25/2021 15:30:00,284.5,288,277.05,280.95,34034630
1/27/2021 15:30:00,280.2,284.85,272.7,275.65,39211107
1/28/2021 15:30:00,271.9,283.35,269.5,282.35,48717297
1/29/2021 15:30:00,285.6,290.65,279.1,282.1,42300984
2/1/2021 15:30:00,285.1,313.9,282.75,310.7,103414068
2/2/2021 15:30:00,315,337.4,315,333.1,121434166
2/3/2021 15:30:00,333.75,339.9,325.8,335.95,66420168
2/4/2021 15:30:00,334.4,358,331.1,355.1,145203439
2/5/2021 15:30:00,387,408.35,385.15,393.1,214955688
2/8/2021 15:30:00,398,407.8,394.75,397.05,79389205
2/9/2021 15:30:00,396.75,403.5,389,394.8,63869990
2/10/2021 15:30:00,394.05,397.9,388,392.25,54163507
2/11/2021 15:30:00,391.8,396.95,388.25,390.15,36392708
2/12/2021 15:30:00,391,399.35,385.55,393.15,53589755
2/15/2021 15:30:00,397.5,409.45,395.7,406.95,56608937
2/16/2021 15:30:00,412,415.75,400.3,402.35,80365431
2/17/2021 15:30:00,403,414.85,400.15,411.75,74161370
2/18/2021 15:30:00,425.05,427.7,413.7,415.2,67154539
2/19/2021 15:30:00,415,415,395,399.55,66155518
2/22/2021 15:30:00,400.6,401,385.65,389.5,52535049
2/23/2021 15:30:00,392,399.7,389,395.6,45462768
2/24/2021 15:30:00,397,410.5,395.2,406.25,39632090
2/25/2021 15:30:00,411,414.9,406.55,407.25,46988836
2/26/2021 15:30:00,399.5,401,387,390.15,64450414
3/1/2021 15:30:00,395.1,397.7,391,394.95,29677890
3/2/2021 15:30:00,395,399.55,390.55,394.2,30534337
3/3/2021 15:30:00,396.5,408.9,396,405.05,46268223
3/4/2021 15:30:00,398.7,403.5,394.45,395.65,43603653
3/5/2021 15:30:00,395,395,378.1,383.65,72179228
3/8/2021 15:30:00,388.45,393.4,386.05,389.6,39147858
3/9/2021 15:30:00,393.45,394.9,382.25,387.6,28054083
3/10/2021 15:30:00,391.1,393,385.7,387.7,22677399
3/12/2021 15:30:00,391.7,393.2,377.5,381.1,35336355
3/15/2021 15:30:00,382.5,386,369.35,383.9,42722976
3/16/2021 15:30:00,385.6,387.85,376.1,378.55,38196452
3/17/2021 15:30:00,378.2,379.65,366.05,368.15,33143064
3/18/2021 15:30:00,371.5,375,361.1,367.1,39405038
3/19/2021 15:30:00,363.95,372.9,357.25,371.15,60309145
3/22/2021 15:30:00,372,372.8,363.5,367,28461974
3/23/2021 15:30:00,368.7,377.95,367.05,372.7,41032380
3/24/2021 15:30:00,368.5,369.05,358.65,359.85,42318999
3/25/2021 15:30:00,360,360.85,345.2,355.2,57495003
3/26/2021 15:30:00,360,362,354.55,357.2,40718848
3/30/2021 15:30:00,360.1,364.3,356.3,360.8,39407496
3/31/2021 15:30:00,360.3,367.85,357.95,364.3,38651025
4/1/2021 15:30:00,367.7,371.9,363.1,370.65,31883453
4/5/2021 15:30:00,367.5,369.2,349.05,353.55,51743981
4/6/2021 15:30:00,355.7,357,349.3,350.55,44147709
4/7/2021 15:30:00,351.25,363.2,347.6,358.55,48023602
4/8/2021 15:30:00,361,363.3,354.3,355.6,33370259
4/9/2021 15:30:00,354.4,364.5,351.2,353,46473100
4/12/2021 15:30:00,344,344,322.55,328.85,75501713
4/13/2021 15:30:00,332,342.25,330.5,341,49773360
4/15/2021 15:30:00,342.1,347.55,336.1,342.7,52992349
4/16/2021 15:30:00,343,345.5,338.65,339.9,37766793
4/19/2021 15:30:00,327.15,332.05,321.3,331.15,53304377
4/20/2021 15:30:00,335.1,339.9,326.7,329.5,41296147
4/22/2021 15:30:00,326,337.65,323.3,336.65,49105833
4/23/2021 15:30:00,331.65,339.9,331.65,336.45,44223940
4/26/2021 15:30:00,339.25,347.45,339.25,344.3,49234985
4/27/2021 15:30:00,344,354.95,342.4,353.05,46003023
4/28/2021 15:30:00,357,364.3,356.05,363.4,56696255
4/29/2021 15:30:00,365,369.95,355.5,359.4,63692926
4/30/2021 15:30:00,353.45,362.5,350.45,353.5,53832840
5/3/2021 15:30:00,349.6,352.5,341.4,350.6,43691860
5/4/2021 15:30:00,355,362.9,350.2,351.5,57749307
5/5/2021 15:30:00,356.5,357.45,348,355.4,40872501
5/6/2021 15:30:00,358,359.35,350.55,355.55,36294427
5/7/2021 15:30:00,357.5,362,353,358.25,38357618
5/10/2021 15:30:00,360.5,367,358.8,361.7,41739324
5/11/2021 15:30:00,356.85,366.4,354.75,364.65,41892770
5/12/2021 15:30:00,362.8,373.5,361.9,367.7,53436590
5/14/2021 15:30:00,370,372.5,359.55,360.45,51722170
5/17/2021 15:30:00,364.4,385.2,363.65,383.1,106555796
5/18/2021 15:30:00,390,392.55,380.05,382.25,70917710
5/19/2021 15:30:00,382,389.5,381.2,384.4,48189573
5/20/2021 15:30:00,387,387.8,382,384.55,42898608
5/21/2021 15:30:00,390,404.4,378,401.2,192810772
5/24/2021 15:30:00,417,419.2,405.3,412.05,142964052
5/25/2021 15:30:00,415.1,415.5,408.5,412.35,56048127
5/26/2021 15:30:00,413.8,418.75,410.8,413.55,52357719
5/27/2021 15:30:00,413.7,429.1,412,425.2,73392997
5/28/2021 15:30:00,430.5,433.65,420.05,422.05,65137568
5/31/2021 15:30:00,421,426,418,424.35,38291043
6/1/2021 15:30:00,426.05,435.35,425.6,432.55,59299647
6/2/2021 15:30:00,430.8,437.95,429.15,437.25,38657806
6/3/2021 15:30:00,437,441.95,433.5,439.65,38909199
6/4/2021 15:30:00,437.5,441.9,431.75,433.6,36898769
6/7/2021 15:30:00,435.1,437.4,430.8,432.25,20201197
6/8/2021 15:30:00,432.25,432.5,424,427.2,31113823
6/9/2021 15:30:00,427.5,432.3,418.2,421.45,27784834
6/10/2021 15:30:00,424.9,433.3,422.4,432.25,27397712
6/11/2021 15:30:00,434.85,435.5,425.25,429.6,26831924
6/14/2021 15:30:00,427,432.45,416.7,430.35,30106015
6/15/2021 15:30:00,429.2,432.8,428,429.5,16413658
6/16/2021 15:30:00,428,432.75,425,425.95,19701175
6/17/2021 15:30:00,421,425.95,416.6,420.25,23048331
6/18/2021 15:30:00,423.9,423.9,402.65,412.9,45748727
6/21/2021 15:30:00,406.35,421,400.5,419.75,33128978
6/22/2021 15:30:00,423,425.45,417.3,418.65,28442965
6/23/2021 15:30:00,421.1,424.75,415,418.85,27564829
6/24/2021 15:30:00,420.35,422.75,416.3,417.2,19214547
6/25/2021 15:30:00,421,431,419.05,428.8,29886797
6/28/2021 15:30:00,430.7,433.15,424.55,426.75,29370660
6/29/2021 15:30:00,427.5,428.95,420.55,421.5,22275961
6/30/2021 15:30:00,423,424.9,418.3,419.2,18337773
7/1/2021 15:30:00,420.3,423.7,417.15,420.4,16161469
7/2/2021 15:30:00,420.3,425.4,419,424.4,16423811
7/5/2021 15:30:00,426.5,434.5,424.25,432.65,16483761
7/6/2021 15:30:00,431.7,436.5,428.2,429.75,20195278
7/7/2021 15:30:00,429.35,434,427.55,432.85,14473774
7/8/2021 15:30:00,432.8,435.4,422.1,424.45,21433043
7/9/2021 15:30:00,425,427.5,421.05,423.75,16844494
7/12/2021 15:30:00,426.5,430.25,424.6,427.45,12886781
7/13/2021 15:30:00,430,431.8,428.3,429.1,12831125
7/14/2021 15:30:00,429,432.3,426.4,431.05,12767351
7/15/2021 15:30:00,432.7,432.95,429.65,431.7,11030732
7/16/2021 15:30:00,432,432.5,427.45,430,8713863
7/19/2021 15:30:00,423.4,429.45,418.85,427.9,14426686
7/20/2021 15:30:00,427,427,418.9,420.9,14623321
7/22/2021 15:30:00,425.55,426.7,420.9,422.05,11799761
7/23/2021 15:30:00,422.9,429.95,419.5,428.9,17704661
7/26/2021 15:30:00,427.8,427.8,422.3,423.3,14037519
7/27/2021 15:30:00,424.15,433.25,424,429.95,24119619
7/28/2021 15:30:00,430,430.5,421.05,425.5,17636515
7/29/2021 15:30:00,426,443.6,425.5,441.55,35263606
7/30/2021 15:30:00,441.5,444.4,430.7,431.8,35196813
8/2/2021 15:30:00,434.75,436.7,431.8,434.9,16926025
8/3/2021 15:30:00,434.95,447.9,433.6,446.5,40922962
8/4/2021 15:30:00,448.65,467.45,441.5,456.95,129761158
8/5/2021 15:30:00,461,462.5,438.4,441.85,58595639
8/6/2021 15:30:00,443.7,447,434,435.65,38236066
8/9/2021 15:30:00,437.9,441.8,431,433.4,22196404
8/10/2021 15:30:00,434.4,436.4,421.7,426.45,27794251
8/11/2021 15:30:00,429.8,432.9,423.15,428.05,23827946
8/12/2021 15:30:00,430,430.45,425,427.15,16847144
8/13/2021 15:30:00,427.6,432.25,425,431.2,20908992
8/16/2021 15:30:00,430,434,424,424.85,17608693
8/17/2021 15:30:00,424.85,425.85,415.25,421.5,22957877
8/18/2021 15:30:00,422.15,424.35,418,419.7,17668574
8/20/2021 15:30:00,415,417.35,405.15,406.7,25541790
8/23/2021 15:30:00,411.1,413,401.25,409.5,26559937
8/24/2021 15:30:00,409.5,418.75,408.2,417.6,19012313
8/25/2021 15:30:00,419,421.3,414.3,416.25,16410980
8/26/2021 15:30:00,414.5,415.8,410,410.75,15897679
8/27/2021 15:30:00,410.35,414.35,407.5,412.45,15090541
8/30/2021 15:30:00,414.4,423.3,413.5,422.7,20308691
8/31/2021 15:30:00,423.85,427,418.7,426.05,26262421
9/1/2021 15:30:00,427.5,432.55,425.15,429.9,18776721
9/2/2021 15:30:00,431.4,433.5,427.75,429.75,14372717
9/3/2021 15:30:00,431.25,434.3,428.2,431.4,14233624
9/6/2021 15:30:00,432,433.85,430.05,431.05,10694099
9/7/2021 15:30:00,431.05,431.7,425.1,429.1,14928735
9/8/2021 15:30:00,429,435.4,427.35,431.35,22817464
9/9/2021 15:30:00,430.25,433.8,430,432.3,9662128
9/13/2021 15:30:00,430.1,433.8,428.8,432.85,9567921
9/14/2021 15:30:00,435,436.75,432.25,433,9981562
9/15/2021 15:30:00,433,445,431.45,443.85,22181568
9/16/2021 15:30:00,444.85,466.1,442.75,463.7,42637448
9/17/2021 15:30:00,468,471.9,450.35,454.1,41529478
9/20/2021 15:30:00,449.4,453.5,435.65,437.45,18376916
9/21/2021 15:30:00,440.15,441.35,432.65,438.8,17279588
9/22/2021 15:30:00,438.9,442.8,436.1,438.85,14321143
9/23/2021 15:30:00,442.4,451.15,442.05,449.8,20516770
9/24/2021 15:30:00,451.1,451.9,440,440.75,10731274
9/27/2021 15:30:00,444.9,450.55,442.25,446.6,11746892
9/28/2021 15:30:00,449.2,455.8,439.6,444.9,19241170
9/29/2021 15:30:00,441.85,462.3,439.1,460,38635938
9/30/2021 15:30:00,459.95,464.9,451.4,453,26530369
10/1/2021 15:30:00,448.5,455.55,443.8,451.65,14777309
10/4/2021 15:30:00,453.8,464.4,451.6,463.15,16246765
10/5/2021 15:30:00,462,469,458.7,464.7,16487568
10/6/2021 15:30:00,465,471,453.65,457.2,19056690
10/7/2021 15:30:00,462.1,464,457.1,457.9,9984651
10/8/2021 15:30:00,461.9,464,454.25,458,16521128
10/11/2021 15:30:00,460,474.95,458.65,469.25,20686981
10/12/2021 15:30:00,470,484.4,468.1,483,33763609
10/13/2021 15:30:00,486.15,486.15,478,481.7,17638983
10/14/2021 15:30:00,482,493.9,482,490.6,23431826
10/18/2021 15:30:00,494,501,491.7,497.95,20084248
10/19/2021 15:30:00,500.35,504.2,483.25,488.2,20645100
10/20/2021 15:30:00,488.8,507.5,483.1,499.9,34080545
10/21/2021 15:30:00,504.9,506.5,491.75,502.95,20808243
10/22/2021 15:30:00,504.6,508.7,500,502.95,24080485
10/25/2021 15:30:00,506.5,515.45,497.85,506.5,35619415
10/26/2021 15:30:00,507.6,518.2,507.6,512.55,21107457
10/27/2021 15:30:00,513.7,526.85,512.75,519.15,29463032
10/28/2021 15:30:00,519.6,520.55,497.6,501.35,28140401
10/29/2021 15:30:00,501.5,512.65,488.4,502.15,31355893
11/1/2021 15:30:00,508.5,516.95,501,515.7,20679604
11/2/2021 15:30:00,514.8,525,512.05,521.7,26797820
11/3/2021 15:30:00,524,542.3,515.2,527.65,80775924
11/4/2021 19:15:00,531.5,535.9,528.05,530.45,9796046
11/8/2021 15:30:00,534.45,534.45,516.45,523.25,36802110
11/9/2021 15:30:00,526.25,532,522.2,529.15,25451967
11/10/2021 15:30:00,525.55,528.5,521.5,524.4,15805538
11/11/2021 15:30:00,522.85,522.85,507.1,509.6,23086898
11/12/2021 15:30:00,512,513,502.7,511.35,19836221
11/15/2021 15:30:00,512.4,515.9,505.5,506.55,13328183
11/16/2021 15:30:00,507.4,507.4,493.5,495.1,19553216
11/17/2021 15:30:00,493.85,505.4,491,498.15,20488483
11/18/2021 15:30:00,499.1,506.2,492.3,503.8,22471070
11/22/2021 15:30:00,506,506,477.5,486.4,28800269
11/23/2021 15:30:00,485.25,495.4,480,493.05,20000371
11/24/2021 15:30:00,495.8,500,489.05,493.15,13963769
11/25/2021 15:30:00,490,495.45,486.3,490.55,12894211
11/26/2021 15:30:00,486.25,487.9,467.1,470.5,26305817
11/29/2021 15:30:00,470,477.75,454.3,465.1,22407465
11/30/2021 15:30:00,468,477.25,458,460.55,23026652
12/1/2021 15:30:00,464.45,477.25,464,475.3,17156956
12/2/2021 15:30:00,474.5,478.15,470.95,477,12962679
12/3/2021 15:30:00,475.75,481.5,470.05,473.15,16653993
12/6/2021 15:30:00,473.15,477,463.8,465.3,14353300
12/7/2021 15:30:00,469.2,479.7,469.2,476.7,13644942
12/8/2021 15:30:00,480.9,492.4,480.25,491.55,20397660
12/9/2021 15:30:00,492.3,493.5,486.1,488.65,12560970
12/10/2021 15:30:00,488.5,495.95,484.4,494.7,13261408
12/13/2021 15:30:00,497.75,500.45,486.35,487.8,14047645
12/14/2021 15:30:00,486,490.35,481.8,488.55,11642447
12/15/2021 15:30:00,490,491,483.5,484.8,8639835
12/16/2021 15:30:00,488.35,490.55,478.25,481.15,11107781
12/17/2021 15:30:00,480.05,481.4,466.5,467.8,12648603
12/20/2021 15:30:00,459,464,443,449.2,22336114
12/21/2021 15:30:00,457.05,458.25,444.5,446,16617447
12/22/2021 15:30:00,450,457.3,449,455.85,13102553
12/23/2021 15:30:00,461,465,457.75,461.8,14471377
12/24/2021 15:30:00,462.6,463.6,452.2,456.95,13221159
12/27/2021 15:30:00,453.7,460.5,450.55,458.05,8856482
12/28/2021 15:30:00,461.2,462.9,459.05,461.2,8832210
12/29/2021 15:30:00,461,462.15,451.4,454.4,11757303
12/30/2021 15:30:00,452.75,454.9,448.5,451.7,28879190
12/31/2021 15:30:00,454.25,461.4,453.1,460.45,10005842
1/3/2022 15:30:00,462,472,460.1,470.8,13124509
1/4/2022 15:30:00,472.5,484.7,471.05,483.5,23296671
1/5/2022 15:30:00,481.9,495,479.15,492.4,24694169
1/6/2022 15:30:00,487.7,494.4,485.4,491.7,18190843
1/7/2022 15:30:00,493.45,501.95,489.45,491.25,22746330
1/10/2022 15:30:00,493.35,504.95,492.5,503.65,15832274
1/11/2022 15:30:00,503,507.8,499.25,505.95,16107950
1/12/2022 15:30:00,509.9,513.5,508.5,510.25,14489616
1/13/2022 15:30:00,510,512.85,507,511.35,10450974
1/14/2022 15:30:00,509,510.35,505.15,508.35,8724574
1/17/2022 15:30:00,508,518.9,507.55,514,17422211
1/18/2022 15:30:00,514,517.45,505,506.8,12592506
1/19/2022 15:30:00,505,517.65,500.3,515.8,16079457
1/20/2022 15:30:00,516,519.15,508,511.4,17724642
1/21/2022 15:30:00,505.3,507.5,498,502.7,16947941
1/24/2022 15:30:00,502.4,506.8,488,494.15,20233933
1/25/2022 15:30:00,490,517.5,489,514.65,21791739
1/27/2022 15:30:00,503.55,530.85,503.2,528.95,35409230
1/28/2022 15:30:00,534,536.4,521.4,523.45,24715250
1/31/2022 15:30:00,529,540.9,527.05,538.3,28674232
2/1/2022 15:30:00,543.95,543.95,520,532.3,32245356
2/2/2022 15:30:00,536.65,544.25,531.35,539.8,21661864
2/3/2022 15:30:00,537.15,544.7,537.15,540.1,22717677
2/4/2022 15:30:00,542.15,546.4,527.3,530.3,25332894
2/7/2022 15:30:00,531.9,549,525.25,533.25,52289545
2/8/2022 15:30:00,535.5,537.65,519,531.35,26567546
2/9/2022 15:30:00,534.95,536.5,527.75,535.25,14856155
2/10/2022 15:30:00,537.1,543.95,534.4,540.55,18659370
2/11/2022 15:30:00,536.25,537.7,527.1,529.6,14607095
2/14/2022 15:30:00,515,515.6,499.7,501.4,26153332
2/15/2022 15:30:00,502,526.85,497.1,524.8,23842951
2/16/2022 15:30:00,526.5,528,514,516.7,19773807
2/17/2022 15:30:00,520,520,511.15,512.95,16408356
2/18/2022 15:30:00,510.1,520.9,510.1,515.3,15111223
2/21/2022 15:30:00,511.55,517.5,504.65,511.85,16866932
2/22/2022 15:30:00,500.9,505.3,495.5,498.4,27108772
2/23/2022 15:30:00,503,505.35,497.25,498.7,13899433
2/24/2022 15:30:00,480,487.95,468,472.65,32356037
2/25/2022 15:30:00,480,491.9,479.3,482.95,21792287
2/28/2022 15:30:00,476.9,485.3,473.1,483.2,18069367
3/2/2022 15:30:00,478,479.8,467,474.25,22003848
3/3/2022 15:30:00,480,483.4,464.6,467.4,20358590
3/4/2022 15:30:00,460.3,470.9,457.65,461.95,20684268
3/7/2022 15:30:00,447.5,453.95,433.45,440.3,33720472
3/8/2022 15:30:00,438,442.1,425,440.3,42510207
3/9/2022 15:30:00,442,454.3,438.55,451.7,32331325
3/10/2022 15:30:00,469.9,476.65,461.65,468.7,34553299
3/11/2022 15:30:00,466.4,474.8,462,470.35,22091309
3/14/2022 15:30:00,471,486,470.55,485.15,27750689
3/15/2022 15:30:00,489,490.5,480.65,485.85,27204899
3/16/2022 15:30:00,493,494.3,489.4,492.75,16211288
3/17/2022 15:30:00,499,503.5,498.3,501.9,22947673
3/21/2022 15:30:00,502,502,489,490.6,19064060
3/22/2022 15:30:00,490.6,495.8,477.25,493.7,26157969
3/23/2022 15:30:00,498.5,502.4,489.2,490.65,15800195
3/24/2022 15:30:00,485,494.8,483.5,487.1,18174877
3/25/2022 15:30:00,491.75,493.3,486.6,490.7,11541196
3/28/2022 15:30:00,490.95,498.6,481.95,497.5,16738684
3/29/2022 15:30:00,500,501.4,491.7,495,14301429
3/30/2022 15:30:00,499.3,500.4,492.3,494.3,16461225
3/31/2022 15:30:00,494.3,497.55,492.2,493.55,10240982
4/1/2022 15:30:00,491,509.75,491,508.2,18527226
4/4/2022 15:30:00,509.3,514.9,506,512.4,16257176
4/5/2022 15:30:00,514.4,516.4,507.7,509.4,13602384
4/6/2022 15:30:00,507,515.2,506,513.95,13738275
4/7/2022 15:30:00,510.05,519.9,510.05,514.95,19620958
4/8/2022 15:30:00,519.5,519.5,512.35,516.1,13572638
4/11/2022 15:30:00,513.5,522,513.2,514.9,12370288
4/12/2022 15:30:00,512.75,516.7,504.35,512.85,14460680
4/13/2022 15:30:00,514.3,520.9,513.75,517.7,15440525
4/18/2022 15:30:00,512,515,504,509.5,14492183
4/19/2022 15:30:00,513.25,520.95,505.1,511.8,20362934
4/20/2022 15:30:00,512,513.7,507,509.3,11881305
4/21/2022 15:30:00,513.4,518,512.2,516.3,10035638
4/22/2022 15:30:00,512.9,513.5,499,500.6,16760456
4/25/2022 15:30:00,495,499.2,490.05,494.75,14057444
4/26/2022 15:30:00,499,507.9,498.45,505.5,12137213
4/27/2022 15:30:00,500,502.8,491.85,497.25,12367342
4/28/2022 15:30:00,499.15,510,496.5,507.5,12154792
4/29/2022 15:30:00,508.1,512.5,494,496.3,12894773
5/2/2022 15:30:00,492.65,495,481.3,491,18590895
5/4/2022 15:30:00,492,496.45,477.5,479.65,14645323
5/5/2022 15:30:00,485,494,478.65,480,14130385
5/6/2022 15:30:00,471,486.1,471,483.95,16710020
5/9/2022 15:30:00,477.1,483.7,473.8,475.9,13544947
5/10/2022 15:30:00,477,482.55,473.5,475.2,10884328
5/11/2022 15:30:00,475.25,479,463.65,476.55,14771351
5/12/2022 15:30:00,473,473,456.35,462.65,18947096
5/13/2022 15:30:00,469.45,477,439.75,444.65,61403008
5/16/2022 15:30:00,445,461.5,438.85,455,27940958
5/17/2022 15:30:00,458.3,469.65,456.15,467.3,16880698
5/18/2022 15:30:00,467.9,468.6,457.1,458,15644497
5/19/2022 15:30:00,449.05,450,444.45,447.5,14201420
5/20/2022 15:30:00,454.85,464,454.15,462.4,13596860
5/23/2022 15:30:00,463.1,471.4,459.5,460.9,13499415
5/24/2022 15:30:00,462.4,466.8,460.2,462.05,17175179
5/25/2022 15:30:00,461,464.45,452.05,454.1,12728644
5/26/2022 15:30:00,456.85,470.1,452.5,468.9,17055257
5/27/2022 15:30:00,471.4,475,467.5,468.95,10977001
5/30/2022 15:30:00,473,476.9,471.1,474.6,9365470
5/31/2022 15:30:00,474,476.4,465,468.1,15441579
6/1/2022 15:30:00,468,472,464.7,468.3,9424008
6/2/2022 15:30:00,466.9,472.35,466.15,469.85,9370989
6/3/2022 15:30:00,473.25,475.5,463.5,464.5,11306291
6/6/2022 15:30:00,464.2,465.6,456.5,463.7,10661432
6/7/2022 15:30:00,461.85,465.95,460.5,463.4,7672515
6/8/2022 15:30:00,466.6,475.55,463.2,471.3,17168871
6/9/2022 15:30:00,468.95,470.9,462.45,466.95,12635601
6/10/2022 15:30:00,462,464.15,458.6,461.85,8621104
6/13/2022 15:30:00,454,454.05,442.1,445.85,13426836
6/14/2022 15:30:00,445,449.25,443.35,448.1,11351101
6/15/2022 15:30:00,448.95,455.45,448.6,451.35,9920926
6/16/2022 15:30:00,455.15,457.75,440.15,441.6,10780703
6/17/2022 15:30:00,440,447.55,437.25,441,14326050
6/20/2022 15:30:00,441.5,443.45,430.7,434.7,12368534
6/21/2022 15:30:00,439.5,454.95,437.6,450.75,13801891
6/22/2022 15:30:00,448.75,451.2,444.65,447.65,11066447
6/23/2022 15:30:00,449,456.45,446,451.4,12229833
6/24/2022 15:30:00,455.8,460.35,453.2,454.25,10833364
6/27/2022 15:30:00,459.95,464.85,458.05,461.2,9509175
6/28/2022 15:30:00,458.9,465.75,458,464.25,13261290
6/29/2022 15:30:00,460,462.7,458,459.1,11800876
6/30/2022 15:30:00,459,469.3,458.6,465.9,16926328
7/1/2022 15:30:00,463.35,468.8,460.55,466.85,9405495
7/4/2022 15:30:00,466.85,474.15,466.85,473.45,9186358
7/5/2022 15:30:00,475.15,480,471,472.15,12003244
7/6/2022 15:30:00,475.15,481,473.9,479.95,12059857
7/7/2022 15:30:00,484,488.25,481.6,486.75,11497832
7/8/2022 15:30:00,489,489.9,485.15,488.55,9057231
7/11/2022 15:30:00,485,491.3,485,488.2,7704792
7/12/2022 15:30:00,485,491.35,483.1,484.95,7364457
7/13/2022 15:30:00,487.75,492.45,484.55,486.5,8208853
7/14/2022 15:30:00,486.6,488.9,476.8,479.35,9385630
7/15/2022 15:30:00,482.55,484.4,474.7,479.1,6945602
7/18/2022 15:30:00,484.55,491.5,482.1,490.3,9934786
7/19/2022 15:30:00,488,498.55,488,497.95,11724183
7/20/2022 15:30:00,501,510.6,500.4,508.6,19280117
7/21/2022 15:30:00,509.8,513.4,506.75,512.05,13814893
7/22/2022 15:30:00,513.45,520.2,511.2,513.7,14699129
7/25/2022 15:30:00,513.4,519,509.15,517.8,10229778
7/26/2022 15:30:00,517.7,520.8,513.1,514.2,8862656
7/27/2022 15:30:00,515.3,529.95,512.25,528.2,15101546
7/28/2022 15:30:00,533.2,537.5,529.55,532.45,12160734
7/29/2022 15:30:00,535.05,537,526.75,528.35,11921058
8/1/2022 15:30:00,529.05,535,526.4,533.75,8295631
8/2/2022 15:30:00,531.9,544.9,531.1,542.1,16845027
8/3/2022 15:30:00,541.9,546.4,534.65,540.85,24262125
8/4/2022 15:30:00,543.65,544,524.2,533.25,18072293
8/5/2022 15:30:00,535.55,542.9,529,531.05,21110734
8/8/2022 15:30:00,524,524,513.85,520.4,32566317
8/10/2022 15:30:00,521.55,523.5,513.4,514.7,16904151
8/11/2022 15:30:00,520,526,517.2,524.75,13862195
8/12/2022 15:30:00,525.7,531.8,525.15,530.7,12154012
8/16/2022 15:30:00,533.3,533.85,525,525.95,10721167
8/17/2022 15:30:00,528.85,530.55,524.35,528.15,12054183
8/18/2022 15:30:00,526.85,534.8,526.2,532.35,9013662
8/19/2022 15:30:00,532,533.65,518.5,520.35,11087222
8/22/2022 15:30:00,519,519.9,510,511.3,9676954
8/23/2022 15:30:00,508.25,524,508.25,521.9,8597965
8/24/2022 15:30:00,519,523,512.3,519.3,11930650
8/25/2022 15:30:00,521.95,528.3,518.5,520.4,15473450
8/26/2022 15:30:00,523.8,529.5,522.2,523.8,12855886
8/29/2022 15:30:00,511.3,517,508.75,514.85,9421339
8/30/2022 15:30:00,518.2,532.5,517.95,531.25,14835308
9/1/2022 15:30:00,522.25,540.9,522.25,533.3,16670228
9/2/2022 15:30:00,537,537.85,531.25,536.7,10017930
9/5/2022 15:30:00,537,540.8,536.3,538.9,7819994
9/6/2022 15:30:00,538,542.7,534.1,537.8,8657868
9/7/2022 15:30:00,534.4,537.45,531.55,532.85,8445359
9/8/2022 15:30:00,536,546.3,535.5,544.65,12240707
9/9/2022 15:30:00,549.65,557,548,553.35,18587927
9/12/2022 15:30:00,554.9,558.6,551.25,554.9,9677415
9/13/2022 15:30:00,560,560,553.75,558,16707275
9/14/2022 15:30:00,550,574.85,549.25,571.75,21632641
9/15/2022 15:30:00,572.55,578.5,567.9,572.15,12749947
9/16/2022 15:30:00,569.1,574,560.3,561.8,14739280
9/19/2022 15:30:00,560.7,574.4,559.55,572.25,11194003
9/20/2022 15:30:00,577.95,577.95,572.85,574.05,8484017
9/21/2022 15:30:00,575,577.3,565.4,569.7,9392526
9/22/2022 15:30:00,566.75,574,562,567.3,11869435
9/23/2022 15:30:00,564.8,568,549.5,550.6,12563239
9/26/2022 15:30:00,545.8,549,533,543.3,16158750
9/27/2022 15:30:00,544.55,550.9,533.2,536.5,11066799
9/28/2022 15:30:00,532.9,539.8,520.35,524.85,12233485
9/29/2022 15:30:00,529,535.7,519.55,521.75,17310168
9/30/2022 15:30:00,524,536.9,516.15,530.6,17466950
10/3/2022 15:30:00,527.6,531.65,518.5,519.75,9351162
10/4/2022 15:30:00,533,535.8,527.8,532.7,8745887
10/6/2022 15:30:00,534.6,541.8,534.6,537.3,9507322
10/7/2022 15:30:00,535.5,535.6,526.55,530.2,11065307
10/10/2022 15:30:00,525.7,533.9,522.2,530.75,9649292
10/11/2022 15:30:00,530.75,533.7,525.5,527.4,10825440
10/12/2022 15:30:00,530,535,526,533.8,8522604
10/13/2022 15:30:00,533,533.8,520.2,521.45,12972765
10/14/2022 15:30:00,530.2,534.85,526,527.2,8545479
10/17/2022 15:30:00,526.4,544.7,524.2,543.65,13485349
10/18/2022 15:30:00,547.1,563.5,546.75,562.45,20440781
10/19/2022 15:30:00,563,563.45,551.55,553.4,9540583
10/20/2022 15:30:00,552,556.8,545.3,555.4,11225588
10/21/2022 15:30:00,557.25,565.8,557.25,560.85,11767639
10/25/2022 15:30:00,572.5,586.2,568,578.55,19899324
10/27/2022 15:30:00,583.95,585,577.6,579.65,13613533
10/28/2022 15:30:00,579.95,582.65,567,570.75,10043644
10/31/2022 15:30:00,574.95,577.45,568.4,573.8,9894639
11/1/2022 15:30:00,576.35,585.75,574.6,576.9,12069579
11/2/2022 15:30:00,575.9,578.95,569.9,573.85,10241440
11/3/2022 15:30:00,569,587.95,568,584.9,17557998
11/4/2022 15:30:00,586,596.95,580.4,593.95,25759031
11/7/2022 15:30:00,613,622.7,607.7,614.15,44265903
11/9/2022 15:30:00,621,621,610.55,615.55,18939854
11/10/2022 15:30:00,613.1,615.1,602.2,605.75,11618405
11/11/2022 15:30:00,617.25,619.55,598.5,601.3,15525267
11/14/2022 15:30:00,603.95,603.95,591.65,592.55,12957268
11/15/2022 15:30:00,594.3,602.1,592.65,600.85,10286417
11/16/2022 15:30:00,599.95,603.5,596,599.75,11555749
11/17/2022 15:30:00,599.1,602.75,596.15,599.05,8167131
11/18/2022 15:30:00,601,605.75,597.15,602.7,12933675
11/21/2022 15:30:00,602.1,602.1,595.35,598.1,7412419
11/22/2022 15:30:00,598.15,600.7,596.15,599.1,8048595
11/23/2022 15:30:00,601.55,609.6,601,607.65,12435924
11/24/2022 15:30:00,609.75,611.3,605.8,609.35,8960032
11/25/2022 15:30:00,610.55,613.7,606.25,607.4,9994513
11/28/2022 15:30:00,605.6,610.9,602.35,608.6,7934274
11/29/2022 15:30:00,607.1,611.8,607.1,608.55,6942919
11/30/2022 15:30:00,608.5,611.4,598.4,602.45,15606230
12/1/2022 15:30:00,607.85,609.8,601.55,608.1,14209313
12/2/2022 15:30:00,607.5,609.6,604.25,607.55,7533838
12/5/2022 15:30:00,608.5,618,607.55,617.3,11585602
12/6/2022 15:30:00,614.75,619.8,607.8,608.95,12996244
12/7/2022 15:30:00,610.85,612.9,604.5,607.05,7613892
12/8/2022 15:30:00,609.75,613.8,607.15,611.65,10020015
12/9/2022 15:30:00,614.4,618,609.1,616.5,11202267
12/12/2022 15:30:00,614.8,618.7,611,613.05,9285187
12/13/2022 15:30:00,613.5,617.4,612.5,616.75,7455415
12/14/2022 15:30:00,618.5,626.75,617.5,625.5,14010673
12/15/2022 15:30:00,625.55,629.55,614.3,615.95,10622271
12/16/2022 15:30:00,612,615.6,602.1,603.35,9435071
12/19/2022 15:30:00,604,609.5,603,604.45,8322012
12/20/2022 15:30:00,603,606.5,599.55,604.45,6753785
12/21/2022 15:30:00,605.9,609.15,589.6,593.4,9217253
12/22/2022 15:30:00,597,599,587.55,593.4,8740149
12/23/2022 15:30:00,590,590.7,571.5,574,13047046
12/26/2022 15:30:00,574,601.7,570.7,597.1,13201587
12/27/2022 15:30:00,600.4,603.1,593.3,601.9,9638618
12/28/2022 15:30:00,600.9,607,598.55,601.05,7988631
12/29/2022 15:30:00,600,618,597.15,611.8,20130392
12/30/2022 15:30:00,615.25,620.55,611.35,613.7,13052895
1/2/2023 15:30:00,614.95,619.2,611.2,612.2,6726084
1/3/2023 15:30:00,614.5,616.6,610,612.4,6818062
1/4/2023 15:30:00,611.85,614.95,604,605.2,7011191
1/5/2023 15:30:00,607,611.6,601.95,605.1,8241475
1/6/2023 15:30:00,607.4,607.45,597,600.65,7972036
1/9/2023 15:30:00,605,609,600.1,607.7,8878905
1/10/2023 15:30:00,608.45,609,590.6,595.15,10622660
1/11/2023 15:30:00,596.45,599.5,592.25,596.7,7419630
1/12/2023 15:30:00,597.9,597.9,590.1,594.9,8183715
1/13/2023 15:30:00,597.9,602.9,593.65,600.1,7877610
1/16/2023 15:30:00,603,606.1,600.6,603,5483191
1/17/2023 15:30:00,603,606,586.05,592.95,13461999
1/18/2023 15:30:00,595.9,597.15,587.6,591.45,11538075
1/19/2023 15:30:00,591,591.75,587.55,589.85,7475688
1/20/2023 15:30:00,593.8,596.6,590.8,592.2,6750607
1/23/2023 15:30:00,598.5,601.75,592.95,600.45,6604469
1/24/2023 15:30:00,603.5,604.6,593.05,594.35,7609623
1/25/2023 15:30:00,595.85,595.85,567.4,568.7,25686294
1/27/2023 15:30:00,568,568.55,532.25,539.95,40163464
1/30/2023 15:30:00,536,554.35,525.2,538.2,40797825
1/31/2023 15:30:00,545,557,537.85,553.5,21911943
2/1/2023 15:30:00,561.4,565,499.35,527.35,38218810
2/2/2023 15:30:00,520.2,532.65,502.5,528.1,39287056
2/3/2023 15:30:00,536,545.95,519.15,544.2,32317232
2/6/2023 15:30:00,558.8,558.8,536.55,545.4,25338586
2/7/2023 15:30:00,548,551.4,541.05,547.1,16195947
2/8/2023 15:30:00,550,554.5,545.5,549.75,15502847
2/9/2023 15:30:00,552,552,542.8,550.8,15061047
2/10/2023 15:30:00,546.5,557.25,546.5,553.05,13824475
2/13/2023 15:30:00,554,556.9,533.3,537.5,18488732
2/14/2023 15:30:00,539.95,544.6,530.75,540.85,18559909
2/15/2023 15:30:00,540,544.65,536.8,542.25,12796579
2/16/2023 15:30:00,546.85,546.85,538.5,540.1,12767016
2/17/2023 15:30:00,538.5,539.65,527.75,531,14192008
2/20/2023 15:30:00,532,533.95,522.15,525.15,12570032
2/21/2023 15:30:00,527.1,528.95,522.4,523.45,10223218
2/22/2023 15:30:00,520.75,521.9,512.5,516.35,14763050
2/23/2023 15:30:00,516.95,524,511.35,521,15535085
2/24/2023 15:30:00,524.2,527.5,517.6,521.05,12253035
2/27/2023 15:30:00,521.1,529.8,519,527.7,11048799
2/28/2023 15:30:00,527.25,528.45,521.05,522.8,15768010
3/1/2023 15:30:00,523.25,537.4,523.1,536.7,13510198
3/2/2023 15:30:00,535.95,539.9,532.5,533.75,10376913
3/3/2023 15:30:00,542,564.3,541.75,561.2,27656538
3/6/2023 15:30:00,564.9,567.9,559,561.7,16162268
3/8/2023 15:30:00,560,565.5,556.45,564.8,12637578
3/9/2023 15:30:00,564.75,565.75,558,558.9,8993423
3/10/2023 15:30:00,553.1,554.95,545,547.35,11522371
3/13/2023 15:30:00,547,553.15,528.45,530,14373729
3/14/2023 15:30:00,527.65,532.8,520,525.4,14750800
3/15/2023 15:30:00,529.8,532,515.55,517.55,11282329
3/16/2023 15:30:00,518.4,529.35,514.3,524.5,20040008
3/17/2023 15:30:00,528.65,531.6,520.1,529.8,18787379
3/20/2023 15:30:00,526.6,526.6,515,519.2,14275315
3/21/2023 15:30:00,522,523.45,516.45,521.85,29485180
3/22/2023 15:30:00,522.2,527,520.1,521.55,11619538
3/23/2023 15:30:00,519.4,521,511.5,512.75,22097792
3/24/2023 15:30:00,514.5,514.95,503.45,505.35,14416984
3/27/2023 15:30:00,507,514.15,501.55,510.15,15674218
3/28/2023 15:30:00,511.45,511.75,503.85,508.1,15833599
3/29/2023 15:30:00,509,518,506.3,516.5,24203789
3/31/2023 15:30:00,520.65,524.9,519.35,523.75,17356345
4/3/2023 15:30:00,524.75,528.5,522.1,526.75,14210949
4/5/2023 15:30:00,527,527.6,519.05,523,13574801
4/6/2023 15:30:00,524,533.7,521.65,527.65,25125879
4/10/2023 15:30:00,529.25,530.4,524.4,526.3,17335453
4/11/2023 15:30:00,530.85,535.7,527.15,532.1,26414406
4/12/2023 15:30:00,533.2,534,526,528.2,21292441
4/13/2023 15:30:00,529.3,534.25,527.15,532.95,28597560
4/17/2023 15:30:00,528,545,528,544,32476990
4/18/2023 15:30:00,545.35,548.5,540.5,545.85,22283456
4/19/2023 15:30:00,544,547.5,538.25,540.3,21156372
4/20/2023 15:30:00,541.2,545.45,536.65,544.8,25588577
4/21/2023 15:30:00,545,546.4,539.7,543.15,22599418
4/24/2023 15:30:00,543.8,555.55,543.5,554.6,23335611
4/25/2023 15:30:00,555,567.9,555,561.8,38142390
4/26/2023 15:30:00,562,567,556.45,566.35,23143882
4/27/2023 15:30:00,565,567.4,561.1,564.75,17845169
4/28/2023 15:30:00,567.8,580.45,565.5,578.3,16183423
5/2/2023 15:30:00,580,580.85,573.15,575.3,13667511
5/3/2023 15:30:00,570.65,575,569,570.5,9699527
5/4/2023 15:30:00,570.2,580.8,568.5,580,12533761
5/5/2023 15:30:00,580.2,588.25,575.05,576.5,18163461
5/8/2023 15:30:00,577.65,587.6,577.35,583.6,12990869
5/9/2023 15:30:00,585,586.45,572.1,573.5,18959065
5/10/2023 15:30:00,575,575,563.25,572.2,18561315
5/11/2023 15:30:00,572.2,580,572,573.45,16016715
5/12/2023 15:30:00,574.7,580.75,571.55,578.15,11319335
5/15/2023 15:30:00,578.75,584,574.65,581.9,11410243
5/16/2023 15:30:00,584,590.4,582,586.3,22178229
5/17/2023 15:30:00,586,590.5,579.5,586.3,23739774
5/18/2023 15:30:00,590.3,593.9,571.4,574.2,45656620
5/19/2023 15:30:00,579,586.25,569.9,575.15,42293962
5/22/2023 15:30:00,577.5,580.3,573.45,577.15,21484049
5/23/2023 15:30:00,578.9,583.7,576.8,581.6,16120548
5/24/2023 15:30:00,579.8,585.25,578.25,582.7,17616658
5/25/2023 15:30:00,582,582.9,577,581.25,16479436
5/26/2023 15:30:00,581.25,587.75,580.55,586,9788076
5/29/2023 15:30:00,590,596.4,588.05,595,18432231
5/30/2023 15:30:00,595,595.5,591.5,592.8,15031640
5/31/2023 15:30:00,583.8,584.8,577.5,579.85,28797643
6/1/2023 15:30:00,581.8,586.4,581,582.75,17820226
6/2/2023 15:30:00,584.7,588.9,583,587.2,11323908
6/5/2023 15:30:00,588.5,589.8,586,587.2,12920507
6/6/2023 15:30:00,588,588.9,583,585.35,11199940
6/7/2023 15:30:00,588,590.6,586,589.2,11113781
6/8/2023 15:30:00,589.95,593.95,586.35,588.5,15971917
6/9/2023 15:30:00,588,589.1,576.75,578.7,18870272
6/12/2023 15:30:00,580,581.5,577.7,578.65,8786066
6/13/2023 15:30:00,579.45,581.4,574.25,576.4,12612098
6/14/2023 15:30:00,577,578.55,575.25,576.55,8948696
6/15/2023 15:30:00,576,576.7,565.25,566.5,17934877
6/16/2023 15:30:00,568.75,574.7,567.05,571.25,12660226
6/19/2023 15:30:00,571.25,572.75,565.9,568.85,17903691
6/20/2023 15:30:00,568.85,569.45,562.55,567.4,14549152
6/21/2023 15:30:00,567.4,569.5,565.65,566.35,14946871
6/22/2023 15:30:00,566.35,569,561.05,562.95,14979063
6/23/2023 15:30:00,562,562.1,553.8,554.6,12215712
6/26/2023 15:30:00,556,558.5,554.5,557.05,8360264
6/27/2023 15:30:00,558.25,567.95,555.65,566.1,10694768
6/28/2023 15:30:00,572.25,574,568.55,569.8,18028934
6/30/2023 15:30:00,574,574,570.2,572.85,8718232
7/3/2023 15:30:00,574.5,586.35,573.9,585.45,15421985
7/4/2023 15:30:00,588.2,595.95,582.25,589.25,24799250
7/5/2023 15:30:00,589.8,593.7,588.2,590.6,13598114
7/6/2023 15:30:00,590.4,593.5,589.1,592.5,11323509
7/7/2023 15:30:00,590,595.5,585.5,593.6,11707209
7/10/2023 15:30:00,594.65,599.8,590.25,592.6,11417363
7/11/2023 15:30:00,595,595.95,587.35,588.55,13221177
7/12/2023 15:30:00,589,594.5,588.2,589.25,16029716
7/13/2023 15:30:00,594.9,598,583.35,585.65,20024503
7/14/2023 15:30:00,586.75,591.3,580.7,584.4,12190152
7/17/2023 15:30:00,587,602.85,584.2,601.1,19378986
7/18/2023 15:30:00,603.05,604.05,588.75,592.35,25757209
7/19/2023 15:30:00,594.65,602.4,592,601.45,17556585
7/20/2023 15:30:00,601.4,610.8,598.75,610.05,34038351
7/21/2023 15:30:00,610,619.5,609,615.1,21040281
7/24/2023 15:30:00,615.05,621.9,614.3,617.65,11756364
7/25/2023 15:30:00,621.8,621.8,604.2,609.6,18503305
7/26/2023 15:30:00,612,616.35,609.15,615.15,9999125
7/27/2023 15:30:00,616.4,621.25,613.1,616.55,17444742
7/28/2023 15:30:00,616.4,619.9,613.6,616.05,11930586
7/31/2023 15:30:00,616.65,621,614.5,620.2,8605483
8/1/2023 15:30:00,620.2,620.85,610.6,611.85,13493453
8/2/2023 15:30:00,609.85,610.5,594.1,598.45,14977497
8/3/2023 15:30:00,598.7,600.85,585,590.5,27774877
8/4/2023 15:30:00,594.8,598.7,571.4,573.3,52725616
8/7/2023 15:30:00,577,577,566.65,567.9,32736325
8/8/2023 15:30:00,571,574.25,568.45,573.1,25038671
8/9/2023 15:30:00,575,575,568.35,573.75,15769111
8/10/2023 15:30:00,573.75,577.6,570.1,573.65,27325801
8/11/2023 15:30:00,575.45,579,572,574.15,18221179
8/14/2023 15:30:00,572.95,573,558.6,560.8,28084093
8/16/2023 15:30:00,558.8,566.4,554,565.35,15725767
8/17/2023 15:30:00,565.75,573.15,564,572.15,27910162
8/18/2023 15:30:00,570,575.25,567.4,572.95,18253227
8/21/2023 15:30:00,572.95,575.55,570.75,571.7,9380810
8/22/2023 15:30:00,572.5,574.45,567.5,568.5,14073413
8/23/2023 15:30:00,571,577.95,566,576.9,18579297
8/24/2023 15:30:00,578.15,582,575.55,576.95,24131644
8/25/2023 15:30:00,573.8,575.3,567.2,569.95,12271885
8/28/2023 15:30:00,572.8,574.8,569.2,572.85,9711932
8/29/2023 15:30:00,573.65,576.3,571.85,574.85,13144855
8/30/2023 15:30:00,576.7,577.7,566.1,567.4,15281416
8/31/2023 15:30:00,569.3,570.3,559.4,561.35,27898476
9/1/2023 15:30:00,562.7,571.2,562.1,569.55,18121168
9/4/2023 15:30:00,572,576.35,568.45,575.55,12108655
9/5/2023 15:30:00,575.6,578.25,571.35,573,14444729
9/6/2023 15:30:00,574.25,574.25,568,570.5,20609936
9/7/2023 15:30:00,568,581,568,579.05,12390597
9/8/2023 15:30:00,581,588.5,579.7,583.45,14032068
9/11/2023 15:30:00,587,592.3,585.35,591.7,10946134
9/12/2023 15:30:00,593.65,594.25,584.65,588.35,16093060
9/13/2023 15:30:00,588.4,598,583.45,596.45,19377172
9/14/2023 15:30:00,598.45,603.7,595.2,597.3,13178911
9/15/2023 15:30:00,599.35,600.7,595.2,598.8,11756389
9/18/2023 15:30:00,598.8,608.4,597.05,603.95,19305055
9/20/2023 15:30:00,600.85,606.8,599.4,601.1,21314600
9/21/2023 15:30:00,600,606.6,584.65,588.15,23453425
9/22/2023 15:30:00,593.5,602,591.4,598.15,18784139
9/25/2023 15:30:00,601.5,601.5,590.45,594.05,9712784
9/26/2023 15:30:00,594,595,591.25,594.4,8327427
9/27/2023 15:30:00,593.45,594.3,588.2,589.75,9865347
9/28/2023 15:30:00,591.25,595.2,588.85,589.95,21960816
9/29/2023 15:30:00,592.85,600,591.3,598.55,12189735
10/3/2023 15:30:00,596.6,604.9,589.6,602.95,15322196
10/4/2023 15:30:00,600,600.45,584.45,586.25,24914612
10/5/2023 15:30:00,590,594.35,587.1,592.15,13248028
10/6/2023 15:30:00,593.4,598.95,592.2,594.25,8216780
10/9/2023 15:30:00,588,589,581.55,585.1,9189597
10/10/2023 15:30:00,587,595,585.75,591.65,10373508
10/11/2023 15:30:00,596.9,597,587.6,588.35,14220119
10/12/2023 15:30:00,590.8,593,585,586.05,11983797
10/13/2023 15:30:00,577.75,581.3,574.8,576.15,19064577
10/16/2023 15:30:00,576,578.75,571.5,575.65,11290293
10/17/2023 15:30:00,577.7,579.95,575.3,576.45,10765224
10/18/2023 15:30:00,577.75,579.25,569.35,572.65,11777454
10/19/2023 15:30:00,569.8,574,567,571.2,11441499
10/20/2023 15:30:00,569.9,570,562.1,563.1,11110988
10/23/2023 15:30:00,563.1,566,551,552.95,11875035
10/25/2023 15:30:00,558.6,560.8,553.6,556.2,12134624
10/26/2023 15:30:00,551.45,552.9,543.2,547,19424825
10/27/2023 15:30:00,550,562.5,550,561.15,10415296
10/30/2023 15:30:00,563,566.7,556.5,565.2,8593704
10/31/2023 15:30:00,567,569.5,563.15,565.55,13039696
11/1/2023 15:30:00,566.25,569.65,563.85,566.4,13575575
11/2/2023 15:30:00,571.1,575.45,567.6,572.1,11148516
11/3/2023 15:30:00,576,579.5,573.45,578.15,11371371
11/6/2023 15:30:00,582,582.5,573.25,574.35,16499138
11/7/2023 15:30:00,574.8,581.2,572.6,579.75,17923281
11/8/2023 15:30:00,581.9,582.6,579,580.3,15434808
11/9/2023 15:30:00,581,581.85,576.5,578.35,12434363
11/10/2023 15:30:00,577.8,581,575.4,579.5,6773038
11/13/2023 15:30:00,581,582.5,575.2,581.35,11282362
11/15/2023 15:30:00,587.25,588,582.6,584.7,11397676
11/16/2023 15:30:00,584.7,588,582.9,584.65,8622660
11/17/2023 15:30:00,574.5,574.5,562.1,563.05,37173221
11/20/2023 15:30:00,564,566.8,560.6,563.75,12714585
11/21/2023 15:30:00,566,566.65,561,561.5,14280013
11/22/2023 15:30:00,562.95,564.5,555.15,558.95,14909071
11/23/2023 15:30:00,561.75,563.5,558.3,559.95,6376210
11/24/2023 15:30:00,561.95,562.45,559.25,560.35,6529851
11/28/2023 15:30:00,563.6,565.2,561.1,564.45,8153314
11/29/2023 15:30:00,568,569,565.1,568.6,10299034
11/30/2023 15:30:00,569.75,570.2,563.65,564.75,19758998
12/1/2023 15:30:00,567,574.2,566.55,571.75,10614230
12/4/2023 15:30:00,588,596,584.55,594.7,26077882
12/5/2023 15:30:00,595.05,611.3,595.05,608.25,36430152
12/6/2023 15:30:00,614,614,604.55,608.45,21439069
12/7/2023 15:30:00,610,612.55,605,611.7,10725706
12/8/2023 15:30:00,610,616.8,605.35,614.15,17722136
12/11/2023 15:30:00,615,619.9,613.1,614.25,11706255
12/12/2023 15:30:00,617,617.95,610.8,612.4,14494836
12/13/2023 15:30:00,614.45,620.5,611.65,619.85,13977914
12/14/2023 15:30:00,626,627.75,622.4,623.65,15813797
12/15/2023 15:30:00,628,650,619.85,648.25,29813572
12/18/2023 15:30:00,646.65,655.65,642.4,648.5,16221796
12/19/2023 15:30:00,648.5,659.6,640.25,655.4,19964008
12/20/2023 15:30:00,658.7,660.4,633.95,636.45,22542056
12/21/2023 15:30:00,632.15,648.95,627.5,643.75,19915516
12/22/2023 15:30:00,644.75,649.4,635.15,636.75,14998068
12/26/2023 15:30:00,638.85,641.3,635.65,638.05,10153089
12/27/2023 15:30:00,640.75,649.45,639,648.55,14417646
12/28/2023 15:30:00,650.25,653.3,646.5,651.4,16982092
12/29/2023 15:30:00,645.5,649.6,639.55,642.05,13221898
1/1/2024 15:30:00,642.2,646.9,638,641.35,8295548