Date,Open,High,Low,Close,Volume
1/1/2015 15:30:00,826.5,830,818.1,822.2,587479
1/2/2015 15:30:00,824,830.5,824,826.25,710310
1/5/2015 15:30:00,826.1,830.7,824.45,826.75,792287
1/6/2015 15:30:00,823,824.6,803.7,808.55,1709888
1/7/2015 15:30:00,809.1,815.2,800,809.8,1730518
1/8/2015 15:30:00,815,821,814.4,818.8,943536
1/9/2015 15:30:00,820,836,820,830.05,1766875
1/12/2015 15:30:00,832.45,837.25,830.1,835.3,1188646
1/13/2015 15:30:00,837.05,843.4,826.15,833.1,838422
1/14/2015 15:30:00,831,837.75,817,820.65,996066
1/15/2015 15:30:00,826,833.9,819.4,825.9,2224116
1/16/2015 15:30:00,828.9,854.4,826.2,849.75,2005202
1/19/2015 15:30:00,855,866.15,853.1,863,1382755
1/20/2015 15:30:00,865,874.5,854.5,872.3,2053198
1/21/2015 15:30:00,875,888,873,885.95,2358508
1/22/2015 15:30:00,885.3,927.35,885.3,920.05,4797782
1/23/2015 15:30:00,921.5,938.7,918,926.8,2835629
1/27/2015 15:30:00,939.9,939.95,901,914,2261868
1/28/2015 15:30:00,915,933.1,892,909.75,1939863
1/29/2015 15:30:00,900,933,891,919.8,2668139
1/30/2015 15:30:00,923.5,927.8,910.5,917.75,1873464
2/2/2015 15:30:00,925,943.55,922,929.1,1750030
2/3/2015 15:30:00,936,947.65,919.05,941.25,2275229
2/4/2015 15:30:00,947.5,965.95,946,958.95,2769365
2/5/2015 15:30:00,960,965.9,951,959.55,1850360
2/6/2015 15:30:00,958.75,962.9,920.25,926.85,3120503
2/9/2015 15:30:00,926.8,948.2,915.85,941.45,1350099
2/10/2015 15:30:00,942,942,911,919.55,1515424
2/11/2015 15:30:00,924.8,937,920.2,925.85,1046438
2/12/2015 15:30:00,929.65,932.2,919,923.6,778562
2/13/2015 15:30:00,928,952,928,940.55,2046667
2/16/2015 15:30:00,918,930.9,907.3,914.75,2869370
2/18/2015 15:30:00,919.9,927.5,911.75,917.8,1309654
2/19/2015 15:30:00,922.7,926.8,909.55,916.7,1190354
2/20/2015 15:30:00,914.8,921.6,910,913.2,1146633
2/23/2015 15:30:00,914,924,904.25,908.65,2440626
2/24/2015 15:30:00,907,913.9,905,910.45,1469026
2/25/2015 15:30:00,913.5,914.65,886.4,890.75,1407691
2/26/2015 15:30:00,890.1,894.25,860.2,865.7,2614022
2/27/2015 15:30:00,870.15,883.9,868.55,878.9,2160310
3/2/2015 15:30:00,912.1,932,909.4,925.2,2019863
3/3/2015 15:30:00,937.45,951.4,933.1,943.05,2114707
3/4/2015 15:30:00,946.9,1035.95,937.8,1006.3,7567230
3/5/2015 15:30:00,1018,1045.95,1005.5,1038.75,3792463
3/9/2015 15:30:00,1024.35,1049.9,1008,1041,3154190
3/10/2015 15:30:00,1046,1055.5,1017.75,1024.65,2094814
3/11/2015 15:30:00,1029.4,1035.4,1007.05,1009.85,1845619
3/12/2015 15:30:00,1012.65,1039.8,1010,1036.15,1990646
3/13/2015 15:30:00,1044.7,1044.7,1006.55,1011.6,1499576
3/16/2015 15:30:00,1014.1,1032.9,1010.15,1029.85,1445672
3/17/2015 15:30:00,1033,1051,1026.15,1041.9,1818956
3/18/2015 15:30:00,1043.4,1048,1031,1044.5,1489193
3/19/2015 15:30:00,1050,1075,1036.2,1047.75,2661474
3/20/2015 15:30:00,1050,1074.5,1021.3,1026.65,2371025
3/23/2015 15:30:00,1036.9,1045.95,1013.4,1024.25,1972135
3/24/2015 15:30:00,1034,1049.8,1030,1037.15,2573597
3/25/2015 15:30:00,1058,1067.8,1042.1,1052.05,4242685
3/26/2015 15:30:00,1052.8,1053,1020,1027.7,2974909
3/27/2015 15:30:00,1036.9,1041.55,1002.1,1011.2,1999967
3/30/2015 15:30:00,1021.15,1025.75,1009,1010.8,1613058
3/31/2015 15:30:00,1015,1033.25,1010.35,1023.9,1939047
4/1/2015 15:30:00,1023.9,1094,1018.95,1081.15,4104961
4/6/2015 15:30:00,1102.7,1181,1090,1169.3,4805720
4/7/2015 15:30:00,1180,1200.8,1135.75,1152.05,3978093
4/8/2015 15:30:00,1161.35,1173.3,1137.05,1150.45,2732857
4/9/2015 15:30:00,1159.9,1162.3,1106,1113.45,3143647
4/10/2015 15:30:00,1113,1128.6,1098.35,1119.75,2880186
4/13/2015 15:30:00,1120.1,1157.9,1112.7,1150.95,2036205
4/15/2015 15:30:00,1161.4,1161.4,1112.35,1117.3,3103257
4/16/2015 15:30:00,1122.2,1127.25,1082.5,1087.95,2725037
4/17/2015 15:30:00,1090,1105.2,1028.75,1037.75,3749872
4/20/2015 15:30:00,1048,1066.9,1037.8,1043.8,2941375
4/21/2015 15:30:00,951,974.25,930,952.2,265709391
4/22/2015 15:30:00,963,978.9,948,967.8,10905987
4/23/2015 15:30:00,980,980.8,936,942,9450660
4/24/2015 15:30:00,946,956,938.25,947.4,10416821
4/27/2015 15:30:00,951.5,957.3,921.85,926.4,7641311
4/28/2015 15:30:00,922,934.2,912.25,924.85,5553353
4/29/2015 15:30:00,934.2,947,929,940.5,7229944
4/30/2015 15:30:00,926,943.9,921,938.85,16367861
5/4/2015 15:30:00,949,957.25,942.05,947.75,7780934
5/5/2015 15:30:00,954.9,960,950.05,958.45,4329997
5/6/2015 15:30:00,957.55,957.7,925,937.15,5151640
5/7/2015 15:30:00,933,936,920.05,927.9,3690081
5/8/2015 15:30:00,933.35,946.25,920.1,940.25,4998817
5/11/2015 15:30:00,950.5,968.45,948.8,964.4,5241168
5/12/2015 15:30:00,962.25,965.4,943,949.65,4197503
5/13/2015 15:30:00,952.9,962.95,942.65,954.05,2584318
5/14/2015 15:30:00,952.8,953.2,939,944.4,2701006
5/15/2015 15:30:00,927.4,952,926.25,946.35,2563043
5/18/2015 15:30:00,947.4,960,943.3,956.95,2137699
5/19/2015 15:30:00,956.95,978.45,947.85,957.05,2047194
5/20/2015 15:30:00,961.4,969.35,956,965.35,2163245
5/21/2015 15:30:00,966.1,986.7,962.1,981.25,4649220
5/22/2015 15:30:00,978,1008.9,976.75,1003.75,4813876
5/25/2015 15:30:00,1003,1010,993.5,1002.15,2000807
5/26/2015 15:30:00,999.95,1000,982,994.85,2570872
5/27/2015 15:30:00,996.1,1004,971.1,975.55,2738544
5/28/2015 15:30:00,973.1,978.75,946.55,954.8,7781595
5/29/2015 15:30:00,964.45,979,960,966.1,7065774
6/1/2015 15:30:00,915.55,917.8,869.1,877.65,14265602
6/2/2015 15:30:00,887.2,888.4,856.85,860.75,7192196
6/3/2015 15:30:00,861.6,863,840.5,842.4,6496553
6/4/2015 15:30:00,835,842.5,818.6,831.55,6628714
6/5/2015 15:30:00,831.55,860.6,830,847.9,4696506
6/8/2015 15:30:00,850,854,825.55,829.55,2678221
6/9/2015 15:30:00,824,826.45,808.5,810.65,3709907
6/10/2015 15:30:00,811.2,830.9,811.2,823.1,4205596
6/11/2015 15:30:00,828,840,816,819.55,4107146
6/12/2015 15:30:00,824.75,824.75,807.25,813.55,2398615
6/15/2015 15:30:00,816.4,847.9,810.15,837.7,3946889
6/16/2015 15:30:00,841.8,843,832.5,840.1,2221962
6/17/2015 15:30:00,846.7,848.95,836.55,843.9,3705966
6/18/2015 15:30:00,847,862,845,856.05,3919775
6/19/2015 15:30:00,861,862.8,843.25,845.95,2333016
6/22/2015 15:30:00,850.9,862,850.15,856.9,2429207
6/23/2015 15:30:00,859.95,866.7,856,857.7,1899146
6/24/2015 15:30:00,859,880.75,859,871.1,5168452
6/25/2015 15:30:00,870.75,878.4,860.85,866.1,6719110
6/26/2015 15:30:00,869.7,873.4,861,867.2,2614534
6/29/2015 15:30:00,852,854,836.3,849.55,1794757
6/30/2015 15:30:00,854.65,877.3,850.6,874.6,4010634
7/1/2015 15:30:00,881.45,886.4,869.6,873.1,2251368
7/2/2015 15:30:00,882.8,884.85,867.5,871.1,1914607
7/3/2015 15:30:00,874.4,881.7,868.75,871,1407939
7/6/2015 15:30:00,862.05,880.3,861.5,878.9,1381867
7/7/2015 15:30:00,879.5,891.8,875,885.35,2556817
7/8/2015 15:30:00,883.3,888.5,866.9,871.3,2485149
7/9/2015 15:30:00,871,885.35,864.2,872.4,2059496
7/10/2015 15:30:00,881,907.8,878.9,901.55,3549894
7/13/2015 15:30:00,909.9,925.5,908,915.5,3265149
7/14/2015 15:30:00,915.4,921.5,905.55,919.4,1706366
7/15/2015 15:30:00,921.5,933,914.5,929.75,2417317
7/16/2015 15:30:00,934.3,943.5,932,941.35,1756860
7/17/2015 15:30:00,948,957,942.6,947.65,2256640
7/20/2015 15:30:00,952.85,953.7,945,948,1378923
7/21/2015 15:30:00,853.2,853.2,795.25,805.25,32687596
7/22/2015 15:30:00,811,836.95,808.1,834.55,10872729
7/23/2015 15:30:00,839,839.1,821.5,828.85,3645770
7/24/2015 15:30:00,829,839.8,825.3,836.2,3052640
7/27/2015 15:30:00,833.7,839.8,819.1,823.7,3606126
7/28/2015 15:30:00,825,834.5,810.05,820.15,2689656
7/29/2015 15:30:00,823,834.05,819.65,829.75,2301293
7/30/2015 15:30:00,835,835.5,810.2,814.25,4324642
7/31/2015 15:30:00,819,825.3,812,822.4,3307416
8/3/2015 15:30:00,822,832,820,830.95,2029186
8/4/2015 15:30:00,834.8,834.8,820,830.1,3069438
8/5/2015 15:30:00,833,844.4,827.1,841.9,2246991
8/6/2015 15:30:00,845,857.4,842.1,845.4,3573927
8/7/2015 15:30:00,855,857.25,850,851.95,2261385
8/10/2015 15:30:00,854.8,856.55,831,840.7,2206976
8/11/2015 15:30:00,843,846.6,831.3,841.75,2135240
8/12/2015 15:30:00,847.95,0,0,842.5,0
8/13/2015 15:30:00,868.9,888,840,879.05,2580690
8/14/2015 15:30:00,888,914.7,887.6,897.7,4606523
8/17/2015 15:30:00,909,918,889.6,906.2,2930882
8/18/2015 15:30:00,907.15,915,885.75,889.75,1790875
8/19/2015 15:30:00,897,930,896.25,927.75,5294282
8/20/2015 15:30:00,946,966,931.7,936.65,7479776
8/21/2015 15:30:00,933,942.35,907.55,937.9,4481821
8/24/2015 15:30:00,909,940,875.2,891.1,6095598
8/25/2015 15:30:00,915.85,921.65,850,890.6,5366573
8/26/2015 15:30:00,892.9,900.35,868.6,872.9,3455259
8/27/2015 15:30:00,896,905.85,880,902,5115937
8/28/2015 15:30:00,911,916.5,865,886.45,4988409
8/31/2015 15:30:00,882.4,911.4,870,898.95,13512125
9/1/2015 15:30:00,883.7,916,882,901.95,4315484
9/2/2015 15:30:00,914,917,886.7,890.15,4877084
9/3/2015 15:30:00,898,901.9,881.1,884.95,2306749
9/4/2015 15:30:00,890,890,852.65,857.7,3075607
9/7/2015 15:30:00,860.15,866,832,836.5,2479603
9/8/2015 15:30:00,842,850,815,844.6,3192919
9/9/2015 15:30:00,856.65,860,835.2,839.05,2164371
9/10/2015 15:30:00,835,844.05,824.9,839.7,2478514
9/11/2015 15:30:00,844,851.95,840.35,846.05,2710761
9/14/2015 15:30:00,854.2,858.95,845.35,857.05,2590701
9/15/2015 15:30:00,858.6,871.5,855,866.7,3818309
9/16/2015 15:30:00,879.2,891.8,875.65,887.2,5674983
9/18/2015 15:30:00,897,920.8,888.45,905.2,5214357
9/21/2015 15:30:00,908.3,912.95,895.1,899.95,3137037
9/22/2015 15:30:00,909,909,891.55,900.6,3447182
9/23/2015 15:30:00,895,905.2,888.3,896.75,1895163
9/24/2015 15:30:00,900.9,900.9,888.25,891.9,4615659
9/28/2015 15:30:00,895,895,857.2,861,3862676
9/29/2015 15:30:00,861,861,840.25,848.25,2137288
9/30/2015 15:30:00,860,872,858.2,868.4,2861245
10/1/2015 15:30:00,875,895,873.25,891,2278061
10/5/2015 15:30:00,899,902.2,880.2,897.95,3142118
10/6/2015 15:30:00,905.95,915.9,902.25,909.95,2368600
10/7/2015 15:30:00,915,928.7,903,926.2,2899026
10/8/2015 15:30:00,930,933.95,910.6,915.65,2018360
10/9/2015 15:30:00,922.5,922.8,901.2,906.2,1963120
10/12/2015 15:30:00,910,914.95,883.2,892,2057784
10/13/2015 15:30:00,894,896.75,874,881.6,1526300
10/14/2015 15:30:00,884.1,894,881.6,883.7,1468468
10/15/2015 15:30:00,889.95,892.5,880.05,888,2180779
10/16/2015 15:30:00,888,892,881,890.5,1209569
10/19/2015 15:30:00,895,911,886.55,905.95,2000070
10/20/2015 15:30:00,911,913.1,899.7,902.55,1880891
10/21/2015 15:30:00,901.9,902.25,886.5,889,1272841
10/23/2015 15:30:00,901.95,903.85,883.05,884.6,1916780
10/26/2015 15:30:00,890,894.1,886.1,888.8,1770689
10/27/2015 15:30:00,888,912.45,885,908.65,2896574
10/28/2015 15:30:00,903,907.5,895.05,901.55,1939812
10/29/2015 15:30:00,902,902,875.55,878.9,3272915
10/30/2015 15:30:00,880.2,893,876.7,889.55,2387217
11/2/2015 15:30:00,875.05,878.15,857.55,865.35,1982404
11/3/2015 15:30:00,870,877.8,862.8,868.55,1547053
11/4/2015 15:30:00,867,874.5,850,852.5,2275409
11/5/2015 15:30:00,848,849.9,809,815.95,4038115
11/6/2015 15:30:00,816.05,822.35,800.55,803.4,3763950
11/9/2015 15:30:00,761,771.85,744.95,756.95,7903526
11/10/2015 15:30:00,753.1,764.2,724.05,731.95,7024856
11/13/2015 15:30:00,745.1,752.4,736,740.6,4665553
11/16/2015 15:30:00,743,747.5,732.55,738.65,3357919
11/17/2015 15:30:00,746,755.55,743.95,753.35,3853257
11/18/2015 15:30:00,755,761.3,748.5,753.75,2521801
11/19/2015 15:30:00,758,761,738.4,742.5,4059404
11/20/2015 15:30:00,739.8,741,723.9,725.85,5345428
11/23/2015 15:30:00,726,728.9,713.5,717.1,5781403
11/24/2015 15:30:00,717,719.55,704,706.2,9846509
11/26/2015 15:30:00,716.85,740,716.5,735.9,8438968
11/27/2015 15:30:00,742,742.35,731,739.85,4475863
11/30/2015 15:30:00,732.5,737.5,727.35,729.5,8738130
12/1/2015 15:30:00,732,733.8,727,729.25,3183165
12/2/2015 15:30:00,739,739,725,731.8,5136352
12/3/2015 15:30:00,729.85,732.4,724,726.9,3079014
12/4/2015 15:30:00,722.5,773.9,721.5,755.4,24605807
12/7/2015 15:30:00,765.3,781.5,762.05,777.35,7139702
12/8/2015 15:30:00,776,779.85,767.5,770.9,3655120
12/9/2015 15:30:00,772.5,775.4,750.15,759.15,4935349
12/10/2015 15:30:00,769.85,769.85,733.3,756.8,4496091
12/11/2015 15:30:00,759.65,766,748.5,757.8,2852880
12/14/2015 15:30:00,758.85,773,753.65,768.6,2629235
12/15/2015 15:30:00,775,781.45,769.2,773.75,3549320
12/16/2015 15:30:00,780,785.5,775.8,784.1,2864795
12/17/2015 15:30:00,791.05,805,788,802.25,3491346
12/18/2015 15:30:00,799.6,809,787.2,790.15,4125199
12/21/2015 15:30:00,738,756.8,731,754.2,12310649
12/22/2015 15:30:00,756.2,768.9,756.2,763.7,3734881
12/23/2015 15:30:00,771,793.5,770,790.4,6651886
12/24/2015 15:30:00,797,798.4,786.4,790.85,2053955
12/28/2015 15:30:00,791.65,815,791.65,811.6,4287383
12/29/2015 15:30:00,815,819.9,805.5,811.35,2702847
12/30/2015 15:30:00,814,826,806.45,810.15,1919186
12/31/2015 15:30:00,812,825,804.1,820.15,2590518
1/1/2016 15:30:00,810.05,817.9,806.2,815.55,986728
1/4/2016 15:30:00,813.9,821.3,795.1,799.1,2388588
1/5/2016 15:30:00,807,807,792.05,800.5,1632394
1/6/2016 15:30:00,805,805.8,790.75,791.95,2168214
1/7/2016 15:30:00,788,799,778.65,783.8,2082334
1/8/2016 15:30:00,795,805.8,786,794.15,2315237
1/11/2016 15:30:00,789.5,804.5,779.1,782.25,3424538
1/12/2016 15:30:00,784,794,784,788,1787888
1/13/2016 15:30:00,795,804.65,781.5,796.6,3447651
1/14/2016 15:30:00,789.8,796.4,785.7,791.85,3233849
1/15/2016 15:30:00,797.75,799,780.2,787.1,2370237
1/18/2016 15:30:00,787,797.5,775,784.95,4202772
1/19/2016 15:30:00,786,796.8,781.25,793.9,2169752
1/20/2016 15:30:00,785.5,805,775.6,792.6,4222563
1/21/2016 15:30:00,800,803.4,764,773.15,3264178
1/22/2016 15:30:00,779,794,773.3,789.2,1970106
1/25/2016 15:30:00,795,814.9,794.45,807.25,2905098
1/27/2016 15:30:00,817,823.25,809.3,821.15,3609838
1/28/2016 15:30:00,817,836.8,817,834.15,4368190
1/29/2016 15:30:00,843,878,839.1,872.95,4709689
2/1/2016 15:30:00,880.8,888.3,861.9,872.3,3252050
2/2/2016 15:30:00,879.85,883.35,831.1,835.15,2676955
2/3/2016 15:30:00,836.8,855,829.3,834.9,2630864
2/4/2016 15:30:00,840,847.8,818.15,835.6,2287218
2/5/2016 15:30:00,839,860,836.55,857.55,2250196
2/8/2016 15:30:00,855,864.8,830,834.7,1198192
2/9/2016 15:30:00,830,860.9,828.1,854.05,2340243
2/10/2016 15:30:00,851.05,865.75,838.2,855.75,3530848
2/11/2016 15:30:00,851,858.9,827,830.4,2067334
2/12/2016 15:30:00,845,884.7,802.45,842.4,5260215
2/15/2016 15:30:00,855,867,845.1,850.2,3592947
2/16/2016 15:30:00,850.6,857.15,820.2,827.8,1957372
2/17/2016 15:30:00,831.95,859.35,828,855.8,1975343
2/18/2016 15:30:00,869.7,876.5,858.1,870.45,2342525
2/19/2016 15:30:00,870.4,870.4,857,864.2,1561649
2/22/2016 15:30:00,871.95,885.8,868,882.45,2302969
2/23/2016 15:30:00,884.7,898.45,866.25,871.1,2470030
2/24/2016 15:30:00,866.35,870,849.6,854.55,1716644
2/25/2016 15:30:00,857.45,880,855.55,875.35,3898475
2/26/2016 15:30:00,885,890,869.1,871.9,2409042
2/29/2016 15:30:00,880.8,880.8,833.7,853.9,3546392
3/1/2016 15:30:00,861.7,873,851.3,868.4,2354037
3/2/2016 15:30:00,876,877.1,850,851.85,3184958
3/3/2016 15:30:00,859.9,873.85,852.6,870.9,2447143
3/4/2016 15:30:00,872,874.5,852.6,856.8,1525260
3/8/2016 15:30:00,859.8,871,851.25,858.6,2297582
3/9/2016 15:30:00,860,863.7,836.9,860.9,3139226
3/10/2016 15:30:00,864.45,868,846.5,865.05,2042250
3/11/2016 15:30:00,854.9,870,843.6,868.2,2329088
3/14/2016 15:30:00,869,876.55,858.6,862.2,2139517
3/15/2016 15:30:00,861.5,861.5,840.6,843.15,2357014
3/16/2016 15:30:00,845.5,847.45,821.65,835.75,2521867
3/17/2016 15:30:00,842,843.9,821.8,827.25,2605930
3/18/2016 15:30:00,825.05,825.9,798.4,816,5270631
3/21/2016 15:30:00,820.55,838.05,816.8,836.45,3177198
3/22/2016 15:30:00,835.05,847,831.9,844.6,2105722
3/23/2016 15:30:00,844.7,852,834.6,846.2,2331768
3/28/2016 15:30:00,846,846,803,809.25,4596334
3/29/2016 15:30:00,809.25,811.85,770,794.35,7468509
3/30/2016 15:30:00,811.9,815.55,801.05,811.7,3020735
3/31/2016 15:30:00,811.9,829.65,811.9,820,5230705
4/1/2016 15:30:00,821,824,809.4,815.1,1654746
4/4/2016 15:30:00,817.2,821,811.1,815.05,1239310
4/5/2016 15:30:00,816,816.45,799.5,800.8,2570634
4/6/2016 15:30:00,804.5,811.1,798.05,809.55,1809628
4/7/2016 15:30:00,810,822.9,805.1,811.7,2221164
4/8/2016 15:30:00,807.05,817.45,807.05,811.75,1088142
4/11/2016 15:30:00,823,826,809.2,817.3,2757166
4/12/2016 15:30:00,819.7,827.05,816.35,823.6,1942717
4/13/2016 15:30:00,826.1,835.9,823,833.05,2310970
4/18/2016 15:30:00,833.15,841.15,827.3,837.8,2257502
4/20/2016 15:30:00,836.1,836.1,825.2,828.55,2134965
4/21/2016 15:30:00,831.65,837.9,826.8,832.9,1381380
4/22/2016 15:30:00,827,828.45,818.15,820.2,2527855
4/25/2016 15:30:00,820,821.15,802,808.85,3644370
4/26/2016 15:30:00,805,817.6,797,814.4,4083983
4/27/2016 15:30:00,814,816.1,809.2,813.95,1364080
4/28/2016 15:30:00,819,819,800,801.95,4828596
4/29/2016 15:30:00,805,813.3,802,811.3,2339763
5/2/2016 15:30:00,813.75,816.15,804.5,811.8,1083227
5/3/2016 15:30:00,808.2,813.6,780,798.25,5809209
5/4/2016 15:30:00,799,806.4,787.05,804.2,2523074
5/5/2016 15:30:00,825.55,828,806.5,810.45,3065087
5/6/2016 15:30:00,809.95,815,802.25,804.4,1464262
5/9/2016 15:30:00,805,811.8,796,805.3,2556690
5/10/2016 15:30:00,806,811,800.3,802.15,2156929
5/11/2016 15:30:00,799,806,792,796.3,2268518
5/12/2016 15:30:00,795.1,805.7,795.1,803.55,1962391
5/13/2016 15:30:00,805.35,805.35,792.5,795.05,2454738
5/16/2016 15:30:00,799.9,802,791.7,797.85,2035038
5/17/2016 15:30:00,801,802.6,796.5,799.9,2505291
5/18/2016 15:30:00,798.95,799.05,791,795.3,2244494
5/19/2016 15:30:00,797,797.7,790,792.5,3114189
5/20/2016 15:30:00,797.9,797.9,790,791.35,2460489
5/23/2016 15:30:00,793,793.7,779.3,784.55,2403975
5/24/2016 15:30:00,786,787,771,772.3,2249441
5/25/2016 15:30:00,778.3,789.9,771.2,785.45,1556315
5/26/2016 15:30:00,781.1,788,774.05,779.35,1900809
5/27/2016 15:30:00,795,828,790.1,824.95,3675225
5/30/2016 15:30:00,831,842,808.25,812.1,4888391
5/31/2016 15:30:00,792,799,756,762.75,15706495
6/1/2016 15:30:00,767.05,771.4,752.45,754.55,4921709
6/2/2016 15:30:00,755.1,758.5,744.55,746.75,4900285
6/3/2016 15:30:00,751.9,751.9,735.05,737.35,5944789
6/6/2016 15:30:00,748.9,750,721.85,724.4,6330743
6/7/2016 15:30:00,728,741.9,710.15,738.8,7369626
6/8/2016 15:30:00,744,744.95,734.4,738,3384926
6/9/2016 15:30:00,738,745.25,731.5,742.7,3948805
6/10/2016 15:30:00,745.85,747,738.4,741.4,2785032
6/13/2016 15:30:00,738.5,748,733.15,746.45,2918950
6/14/2016 15:30:00,748,755,746.55,753.7,2789220
6/15/2016 15:30:00,756.9,758.35,750,751.6,1417625
6/16/2016 15:30:00,752,756.35,742.7,754.6,2717995
6/17/2016 15:30:00,756.5,758.15,740.1,743.2,3317924
6/20/2016 15:30:00,739.85,746.1,733.85,739.85,3323011
6/21/2016 15:30:00,741.1,745.2,735.2,736.3,3703466
6/22/2016 15:30:00,739.95,741.4,731.4,740.05,3715759
6/23/2016 15:30:00,743.95,757.8,743,752.6,3909660
6/24/2016 15:30:00,747.7,765,734,754.75,7640809
6/27/2016 15:30:00,757,775.6,753.3,773.75,4493497
6/28/2016 15:30:00,774,779.35,763.55,765.1,2788888
6/29/2016 15:30:00,770.7,774.45,767.6,770.3,2460436
6/30/2016 15:30:00,775,776.9,761,763.1,4538392
7/1/2016 15:30:00,769,769.45,762.05,763.35,2656477
7/4/2016 15:30:00,768.25,774.8,766.15,770.8,1575107
7/5/2016 15:30:00,772.95,778,764.25,774.5,2746347
7/7/2016 15:30:00,778,782.95,775,778.2,2515212
7/8/2016 15:30:00,781.95,785,774.45,777.5,2174896
7/11/2016 15:30:00,789,793.9,781.5,789,4771555
7/12/2016 15:30:00,792.8,793,778.15,783.05,3402732
7/13/2016 15:30:00,786.85,794.85,775,778.55,3546248
7/14/2016 15:30:00,774.65,774.65,766.85,768.55,4148326
7/15/2016 15:30:00,772,774.8,764.1,770.4,5462554
7/18/2016 15:30:00,774.3,781,770.9,776.7,3096502
7/19/2016 15:30:00,780,787,777.6,782.4,3030866
7/20/2016 15:30:00,785.4,798.3,781.55,797.25,4592908
7/21/2016 15:30:00,800,806,791,794.2,3452258
7/22/2016 15:30:00,796,796,782,786.6,2552125
7/25/2016 15:30:00,788,805,787,804,3836740
7/26/2016 15:30:00,807,808,795.1,798.4,2827707
7/27/2016 15:30:00,797.05,810,791.25,807.9,2447955
7/28/2016 15:30:00,810.4,828,809.5,825.45,3981433
7/29/2016 15:30:00,825,839.8,820.55,829.95,3056996
8/1/2016 15:30:00,837.9,840,822.7,835.65,2052236
8/2/2016 15:30:00,839,847.5,826.85,828.9,2135409
8/3/2016 15:30:00,832.7,847.35,821.3,839.6,2105776
8/4/2016 15:30:00,842,854.95,840.1,848.55,2609726
8/5/2016 15:30:00,852.9,854.45,837.05,841.9,1908271
8/8/2016 15:30:00,842.05,844.85,830.4,832.8,3382787
8/9/2016 15:30:00,834,835.2,822.6,829.35,1896252
8/10/2016 15:30:00,831.7,833,815.05,817.65,1315780
8/11/2016 15:30:00,814.3,818.8,785.2,808.25,6662203
8/12/2016 15:30:00,816.8,825.9,790.55,800.55,8732728
8/16/2016 15:30:00,808.35,808.35,781.2,782.7,5115466
8/17/2016 15:30:00,778.75,790.8,772.8,785,3550406
8/18/2016 15:30:00,790,794.4,785.5,788.8,1585900
8/19/2016 15:30:00,792.75,793.5,779.6,783.8,3217425
8/22/2016 15:30:00,784.25,785,765,770.1,5501620
8/23/2016 15:30:00,770.7,770.7,760,762.35,3756220
8/24/2016 15:30:00,765,775.35,763.55,769.7,3806381
8/25/2016 15:30:00,773.95,777.3,762.05,764.95,2285008
8/26/2016 15:30:00,766.25,768.65,752.75,755.25,1978922
8/29/2016 15:30:00,757.9,762.4,746.6,759.3,2362413
8/30/2016 15:30:00,763.8,777,760.95,774.85,1726397
8/31/2016 15:30:00,778,782,771.3,775.65,3405144
9/1/2016 15:30:00,775.6,778.9,767.25,770.05,1183855
9/2/2016 15:30:00,774,784.3,768,782.35,1867621
9/6/2016 15:30:00,786,789,778.3,782.65,1556462
9/7/2016 15:30:00,783,784.55,776.55,779.25,1353192
9/8/2016 15:30:00,780,809.75,777.3,808.05,3663747
9/9/2016 15:30:00,811,818.5,794.1,797.45,4003165
9/12/2016 15:30:00,789,795.9,779.1,787.05,2621800
9/14/2016 15:30:00,795,796.2,774.4,779.85,3858523
9/15/2016 15:30:00,784,792.6,782.15,786.35,1479337
9/16/2016 15:30:00,790.05,794,781.25,783.8,2303954
9/19/2016 15:30:00,784.55,789.7,780.55,782.5,1283403
9/20/2016 15:30:00,785,786.6,777,778.75,2078649
9/21/2016 15:30:00,782,784.5,776.35,778.85,1572757
9/22/2016 15:30:00,786.05,788.85,783.3,786.75,1730313
9/23/2016 15:30:00,790.1,790.75,778,780.05,1768021
9/26/2016 15:30:00,781,784.25,764.6,766.15,2308824
9/27/2016 15:30:00,766.5,776.9,766.15,770.15,1556490
9/28/2016 15:30:00,766.2,773.75,763.4,764.8,2342694
9/29/2016 15:30:00,769,770,732,735.85,5321213
9/30/2016 15:30:00,739.95,745,735.1,742.7,2051308
10/3/2016 15:30:00,750,761,750,757.05,1856097
10/4/2016 15:30:00,762,773,759.25,764.3,2557812
10/5/2016 15:30:00,768.5,768.5,757.3,759.45,1847125
10/6/2016 15:30:00,765,766.55,750.1,752.9,1755184
10/7/2016 15:30:00,756,756.2,748.8,751.2,1554398
10/10/2016 15:30:00,752.95,758,750,755.45,1365905
10/13/2016 15:30:00,749.2,753.9,735.1,739.7,2996697
10/14/2016 15:30:00,740.9,747,737.4,745.5,1849542
10/17/2016 15:30:00,747.3,747.4,732,733.95,1510291
10/18/2016 15:30:00,735.95,745.3,735.5,743.5,1901132
10/19/2016 15:30:00,748.4,759,747.05,750.25,2267328
10/20/2016 15:30:00,754.75,755.9,742.95,745.5,1360596
10/21/2016 15:30:00,747,749,740.55,747.75,1807639
10/24/2016 15:30:00,749.9,753.7,745.25,747.15,1014731
10/25/2016 15:30:00,749.1,759,746.25,747.4,1924646
10/26/2016 15:30:00,749,749,736.1,738.7,1206610
10/27/2016 15:30:00,742,750.7,737.2,746.9,2686399
10/28/2016 15:30:00,747,752,741.95,743.4,1900094
11/1/2016 15:30:00,749,749,732.1,733.75,2566651
11/2/2016 15:30:00,732.8,732.8,713.1,714.05,3286334
11/3/2016 15:30:00,714,717,700.4,703.65,4374269
11/4/2016 15:30:00,679.9,679.9,647.1,651.5,17908933
11/7/2016 15:30:00,676,677,653,654.9,6663505
11/8/2016 15:30:00,660,663.05,632.3,635.4,9896681
11/9/2016 15:30:00,600,669.15,571.9,660.75,14963330
11/10/2016 15:30:00,680,693.6,664.1,666.2,9357587
11/11/2016 15:30:00,690,708,680,688,13184334
11/15/2016 15:30:00,697.95,705.55,674.65,682.45,5816519
11/16/2016 15:30:00,691,694.75,660,667.4,4722902
11/17/2016 15:30:00,668.75,681.35,660,669.25,3756250
11/18/2016 15:30:00,671.5,692.5,662.05,688.85,6150792
11/21/2016 15:30:00,692,697.1,676.05,690.35,5090705
11/22/2016 15:30:00,699,699.4,685,689.9,3359143
11/23/2016 15:30:00,696,704.9,691.05,701.3,4496512
11/24/2016 15:30:00,699.5,699.5,680,682.5,3783616
11/25/2016 15:30:00,689.5,717,685.1,714.15,4410579
11/28/2016 15:30:00,713.65,720.2,710.05,715.15,2607872
11/29/2016 15:30:00,719.9,721.5,702,706.5,3674024
11/30/2016 15:30:00,710.9,719.5,706.3,709.8,4359468
12/1/2016 15:30:00,709.8,724.5,707,721.5,2796906
12/2/2016 15:30:00,719.3,730.95,716.1,720.35,3163480
12/5/2016 15:30:00,722,725,710.35,713.1,2946490
12/6/2016 15:30:00,716.55,721.7,704.15,706.15,2939600
12/7/2016 15:30:00,700,700,660,664,12922300
12/8/2016 15:30:00,664,679.6,658.85,675.7,6865033
12/9/2016 15:30:00,678,682.8,671.25,673,3298719
12/12/2016 15:30:00,673.2,681.9,670,676.4,2155130
12/13/2016 15:30:00,676,685.7,666.55,684.35,4508196
12/14/2016 15:30:00,685.95,692.65,675,678.4,3202343
12/15/2016 15:30:00,672.8,673.6,645,649.95,9539189
12/16/2016 15:30:00,650.85,651.9,633.6,647.35,10780836
12/19/2016 15:30:00,644,644,630.1,632.25,4214766
12/20/2016 15:30:00,635,638,622.1,627.9,3984283
12/21/2016 15:30:00,632,633.9,613.05,614.45,7404147
12/22/2016 15:30:00,616.25,625,608,609.15,5479188
12/23/2016 15:30:00,614,629.5,611.2,623.5,6105681
12/26/2016 15:30:00,624.55,624.9,610,611.25,3005547
12/27/2016 15:30:00,614,622.2,612.6,621.1,2289086
12/28/2016 15:30:00,624,628.65,619.05,621.35,2516753
12/29/2016 15:30:00,621.5,624.95,611.85,614.7,4788982
12/30/2016 15:30:00,619,632,616.65,630,3523510
1/2/2017 15:30:00,633,640.35,627,634.05,2266225
1/3/2017 15:30:00,637,641.95,631.85,636.1,2821892
1/4/2017 15:30:00,638,643.8,634.8,637.35,2500456
1/5/2017 15:30:00,646.1,647.9,641.5,643.45,2589560
1/6/2017 15:30:00,648.1,649.75,639.45,640.75,1864378
1/9/2017 15:30:00,641.1,646.9,631,632.05,1827405
1/10/2017 15:30:00,635,639.9,627.1,638.55,2559697
1/11/2017 15:30:00,640,649.55,639.3,646.25,2784843
1/12/2017 15:30:00,629,646.9,629,644.75,6269913
1/13/2017 15:30:00,647,657.4,642.45,653,3524996
1/16/2017 15:30:00,651,654.9,642.2,643.5,1349694
1/17/2017 15:30:00,645,652.7,644.45,649.7,3016496
1/18/2017 15:30:00,649,654,644.5,649.95,4013631
1/19/2017 15:30:00,647,653.7,641.1,643.45,2089653
1/20/2017 15:30:00,642.85,647.4,640,641.55,3671360
1/23/2017 15:30:00,640,645.25,632.5,633.65,2955807
1/24/2017 15:30:00,636,644.5,636,641.4,2187797
1/25/2017 15:30:00,644,646.7,634.2,635.85,3068071
1/27/2017 15:30:00,638.3,643,633.8,640.5,2362371
1/30/2017 15:30:00,640.05,654.9,639,644.75,2406083
1/31/2017 15:30:00,644.5,649,630,631.5,1926978
2/1/2017 15:30:00,631,637.45,618.4,625.55,3507275
2/2/2017 15:30:00,626.2,644.7,620,641.4,3819377
2/3/2017 15:30:00,644.5,649.8,640.25,647.25,2048060
2/6/2017 15:30:00,650,677.3,645,675.15,5835962
2/7/2017 15:30:00,675,689.55,667.2,669.6,4274151
2/8/2017 15:30:00,668.65,677,659.2,662.2,2959209
2/9/2017 15:30:00,665,669,653.35,655.5,3295494
2/10/2017 15:30:00,655.5,662.1,650.1,655.05,2814314
2/13/2017 15:30:00,656.5,659.45,648,654.7,1885766
2/14/2017 15:30:00,659,662.85,640.9,649.3,3393607
2/15/2017 15:30:00,650.2,651.75,621.5,623.05,10352763
2/16/2017 15:30:00,624,652,623.45,649.3,6158072
2/17/2017 15:30:00,653.5,677.95,649.1,675.5,6165104
2/20/2017 15:30:00,678,686.4,672.5,679.65,4597889
2/21/2017 15:30:00,681.7,685,670.1,673.2,2972142
2/22/2017 15:30:00,674,675.4,662.75,670.35,2662258
2/23/2017 15:30:00,673.9,681.3,667.05,674.55,4522397
2/27/2017 15:30:00,674.1,685.5,671.1,674.45,3477074
2/28/2017 15:30:00,675,682.3,675,679,2711558
3/1/2017 15:30:00,681.1,697.4,679,694.65,4972108
3/2/2017 15:30:00,700,701.3,672.9,676.15,4783045
3/3/2017 15:30:00,672,688.45,671.1,686.45,2495214
3/6/2017 15:30:00,684,684.5,675.1,683,2858145
3/7/2017 15:30:00,683.6,684.85,675.25,679.65,2152337
3/8/2017 15:30:00,675,688.85,673,680.4,3480865
3/9/2017 15:30:00,680.35,686,676.1,685.15,2408830
3/10/2017 15:30:00,680.05,691.1,680,682.95,1987748
3/14/2017 15:30:00,693.5,729.05,677.1,708.2,9857280
3/15/2017 15:30:00,713,717.45,704.25,705.85,3046871
3/16/2017 15:30:00,711,719.5,707.1,710.8,3087300
3/17/2017 15:30:00,715,716.4,702,707.5,3067000
3/20/2017 15:30:00,709,711,704.5,706.55,1418664
3/21/2017 15:30:00,704,705.9,684.15,698.05,3691911
3/22/2017 15:30:00,694,703,690.85,701.45,2414239
3/23/2017 15:30:00,704,705,699.25,703.15,1294418
3/24/2017 15:30:00,703.5,709.65,700.2,703.9,1357525
3/27/2017 15:30:00,701,703.35,689.5,691.2,1859318
3/28/2017 15:30:00,694.8,702.55,693.7,698.6,1626424
3/29/2017 15:30:00,701,701.4,685,687.65,5152744
3/30/2017 15:30:00,689.8,694.05,685.2,687.05,2558208
3/31/2017 15:30:00,685.2,694.05,684.6,688.15,2898457
4/3/2017 15:30:00,688.75,693.8,685.1,692.4,1347390
4/5/2017 15:30:00,694.5,696.7,686.5,690.7,1977427
4/6/2017 15:30:00,692.95,692.95,683.15,686.9,2015425
4/7/2017 15:30:00,684.9,684.9,662.2,665.95,6076717
4/10/2017 15:30:00,667,669.9,661.2,667.75,2138613
4/11/2017 15:30:00,668.05,673,666.1,670.4,1344759
4/12/2017 15:30:00,672.75,689.5,663.4,683.25,2653626
4/13/2017 15:30:00,688.5,699.85,681.5,692.75,2918733
4/17/2017 15:30:00,682,683,670.3,677.05,2411262
4/18/2017 15:30:00,677.95,679.5,663.95,665.15,1734258
4/19/2017 15:30:00,668.95,676,661.4,663.35,2241129
4/20/2017 15:30:00,666,667.7,655.05,655.95,2071407
4/21/2017 15:30:00,659.45,659.45,636.6,639.6,6091210
4/24/2017 15:30:00,635,645.25,632.05,642.85,4428981
4/25/2017 15:30:00,645.25,649,639.9,642.55,1825996
4/26/2017 15:30:00,643,646.5,635.1,642.8,1915462
4/27/2017 15:30:00,645,646,632.75,637,2432744
4/28/2017 15:30:00,637.25,644.2,637.25,641.95,1903299
5/2/2017 15:30:00,642.4,644.25,627.5,632.8,2415773
5/3/2017 15:30:00,631,635.45,624,628.85,3807210
5/4/2017 15:30:00,628,637.2,623.6,631.5,3150744
5/5/2017 15:30:00,630,638,626,630.2,2538263
5/8/2017 15:30:00,630.95,639.8,626.7,637.15,1544639
5/9/2017 15:30:00,638,642.3,630.45,640.3,1589995
5/10/2017 15:30:00,642.05,646.6,637.35,642.8,1381364
5/11/2017 15:30:00,644.85,649.9,640.15,648.45,1674209
5/12/2017 15:30:00,650,656.7,643.85,655.1,1992719
5/15/2017 15:30:00,655.4,656.85,649.5,654.45,1224004
5/16/2017 15:30:00,655,656.55,648,652.35,2325051
5/17/2017 15:30:00,652.1,653,644.1,650.9,1920624
5/18/2017 15:30:00,648.7,655.25,643.45,653.95,2149513
5/19/2017 15:30:00,655.5,656.95,646.7,653.15,2223401
5/22/2017 15:30:00,654,654,636.3,640.15,3156574
5/23/2017 15:30:00,628,630.85,589.1,614.1,11623535
5/24/2017 15:30:00,615.95,616.3,599.5,603.5,3751856
5/25/2017 15:30:00,609.05,609.3,582.35,591.55,7237706
5/26/2017 15:30:00,590.6,597.85,564,567.65,10814562
5/29/2017 15:30:00,529,529,492.65,502.6,42138319
5/30/2017 15:30:00,502,510.55,502,508,10937265
5/31/2017 15:30:00,512,512.05,499.75,501.6,14794419
6/1/2017 15:30:00,502.1,523.95,502.1,507.45,14169918
6/2/2017 15:30:00,515,517.95,508,514.85,7715676
6/5/2017 15:30:00,520,522,511.65,512.8,5257958
6/6/2017 15:30:00,516,516.35,503,504.3,4813209
6/7/2017 15:30:00,508.9,515.75,504.8,511.55,4217463
6/8/2017 15:30:00,514,534.6,511.6,528.85,10616075
6/9/2017 15:30:00,530,533.85,521.7,524.7,4635649
6/12/2017 15:30:00,525,540.9,521.9,532.55,7634053
6/13/2017 15:30:00,551.15,552,536.2,537.2,9578458
6/14/2017 15:30:00,540,541,532.6,539.55,3182248
6/15/2017 15:30:00,540.75,549.35,536.85,544,4179924
6/16/2017 15:30:00,547.9,547.95,526,529.15,4986232
6/19/2017 15:30:00,533,533.95,521.55,524.85,4118410
6/20/2017 15:30:00,526.1,533.8,519.75,523.8,4464038
6/21/2017 15:30:00,528,535,523.2,528,4257922
6/22/2017 15:30:00,529.5,539.95,529,538.7,5201690
6/23/2017 15:30:00,538,545.5,537,543.8,3920128
6/27/2017 15:30:00,547,549.4,537.25,544.05,4675855
6/28/2017 15:30:00,543.8,548.15,538,545.45,5278948
6/29/2017 15:30:00,546,546.5,534.1,536.9,6060935
6/30/2017 15:30:00,538.8,560.95,538,555.7,6561625
7/3/2017 15:30:00,556,558.2,548.75,552,1580045
7/4/2017 15:30:00,556,556.7,545.7,552.45,1980453
7/5/2017 15:30:00,552.55,560.6,548.75,550.65,3121863
7/6/2017 15:30:00,550.85,552.5,543.45,545.6,4155333
7/7/2017 15:30:00,546,552.25,545,549,4482328
7/10/2017 15:30:00,557.75,570,557.75,563.7,1025468
7/11/2017 15:30:00,565,571.9,562.1,563.8,2824262
7/12/2017 15:30:00,566,567,560,562.4,1383094
7/13/2017 15:30:00,560.05,571.6,560.05,569.3,4364882
7/14/2017 15:30:00,568.9,578.95,568.5,572.55,3111057
7/17/2017 15:30:00,575,577.75,567.5,571.45,1878995
7/18/2017 15:30:00,569.9,583,569,578.25,1868904
7/19/2017 15:30:00,584,590.25,583,589.15,1772229
7/20/2017 15:30:00,591.5,591.5,580,582.05,1054118
7/21/2017 15:30:00,582.7,586.4,575,575.95,2584036
7/24/2017 15:30:00,577,577.9,569.35,570.8,1496356
7/25/2017 15:30:00,571.05,573.35,563.5,565.9,2272849
7/26/2017 15:30:00,568.5,580.3,566.5,579.5,1896905
7/27/2017 15:30:00,580,582.2,567.5,572.1,5119717
7/28/2017 15:30:00,569,569.85,549,550.8,4094196
7/31/2017 15:30:00,553,553.7,528.9,531.65,5404990
8/1/2017 15:30:00,531.65,541.9,530.05,533.8,3699349
8/2/2017 15:30:00,537,537.3,521.75,523.55,3483902
8/3/2017 15:30:00,527,530,514,515.85,4531774
8/4/2017 15:30:00,513.7,513.8,492.65,506.4,7344699
8/7/2017 15:30:00,508.9,513.15,504.25,505.55,2279879
8/8/2017 15:30:00,509,509,498,500.35,3042569
8/9/2017 15:30:00,488.5,493.5,471.35,474.35,11025555
8/10/2017 15:30:00,470.5,485.45,451.05,460.8,10149400
8/11/2017 15:30:00,458,462.95,444.6,450,7851424
8/14/2017 15:30:00,433,476.95,432.7,471.8,20846332
8/16/2017 15:30:00,478,486.7,467.7,485.7,7588306
8/17/2017 15:30:00,485.7,490.4,480.55,488.25,4484873
8/18/2017 15:30:00,485,485,467.2,470.15,4513543
8/21/2017 15:30:00,475.4,475.4,459.4,460.55,4215469
8/22/2017 15:30:00,464,472.5,461.8,470.45,3797497
8/23/2017 15:30:00,473.95,475.95,467.6,469.2,3682870
8/24/2017 15:30:00,471.9,488.45,469.5,483,5680084
8/28/2017 15:30:00,488.8,499.9,483.25,493.2,6388051
8/29/2017 15:30:00,491.95,491.95,479.65,481.8,2605383
8/30/2017 15:30:00,484,488.95,481.45,484.25,2523480
8/31/2017 15:30:00,487.15,487.35,476.65,481.15,4398132
9/1/2017 15:30:00,481,492,480.8,486.2,3998817
9/4/2017 15:30:00,484,509.7,478.15,500.7,4489406
9/5/2017 15:30:00,503,504.55,490.1,491.85,5266455
9/6/2017 15:30:00,486.95,486.95,473,474.25,7344173
9/7/2017 15:30:00,477,483.5,474.25,480.45,2916205
9/8/2017 15:30:00,478.95,484.3,467.25,471.35,3557040
9/11/2017 15:30:00,474.5,476.4,466.2,467.45,3437220
9/12/2017 15:30:00,475,485.55,470.5,483.4,5892218
9/13/2017 15:30:00,484,510.5,479.9,503.35,11440036
9/14/2017 15:30:00,520,527.15,513.6,524.65,10997664
9/15/2017 15:30:00,518.2,527.95,514.1,524.3,7483452
9/18/2017 15:30:00,525,527,511,521.05,3689242
9/19/2017 15:30:00,523.8,529.4,511.6,515.8,4355599
9/20/2017 15:30:00,518.8,519.4,503.6,505.5,5024973
9/21/2017 15:30:00,508.5,525,505,519.65,10217874
9/22/2017 15:30:00,518.95,528.5,508.7,513.85,7990848
9/25/2017 15:30:00,512,514.55,501.5,505.95,4345197
9/26/2017 15:30:00,506,515,505.15,507.6,3615167
9/27/2017 15:30:00,503.95,503.95,489.5,494.7,7594880
9/28/2017 15:30:00,494.7,507,493.5,499.2,5557091
9/29/2017 15:30:00,500.25,506,498.25,503.25,3478824
10/3/2017 15:30:00,509,509.6,500.15,502.65,2880625
10/4/2017 15:30:00,504.1,522,502,517.9,6203591
10/5/2017 15:30:00,519,525,512,513.8,3576059
10/6/2017 15:30:00,518,533,515.8,530.2,6323391
10/9/2017 15:30:00,527.8,536.95,521.6,531.4,5049020
10/10/2017 15:30:00,531.9,535,526.1,527.2,2244596
10/11/2017 15:30:00,530.8,533.15,521.15,526.05,4031497
10/12/2017 15:30:00,543,545,532,539.55,8970339
10/13/2017 15:30:00,541.25,543.1,533,534.7,3819414
10/16/2017 15:30:00,538.4,549.9,533.8,547.95,5322443
10/17/2017 20:00:00,546.9,554,544.55,547.2,4477156
10/18/2017 15:30:00,549.35,549.4,538.85,540.2,3499930
10/19/2017 20:00:00,540.2,543,532,532.5,434929
10/23/2017 15:30:00,536.05,543.5,533.3,540.4,2878772
10/24/2017 15:30:00,537.5,539,533.5,534.55,1940555
10/25/2017 15:30:00,534.9,539,522.25,523.25,2055745
10/26/2017 15:30:00,525.4,538.9,519,530.15,3566575
10/27/2017 15:30:00,532.5,557.9,532.5,549.9,8848376
10/30/2017 15:30:00,552.1,557.3,544.1,553.1,5360570
10/31/2017 15:30:00,553,558.7,545.9,552.9,2907328
11/1/2017 15:30:00,553.05,555.9,546.4,548.7,3304676
11/2/2017 15:30:00,548,572.3,547.65,563.45,8413439
11/3/2017 15:30:00,565,567.8,550.2,551.25,3595527
11/6/2017 15:30:00,553,555.9,539.3,541.2,3987042
11/7/2017 15:30:00,545,549.8,513.25,527.6,8930638
11/8/2017 15:30:00,533,545.4,532.4,537.8,4530173
11/9/2017 15:30:00,555,555,527.05,533.9,4591954
11/10/2017 15:30:00,530,534.2,523.75,527.85,3187021
11/13/2017 15:30:00,526.8,541.6,519.1,532.55,5498679
11/14/2017 15:30:00,533.4,537.9,517.1,526.05,5853721
11/15/2017 15:30:00,516,520,501.1,504.65,8629268
11/16/2017 15:30:00,505,510.8,498.2,508.55,5351102
11/17/2017 15:30:00,510.2,522.15,510.05,517.1,3515919
11/20/2017 15:30:00,520,521.85,514.3,517.15,1977341
11/21/2017 15:30:00,518,541.5,514.55,538.05,7852414
11/22/2017 15:30:00,539.75,544.65,530.15,535.25,4294740
11/23/2017 15:30:00,535,547.5,531.85,544.75,3972361
11/24/2017 15:30:00,545.75,551,541.7,549.5,4099139
11/27/2017 15:30:00,541.1,553.9,538.25,551.55,3833249
11/28/2017 15:30:00,551,556.35,541.1,543.15,2493500
11/29/2017 15:30:00,543,549.65,541.5,547.1,2174433
11/30/2017 15:30:00,547.05,554.95,537.7,539.95,5950729
12/1/2017 15:30:00,544,545.45,522.25,525.95,3164938
12/4/2017 15:30:00,529.8,529.8,516.5,520.75,3306680
12/5/2017 15:30:00,518.55,528,517.65,523.15,3479216
12/6/2017 15:30:00,525.8,526.5,510.1,511.35,3859141
12/7/2017 15:30:00,510,515.55,506,511.25,4470510
12/8/2017 15:30:00,513.5,524,511,521.85,3394236
12/11/2017 15:30:00,525,531,521.85,529.6,2581923
12/12/2017 15:30:00,532,533.75,519.3,520.85,2669035
12/13/2017 15:30:00,521,526.3,515.5,516.85,2072867
12/14/2017 15:30:00,518.2,519.6,511.2,514.4,2301593
12/15/2017 15:30:00,518.5,524,515.9,518.35,3053990
12/18/2017 15:30:00,517,533.7,499.5,529.8,4063126
12/19/2017 15:30:00,533,535.35,525.15,527.5,3216333
12/20/2017 15:30:00,528.8,532.5,525.7,527.25,2558514
12/21/2017 15:30:00,532,538.7,525.8,528.2,5492286
12/22/2017 15:30:00,528.2,533.5,526.05,530.95,2982469
12/26/2017 15:30:00,530.2,544.4,529,541.3,4858794
12/27/2017 15:30:00,543.8,581.7,543.05,576.3,23356359
12/28/2017 15:30:00,580.25,585.6,566.35,568.4,11062915
12/29/2017 15:30:00,572.7,579,568.2,571.15,5197225
1/1/2018 15:30:00,571.5,585.4,571.25,574.05,5314142
1/2/2018 15:30:00,577,582,567.2,572.15,3839130
1/3/2018 15:30:00,575,578.95,567,569.05,2182632
1/4/2018 15:30:00,572,583.95,560.1,581.2,6246746
1/5/2018 15:30:00,585,587.35,575.3,578.75,4600683
1/8/2018 15:30:00,588,604.6,586.15,591.6,10475190
1/9/2018 15:30:00,597,598,584.35,586.5,4025566
1/10/2018 15:30:00,590.8,594,581.4,585.1,2929462
1/11/2018 15:30:00,585.75,598.5,580.5,587.95,5930449
1/12/2018 15:30:00,590,591.45,579.6,583.45,2842683
1/15/2018 15:30:00,586.8,586.8,574.5,576.45,4456611
1/16/2018 15:30:00,577.35,583.95,572.15,577.7,4868363
1/17/2018 15:30:00,583,585.9,576.7,583.75,4812606
1/18/2018 15:30:00,586,589.45,574.3,576.7,3679687
1/19/2018 15:30:00,580,580.65,567.6,572.1,4693971
1/22/2018 15:30:00,573,578.9,568.85,576.15,3072409
1/23/2018 15:30:00,579,585.85,575.5,579.35,4790590
1/24/2018 15:30:00,577,596.5,575.1,586.55,7168397
1/25/2018 15:30:00,591,596,578,579.85,4213982
1/29/2018 15:30:00,581.05,594.2,578.35,587.95,6006564
1/30/2018 15:30:00,585.7,594.75,580.05,591.95,3542190
1/31/2018 15:30:00,590,594.9,575.05,579.9,4781423
2/1/2018 15:30:00,580,580,549.55,554.3,8789899
2/2/2018 15:30:00,552,567.35,544.65,551.2,10873325
2/5/2018 15:30:00,538.8,560.45,533.55,557.45,4734366
2/6/2018 15:30:00,537,554.5,531.2,551.8,6325143
2/7/2018 15:30:00,556,557.45,542.6,549.5,5110233
2/8/2018 15:30:00,540.05,587,533.8,584.1,13707589
2/9/2018 15:30:00,570.1,586,570.1,582.7,3796079
2/12/2018 15:30:00,586,608.95,585,589.15,10261511
2/14/2018 15:30:00,590.95,591.8,571.2,574.8,6630066
2/15/2018 15:30:00,565.4,584.95,565.4,575.75,10715444
2/16/2018 15:30:00,575.4,577.55,563.35,575.25,6640151
2/19/2018 15:30:00,575,577.25,553.55,561.4,3518880
2/20/2018 15:30:00,564.65,566.65,557,559.5,2481944
2/21/2018 15:30:00,560.05,563,511.3,525.75,21898950
2/22/2018 15:30:00,527.5,547,524,541.45,12473655
2/23/2018 15:30:00,550,575.25,546,569.65,30844893
2/26/2018 15:30:00,570,571.9,553.35,555.95,8083731
2/27/2018 15:30:00,555.95,563.45,542.05,544.8,6920945
2/28/2018 15:30:00,543,552.35,532.65,535.35,8366660
3/1/2018 15:30:00,537.95,541.5,533.25,535.4,4264631
3/5/2018 15:30:00,535.1,552.7,527.05,548.55,7343286
3/6/2018 15:30:00,561,563,530,531.75,9825945
3/7/2018 15:30:00,532,534.15,520.1,524.85,6282066
3/8/2018 15:30:00,529.7,530.5,509.5,514.6,9316674
3/9/2018 15:30:00,514,519.9,505,506.8,4996423
3/12/2018 15:30:00,511,516,506.55,512.65,4632925
3/13/2018 15:30:00,512.65,525.5,512.65,523.3,4795084
3/14/2018 15:30:00,523.3,523.3,516.1,520.1,2469628
3/15/2018 15:30:00,520,529,514.75,516.45,3013808
3/16/2018 15:30:00,512.05,522,501.3,503.05,8924919
3/19/2018 15:30:00,506.8,508.55,496,497.65,5580228
3/20/2018 15:30:00,496.75,511,493.75,508.75,4615574
3/21/2018 15:30:00,513.95,515.6,502.55,504.5,3986735
3/22/2018 15:30:00,520,521,505.1,508.4,8691889
3/23/2018 15:30:00,501.8,506.75,497.55,502.4,5098042
3/26/2018 15:30:00,502.4,506.9,496.1,503.2,4203954
3/27/2018 15:30:00,506,512.25,503.2,505.1,4458072
3/28/2018 15:30:00,504,504.7,492,495.1,6856832
4/2/2018 15:30:00,500.9,510,496.05,507.85,2924481
4/3/2018 15:30:00,506,512.2,504.5,510,2709038
4/4/2018 15:30:00,514.95,514.95,501,502.25,3120925
4/5/2018 15:30:00,506,513,505.1,507.55,2409577
4/6/2018 15:30:00,508,515.3,507,512.6,2772128
4/9/2018 15:30:00,512,517.75,507.35,510.85,2395291
4/10/2018 15:30:00,512.4,515.9,507.5,508.25,2645876
4/11/2018 15:30:00,511,522.9,510.3,521.45,5693850
4/12/2018 15:30:00,521.5,521.5,509.6,515.9,3619891
4/13/2018 15:30:00,514.6,519.8,510.3,513,2130074
4/16/2018 15:30:00,513,521,511.5,519.4,2687330
4/17/2018 15:30:00,521.9,521.9,510.5,512.15,3104869
4/18/2018 15:30:00,514.35,517.4,510.65,512,2412444
4/19/2018 15:30:00,515,515,506.35,509.2,1936774
4/20/2018 15:30:00,509,509,502,505.3,4431085
4/23/2018 15:30:00,505,515.5,505,514.25,2424057
4/24/2018 15:30:00,515.9,523.5,512.5,517.8,3432552
4/25/2018 15:30:00,514.5,521.45,511.2,514.05,2112975
4/26/2018 15:30:00,514,522.7,511.3,512.6,3304748
4/27/2018 15:30:00,517.5,526.4,515.25,524.15,3998704
4/30/2018 15:30:00,528,530.95,525.1,528.4,1689385
5/2/2018 15:30:00,530,530.75,510.45,515.2,5805988
5/3/2018 15:30:00,517,539.3,511.65,536,7457111
5/4/2018 15:30:00,530,533,516.4,517.95,5429919
5/7/2018 15:30:00,518,520,506.5,513.7,3837196
5/8/2018 15:30:00,514,519.25,508.6,511.45,2519096
5/9/2018 15:30:00,511.45,514.8,505.2,506.15,2477607
5/10/2018 15:30:00,508,509.25,495.3,497.2,4218689
5/11/2018 15:30:00,494,496.15,467.75,472.05,9906203
5/14/2018 15:30:00,473,487.8,472,473.8,6746471
5/15/2018 15:30:00,474,480,459,468.65,5493167
5/16/2018 15:30:00,466,473,462.5,471.7,4675165
5/17/2018 15:30:00,473,486,468.35,479.85,5939278
5/18/2018 15:30:00,488.95,488.95,462.85,464.9,8722402
5/21/2018 15:30:00,464.2,465,440.3,443.75,5809871
5/22/2018 15:30:00,444.85,456,435,453,4466739
5/23/2018 15:30:00,454,461.5,449.45,452.25,4549341
5/24/2018 15:30:00,454.9,469.7,451.45,462.85,6237036
5/25/2018 15:30:00,465.5,469.4,456,466.45,4971624
5/28/2018 15:30:00,485,504.95,480,499.7,16007675
5/29/2018 15:30:00,496.6,509.95,490.05,499.5,8258927
5/30/2018 15:30:00,494.9,503.7,492.35,494.55,3851368
5/31/2018 15:30:00,494.9,496,472.9,480.35,18790216
6/1/2018 15:30:00,485,489.55,479.1,484.35,3793797
6/4/2018 15:30:00,486,490.8,476.8,478.6,2995860
6/5/2018 15:30:00,476.15,483.25,470.15,473.5,3076737
6/6/2018 15:30:00,476.9,492.2,473.1,489.85,4126448
6/7/2018 15:30:00,490.65,493.9,485.55,488.75,2197858
6/8/2018 15:30:00,487,533.65,486.25,528.25,29224236
6/11/2018 15:30:00,530,544,526.15,535.7,16452353
6/12/2018 15:30:00,535.7,544.95,531.35,540.45,8140874
6/13/2018 15:30:00,552.2,560.95,542.35,546.3,20167822
6/14/2018 15:30:00,546,562,542,559.25,12154425
6/15/2018 15:30:00,562,573.85,561,571.3,15166730
6/18/2018 15:30:00,572,578.3,563.9,570.1,6090932
6/19/2018 15:30:00,570,576.5,558.35,559.95,6719183
6/20/2018 15:30:00,559,565.7,553.1,564.1,4435880
6/21/2018 15:30:00,565,567.45,552.6,554.5,3243433
6/22/2018 15:30:00,553,581.8,547.65,577.25,9935404
6/25/2018 15:30:00,576.9,592,567.95,571.8,14303449
6/26/2018 15:30:00,571.35,576.5,565.8,572.95,4726890
6/27/2018 15:30:00,577,581.7,568.5,576.9,8539318
6/28/2018 15:30:00,577.75,583.2,564.2,567.3,5516028
6/29/2018 15:30:00,569,571.9,560.15,564,4416940
7/2/2018 15:30:00,566.3,572.85,558.5,563.15,4132132
7/3/2018 15:30:00,564.8,576.8,560.7,573.6,5950013
7/4/2018 15:30:00,576,588.85,573.05,579.3,9406196
7/5/2018 15:30:00,581,581,564.9,566.95,3833300
7/6/2018 15:30:00,567.4,573.25,555,558.1,5609846
7/9/2018 15:30:00,560.6,572.6,560.6,568.8,4117856
7/10/2018 15:30:00,569,572,558,563.95,4594276
7/11/2018 15:30:00,564.95,569.7,559.6,560.75,3519985
7/12/2018 15:30:00,563,570.7,558,564.45,3736611
7/13/2018 15:30:00,566.8,567,557.05,559.75,2012823
7/16/2018 15:30:00,559.5,560,530.7,533.95,4267330
7/17/2018 15:30:00,535,551.75,533,548.65,3699579
7/18/2018 15:30:00,554.95,559.2,542.85,549.9,5720388
7/19/2018 15:30:00,552.4,553.8,542.25,544.95,2767826
7/20/2018 15:30:00,545,563,545,560.1,2702091
7/23/2018 15:30:00,562.7,567,557.5,561.75,2459719
7/24/2018 15:30:00,562.1,568.5,559.05,562.7,2480730
7/25/2018 15:30:00,566.4,567.35,555.5,558.15,2161490
7/26/2018 15:30:00,553.95,563.8,551.5,555.4,3113443
7/27/2018 15:30:00,555.9,561,553.25,557.05,2638153
7/30/2018 15:30:00,555.3,566.75,551.95,562.7,3441224
7/31/2018 15:30:00,562.5,575.75,560.15,568.5,5998010
8/1/2018 15:30:00,570,576.8,563.8,574.65,3672172
8/2/2018 15:30:00,575.9,587.55,575.3,580.4,5898107
8/3/2018 15:30:00,583.9,589.4,583.85,585.85,3298774
8/6/2018 15:30:00,586.5,593.4,575.1,576.15,3867267
8/7/2018 15:30:00,580.45,582.5,568.25,569.7,3076068
8/8/2018 15:30:00,570,578.35,564.3,574,2970652
8/9/2018 15:30:00,575.2,584.9,563.05,571.45,4595269
8/10/2018 15:30:00,566.1,569.7,548.85,554,6086714
8/13/2018 15:30:00,556.9,567.5,552.6,563.9,3254839
8/14/2018 15:30:00,565.5,610,560.1,601.8,25001972
8/16/2018 15:30:00,610,621.7,602.2,619.7,25169096
8/17/2018 15:30:00,623,633.4,619,623.5,14161255
8/20/2018 15:30:00,625,630.95,620.25,626.35,9494515
8/21/2018 15:30:00,626.9,639.45,620.5,635.4,7752348
8/23/2018 15:30:00,639.9,645.5,634.3,639.65,8942755
8/24/2018 15:30:00,638.25,639.8,618.7,629.8,7909136
8/27/2018 15:30:00,632.3,636.6,620.65,621.8,8253456
8/28/2018 15:30:00,625,633.45,619.1,621.2,4181613
8/29/2018 15:30:00,623.9,631,616.8,621.25,4435825
8/30/2018 15:30:00,623.5,642,622.15,639.95,9022572
8/31/2018 15:30:00,643.45,659.4,643.3,652.85,12972927
9/3/2018 15:30:00,658.8,673.5,651.25,656.2,12185947
9/4/2018 15:30:00,658,663.45,645.15,655.35,7989190
9/5/2018 15:30:00,654.1,671.8,653.75,663.75,9140409
9/6/2018 15:30:00,668,679.3,663.25,677.4,7815292
9/7/2018 15:30:00,650,670,640,664.25,22074525
9/10/2018 15:30:00,656.5,667.25,635.35,638,9930755
9/11/2018 15:30:00,643,649.4,627.55,630.4,8273963
9/12/2018 15:30:00,625,654.4,620.1,649.9,11215125
9/14/2018 15:30:00,665,670.9,658,665.25,7444874
9/17/2018 15:30:00,661,668.25,644.2,646.2,6264996
9/18/2018 15:30:00,646.4,655.7,640.5,642.5,5780144
9/19/2018 15:30:00,651.95,657.25,641.6,648.85,7659788
9/21/2018 15:30:00,650,655,614.5,634.9,9635852
9/24/2018 15:30:00,638,642.95,616,624,5305739
9/25/2018 15:30:00,624.1,645,624.05,641.1,7213759
9/26/2018 15:30:00,649.8,649.8,632.55,639.85,4850782
9/27/2018 15:30:00,641.7,643.95,625.2,631.25,4070395
9/28/2018 15:30:00,630,636.35,616.1,623.25,6693066
10/1/2018 15:30:00,624,639,610,634.7,5527208
10/3/2018 15:30:00,636.5,640.75,618.5,620.85,4723773
10/4/2018 15:30:00,618,620.75,590.85,599.05,4851894
10/5/2018 15:30:00,595,616.35,591.05,597.95,6804502
10/8/2018 15:30:00,592,608.75,589.1,604.25,4400199
10/9/2018 15:30:00,608,617.3,597.6,609.75,4516779
10/10/2018 15:30:00,610,619.5,593,602.95,5566798
10/11/2018 15:30:00,590,603.25,582.7,586.7,4591533
10/12/2018 15:30:00,591.1,597.75,582.65,590.6,5795641
10/15/2018 15:30:00,593.7,603.45,586.65,599.95,3422475
10/16/2018 15:30:00,601.95,612,592.85,602.7,3557343
10/17/2018 15:30:00,609.4,609.4,591,593.45,2629035
10/19/2018 15:30:00,591.9,611.5,590.1,609.95,4841857
10/22/2018 15:30:00,610.7,616.8,603.45,606.9,4362446
10/23/2018 15:30:00,605,605.6,572.75,575.85,4538253
10/24/2018 15:30:00,583,584,561.45,570.7,5820242
10/25/2018 15:30:00,565.25,572.45,552.1,558.75,6105402
10/26/2018 15:30:00,558.75,561.5,550,554.05,4002009
10/29/2018 15:30:00,554.5,577.6,554.45,573.6,3640433
10/30/2018 15:30:00,571.9,575.9,559.65,562.05,2783468
10/31/2018 15:30:00,562.55,582,560.45,580.25,5896444
11/1/2018 15:30:00,581.25,584.5,568,571.85,2779373
11/2/2018 15:30:00,574,579.75,568.3,571.85,2688591
11/5/2018 19:00:00,571,583.95,564.25,571.6,2962317
11/6/2018 15:30:00,576.05,585.9,575,579.35,3500726
11/9/2018 15:30:00,587.7,604.8,583.1,597.45,6848765
11/12/2018 15:30:00,600.4,601,587,589.5,4284490
11/13/2018 15:30:00,589.5,592.9,556.25,561.75,9176639
11/14/2018 15:30:00,557.2,558.8,516,520.1,25499010
11/15/2018 15:30:00,522,528,508.1,515.1,11390206
11/16/2018 15:30:00,518.4,525.55,513.4,519.75,5732203
11/19/2018 15:30:00,525,533,519.7,531.55,5239761
11/20/2018 15:30:00,530,532.6,521.3,525.45,3084743
11/21/2018 15:30:00,525.5,536.3,525.5,532.85,4029454
11/22/2018 15:30:00,532.5,532.5,524.75,525.95,2263069
11/26/2018 15:30:00,527,528.15,506.4,510.75,5189359
11/27/2018 15:30:00,518.9,519.35,474.5,493.85,39588964
11/28/2018 15:30:00,489,502.4,481.5,486,11393583
11/29/2018 15:30:00,489,491.45,478.7,484.4,7391256
11/30/2018 15:30:00,486.95,493.95,481.75,492.6,6544665
12/3/2018 15:30:00,450,461,441.15,455.4,61492013
12/4/2018 15:30:00,457.75,464.7,441.55,442.9,36233775
12/5/2018 15:30:00,443,445.25,401.5,412.95,48891969
12/6/2018 15:30:00,416,431.5,413,420.15,56087131
12/7/2018 15:30:00,425,426,408.15,411.25,23905860
12/10/2018 15:30:00,405,409.25,397.05,399,24690744
12/11/2018 15:30:00,390.6,424.8,390.6,422.3,24688467
12/12/2018 15:30:00,426.7,433.7,423.1,431.45,16244450
12/13/2018 15:30:00,422,429.3,418,422.1,16853821
12/14/2018 15:30:00,421.95,426,417.1,420.65,8144364
12/17/2018 15:30:00,421.8,425.4,420,420.95,6151952
12/18/2018 15:30:00,421,434.9,418.85,433.45,14402058
12/19/2018 15:30:00,433.45,434.4,422.8,423.8,7882841
12/20/2018 15:30:00,422,431,421.6,429.05,6156074
12/21/2018 15:30:00,429.5,433,423,425.3,7315242
12/24/2018 15:30:00,427.05,434,422.3,424.35,7052582
12/26/2018 15:30:00,423.45,423.45,410,413.65,8406699
12/27/2018 15:30:00,423,423.3,410,411.15,12839897
12/28/2018 15:30:00,415,428.7,413.5,425.2,12805576
12/31/2018 15:30:00,428.1,432.3,425.5,430.5,6368707
1/1/2019 15:30:00,432.5,438.8,429.65,433.55,8487116
1/2/2019 15:30:00,430.5,441.2,429.25,440.05,9656878
1/3/2019 15:30:00,442.05,443.6,434,436.1,9479511
1/4/2019 15:30:00,439.1,439.9,432.2,433.8,6228693
1/7/2019 15:30:00,437.1,438,429.3,430.8,4118235
1/8/2019 15:30:00,433.8,449,432.35,448.05,12368631
1/9/2019 15:30:00,450.5,453.65,443.7,448.75,9034282
1/10/2019 15:30:00,445.1,448,440.45,444.6,3672333
1/11/2019 15:30:00,445.05,449.75,441.6,444.4,3778103
1/14/2019 15:30:00,447,452,443.75,450.85,5784064
1/15/2019 15:30:00,453.25,454.5,449.5,452.45,4291873
1/16/2019 15:30:00,451.4,457.4,447.15,453.8,5879148
1/17/2019 15:30:00,455,455.4,422.5,426.55,8343750
1/18/2019 15:30:00,424.05,424.1,370.2,390.75,82906214
1/21/2019 15:30:00,390.1,406.55,390.05,398.3,48936782
1/22/2019 15:30:00,411,423.5,409.4,418.95,38255365
1/23/2019 15:30:00,417.7,434.4,411.65,431,26921274
1/24/2019 15:30:00,431,438,417.1,423,18446490
1/25/2019 15:30:00,425.4,429.75,419.35,422.4,8720973
1/28/2019 15:30:00,424,424.75,410.15,411.75,5809082
1/29/2019 15:30:00,410.5,424.75,406.25,422.4,7472930
1/30/2019 15:30:00,424,426,416.2,417.95,4351530
1/31/2019 15:30:00,419,431.35,413.7,423.45,16672076
2/1/2019 15:30:00,421.2,428,417,423.25,3950126
2/4/2019 15:30:00,422.3,423,409.2,414.8,3679517
2/5/2019 15:30:00,414.8,418.5,406.55,409.9,3523707
2/6/2019 15:30:00,410,419,403.3,416.6,5638849
2/7/2019 15:30:00,423,445.8,421.1,434.9,18187249
2/8/2019 15:30:00,434,435.9,424.5,431.05,6133747
2/11/2019 15:30:00,432.25,433.6,420.85,428.55,4945054
2/12/2019 15:30:00,427.2,444,424.05,436.6,8559968
2/13/2019 15:30:00,454.9,455,426.45,431.25,31434625
2/14/2019 15:30:00,432,444.9,428.65,440.9,9040227
2/15/2019 15:30:00,440.75,440.75,416.45,422.9,10206627
2/18/2019 15:30:00,424.5,428,413.3,414.65,6210412
2/19/2019 15:30:00,417.15,422.4,412.35,413.65,4742270
2/20/2019 15:30:00,418,424.45,416.05,422.35,4385350
2/21/2019 15:30:00,425.2,432,422.7,429.7,4736317
2/22/2019 15:30:00,431,436.75,428.45,430.5,4373261
2/25/2019 15:30:00,431.4,438.75,427.5,436.1,4849697
2/26/2019 15:30:00,430.5,440,422.85,435.75,5255113
2/27/2019 15:30:00,436.5,451.65,436,442.7,12232682
2/28/2019 15:30:00,446.6,451.5,442.1,445.15,10862473
3/1/2019 15:30:00,447.9,451,445.05,447.35,5608805
3/5/2019 15:30:00,447.85,456.9,445.35,455.9,5251255
3/6/2019 15:30:00,457,469.35,446.95,460.55,13004184
3/7/2019 15:30:00,459.5,463,448.8,450.9,10701581
3/8/2019 15:30:00,449.5,457.9,447.3,454.95,5040326
3/11/2019 15:30:00,456,461.45,454,459.45,4628360
3/12/2019 15:30:00,463,471.65,462,470.3,8660320
3/13/2019 15:30:00,473,475,452.5,456.5,7156428
3/14/2019 15:30:00,456.9,468.5,456,466.15,8039525
3/15/2019 15:30:00,466.2,469.95,462.3,464.35,5877969
3/18/2019 15:30:00,466,469.9,458.65,465.65,4382489
3/19/2019 15:30:00,467.5,475.25,466.65,468.95,6725926
3/20/2019 15:30:00,470.75,476.8,466,474.75,4235163
3/22/2019 15:30:00,475.8,479.7,469.35,473.25,6125288
3/25/2019 15:30:00,468.5,469.45,461.2,464.65,4043446
3/26/2019 15:30:00,467,471.5,462.1,469.8,3843580
3/27/2019 15:30:00,471.8,477.35,459.75,464.85,6016947
3/28/2019 15:30:00,465,479.8,465,475.45,10590187
3/29/2019 15:30:00,475.55,482.95,472.3,478.85,5625338
4/1/2019 15:30:00,480.95,484.25,475.6,478.85,3583589
4/2/2019 15:30:00,482,483.9,467.1,469.7,4034802
4/3/2019 15:30:00,471,473.9,459.15,462,4715586
4/4/2019 15:30:00,463,469.9,459.5,465.6,4151406
4/5/2019 15:30:00,467.1,470,461.5,463.15,2205935
4/8/2019 15:30:00,464.6,467.2,460.45,462.45,2274003
4/9/2019 15:30:00,457.25,472.4,454.8,470.95,4345243
4/10/2019 15:30:00,468,479.9,467.35,471.95,3887388
4/11/2019 15:30:00,465.25,470.9,461.6,465.55,4429596
4/12/2019 15:30:00,467,468.5,462.3,465.05,3332732
4/15/2019 15:30:00,465.3,466.8,457.5,458.65,3770497
4/16/2019 15:30:00,459.45,464.5,458.65,462.55,2825105
4/18/2019 15:30:00,463.9,466,456.7,463.2,3567327
4/22/2019 15:30:00,464,465.05,452.4,454.5,1828896
4/23/2019 15:30:00,453,472.4,453,468.55,5292341
4/24/2019 15:30:00,469.1,470,462.5,469.35,2821522
4/25/2019 15:30:00,465.25,474.6,459.5,461,5244937
4/26/2019 15:30:00,464,469.4,462.6,464.1,2903286
4/30/2019 15:30:00,464,464,446,457.65,6586352
5/2/2019 15:30:00,456.95,461.7,450.5,452.2,3732218
5/3/2019 15:30:00,455,456.2,448.85,453.25,2585548
5/6/2019 15:30:00,448,455.9,446.45,453.15,3104707
5/7/2019 19:00:00,456,456,446.45,448.2,4189396
5/8/2019 15:30:00,447.75,449.85,433.45,439.15,4885249
5/9/2019 15:30:00,436,442.7,431.55,439.35,3550114
5/10/2019 15:30:00,437,442.65,434.45,437.75,3482485
5/13/2019 15:30:00,437.75,437.75,344.55,398.1,24079258
5/14/2019 15:30:00,406.05,424.5,403.25,419.45,18797497
5/15/2019 15:30:00,420,424.5,407.1,409.75,7581005
5/16/2019 15:30:00,411.5,419.6,379.05,412.4,25156049
5/17/2019 15:30:00,409.05,416,401.7,409.1,7747301
5/20/2019 15:30:00,420,429,410.2,413.5,3809738
5/21/2019 15:30:00,414.2,423.75,405.65,408.85,6228488
5/22/2019 15:30:00,409,423.55,408,421.2,7277731
5/23/2019 15:30:00,425,427,410.2,412.95,5906044
5/24/2019 15:30:00,416.7,418,411.65,415.75,3010407
5/27/2019 15:30:00,416.95,421.5,411.55,414.85,3886561
5/28/2019 15:30:00,417,420.5,410.2,412.75,7987111
5/29/2019 15:30:00,418.05,427.8,403.55,423.8,28086149
5/30/2019 15:30:00,421.25,422.7,411.2,412.75,9082367
5/31/2019 15:30:00,414.8,417.1,406.05,409.85,5643400
6/3/2019 15:30:00,411,418.6,407.5,416.8,4611475
6/4/2019 15:30:00,414.8,417.9,409.1,411.15,3279047
6/6/2019 15:30:00,411.25,413.5,402.6,404.15,3483633
6/7/2019 15:30:00,405,406.9,395.1,399.25,4668474
6/10/2019 15:30:00,402,405.8,394.05,402.05,4966075
6/11/2019 15:30:00,396,397.8,384,389.95,13833555
6/12/2019 15:30:00,391,397,385.25,391.4,7739283
6/13/2019 15:30:00,391,393.75,385.4,389.75,4090663
6/14/2019 15:30:00,390,394.85,376.55,392.55,9786375
6/17/2019 15:30:00,391.7,394.5,379.85,382.9,6558933
6/18/2019 15:30:00,381.4,385.6,374.3,378.45,3761637
6/19/2019 15:30:00,380,382.1,368.15,375.2,7197444
6/20/2019 15:30:00,368,392.2,368,390.5,8109029
6/21/2019 15:30:00,388.9,391.7,381.05,382.8,5389874
6/24/2019 15:30:00,381.8,385.4,377.5,383.45,3702836
6/25/2019 15:30:00,382.5,387.5,377.55,385.75,4480306
6/26/2019 15:30:00,385,403.55,384.65,399.45,9571797
6/27/2019 15:30:00,399.05,405.4,394.75,402.8,7651785
6/28/2019 15:30:00,404.9,409.8,398.15,400.95,7283442
7/1/2019 15:30:00,402,406.5,401.5,405.35,2254468
7/2/2019 15:30:00,404.85,407,391.15,395.55,5539613
7/3/2019 15:30:00,397.4,399.15,393.1,395.7,2683086
7/4/2019 15:30:00,396.7,398.05,391.2,392.1,3308295
7/5/2019 15:30:00,393.5,394.4,373.4,375.25,5446432
7/8/2019 15:30:00,375,380.9,365.4,366.8,7355520
7/9/2019 15:30:00,367,395,367,386.4,15428006
7/10/2019 15:30:00,386,397.35,380.6,392.2,10202064
7/11/2019 15:30:00,394.9,400.35,390.3,398.15,7759443
7/12/2019 15:30:00,400.5,411.5,397.35,407.7,13549864
7/15/2019 15:30:00,416.25,427.7,413.65,422.95,18269604
7/16/2019 15:30:00,420.8,435,418.65,433.3,8630766
7/17/2019 15:30:00,433,436.3,428.1,430.05,6500759
7/18/2019 15:30:00,430.05,432.9,424.65,426.2,4711395
7/19/2019 15:30:00,427,429.4,416.05,421.35,5104476
7/22/2019 15:30:00,419.1,443.3,419,430.25,10420113
7/23/2019 15:30:00,431,435.5,427.1,430.25,6698368
7/24/2019 15:30:00,430,432.45,421.7,425.55,5319256
7/25/2019 15:30:00,425.8,439.7,425.55,437.15,11412685
7/26/2019 15:30:00,437,442.2,433.1,439.95,5094438
7/29/2019 15:30:00,440,441.7,429.2,431.05,4448863
7/30/2019 15:30:00,430,441.3,405,410.35,9461831
7/31/2019 15:30:00,410,428.8,409,426.75,7746831
8/1/2019 15:30:00,424.8,427.75,418,425.1,3635110
8/2/2019 15:30:00,422.9,426.5,417.35,420.65,3490912
8/5/2019 15:30:00,417.65,423.75,411.05,417.15,4784904
8/6/2019 15:30:00,416,422.45,414.5,418.2,3204070
8/7/2019 15:30:00,421,429,418.1,421.05,5431353
8/8/2019 15:30:00,424,428.2,418.15,426.45,3157083
8/9/2019 15:30:00,428,430.35,418.45,422,3434604
8/13/2019 15:30:00,421.5,444.5,420.75,439.25,13211835
8/14/2019 15:30:00,440,441,408.05,417.15,16173302
8/16/2019 15:30:00,419.4,421.4,410,414.7,6536156
8/19/2019 15:30:00,424.75,434.2,421,426,11584821
8/20/2019 15:30:00,426,426.5,417.3,420.9,5151625
8/21/2019 15:30:00,421,425.85,413.6,417,5120294
8/22/2019 15:30:00,416.7,420.75,408.5,414.55,5299316
8/23/2019 15:30:00,415,429.95,408.9,427.8,5479802
8/26/2019 15:30:00,428,429.8,415.1,419.35,6258106
8/27/2019 15:30:00,424.05,425.45,415.1,416.75,6738413
8/28/2019 15:30:00,416.9,421.7,411.5,413.1,3441725
8/29/2019 15:30:00,428,438.6,421.1,434.65,19967263
8/30/2019 15:30:00,432.95,453.4,429.75,450.4,12308149
9/3/2019 15:30:00,450,456,434.3,439.35,9396440
9/4/2019 15:30:00,424.55,429.45,401.3,426.45,33952423
9/5/2019 15:30:00,428,433.95,423.35,431.8,8793166
9/6/2019 15:30:00,416.7,427.2,414.45,425.1,12513040
9/9/2019 15:30:00,426,432.5,426,428.8,5488753
9/11/2019 15:30:00,432,435,421.25,422.2,7742635
9/12/2019 15:30:00,424.75,439.8,419.45,427.8,9896642
9/13/2019 15:30:00,430.45,432.85,421.1,422.85,6847742
9/16/2019 15:30:00,421,429.5,419.95,426.8,5239616
9/17/2019 15:30:00,426.7,427.55,419.15,420.65,3367950
9/18/2019 15:30:00,423.9,424.6,414.25,416.8,3728621
9/19/2019 15:30:00,416.8,418.9,408.2,411.15,4238714
9/20/2019 15:30:00,413.9,420.8,408,413.7,11785529
9/23/2019 15:30:00,418,424.3,405.4,409.45,7342291
9/24/2019 15:30:00,408,419.7,406.35,409.65,5860106
9/25/2019 15:30:00,409.6,412.7,401.75,406.75,5031063
9/26/2019 15:30:00,406.75,413,405.3,411.95,5309789
9/27/2019 15:30:00,412,412.5,400.25,401.7,3835936
9/30/2019 15:30:00,402.9,403,386.55,389.45,6674624
10/1/2019 15:30:00,388.5,396.4,380.1,386.55,4308157
10/3/2019 15:30:00,382,391.45,377.65,388.15,5216456
10/4/2019 15:30:00,389,394,384.2,386.05,4024033
10/7/2019 15:30:00,386.05,387.65,372.6,379.9,5151963
10/9/2019 15:30:00,378,387.75,374.2,383.95,4991946
10/10/2019 15:30:00,385,389.8,378.7,387.05,4581317
10/11/2019 15:30:00,387.4,389.35,381.5,386.3,4273739
10/14/2019 15:30:00,387,399,387,394.65,4372357
10/15/2019 15:30:00,397.2,400,392.25,396.8,2892153
10/16/2019 15:30:00,398.05,402.2,394.25,399.7,5503380
10/17/2019 15:30:00,401.6,402.55,396.8,401.5,2934902
10/18/2019 15:30:00,401,406.5,397.5,401.65,4647037
10/22/2019 15:30:00,402,408,400.95,405.45,2944611
10/23/2019 15:30:00,405.6,411.35,403,405.2,3374975
10/24/2019 15:30:00,405,407.75,398.7,405.95,3017220
10/25/2019 19:00:00,405,419.5,401.05,417.5,4845146
10/27/2019 19:25:00,416.05,419.8,416.05,417,359071
10/29/2019 15:30:00,417.7,425.5,414,421.95,3863059
10/30/2019 15:30:00,426.95,432.55,418.1,429.65,3511610
10/31/2019 15:30:00,429.6,440.55,428.8,433.4,6710116
11/1/2019 15:30:00,434.65,440.9,433.1,437.55,3545584
11/4/2019 15:30:00,439.95,442.4,433.65,437.95,4646694
11/5/2019 15:30:00,435.5,439.8,424.05,429.9,6719996
11/6/2019 15:30:00,432.4,452.9,422.1,427.9,15917528
11/7/2019 15:30:00,431.7,444,423.4,440.6,14294406
11/8/2019 15:30:00,442,442.5,420.85,422.1,11902470
11/11/2019 15:30:00,415,423.3,407.1,421.45,10249882
11/13/2019 15:30:00,420,426.9,410,412,6033467
11/14/2019 15:30:00,413.2,417.35,407.55,410.2,4750176
11/15/2019 15:30:00,412.75,418.9,410.15,415.05,5416931
11/18/2019 15:30:00,418,430,417.05,424.55,7710740
11/19/2019 15:30:00,425,429.9,421.6,425.9,4163853
11/20/2019 15:30:00,427.2,460.6,423.85,450,23107507
11/21/2019 15:30:00,450,454.45,443.6,447.15,7480460
11/22/2019 15:30:00,450,461.9,445.1,452.1,12114721
11/25/2019 15:30:00,453,463.9,450,458.95,8251208
11/26/2019 15:30:00,463.8,467.4,446.5,450.75,11278843
11/27/2019 15:30:00,449.95,461,447.55,458.75,6481012
11/28/2019 15:30:00,456.2,462.4,455.15,457.35,4005893
11/29/2019 15:30:00,458.4,460.55,447.45,449.85,3198828
12/2/2019 15:30:00,449,449.6,437,440,4933088
12/3/2019 15:30:00,441.4,442.2,430.5,433.6,3602073
12/4/2019 15:30:00,433.5,444.7,431.7,443.7,4318531
12/5/2019 15:30:00,440,441.95,433.25,436.7,4096921
12/6/2019 15:30:00,440.3,444.2,427,428.6,5805588
12/9/2019 15:30:00,431.85,434.6,423.6,427,4959765
12/10/2019 15:30:00,429.6,435.75,425.3,427.65,5578960
12/11/2019 15:30:00,429.1,431.9,425.15,429.8,3322986
12/12/2019 15:30:00,430.9,437.9,430.25,434.15,2794856
12/13/2019 15:30:00,437.6,441.9,425.6,439.25,5386394
12/16/2019 15:30:00,431.25,437.2,426.4,435.15,8290756
12/17/2019 15:30:00,434,437.5,426.25,429.05,6407264
12/18/2019 15:30:00,430,441.4,427.3,439.75,5341984
12/19/2019 15:30:00,439.8,440.6,427.5,433.6,6465219
12/20/2019 15:30:00,429.15,436.7,428.05,430.3,7157364
12/23/2019 15:30:00,427.1,432,426.6,428.4,4534617
12/24/2019 15:30:00,428,432.45,425.4,429.8,4210004
12/26/2019 15:30:00,430.9,431.4,420.65,422.15,5296867
12/27/2019 15:30:00,422,427.15,421.4,426,3413181
12/30/2019 15:30:00,428.95,433.5,426.7,430.15,4758825
12/31/2019 15:30:00,430.1,435.4,428.7,432.55,2957369
1/1/2020 15:30:00,432.95,436.45,431.25,434.3,2321850
1/2/2020 15:30:00,434,442.6,432,434.95,4555670
1/3/2020 15:30:00,434.65,450.4,433.05,444.6,9457180
1/6/2020 15:30:00,440.9,444.7,435.1,439.95,4794923
1/7/2020 15:30:00,441.4,448,437.55,446.4,4504083
1/8/2020 15:30:00,442.95,446.5,439,440.1,3881918
1/9/2020 15:30:00,442.7,444.85,439,439.85,3934566
1/10/2020 15:30:00,440.1,449,440,443.6,4334013
1/13/2020 15:30:00,447,453.65,442.55,444.6,4823348
1/14/2020 15:30:00,447,449.5,444.4,446,2708589
1/15/2020 15:30:00,447.6,450.7,443.65,449.05,3054107
1/16/2020 15:30:00,452.25,456.35,447.4,449.05,4416809
1/17/2020 15:30:00,448.2,456.25,446,454.6,3216737
1/20/2020 15:30:00,454.2,456.2,446.15,449.45,2824739
1/21/2020 15:30:00,448,451.75,446,447.4,2573651
1/22/2020 15:30:00,448.4,453.85,445.35,446.3,3412716
1/23/2020 15:30:00,447.2,452.2,445,449.85,1875787
1/24/2020 15:30:00,450,452.85,446.8,447.8,2153164
1/27/2020 15:30:00,447,451.75,442.2,448.4,3530914
1/28/2020 15:30:00,448.25,462.5,448.05,452.9,9487290
1/29/2020 15:30:00,454.85,456.75,449.45,450.1,3103817
1/30/2020 15:30:00,451.5,453.75,440.3,442.1,3486193
1/31/2020 15:30:00,442.6,445.4,432.65,434.3,3757229
2/1/2020 17:00:00,432.95,437.4,419.4,422.7,2135780
2/3/2020 15:30:00,423.8,428.9,414,417.55,4032780
2/4/2020 15:30:00,416.95,426.9,412.85,425.65,4848610
2/5/2020 15:30:00,429.5,431.4,421.9,426.25,3826307
2/6/2020 15:30:00,428.2,438,424,430.65,7745520
2/7/2020 15:30:00,432,441.75,423.2,430.8,7402556
2/10/2020 15:30:00,428.55,432.75,418.3,420.3,3638523
2/11/2020 15:30:00,422,424.7,416.8,418.55,4683072
2/12/2020 15:30:00,418.8,421.3,414,414.6,4439987
2/13/2020 15:30:00,414.6,420.1,412,418.95,3924569
2/14/2020 15:30:00,420,424.75,416.5,418.55,2862205
2/17/2020 15:30:00,416.2,418.5,407.3,408.4,2625157
2/18/2020 15:30:00,407,410.85,399.05,408.65,4187206
2/19/2020 15:30:00,410.4,414.2,400.6,403.55,5910512
2/20/2020 15:30:00,403.85,411.5,403.55,404.95,4000525
2/24/2020 15:30:00,406.5,414.65,395.8,397.85,12668574
2/25/2020 15:30:00,402.4,402.4,385.3,388.9,10050971
2/26/2020 15:30:00,385.1,386.95,372.5,374.7,12146582
2/27/2020 15:30:00,375,390.7,369.45,388.5,15164166
2/28/2020 15:30:00,379.65,385.6,371.1,372.9,8439591
3/2/2020 15:30:00,378,383.65,363.35,369.5,6915567
3/3/2020 15:30:00,374,396.4,373.25,393.55,14474553
3/4/2020 15:30:00,398,412.9,387.35,405.45,26369149
3/5/2020 15:30:00,409.95,414.8,401.75,404.9,9874059
3/6/2020 15:30:00,390.05,403.2,390.05,400.9,6500912
3/9/2020 15:30:00,396.05,403.9,385.55,393.35,13152861
3/11/2020 15:30:00,394.4,395.25,380.05,385.95,9127364
3/12/2020 15:30:00,365.5,372.7,346.4,354.8,11663067
3/13/2020 15:30:00,341,402.95,325,384.2,15802656
3/16/2020 15:30:00,376,396.4,362.8,368.55,14480706
3/17/2020 15:30:00,376,395.6,364.2,370.15,12903647
3/18/2020 15:30:00,383.4,386.4,355.1,362.75,12342705
3/19/2020 15:30:00,351.7,374.45,347.65,360.4,8728105
3/20/2020 15:30:00,365.2,379.5,362.2,365.25,10631944
3/23/2020 15:30:00,345,354.7,315.05,324.5,8018903
3/24/2020 15:30:00,330,348,330,335.15,6408587
3/25/2020 15:30:00,332,350.8,329.55,347.65,6174391
3/26/2020 15:30:00,365,368,336.1,338.3,11670467
3/27/2020 15:30:00,347,352.5,333,338.25,7745785
3/30/2020 15:30:00,321.65,344,312,332.7,11648309
3/31/2020 15:30:00,340.1,355,328.25,352.3,9954246
4/1/2020 15:30:00,353,355.25,338.4,343.55,6702259
4/3/2020 15:30:00,343.95,389.8,340,375.95,28550650
4/7/2020 15:30:00,398,422.85,388.3,417.35,29675452
4/8/2020 15:30:00,419,448.75,413.15,436.7,27810987
4/9/2020 15:30:00,454.4,473.9,443.4,454.45,31863686
4/13/2020 15:30:00,462.95,477.9,443.1,462.35,30510404
4/15/2020 15:30:00,474.9,488.5,444.1,449.2,32508977
4/16/2020 15:30:00,450,467.6,449.2,463.7,16933112
4/17/2020 15:30:00,476.95,476.95,448.45,457.1,19774595
4/20/2020 15:30:00,457.35,475,450.55,473.4,17894276
4/21/2020 15:30:00,467.85,490.7,464.25,473.15,30022318
4/22/2020 15:30:00,474.95,482.4,469,474.35,13336594
4/23/2020 15:30:00,476.95,487.85,474.35,477.45,13748836
4/24/2020 15:30:00,476.95,497,473.55,485.55,23394286
4/27/2020 15:30:00,491,504.8,487,489.9,19311559
4/28/2020 15:30:00,495,495.4,470.3,473.95,12847952
4/29/2020 15:30:00,476,484.95,473.15,477.65,10166501
4/30/2020 15:30:00,484,485,458.4,464.45,18471937
5/4/2020 15:30:00,464.45,474.5,458,465.45,16097081
5/5/2020 15:30:00,469.8,472.5,454,456.3,7852607
5/6/2020 15:30:00,459.6,463,448,454.4,10829910
5/7/2020 15:30:00,462,465.7,450.2,452.2,11216370
5/8/2020 15:30:00,460,471.4,454.05,469,13693935
5/11/2020 15:30:00,473.7,475.55,461.3,463.85,10294818
5/12/2020 15:30:00,465,468.8,455.3,463.9,9507982
5/13/2020 15:30:00,469,469.45,450.2,452.35,10010346
5/14/2020 15:30:00,453,462.95,448.8,455.95,11764891
5/15/2020 15:30:00,455.95,458.9,445.55,448.6,7863397
5/18/2020 15:30:00,447,454.6,434.25,440.7,9067512
5/19/2020 15:30:00,443.8,456,438.6,441.7,10126406
5/20/2020 15:30:00,439.9,458.45,437.25,455.75,7967090
5/21/2020 15:30:00,455.5,469,453,466.45,8988288
5/22/2020 15:30:00,467,471.9,458.05,469.4,10194360
5/26/2020 15:30:00,471,475.5,457,459.15,9801065
5/27/2020 15:30:00,464.9,464.9,443.4,450.9,13253945
5/28/2020 15:30:00,453.9,461.65,444.7,459.1,12633089
5/29/2020 15:30:00,460,481.6,458,474.25,12663543
6/1/2020 15:30:00,483.5,483.7,458.3,465.4,18563845
6/2/2020 15:30:00,470,481,468.15,473.1,10978082
6/3/2020 15:30:00,474.95,481.6,473,476.15,7768553
6/4/2020 15:30:00,473,498,472.1,494.85,19100370
6/5/2020 15:30:00,501,511,492.2,494.25,22798422
6/8/2020 15:30:00,498.75,498.75,485.05,489,9182445
6/9/2020 15:30:00,492,512.7,492,500.75,25884208
6/10/2020 15:30:00,502.5,507,493.55,499.15,10636665
6/11/2020 15:30:00,490,493.8,469.1,473.65,18547537
6/12/2020 15:30:00,455,481.9,455,480.1,11499860
6/15/2020 15:30:00,481,489.4,472.7,485.8,10727543
6/16/2020 15:30:00,489.4,493.5,476.5,483.4,11249453
6/17/2020 15:30:00,484.15,489.75,479.1,485.65,8222224
6/18/2020 15:30:00,485.65,488.5,483,484.25,4077225
6/19/2020 15:30:00,486.8,491.95,485.2,488.1,8114876
6/22/2020 15:30:00,492.2,501.2,486,493.2,9204207
6/23/2020 15:30:00,493.2,503,489.5,500.45,10732868
6/24/2020 15:30:00,502,503.4,481,484.4,8567595
6/25/2020 15:30:00,480.3,492.5,477,487.65,6954202
6/26/2020 15:30:00,490.25,491,472.2,479.95,7492508
6/29/2020 15:30:00,475.5,487.35,475,482,5727890
6/30/2020 15:30:00,483.4,483.95,469.8,472.95,8339627
7/1/2020 15:30:00,473.5,475.8,466.15,468.15,5984010
7/2/2020 15:30:00,468,474.95,467.95,473,3732197
7/3/2020 15:30:00,477,479.35,472,476.85,4666366
7/6/2020 15:30:00,478,481.25,471.4,480.2,5995308
7/7/2020 15:30:00,480,486,476.15,479.25,6793461
7/8/2020 15:30:00,482.55,488,479.95,482.5,6279478
7/9/2020 15:30:00,484.55,487.2,480.35,481.95,3184423
7/10/2020 15:30:00,484.65,498.9,483.05,493.9,14899981
7/13/2020 15:30:00,495,501.7,492.3,499.7,7504401
7/14/2020 15:30:00,500,503.9,490.1,492.1,6997303
7/15/2020 15:30:00,494.2,499.4,492.2,495.1,4710293
7/16/2020 15:30:00,496,505.95,490.6,499.7,11263599
7/17/2020 15:30:00,499.6,509.55,497.35,503.6,9592498
7/20/2020 15:30:00,501.9,501.9,481.6,483.8,16111403
7/21/2020 15:30:00,488,488.2,475,477.25,8471187
7/22/2020 15:30:00,479.65,488,471.6,474.3,9848012
7/23/2020 15:30:00,477.95,481.85,474.05,476,5416318
7/24/2020 15:30:00,490,497.8,481.25,485.6,19812565
7/27/2020 15:30:00,484.85,487.6,469,475.5,6112630
7/28/2020 15:30:00,475.5,483.75,473.25,482.6,5917310
7/29/2020 15:30:00,485.7,496.3,484.15,493,8531989
7/30/2020 15:30:00,493.2,513.2,487.3,509.95,17535910
7/31/2020 15:30:00,514.25,541,507.5,531.7,41253779
8/3/2020 15:30:00,534.1,540.2,516.8,519.4,25348260
8/4/2020 15:30:00,522,532.4,517.25,528.95,11950188
8/5/2020 15:30:00,537.9,538,527.05,528.85,10928710
8/6/2020 15:30:00,533.9,541.45,526.15,532.25,10920296
8/7/2020 15:30:00,532.3,535.45,522.6,525.95,7275659
8/10/2020 15:30:00,526,550.8,526,543.85,16271351
8/11/2020 15:30:00,548,549.6,535.1,541.05,7774090
8/12/2020 15:30:00,540.75,540.75,529.75,532.15,7407250
8/13/2020 15:30:00,532.15,535.95,519.05,520.8,8730794
8/14/2020 15:30:00,523.5,536,522,531.35,11787371
8/17/2020 15:30:00,536.1,537.5,527,528.35,6657885
8/18/2020 15:30:00,531.7,533.9,524.15,526,5556024
8/19/2020 15:30:00,530,532.9,524.35,525.4,5415554
8/20/2020 15:30:00,524.5,529.9,521.05,522.3,4886692
8/21/2020 15:30:00,526.55,538.7,524.3,532.35,9833584
8/24/2020 15:30:00,538.65,538.65,528.05,533.45,5675869
8/25/2020 15:30:00,533.6,535.15,523.45,525.1,4414408
8/26/2020 15:30:00,526.05,530,522.25,525.15,5206246
8/27/2020 15:30:00,528.95,537,524.4,532.25,8564631
8/28/2020 15:30:00,538.1,564.75,534.75,555.75,29018297
8/31/2020 15:30:00,560.65,561,514.05,520.25,20056911
9/1/2020 15:30:00,521.2,527.65,506.2,521.45,13861215
9/2/2020 15:30:00,523.5,525.6,509.2,514.5,9636649
9/3/2020 15:30:00,518.55,526.85,512.55,523.45,10052115
9/4/2020 15:30:00,518,530.4,508.25,512.45,12380218
9/7/2020 15:30:00,516,518.2,504.25,513.25,6320017
9/8/2020 15:30:00,512,517.65,498.65,501.9,8519591
9/9/2020 15:30:00,497,512.8,493.6,509.3,10532178
9/10/2020 15:30:00,512.7,516.7,503.65,507.95,8572923
9/11/2020 15:30:00,507,512.35,502.6,505.55,5190138
9/14/2020 15:30:00,505.55,509,494,495.8,8041445
9/15/2020 15:30:00,498,512.4,496,506.4,11686776
9/16/2020 15:30:00,510.15,520,503.4,518.5,10080179
9/17/2020 15:30:00,516.8,521.9,510.5,512,9959284
9/18/2020 15:30:00,517.45,535,515,523.35,25685408
9/21/2020 15:30:00,523.8,528.25,499,503.65,9983045
9/22/2020 15:30:00,509.5,515,493.6,508.85,9862296
9/23/2020 15:30:00,520.5,521,498.25,502.9,10846053
9/24/2020 15:30:00,497.5,501.25,483,485.8,8769524
9/25/2020 15:30:00,496,496,483.85,489.65,9665296
9/28/2020 15:30:00,495,512,488.5,510.1,12222648
9/29/2020 15:30:00,517.85,517.85,504.5,506.15,8592549
9/30/2020 15:30:00,508,516.2,498.3,500.45,12981977
10/1/2020 15:30:00,505.1,510.5,501.3,506.9,6733155
10/5/2020 15:30:00,507,525.1,503.8,523.1,8831632
10/6/2020 15:30:00,526,527.6,519,521.05,8537289
10/7/2020 15:30:00,516.1,522.9,509.2,511.75,8346537
10/8/2020 15:30:00,514.6,526,511.75,524.1,9392759
10/9/2020 15:30:00,525,529.3,511.05,512.9,11469442
10/12/2020 15:30:00,514.9,517.35,509.3,513.9,7092678
10/13/2020 15:30:00,514,519.95,501.6,503.15,8851581
10/14/2020 15:30:00,503.15,507.5,493.3,502.2,7640410
10/15/2020 15:30:00,504.7,504.7,489,490.3,6605327
10/16/2020 15:30:00,491,494.75,485.25,486.9,9086863
10/19/2020 15:30:00,489.95,490.9,480.9,483.65,5158876
10/20/2020 15:30:00,484.95,488.55,480.4,486.35,5551108
10/21/2020 15:30:00,489,492.2,481.5,490.2,7270052
10/22/2020 15:30:00,491.2,491.4,481.7,485.55,6428938
10/23/2020 15:30:00,488,494.5,482.9,484.5,6579267
10/26/2020 15:30:00,487.4,487.4,471.1,474.5,6499287
10/27/2020 15:30:00,474.6,476.75,467.25,470.45,7693124
10/28/2020 15:30:00,473,475.75,461.4,463.4,7724076
10/29/2020 15:30:00,463,464,452.25,456.35,8297097
10/30/2020 15:30:00,458.65,469,455.85,465.75,8680726
11/2/2020 15:30:00,467.9,471,459.05,469.4,7737909
11/3/2020 15:30:00,472.05,490.6,465.75,485.6,16853462
11/4/2020 15:30:00,499.9,518.25,495.15,504.65,48182254
11/5/2020 15:30:00,508,514,502.5,512.5,14095319
11/6/2020 15:30:00,515,515.75,506.75,509.15,9251548
11/9/2020 15:30:00,512.5,518,504.45,510.15,9718357
11/10/2020 15:30:00,511,514.25,489,490.9,12767338
11/11/2020 15:30:00,495,508.35,492,506.05,11754997
11/12/2020 15:30:00,503.95,517.7,502.2,509.25,10911897
11/13/2020 15:30:00,511.95,515.8,504.55,508.45,9501329
11/17/2020 15:30:00,517,523.4,514.05,518.4,12411197
11/18/2020 15:30:00,514,518.35,509,513,6483702
11/19/2020 15:30:00,512,516.15,505,507.35,6843207
11/20/2020 15:30:00,510,512.5,496,503.25,7594535
11/23/2020 15:30:00,504,516.4,501,512.85,8931512
11/24/2020 15:30:00,513.5,522.75,508.2,520.15,9096230
11/25/2020 15:30:00,521.2,526,504.15,506.2,10673809
11/26/2020 15:30:00,506,513,502.3,511.7,7494355
11/27/2020 15:30:00,514,520.8,509.2,511.65,12954065
12/1/2020 15:30:00,518,542.75,512.65,539.35,25388623
12/2/2020 15:30:00,540.9,547,536,544.65,14234038
12/3/2020 15:30:00,550,551.45,541,548.25,9345458
12/4/2020 15:30:00,550,572.9,545.2,569.05,16177536
12/7/2020 15:30:00,570.35,591.5,567.05,582.3,21232768
12/8/2020 15:30:00,582,582,565.8,568.7,10673103
12/9/2020 15:30:00,571,583.95,566.7,569.55,11144200
12/10/2020 15:30:00,570,574.75,560.1,565.2,6755693
12/11/2020 15:30:00,567.9,572.95,562,568.1,6968494
12/14/2020 15:30:00,568.35,578.65,568.35,576.25,8582193
12/15/2020 15:30:00,575,580,569,571.65,5896090
12/16/2020 15:30:00,571,578.5,571,576.6,5135499
12/17/2020 15:30:00,579.5,586.3,569.7,571.35,9025916
12/18/2020 15:30:00,574,576.9,568,575,4940687
12/21/2020 15:30:00,573.8,585.9,539.7,552.55,12715463
12/22/2020 15:30:00,553,571.1,540.4,568.3,8012096
12/23/2020 15:30:00,570,576.55,566.1,574.6,4958783
12/24/2020 15:30:00,574.6,595,572.15,590.45,7486583
12/28/2020 15:30:00,599,599.45,584.55,586.95,12299793
12/29/2020 15:30:00,589.8,596,583.15,590.6,7430043
12/30/2020 15:30:00,595,595,581.5,584,5589703
12/31/2020 15:30:00,584.65,594.9,582.05,592.35,8835267
1/1/2021 15:30:00,592.5,599.75,585.85,596.25,8229768
1/4/2021 15:30:00,600,609.45,595.2,604.4,11329298
1/5/2021 15:30:00,608.45,608.7,600,603.45,7790158
1/6/2021 15:30:00,604.1,610.95,596.15,605.3,6422080
1/7/2021 15:30:00,606.05,608,598,601.9,4555702
1/8/2021 15:30:00,607,622.8,604,620.8,11451416
1/11/2021 15:30:00,623.7,628,614.05,621,7516087
1/12/2021 15:30:00,621,623.9,607.05,609.65,6747035
1/13/2021 15:30:00,611,614.5,597.25,602.3,6186661
1/14/2021 15:30:00,602.3,611.65,596.4,607.05,6730284
1/15/2021 15:30:00,609,616.8,598.1,604.3,8389544
1/18/2021 15:30:00,604.1,607.35,578.45,581.45,7414570
1/19/2021 15:30:00,586.9,603,583.35,596.55,5500391
1/20/2021 15:30:00,601.2,603.6,592.95,594.7,5182972
1/21/2021 15:30:00,598,598.75,580.65,582.9,4546393
1/22/2021 15:30:00,582.9,586.95,570.6,575.2,5591688
1/25/2021 15:30:00,577.1,594,567,586.4,8149590
1/27/2021 15:30:00,585.9,585.9,563.75,569.8,8534047
1/28/2021 15:30:00,554.9,574.5,550.4,564.35,9863454
1/29/2021 15:30:00,568,600,554.1,586.2,22539938
2/1/2021 15:30:00,596,599.4,579.6,590.15,12621971
2/2/2021 15:30:00,596.95,616.9,591.5,609.45,15788247
2/3/2021 15:30:00,612.5,648.4,610.5,629.2,23788455
2/4/2021 15:30:00,632.5,641,626.25,631.5,7926593
2/5/2021 15:30:00,633.5,644.25,623.15,634.75,10981738
2/8/2021 15:30:00,640.9,644.85,632.55,634.65,6479801
2/9/2021 15:30:00,631.9,639.25,621,623.6,5794015
2/10/2021 15:30:00,623.05,631.55,614.1,627.1,6902162
2/11/2021 15:30:00,622,648.75,622,643.65,11433578
2/12/2021 15:30:00,654.4,654.4,622.35,627.15,15471776
2/15/2021 15:30:00,632,637.3,623.3,627.5,7310676
2/16/2021 15:30:00,631,634.5,623,631.15,6137454
2/17/2021 15:30:00,628.7,632.4,619.8,621.25,4700733
2/18/2021 15:30:00,622,627.25,614.1,616.05,5633766
2/19/2021 15:30:00,615.9,622.3,601.2,607.3,7301975
2/22/2021 15:30:00,608,610.85,590.4,595.3,5330343
2/23/2021 15:30:00,595,608.35,592,604.05,7564187
2/24/2021 15:30:00,607.1,609.35,595.85,601.45,3296243
2/25/2021 15:30:00,606.4,618.9,602.7,609.55,6261754
2/26/2021 15:30:00,604.95,621.35,590,594.6,15404415
3/1/2021 15:30:00,600,610.8,597.05,604.45,5274758
3/2/2021 15:30:00,609,616.35,604.5,614.2,4776776
3/3/2021 15:30:00,616.5,625.4,612.25,624.35,6626297
3/4/2021 15:30:00,622,636.75,616,618.95,11530735
3/5/2021 15:30:00,619.45,619.45,606.9,611.2,6127488
3/8/2021 15:30:00,611.5,621.9,611.3,614.8,4554461
3/9/2021 15:30:00,618,620.9,607.5,612.6,4035628
3/10/2021 15:30:00,618,627.9,615.35,626,5825924
3/12/2021 15:30:00,628,629.15,611.5,613.6,4264170
3/15/2021 15:30:00,614,614,596.5,605.5,4030875
3/16/2021 15:30:00,606,609.95,599.25,602.3,4189930
3/17/2021 15:30:00,604,604,582,584.75,7667561
3/18/2021 15:30:00,587.4,591.55,572,574.55,5537584
3/19/2021 15:30:00,571,582.65,562.1,578.3,6186643
3/22/2021 15:30:00,578.6,593.6,578.6,591,7033955
3/23/2021 15:30:00,591.2,594.7,583,587.85,5341729
3/24/2021 15:30:00,585,597,583.2,585.3,7299582
3/25/2021 15:30:00,584.4,587.95,571.5,575.75,4710869
3/26/2021 15:30:00,580.85,590.3,574.6,587.2,5761818
3/30/2021 15:30:00,594.95,599,587.25,597.7,4637898
3/31/2021 15:30:00,598.2,606,595.7,597.8,5269919
4/1/2021 15:30:00,600,612.7,597.35,610.75,6033653
4/5/2021 15:30:00,611.7,611.95,592.75,608.8,5353987
4/6/2021 15:30:00,608.75,621.9,603.5,620.45,7444994
4/7/2021 15:30:00,621,628.4,616.15,621.05,4757224
4/8/2021 15:30:00,620.55,626,613.3,614.25,3222479
4/9/2021 15:30:00,613,642,609.5,636.75,16755446
4/12/2021 15:30:00,639,645.85,615.2,619.35,15229597
4/13/2021 15:30:00,624,635.55,616.1,627.35,7399207
4/15/2021 15:30:00,633.6,641.5,626.5,633.25,8588761
4/16/2021 15:30:00,633.25,650,626.35,646.05,9804095
4/19/2021 15:30:00,644,651.4,635,640.65,11340358
4/20/2021 15:30:00,643.8,659.5,639.15,645.15,13831258
4/22/2021 15:30:00,650.7,658,638.1,639.95,11295290
4/23/2021 15:30:00,636.5,645.8,630.15,637.95,7668180
4/26/2021 15:30:00,644,644,631,634.7,6527947
4/27/2021 15:30:00,632.7,642.45,632,639.25,5112384
4/28/2021 15:30:00,640.95,647.3,638.3,643.4,6069155
4/29/2021 15:30:00,648.95,652,641.1,644.5,5676290
4/30/2021 15:30:00,642,666.6,640.1,654.45,10874266
5/3/2021 15:30:00,653.95,663.95,650.1,659.2,6567597
5/4/2021 15:30:00,662,664.9,642,645.15,5604638
5/5/2021 15:30:00,642.25,687.9,642.25,683.4,25296369
5/6/2021 15:30:00,689.85,696.7,673.35,679.4,11153908
5/7/2021 15:30:00,681,691,677.6,679.45,6466334
5/10/2021 15:30:00,688,703.5,683.6,698.2,10924222
5/11/2021 15:30:00,698.5,721.85,696.2,708.1,14760511
5/12/2021 15:30:00,714.95,714.95,700,702.85,7250661
5/14/2021 15:30:00,703,711,687,691.45,6851035
5/17/2021 15:30:00,688,698.5,680.05,687.15,6318234
5/18/2021 15:30:00,691,695.85,684.75,690.8,4080423
5/19/2021 15:30:00,694.3,706.75,690.8,703.4,7745431
5/20/2021 15:30:00,700,701.65,685,686.85,6226376
5/21/2021 15:30:00,691.75,694.5,688,690.4,3434231
5/24/2021 15:30:00,691,698.4,689.6,690.95,3722957
5/25/2021 15:30:00,695,697.4,691,696.1,2800233
5/26/2021 15:30:00,699.5,706.15,696.2,703.8,6235460
5/27/2021 15:30:00,707.25,709.75,694.5,699.5,9875654
5/28/2021 15:30:00,694,694.5,666.3,669.75,28316552
5/31/2021 15:30:00,672,675.7,659,668.3,13947126
6/1/2021 15:30:00,670.1,673.3,664.3,671.05,6443084
6/2/2021 15:30:00,671,678.1,670.15,677.45,4978457
6/3/2021 15:30:00,678,680.85,673.5,675.5,3604574
6/4/2021 15:30:00,678.9,679.25,672.8,673.95,3747803
6/7/2021 15:30:00,673.95,677.8,670.9,675.35,2793705
6/8/2021 15:30:00,673,679.95,665.1,678.75,5695920
6/9/2021 15:30:00,681.05,684.7,667.6,672.85,4492551
6/10/2021 15:30:00,673.05,681,673,676.05,3099864
6/11/2021 15:30:00,675.2,686.35,674.05,681.3,3822099
6/14/2021 15:30:00,682,683.7,671.55,677.1,3640962
6/15/2021 15:30:00,677.1,681.4,671.75,673.2,3862284
6/16/2021 15:30:00,675,680.5,666.85,668.55,4842448
6/17/2021 15:30:00,671.8,673.55,661.65,665.05,2776147
6/18/2021 15:30:00,667,673,652.7,668.5,4158743
6/21/2021 15:30:00,662,674.8,662,671.35,2932177
6/22/2021 15:30:00,678,680.25,665.85,666.8,4577152
6/23/2021 15:30:00,666.8,672.35,664.25,665.25,2631031
6/24/2021 15:30:00,664.2,671,661.5,664.8,3460776
6/25/2021 15:30:00,664.8,677.4,664.8,672.25,3010243
6/28/2021 15:30:00,675,679.9,669.55,676.3,3342385
6/29/2021 15:30:00,673.25,681.5,673.1,677.6,2937766
6/30/2021 15:30:00,678.05,683.45,674.25,675.45,3768943
7/1/2021 15:30:00,675,685.8,673.7,684.15,4102748
7/2/2021 15:30:00,685.5,689.5,678.3,681.25,5071894
7/5/2021 15:30:00,684,684.95,678.6,680.2,1600769
7/6/2021 15:30:00,678,683,672.4,673.25,2682423
7/7/2021 15:30:00,668,682,666.1,680.1,2576763
7/8/2021 15:30:00,677,680.9,665.1,666.9,2548016
7/9/2021 15:30:00,666.5,672.3,664.2,667.9,1994075
7/12/2021 15:30:00,668.6,672.85,666.4,668.55,1555035
7/13/2021 15:30:00,670.3,689.35,669,683,7744032
7/14/2021 15:30:00,681.95,692.4,681,685.95,2663467
7/15/2021 15:30:00,686,688.2,681.3,683,1905193
7/16/2021 15:30:00,684.9,695.65,682.65,688.6,3479357
7/19/2021 15:30:00,678.05,691.5,678.05,689.25,1940882
7/20/2021 15:30:00,689,691.6,673.9,676.45,2724983
7/22/2021 15:30:00,680,688.2,675.55,687.3,2047831
7/23/2021 15:30:00,686.2,698.95,681.6,694,3956261
7/26/2021 15:30:00,695.2,705,695.2,703.4,4715053
7/27/2021 15:30:00,705,705.7,673.85,688.3,5327355
7/28/2021 15:30:00,688.3,691.95,672.55,687.8,3332667
7/29/2021 15:30:00,687.8,705.95,680.7,703,4397443
7/30/2021 15:30:00,702.95,783.75,696.15,773.95,35893710
8/2/2021 15:30:00,785,801.9,764.1,775,18661462
8/3/2021 15:30:00,773.95,804.35,765.25,794.8,14678219
8/4/2021 15:30:00,791,797.9,779.7,785.75,5796169
8/5/2021 15:30:00,785.5,794.4,783.3,786.15,5026619
8/6/2021 15:30:00,786.5,796.45,781.55,785.2,4064324
8/9/2021 15:30:00,789.15,793,782,788.8,2873586
8/10/2021 15:30:00,789.95,798.8,782.2,793.35,5656020
8/11/2021 15:30:00,794,795,773.3,779.55,4275776
8/12/2021 15:30:00,780,781.25,773.15,778.65,2821380
8/13/2021 15:30:00,769,788.5,767.65,778.3,4319920
8/16/2021 15:30:00,775.2,783,771.05,780.8,2310304
8/17/2021 15:30:00,783,793.2,778.2,784.15,5686055
8/18/2021 15:30:00,788,791.4,779.3,782.9,4036305
8/20/2021 15:30:00,775,784.45,743.35,761.15,6238261
8/23/2021 15:30:00,765,770,750.8,759.35,2375417
8/24/2021 15:30:00,759.8,777.95,754.25,771.35,2732537
8/25/2021 15:30:00,770,776,759.6,769.05,2254852
8/26/2021 15:30:00,765.15,771.1,759.25,760.55,1735864
8/27/2021 15:30:00,760.75,777,758.1,771.8,2432862
8/30/2021 15:30:00,769,794.95,768.15,787.2,3617125
8/31/2021 15:30:00,787.45,801,783.7,794.05,7435465
9/1/2021 15:30:00,795.05,803.9,787,788.5,2811619
9/2/2021 15:30:00,790.3,795.65,788.3,789.95,2679549
9/3/2021 15:30:00,793,797.2,784,789.4,2860730
9/6/2021 15:30:00,789.4,793.1,779.75,784.25,4613445
9/7/2021 15:30:00,782,783,766.6,769.9,3851664
9/8/2021 15:30:00,767.3,778.95,763.55,777.45,2548562
9/9/2021 15:30:00,772.2,782.25,771.45,776.3,2008287
9/13/2021 15:30:00,776.3,783,771.65,780.3,1935832
9/14/2021 15:30:00,784.7,788,777.3,781.4,1996844
9/15/2021 15:30:00,784.7,785.75,778.8,780.65,1393824
9/16/2021 15:30:00,780,784.55,778.3,781.05,1353677
9/17/2021 15:30:00,785,787.9,766.65,769.9,4052622
9/20/2021 15:30:00,766.7,774.75,751.6,756.5,2206369
9/21/2021 15:30:00,756.5,766.35,751.05,764.5,2123997
9/22/2021 15:30:00,765,774,764.5,770.1,1817865
9/23/2021 15:30:00,771.1,777.2,766.1,769.85,2109768
9/24/2021 15:30:00,769,776.65,762,770.45,1777859
9/27/2021 15:30:00,771.45,774.5,760.1,763.05,2862731
9/28/2021 15:30:00,766.7,791,754.95,775.1,4938824
9/29/2021 15:30:00,784,819.75,771.35,811.3,18565413
9/30/2021 15:30:00,814.8,832.95,806.6,818.25,10478553
10/1/2021 15:30:00,812,830.7,805.3,826.6,5730355
10/4/2021 15:30:00,830,838.9,826.45,832,4007435
10/5/2021 15:30:00,828,834.4,814.95,820.5,2987134
10/6/2021 15:30:00,820.45,824,797.3,800.6,2910453
10/7/2021 15:30:00,808.05,826.35,804.1,823.25,4089061
10/8/2021 15:30:00,825.1,833.8,818.6,821.4,2753935
10/11/2021 15:30:00,826,836.2,817.8,832.55,2988841
10/12/2021 15:30:00,833.5,842.75,823.7,829.7,2407031
10/13/2021 15:30:00,827.95,846.8,827.25,842.55,4113083
10/14/2021 15:30:00,843.9,850,838.25,841.3,2300231
10/18/2021 15:30:00,850,851,832.15,835.9,2632795
10/19/2021 15:30:00,837,842.2,825.65,827.35,2029762
10/20/2021 15:30:00,825.05,834.8,807.5,814.9,2089252
10/21/2021 15:30:00,823.05,829,810.05,818.4,3155655
10/22/2021 15:30:00,825.1,826.85,800.15,812.55,1709523
10/25/2021 15:30:00,810,821.25,795.55,813.2,2129988
10/26/2021 15:30:00,817,823.9,806.3,813.5,1628608
10/27/2021 15:30:00,815.8,838.45,815.8,825.1,3569869
10/28/2021 15:30:00,823.95,829.15,803.05,807.6,1647229
10/29/2021 15:30:00,800,816.55,779.35,795,4321416
11/1/2021 15:30:00,798.95,813.85,787,811.8,1935341
11/2/2021 15:30:00,814.65,836,782.75,815.4,17608860
11/3/2021 15:30:00,820,822,781.35,787.95,9452138
11/4/2021 19:15:00,797,797,788.5,795.45,485870
11/8/2021 15:30:00,798,803,783,800,4280584
11/9/2021 15:30:00,800,812,797,801.35,3232291
11/10/2021 15:30:00,799.75,815,797,811.1,2900645
11/11/2021 15:30:00,808.95,810.45,792.1,794.85,2107377
11/12/2021 15:30:00,803.95,808.55,796.1,806.5,2076523
11/15/2021 15:30:00,808.3,819.65,806.65,810.7,2109222
11/16/2021 15:30:00,812.3,817.45,795.65,798.45,1512946
11/17/2021 15:30:00,800,805,787.4,791.35,1662900
11/18/2021 15:30:00,790,794.35,780.1,790.65,3177648
11/22/2021 15:30:00,791.85,794,765.05,770.75,2894426
11/23/2021 15:30:00,770,791.75,761.55,785.2,2739763
11/24/2021 15:30:00,783.5,796.95,775.55,778.95,2404041
11/25/2021 15:30:00,775.6,787.25,774.35,782.9,1861259
11/26/2021 15:30:00,775,798.9,762,767.3,5432649
11/29/2021 15:30:00,773,775,749.05,751.05,4664270
11/30/2021 15:30:00,751,761.65,746.05,753.6,5505266
12/1/2021 15:30:00,756.75,763.25,740.35,745.35,3687799
12/2/2021 15:30:00,753,770.75,746.1,766.25,4896650
12/3/2021 15:30:00,771.9,771.9,748.9,751.8,3135454
12/6/2021 15:30:00,751.2,752.55,733.7,737.15,2577704
12/7/2021 15:30:00,741.1,751,735,743.7,2583462
12/8/2021 15:30:00,750.2,763.5,747.35,757.55,2530785
12/9/2021 15:30:00,758.2,766.8,756.15,759.75,2604449
12/10/2021 15:30:00,754.2,775,754.2,761.35,2950388
12/13/2021 15:30:00,763.85,773.35,759,762.6,2491218
12/14/2021 15:30:00,757.25,768.75,753.6,756.05,3224172
12/15/2021 15:30:00,752.5,778.85,745.3,775.1,6231786
12/16/2021 15:30:00,786.5,786.5,760,764.45,6186549
12/17/2021 15:30:00,762,772.35,753.5,768.95,7171030
12/20/2021 15:30:00,768,774.7,753.05,763.95,7474026
12/21/2021 15:30:00,764.05,783.95,764.05,778.55,5599344
12/22/2021 15:30:00,785,801,777.5,797.5,5871235
12/23/2021 15:30:00,801.85,803.95,790,792.45,4277384
12/24/2021 15:30:00,793.4,794.8,777.6,785.4,3076272
12/27/2021 15:30:00,784,796.6,781.15,794.1,3598487
12/28/2021 15:30:00,796,819.9,794.2,815.1,5477769
12/29/2021 15:30:00,822.5,843.65,816.5,838.8,8748856
12/30/2021 15:30:00,836.65,841.95,827.35,834.45,5179861
12/31/2021 15:30:00,834.45,850.95,834,845.7,3346523
1/3/2022 15:30:00,845,860.05,840.9,848.95,3726756
1/4/2022 15:30:00,852.5,854,832.4,837.7,3027262
1/5/2022 15:30:00,840,844.55,830.65,835.1,2436343
1/6/2022 15:30:00,837.8,844.9,822,829.6,2423850
1/7/2022 15:30:00,829.6,836,825.2,828.95,1475374
1/10/2022 15:30:00,832.1,835,817.55,826.7,4837873
1/11/2022 15:30:00,830.9,841.5,828.3,832.4,4950526
1/12/2022 15:30:00,845,845,827.5,836.2,3953446
1/13/2022 15:30:00,836.2,871,834.25,865.5,7395140
1/14/2022 15:30:00,865.5,868.9,856.8,859.75,2351963
1/17/2022 15:30:00,859.75,863.4,850.5,853.2,1750754
1/18/2022 15:30:00,855,867.2,845,846.7,3354708
1/19/2022 15:30:00,848,848,834,838.5,1677779
1/20/2022 15:30:00,839.3,842.75,815.65,820,2886894
1/21/2022 15:30:00,816.5,819.7,801.1,808.75,3218477
1/24/2022 15:30:00,804,825,791.6,800.85,5300160
1/25/2022 15:30:00,791,811.7,784.8,808.05,3779497
1/27/2022 15:30:00,802,817.4,791.3,812.1,3593525
1/28/2022 15:30:00,816,842.9,812.1,827.35,5073701
1/31/2022 15:30:00,830.1,849.75,820.05,834.5,8041517
2/1/2022 15:30:00,847.4,895,839.85,891.75,12337459
2/2/2022 15:30:00,890,898.45,882,890.65,4404741
2/3/2022 15:30:00,889.35,891.2,880.45,883.55,2292825
2/4/2022 15:30:00,882.9,902.85,881.35,893.95,4222492
2/7/2022 15:30:00,901.45,901.45,879.7,887.05,3494623
2/8/2022 15:30:00,886,895.95,882,894.1,4766558
2/9/2022 15:30:00,893.9,894.55,885.35,886.45,2874380
2/10/2022 15:30:00,891.4,896.25,880,894.3,3159839
2/11/2022 15:30:00,894.6,895.8,874.65,880.1,2682532
2/14/2022 15:30:00,870,886.65,862.2,864.85,5163415
2/15/2022 15:30:00,862.5,880,859.05,876.8,3219287
2/16/2022 15:30:00,876,881.15,867.1,868.85,2136415
2/17/2022 15:30:00,872.35,872.35,861.3,862.55,2275289
2/18/2022 15:30:00,862.55,867.9,856.4,862.9,1797851
2/21/2022 15:30:00,855.5,864,839.5,843.85,2305713
2/22/2022 15:30:00,836,849,824.6,845.8,3171552
2/23/2022 15:30:00,849.85,853,838.05,840.25,1979574
2/24/2022 15:30:00,830.6,836.95,815,818.25,3679222
2/25/2022 15:30:00,820.5,835,817.05,831.55,2098988
2/28/2022 15:30:00,821,847,821,843.9,4123139
3/2/2022 15:30:00,844.35,844.95,815.7,820.9,3807036
3/3/2022 15:30:00,832.8,832.8,817,820.9,2657776
3/4/2022 15:30:00,816.3,839.6,809.35,829.65,4082674
3/7/2022 15:30:00,818,829,809.1,822.65,3065234
3/8/2022 15:30:00,826.2,861.7,826.2,855,4864275
3/9/2022 15:30:00,863.4,885.8,860,868.25,7276355
3/10/2022 15:30:00,869.9,881.9,866.6,869.55,2899758
3/11/2022 15:30:00,872,907,869.05,902,7194497
3/14/2022 15:30:00,901.95,911.8,889.95,892.25,3861194
3/15/2022 15:30:00,893.7,908,881.35,891.65,4039746
3/16/2022 15:30:00,900,900,880.45,889.2,3134307
3/17/2022 15:30:00,892.2,915,892.2,911.6,5484100
3/21/2022 15:30:00,912.5,931,911.3,913.8,3878744
3/22/2022 15:30:00,913.8,922,902.5,914.1,2174495
3/23/2022 15:30:00,918,926,895.8,900.8,2578669
3/24/2022 15:30:00,886,914.7,885.5,908.85,3141478
3/25/2022 15:30:00,911.85,914.95,896.3,902.35,1571676
3/28/2022 15:30:00,908.9,910.9,899.3,905.9,1545077
3/29/2022 15:30:00,908.05,922,901.1,919.35,3177777
3/30/2022 15:30:00,922,922,908.4,920.6,2084073
3/31/2022 15:30:00,920.6,927,910.8,914.75,1901705
4/1/2022 15:30:00,914,919,904.1,908.7,1184766
4/4/2022 15:30:00,908,928.8,902.6,926.05,1876408
4/5/2022 15:30:00,928,940.7,924.15,929.1,2911697
4/6/2022 15:30:00,927.8,938.8,925,928.1,1881754
4/7/2022 15:30:00,928.1,948,926.85,930.95,2728625
4/8/2022 15:30:00,937,937.3,919.3,924.6,1453271
4/11/2022 15:30:00,920,933.55,918.6,925.4,1102625
4/12/2022 15:30:00,920,928.15,911.4,921.3,1420380
4/13/2022 15:30:00,921.3,943,921.3,936.75,1825531
4/18/2022 15:30:00,927.6,941.05,919.25,927.5,1287320
4/19/2022 15:30:00,930.95,937.75,915.05,922,2001066
4/20/2022 15:30:00,918,931,916.05,923.5,1455897
4/21/2022 15:30:00,931,946,920.6,944.1,2410164
4/22/2022 15:30:00,941,942.25,918.35,924.8,1745381
4/25/2022 15:30:00,915.55,922.35,896.6,900,1146270
4/26/2022 15:30:00,905,924.75,904.05,918.05,3142879
4/27/2022 15:30:00,910.05,921.7,903.6,906.1,1586283
4/28/2022 15:30:00,920,927.35,909.3,921,3150038
4/29/2022 15:30:00,924,967.05,919.55,928.65,4290688
5/2/2022 15:30:00,922.45,925,902.55,923.4,2119174
5/4/2022 15:30:00,920.1,920.9,895,900.9,3925917
5/5/2022 15:30:00,905,919.2,872.6,878.15,4462293
5/6/2022 15:30:00,862,885.7,861.5,883.3,2350532
5/9/2022 15:30:00,868.05,891.4,868.05,885.4,2522123
5/10/2022 15:30:00,885,890.85,846.5,861.85,6975331
5/11/2022 15:30:00,853,867,851,854.8,2768829
5/12/2022 15:30:00,852.9,855.85,835.2,850,2700591
5/13/2022 15:30:00,862.95,889,860.15,882.5,4870689
5/16/2022 15:30:00,881.95,894.75,875.05,885.6,2739020
5/17/2022 15:30:00,880.15,895.6,878.7,891.75,2317400
5/18/2022 15:30:00,891,909,888,899.15,2878378
5/19/2022 15:30:00,885,900,878.35,884.6,2715634
5/20/2022 15:30:00,893,917.7,889.05,915.65,2877917
5/23/2022 15:30:00,920,931.3,916.6,922.05,2195036
5/24/2022 15:30:00,928,930.85,907,909.9,2911410
5/25/2022 15:30:00,915,922.65,907.25,911.2,2405811
5/26/2022 15:30:00,918.8,922.45,893.5,899.95,4113170
5/27/2022 15:30:00,901.95,912.8,896,903.9,2374509
5/30/2022 15:30:00,905,915.5,886.5,888.3,3541617
5/31/2022 15:30:00,867.25,882.8,851.2,860.6,24360628
6/1/2022 15:30:00,875,875,832.6,839.25,5999099
6/2/2022 15:30:00,836.75,862.9,832.8,859.55,3553217
6/3/2022 15:30:00,862.15,875,854.85,865.1,2618353
6/6/2022 15:30:00,865,873.95,858,859.8,2095566
6/7/2022 15:30:00,855,857.4,838.6,848.25,3031449
6/8/2022 15:30:00,845.1,854,837.6,847.25,3208941
6/9/2022 15:30:00,846,862.1,835.45,858.85,2297715
6/10/2022 15:30:00,850,853.95,842,845.7,2124778
6/13/2022 15:30:00,840,851,819.75,829.5,2191412
6/14/2022 15:30:00,826,835.65,821.85,825.05,2461692
6/15/2022 15:30:00,825.25,830.05,819.15,822.3,2008725
6/16/2022 15:30:00,822.6,826,806.55,814.6,2327414
6/17/2022 15:30:00,805.2,810.3,789.9,793.4,5719089
6/20/2022 15:30:00,801,813.5,794.5,805.3,2745302
6/21/2022 15:30:00,806.6,820.3,805.35,817.45,1342717
6/22/2022 15:30:00,814,821,803.25,809.3,2032073
6/23/2022 15:30:00,809.5,826.5,808.5,824.9,1778752
6/24/2022 15:30:00,827.9,833.8,821.5,824.6,1404748
6/27/2022 15:30:00,828,848,828,835.65,2980249
6/28/2022 15:30:00,837,837.5,825.05,828.6,2823691
6/29/2022 15:30:00,824,843.7,823.85,838.7,2975927
6/30/2022 15:30:00,836,848.15,823.65,830.6,3809670
7/1/2022 15:30:00,829.9,836.95,825,829.25,2316527
7/4/2022 15:30:00,825.3,839.65,821.9,829.4,2097164
7/5/2022 15:30:00,829.4,846.8,826.65,835.8,2682730
7/6/2022 15:30:00,840,842.65,831.25,837.7,2364840
7/7/2022 15:30:00,843.05,852.9,842.15,849.45,2327906
7/8/2022 15:30:00,853.5,859.5,849.75,857.7,2927832
7/11/2022 15:30:00,856.8,863,851.1,857.25,1768048
7/12/2022 15:30:00,853,860,849,851.6,1695338
7/13/2022 15:30:00,854.6,863.25,849.35,860.15,2663538
7/14/2022 15:30:00,867.4,882.95,864.2,879.9,4934156
7/15/2022 15:30:00,884.9,884.95,872.85,878.4,1413559
7/18/2022 15:30:00,888.6,895.6,878.55,882.8,2866600
7/19/2022 15:30:00,880,891.3,873.5,875.3,1604458
7/20/2022 15:30:00,884.7,884.7,862.05,867.5,2885666
7/21/2022 15:30:00,872,877.9,863.7,869.65,2321107
7/22/2022 15:30:00,871,876.15,866.5,874.5,1939758
7/25/2022 15:30:00,870,878,856.4,868.35,2419358
7/26/2022 15:30:00,869.2,877.4,862,867.65,1560211
7/27/2022 15:30:00,867.5,897,866.05,894,2797789
7/28/2022 15:30:00,896,896.85,878.75,894.85,3183169
7/29/2022 15:30:00,897,951.95,879,943.2,11315800
8/1/2022 15:30:00,939.95,939.95,910,918.7,4219890
8/2/2022 15:30:00,918.7,926.6,912.05,917.25,2043767
8/3/2022 15:30:00,915,917.8,893.55,897,2863168
8/4/2022 15:30:00,901,920,895.6,918.5,3151481
8/5/2022 15:30:00,919.5,929,911.9,915.95,3317738
8/8/2022 15:30:00,919.8,919.8,908.4,910.4,2677742
8/10/2022 15:30:00,913.2,927,913.2,919.7,3077870
8/11/2022 15:30:00,923,926.9,917.45,921.05,1526395
8/12/2022 15:30:00,921.05,922.8,907.15,913.45,1384417
8/16/2022 15:30:00,907,919.45,906.3,914.6,1635836
8/17/2022 15:30:00,919,926,915,920.8,1828327
8/18/2022 15:30:00,910,919,895.2,916.75,2989998
8/19/2022 15:30:00,916,920.8,898,901.35,1708425
8/22/2022 15:30:00,900.5,903.45,878.15,880.55,2860170
8/23/2022 15:30:00,874.15,892,872.6,888.4,2314528
8/24/2022 15:30:00,892,899.95,878.05,881,3223687
8/25/2022 15:30:00,888,890.65,875,877.3,5016244
8/26/2022 15:30:00,882.3,890.5,878.1,880.15,1542618
8/29/2022 15:30:00,872,881,865,879.25,2068888
8/30/2022 15:30:00,883,895.5,882,893.05,3672052
9/1/2022 15:30:00,893,901.9,870.4,871.85,2939235
9/2/2022 15:30:00,872.9,878,866,869.55,1963435
9/5/2022 15:30:00,869,886.15,864.45,884.6,2808538
9/6/2022 15:30:00,887,890.7,882.55,887.75,2252661
9/7/2022 15:30:00,879.5,896.4,879.5,893.75,1698682
9/8/2022 15:30:00,898.25,900.75,887,894.3,1772605
9/9/2022 15:30:00,894.5,901.9,886.7,890,1405210
9/12/2022 15:30:00,891.2,895.15,885.1,887.7,1571387
9/13/2022 15:30:00,889.85,893.3,883.5,890.15,2216354
9/14/2022 15:30:00,884.6,897.7,880.05,883.75,1889322
9/15/2022 15:30:00,883,888.15,871.1,874.3,1780723
9/16/2022 15:30:00,878.7,890.5,865.8,868.05,5625488
9/19/2022 15:30:00,872.4,876.95,856.8,874.85,1920725
9/20/2022 15:30:00,877.55,914.75,876.8,911.95,4408042
9/21/2022 15:30:00,918.55,922.5,902.65,905.3,4153228
9/22/2022 15:30:00,899.9,911.25,895.3,908,2317690
9/23/2022 15:30:00,902.6,926.7,902.6,921.1,4802181
9/26/2022 15:30:00,917.95,926.35,899.05,900.7,3760536
9/27/2022 15:30:00,905.25,909.85,894.4,897.15,3096645
9/28/2022 15:30:00,894,926,892.05,917.85,5559336
9/29/2022 15:30:00,925.1,955.5,925.1,930.7,8519098
9/30/2022 15:30:00,933.95,950.95,930,948.65,4182345
10/3/2022 15:30:00,952.95,967.85,942.75,944.5,4444578
10/4/2022 15:30:00,955.7,956.3,943.05,944.55,1856830
10/6/2022 15:30:00,954.7,962,947.55,953.9,3449485
10/7/2022 15:30:00,953,961.55,946.2,955.15,1762328
10/10/2022 15:30:00,945.95,954.25,935.25,946.05,1683827
10/11/2022 15:30:00,950.8,951.9,940,944.75,2426935
10/12/2022 15:30:00,946,960,941.05,955.55,2875040
10/13/2022 15:30:00,956.85,973.75,951.5,968.4,4498223
10/14/2022 15:30:00,976,979.9,964,976.3,3307000
10/17/2022 15:30:00,976.3,985,973.3,980,2647369
10/18/2022 15:30:00,983.75,985,972.75,978.35,2065146
10/19/2022 15:30:00,975.6,980.7,965.05,976.9,2424533
10/20/2022 15:30:00,970,982.85,966.55,980.35,1669666
10/21/2022 15:30:00,981,991.9,975.75,977.7,1791608
10/25/2022 15:30:00,991.95,997.35,985.5,991.55,2119595
10/27/2022 15:30:00,999,1013.4,992.5,1011.65,4379157
10/28/2022 15:30:00,1002,1003.5,987.55,990,3934980
10/31/2022 15:30:00,994.95,1027.3,991.2,1016.9,3546309
11/1/2022 15:30:00,1021.95,1049,1019.15,1036.6,5264069
11/2/2022 15:30:00,1038.8,1070.95,1032.65,1051.95,5923662
11/3/2022 15:30:00,1045,1055.6,1039.55,1044.2,2386317
11/4/2022 15:30:00,1045.3,1046.4,1031.45,1039.9,1576349
11/7/2022 15:30:00,1045,1049.95,1021,1028.35,2853521
11/9/2022 15:30:00,1020.05,1036.65,1010,1013.55,2268760
11/10/2022 15:30:00,1010,1022.3,1006.75,1010.65,2419991
11/11/2022 15:30:00,1015.75,1031.45,1009.85,1013.55,2390487
11/14/2022 15:30:00,1018.65,1021.4,1002,1016.9,1764788
11/15/2022 15:30:00,1022,1022,1004.45,1016.05,1703050
11/16/2022 15:30:00,1007.1,1022.8,1007.1,1018.65,1485506
11/17/2022 15:30:00,1023.3,1030.5,1010.45,1013.35,1758031
11/18/2022 15:30:00,1015.25,1017.85,1006,1009.6,1130682
11/21/2022 15:30:00,1003,1012.8,993.5,1003.15,1108922
11/22/2022 15:30:00,1006.15,1012.4,996.25,1010.1,1723123
11/23/2022 15:30:00,1015.2,1019.1,1009.45,1017.65,1311376
11/24/2022 15:30:00,1020.65,1037.4,1013.8,1035.1,1994268
11/25/2022 15:30:00,1037.95,1037.95,1026.95,1033.85,1948596
11/28/2022 15:30:00,1033,1041.5,1027.95,1034.75,1427648
11/29/2022 15:30:00,1035,1051.2,1034,1049.85,1179559
11/30/2022 15:30:00,1053,1058.3,1039.35,1046.05,3060171
12/1/2022 15:30:00,1055,1057.85,1039.6,1046.45,1878374
12/2/2022 15:30:00,1048.3,1049.85,1034.8,1040,2284133
12/5/2022 15:30:00,1042.15,1045.95,1030.75,1039.4,2294634
12/6/2022 15:30:00,1039.4,1040,1023.25,1033.55,1321211
12/7/2022 15:30:00,1036.55,1037.15,1015.35,1017.75,2954262
12/8/2022 15:30:00,1015,1018,975,980.8,10021644
12/9/2022 15:30:00,980.8,997,980,992.85,4231753
12/12/2022 15:30:00,994.9,995,980.15,987.4,1875104
12/13/2022 15:30:00,980,996.35,979.8,994.65,1863361
12/14/2022 15:30:00,999,1003,994.55,1000.25,1570685
12/15/2022 15:30:00,1001,1007,998.1,1002.2,1304660
12/16/2022 15:30:00,998.15,1005.1,987.6,993.65,2618988
12/19/2022 15:30:00,987.6,993.15,973.7,987.95,1547342
12/20/2022 15:30:00,987.95,990.65,979.4,988.35,1352408
12/21/2022 15:30:00,992,1009.5,988.4,1005.6,2043630
12/22/2022 15:30:00,1019.95,1034.05,1007.05,1010.65,5163443
12/23/2022 15:30:00,1012,1027.85,998.45,1001.55,3612433
12/26/2022 15:30:00,1010,1011.8,988.7,1000.05,2307374
12/27/2022 15:30:00,1000.25,1015.75,993,1000.15,1870105
12/28/2022 15:30:00,998.9,1010.6,993,995,1686511
12/29/2022 15:30:00,998.55,1004.7,989.1,1000.55,2162872
12/30/2022 15:30:00,1004,1006.8,993.75,1001.4,1629162
1/2/2023 15:30:00,1001.4,1001.4,987.2,997,1616012
1/3/2023 15:30:00,993,1012.8,988,1009.1,1810117
1/4/2023 15:30:00,1012,1025.9,1000.75,1004.1,2573870
1/5/2023 15:30:00,1009.1,1021.9,1008.25,1016.2,2246533
1/6/2023 15:30:00,1015,1021.8,1004.1,1008.7,1773153
1/9/2023 15:30:00,1015,1023.35,1010.5,1016.85,1567316
1/10/2023 15:30:00,1016,1024,1010.05,1011.85,1607654
1/11/2023 15:30:00,1012,1033.05,1008.35,1028,3258157
1/12/2023 15:30:00,1031.95,1035.45,1021.15,1032.85,1641398
1/13/2023 15:30:00,1031.15,1035,1020.15,1031.6,1491367
1/16/2023 15:30:00,1031.6,1039.5,1026.1,1035.45,1437532
1/17/2023 15:30:00,1035.45,1036,1026.8,1032.7,1245848
1/18/2023 15:30:00,1032.7,1041.5,1030.15,1040.1,1238451
1/19/2023 15:30:00,1038.1,1044,1036,1040.55,824263
1/20/2023 15:30:00,1044.05,1047.5,1016.85,1030.35,2963571
1/23/2023 15:30:00,1035,1054.9,1022.5,1049.3,2106604
1/24/2023 15:30:00,1050,1050.95,1034.55,1040.7,2088556
1/25/2023 15:30:00,1030.3,1045.65,1030.3,1040.05,1753333
1/27/2023 15:30:00,1044.95,1051,1034,1043.4,3448013
1/30/2023 15:30:00,1041.95,1072.15,1040.2,1051.7,3320916
1/31/2023 15:30:00,1055,1060.3,1026.05,1034.5,5265462
2/1/2023 15:30:00,1036.45,1043.95,1005.1,1014.9,4717887
2/2/2023 15:30:00,1009.95,1015.7,993,1007.6,2117181
2/3/2023 15:30:00,1007,1032.45,1001.65,1028.15,2332076
2/6/2023 15:30:00,1020,1025.95,1012.75,1023.35,1215157
2/7/2023 15:30:00,1026.25,1028.5,1002,1006.4,2360600
2/8/2023 15:30:00,1004.8,1016.9,997.4,1013,1815142
2/9/2023 15:30:00,1003,1021.2,1001.4,1006.8,1474402
2/10/2023 15:30:00,1006.8,1014.35,996.7,1006.6,1530150
2/13/2023 15:30:00,1008.25,1017.35,1002,1015.25,1355766
2/14/2023 15:30:00,1018,1018.05,1003.25,1006.75,1832842
2/15/2023 15:30:00,1002,1006.4,990.55,995.4,2251350
2/16/2023 15:30:00,998.9,1010,991.2,995.15,1678410
2/17/2023 15:30:00,992.2,996.5,982,984.5,1847026
2/20/2023 15:30:00,990.15,991.65,974.95,984.4,2157871
2/21/2023 15:30:00,990,990.8,969.15,971.6,1771813
2/22/2023 15:30:00,971.55,978,966,968.55,2605147
2/23/2023 15:30:00,973,977.25,964.05,972.5,2835983
2/24/2023 15:30:00,970.6,983.35,963.7,970.5,1823835
2/27/2023 15:30:00,970.5,972.55,960.05,965.05,1548675
2/28/2023 15:30:00,969,976,954,956.6,3819644
3/1/2023 15:30:00,951,966.05,951,959.3,1862513
3/2/2023 15:30:00,960,967,951.1,965.3,1510195
3/3/2023 15:30:00,967.05,969.75,958.15,966.9,2215832
3/6/2023 15:30:00,970,979.5,963.8,965.25,1989152
3/8/2023 15:30:00,960,965,947,957.5,4734482
3/9/2023 15:30:00,957.5,959.4,947.15,952.7,2994556
3/10/2023 15:30:00,946.5,957.5,946.1,955.55,2001392
3/13/2023 15:30:00,955.1,959.9,947.55,954.1,1412106
3/14/2023 15:30:00,953.5,963.75,950.3,957.2,1879695
3/15/2023 15:30:00,952,964.9,949.35,951.4,2189113
3/16/2023 15:30:00,955.25,970,951.7,967.4,2228093
3/17/2023 15:30:00,968.55,968.7,952.75,957.7,2218687
3/20/2023 15:30:00,950,962.65,947.35,961.2,1955757
3/21/2023 15:30:00,965,965,953.25,956.2,1687239
3/22/2023 15:30:00,957,974.4,956.6,972.05,1626129
3/23/2023 15:30:00,975,982.95,972,977.65,1857923
3/24/2023 15:30:00,977.6,979,968,972.85,1534322
3/27/2023 15:30:00,980,990.95,963,983.45,2473222
3/28/2023 15:30:00,987,987.8,976.3,984.2,1394675
3/29/2023 15:30:00,985.65,996.5,979,991.9,3045795
3/31/2023 15:30:00,995.2,995.2,981.4,983.1,1822710
4/3/2023 15:30:00,981,988,976.2,979.05,1671570
4/5/2023 15:30:00,985,999,975.3,997.15,1544121
4/6/2023 15:30:00,997.15,1014,993.4,1012.1,1423990
4/10/2023 15:30:00,1015,1016.95,1006.65,1008.6,1110974
4/11/2023 15:30:00,1008.6,1022.25,1007.55,1009.25,1786844
4/12/2023 15:30:00,1015.5,1020.2,1005.25,1016.7,3246327
4/13/2023 15:30:00,1022.3,1023.85,1002,1003.5,1445693
4/17/2023 15:30:00,999.45,1009.9,995.05,998.7,1768817
4/18/2023 15:30:00,999,1006.25,988.3,1004.8,1217390
4/19/2023 15:30:00,1003.5,1009.4,993,995.5,2174563
4/20/2023 15:30:00,999.1,1002.1,983.75,987.75,1638094
4/21/2023 15:30:00,994.3,994.3,984.95,989.45,1216575
4/24/2023 15:30:00,975,982.5,959.25,979.15,3485350
4/25/2023 15:30:00,980,982.9,967,972.5,2377746
4/26/2023 15:30:00,975.8,976.8,963.2,971.25,2911028
4/27/2023 15:30:00,968,981.6,963.55,978.7,2777173
4/28/2023 15:30:00,984.95,992.5,979.15,987.65,2009995
5/2/2023 15:30:00,987.65,988.9,970.3,973.05,3152556
5/3/2023 15:30:00,970.5,972.4,959.5,963.6,3087472
5/4/2023 15:30:00,967.65,975.9,965.15,974,1197830
5/5/2023 15:30:00,974,977.25,967.85,970.45,1062645
5/8/2023 15:30:00,962,969,961,961.85,2676958
5/9/2023 15:30:00,961.9,966.85,949.5,957.45,6902170
5/10/2023 15:30:00,957,959.95,951.6,953.8,2180917
5/11/2023 15:30:00,953.8,963.9,952,961.05,1296607
5/12/2023 15:30:00,961,963.1,952,956,2014927
5/15/2023 15:30:00,953,955.75,948.05,953,1814239
5/16/2023 15:30:00,953,962.55,938,940.95,2625163
5/17/2023 15:30:00,941.25,945.3,928.85,935.95,2956985
5/18/2023 15:30:00,943,943,922.45,929.65,3014019
5/19/2023 15:30:00,932,934.4,924.3,925.85,1309343
5/22/2023 15:30:00,925.85,942.75,922.85,937.45,1382485
5/23/2023 15:30:00,937.5,956.2,929.1,931.6,3057684
5/24/2023 15:30:00,935.5,954.8,932.6,952.15,2953574
5/25/2023 15:30:00,949.7,951.7,942.7,945,2331464
5/26/2023 15:30:00,943.95,976.7,937,969.9,4137189
5/29/2023 15:30:00,969.95,973.25,946.4,968.45,5344765
5/30/2023 15:30:00,965,967.45,956.3,959.6,2624815
5/31/2023 15:30:00,965,979.3,960.75,975.35,5595631
6/1/2023 15:30:00,979.8,990.45,975,987.7,3261906
6/2/2023 15:30:00,986.55,1003.7,981,999.6,3734815
6/5/2023 15:30:00,1005.35,1017.7,998.5,1008.75,3629780
6/6/2023 15:30:00,1008.9,1015.95,1004,1013.8,1632644
6/7/2023 15:30:00,1015,1017.5,1010,1014.6,1608613
6/8/2023 15:30:00,1015,1016,983.25,987,3395935
6/9/2023 15:30:00,984,990.7,981,983.95,2306206
6/12/2023 15:30:00,987.9,989.9,981.05,985.45,593319
6/13/2023 15:30:00,990,996,985.55,988.1,2413311
6/14/2023 15:30:00,991.6,995,984.25,986.7,2139387
6/15/2023 15:30:00,988.5,994.8,985.7,988.4,2731724
6/16/2023 15:30:00,990,994.65,987.2,992,3611214
6/19/2023 15:30:00,995.15,1006.7,993.75,1001.8,1327862
6/20/2023 15:30:00,1007.65,1007.75,989.6,991.95,1445688
6/21/2023 15:30:00,991.95,993.85,983.6,991.9,1396686
6/22/2023 15:30:00,987.1,996.2,987.1,990.3,5384143
6/23/2023 15:30:00,994,995.95,977.3,991.45,1218237
6/26/2023 15:30:00,994,1003.8,991.45,994.95,2066932
6/27/2023 15:30:00,999.95,1003.35,986,1001.8,4647465
6/28/2023 15:30:00,995,1025.55,995,1021.8,5296330
6/30/2023 15:30:00,1021.75,1055,1020.05,1051.6,4765060
7/3/2023 15:30:00,1053,1053.65,1030,1032.7,2338356
7/4/2023 15:30:00,1040,1053.9,1029.9,1048.8,1549174
7/5/2023 15:30:00,1055,1057.7,1042.65,1044.7,1840716
7/6/2023 15:30:00,1040,1056.6,1040,1042.5,2551103
7/7/2023 15:30:00,1033.5,1051.2,1028.75,1035.7,1721224
7/10/2023 15:30:00,1036,1051,1031.1,1045,1221769
7/11/2023 15:30:00,1052,1074.75,1049.05,1072.25,4369937
7/12/2023 15:30:00,1075,1083.75,1070,1078.75,5088473
7/13/2023 15:30:00,1081.9,1081.9,1071.7,1075.65,1541690
7/14/2023 15:30:00,1079.95,1080,1065,1072.95,2641580
7/17/2023 15:30:00,1073.7,1081.05,1070.5,1077.6,1254025
7/18/2023 15:30:00,1078.45,1078.9,1064.35,1067.15,2238739
7/19/2023 15:30:00,1067.15,1086,1063.85,1081.85,2311282
7/20/2023 15:30:00,1086.05,1104.5,1082.3,1097.65,5218991
7/21/2023 15:30:00,1103.4,1104.2,1090.35,1097.15,1879610
7/24/2023 15:30:00,1094,1107.35,1092.5,1100.4,2130036
7/25/2023 15:30:00,1110,1110,1090.8,1095.05,1702900
7/26/2023 15:30:00,1097.05,1114.4,1094.1,1112,1321572
7/27/2023 15:30:00,1128,1155.35,1116.3,1134.95,6366612
7/28/2023 15:30:00,1129.95,1143.9,1121.65,1138.55,2677679
7/31/2023 15:30:00,1140,1145,1127,1143.4,1718336
8/1/2023 15:30:00,1143.4,1152.65,1136,1143.45,1448567
8/2/2023 15:30:00,1143.95,1144.3,1126.45,1135.25,1731918
8/3/2023 15:30:00,1130.25,1169.7,1122.35,1141,8460399
8/4/2023 15:30:00,1129,1145,1121.05,1138.95,3527805
8/7/2023 15:30:00,1138.95,1166.75,1133.5,1160.8,3353219
8/8/2023 15:30:00,1162.2,1164.6,1139.95,1148.65,3073468
8/9/2023 15:30:00,1151.15,1159.3,1140.3,1152.8,1306791
8/10/2023 15:30:00,1150.6,1157.9,1143.6,1150.3,1443067
8/11/2023 15:30:00,1150.05,1151,1130.5,1132.35,1756630
8/14/2023 15:30:00,1131,1142,1120.5,1134.25,1824622
8/16/2023 15:30:00,1134.95,1145.5,1121.85,1143.65,1224080
8/17/2023 15:30:00,1143.65,1148.95,1137.5,1144.8,1964341
8/18/2023 15:30:00,1141,1149.3,1129,1134.9,1473774
8/21/2023 15:30:00,1129.95,1143.9,1127.15,1137.4,941384
8/22/2023 15:30:00,1135,1147,1130,1137.55,1438879
8/23/2023 15:30:00,1128,1130.45,1110.6,1123.7,3050418
8/24/2023 15:30:00,1123.6,1133.1,1113.2,1118.3,1575291
8/25/2023 15:30:00,1118,1123.3,1100.25,1106.3,1515282
8/28/2023 15:30:00,1110.05,1124.15,1105.15,1117,1959645
8/29/2023 15:30:00,1125.05,1125.05,1106.45,1111.6,1749707
8/30/2023 15:30:00,1117.5,1119.15,1110.5,1114.9,1543173
8/31/2023 15:30:00,1118.85,1118.85,1101.7,1111.6,4782404
9/1/2023 15:30:00,1112,1117.5,1105.75,1109,2715249
9/4/2023 15:30:00,1114,1114,1102,1108.9,1205294
9/5/2023 15:30:00,1110,1136,1107.2,1131.9,1698118
9/6/2023 15:30:00,1137,1149,1129.05,1142.35,2960249
9/7/2023 15:30:00,1140,1141.45,1128.6,1133.05,1863837
9/8/2023 15:30:00,1133,1138.05,1128.5,1130.45,1789037
9/11/2023 15:30:00,1130.45,1140,1125.7,1136.9,2032253
9/12/2023 15:30:00,1142.05,1153.8,1137.1,1145.25,3989578
9/13/2023 15:30:00,1149,1156.7,1142.3,1148.75,2115524
9/14/2023 15:30:00,1148.75,1150.9,1138.75,1143.8,2065163
9/15/2023 15:30:00,1144,1153.8,1144,1149.8,2404169
9/18/2023 15:30:00,1149,1157,1142.55,1147.65,962842
9/20/2023 15:30:00,1148,1156,1139,1153.15,2303191
9/21/2023 15:30:00,1149,1156.95,1141.15,1146.15,2088934
9/22/2023 15:30:00,1142.5,1148,1128.3,1132.35,1585418
9/25/2023 15:30:00,1126.2,1136.8,1121.65,1124.05,1009279
9/26/2023 15:30:00,1125,1130,1118.5,1125.85,1966198
9/27/2023 15:30:00,1126.15,1145.9,1123.2,1139.95,2332018
9/28/2023 15:30:00,1142.95,1152,1128.85,1132.3,2685663
9/29/2023 15:30:00,1134.3,1167.4,1134.3,1158.65,2288577
10/3/2023 15:30:00,1159.55,1161.95,1139.25,1141.45,1946966
10/4/2023 15:30:00,1138.1,1139,1113,1123.8,1803871
10/5/2023 15:30:00,1124.65,1128.65,1111.8,1119.1,2348562
10/6/2023 15:30:00,1128,1132.15,1123.1,1127.3,1056281
10/9/2023 15:30:00,1111,1133.8,1109,1123.05,1080276
10/10/2023 15:30:00,1122,1130.4,1119.8,1126.5,1092093
10/11/2023 15:30:00,1128,1134.45,1122.35,1128.75,1456045
10/12/2023 15:30:00,1129,1132.55,1121.2,1130.4,1221965
10/13/2023 15:30:00,1126.1,1147.2,1122,1145.3,1934884
10/16/2023 15:30:00,1141.5,1147.25,1133.05,1135.3,1144308
10/17/2023 15:30:00,1138.65,1144,1134,1136.8,798807
10/18/2023 15:30:00,1137,1161.8,1134.05,1153.4,2178517
10/19/2023 15:30:00,1147.4,1150,1135,1141.5,1765065
10/20/2023 15:30:00,1138,1145,1133.1,1142.2,957910
10/23/2023 15:30:00,1135,1149.2,1118,1122.45,702730
10/25/2023 15:30:00,1125,1129.7,1112.8,1120.3,1800673
10/26/2023 15:30:00,1115.95,1117.95,1097.5,1103.7,2223975
10/27/2023 15:30:00,1112,1119.8,1107.65,1111.3,1250965
10/30/2023 15:30:00,1115.7,1119.95,1103.85,1115.2,1078813
10/31/2023 15:30:00,1119.45,1119.6,1068.35,1088.6,6475786
11/1/2023 15:30:00,1092,1132.55,1082.6,1116.2,3973264
11/2/2023 15:30:00,1127.85,1137.55,1110.6,1132.85,3454692
11/3/2023 15:30:00,1138.5,1145.7,1131.5,1141.1,1741756
11/6/2023 15:30:00,1140.1,1151,1140,1150,1428537
11/7/2023 15:30:00,1149,1173.55,1146.55,1170.95,1811831
11/8/2023 15:30:00,1175,1182.9,1171,1176.7,1702301
11/9/2023 15:30:00,1181,1183.25,1166.85,1176.2,1849169
11/10/2023 15:30:00,1174.05,1181.5,1170.1,1179.35,957539
11/13/2023 15:30:00,1180.1,1187.55,1173.75,1177.8,816825
11/15/2023 15:30:00,1179.5,1184.4,1171,1180.9,2246320
11/16/2023 15:30:00,1182,1194.9,1179.6,1189.55,2205723
11/17/2023 15:30:00,1189.8,1198.4,1187.95,1194.6,891965
11/20/2023 15:30:00,1196,1198.25,1185.25,1188,1054810
11/21/2023 15:30:00,1189,1205,1186.25,1201.4,999135
11/22/2023 15:30:00,1205,1214.8,1199,1204.1,1401782
11/23/2023 15:30:00,1203.55,1209.9,1194.75,1198.8,1177434
11/24/2023 15:30:00,1200,1209.6,1192.8,1195.45,1376695
11/28/2023 15:30:00,1197.15,1200.35,1189.75,1191.35,886708
11/29/2023 15:30:00,1191.95,1209.5,1184.5,1202.2,1813462
11/30/2023 15:30:00,1192.35,1231.15,1192.35,1225.85,4672807
12/1/2023 15:30:00,1233.05,1241.85,1225,1231.25,1749751
12/4/2023 15:30:00,1237.25,1240,1220.5,1231.15,1615837
12/5/2023 15:30:00,1225.9,1243.6,1220.55,1239.55,930042
12/6/2023 15:30:00,1248.55,1258,1233.3,1240.35,1704590
12/7/2023 15:30:00,1231,1241.9,1228.9,1239.3,1478355
12/8/2023 15:30:00,1236.05,1247.6,1230.65,1235.8,1612113
12/11/2023 15:30:00,1236,1246.35,1215.1,1241.4,1172972
12/12/2023 15:30:00,1249,1250,1212.65,1218,2832873
12/13/2023 15:30:00,1218.3,1239.6,1212.65,1233.1,2448178
12/14/2023 15:30:00,1239,1239.9,1224.25,1231.3,2341190
12/15/2023 15:30:00,1241,1246.5,1233,1235.75,3474624
12/18/2023 15:30:00,1235.75,1267.9,1234,1252.75,2135393
12/19/2023 15:30:00,1264.8,1267.95,1236.5,1244.95,2187458
12/20/2023 15:30:00,1255,1255,1228.45,1232.15,1837031
12/21/2023 15:30:00,1224.1,1237.95,1208.55,1233.5,1916222
12/22/2023 15:30:00,1240,1251,1236.05,1243.65,2058127
12/26/2023 15:30:00,1243.65,1250,1239.3,1247.5,1796483
12/27/2023 15:30:00,1250,1255.4,1241.25,1252.45,2005268
12/28/2023 15:30:00,1254.95,1264.65,1249.55,1262.15,2043365
12/29/2023 15:30:00,1262.1,1271.95,1252.55,1259.45,1840160
1/1/2024 15:30:00,1261,1263.95,1252.5,1260.25,733452