Date,Open,High,Low,Close,Volume
1/1/2015 15:30:00,1283.5,1283.5,1270.5,1272.78,183415
1/2/2015 15:30:00,1275.5,1295.47,1275.3,1289.72,462870
1/5/2015 15:30:00,1290.5,1299.95,1262.33,1270.13,877121
1/6/2015 15:30:00,1264.55,1264.55,1220,1223.3,1211892
1/7/2015 15:30:00,1235,1239.58,1203.72,1208.85,1318166
1/8/2015 15:30:00,1221.2,1224.5,1210.28,1221.9,782704
1/9/2015 15:30:00,1227.5,1259.95,1225,1256.15,1598821
1/12/2015 15:30:00,1258.5,1264,1240.13,1254.85,798003
1/13/2015 15:30:00,1260,1265.2,1240.05,1248.95,734216
1/14/2015 15:30:00,1258,1265.9,1250.25,1260.97,893548
1/15/2015 15:30:00,1266.5,1290.88,1261.63,1269.55,2504960
1/16/2015 15:30:00,1271.85,1272.5,1242.15,1266.08,2646915
1/19/2015 15:30:00,1268,1275.5,1251.5,1255.5,567537
1/20/2015 15:30:00,1260,1265,1241.63,1250.22,1029283
1/21/2015 15:30:00,1261,1261,1244.13,1256.9,1155240
1/22/2015 15:30:00,1258.25,1260.63,1247.75,1256.78,1056607
1/23/2015 15:30:00,1257,1266.03,1248.05,1251.8,1575190
1/27/2015 15:30:00,1256.18,1257.5,1244.78,1251.03,1369368
1/28/2015 15:30:00,1251.5,1272.45,1251.45,1269.8,1560990
1/29/2015 15:30:00,1269,1284.35,1256.45,1272.33,1867196
1/30/2015 15:30:00,1280.35,1287.5,1235,1241.03,2908701
2/2/2015 15:30:00,1241,1260.72,1231.03,1257.1,1590901
2/3/2015 15:30:00,1255.83,1282.5,1253.55,1279.13,1172527
2/4/2015 15:30:00,1284,1285.85,1251.05,1257.15,1122709
2/5/2015 15:30:00,1260,1295.85,1259.5,1276.2,2265084
2/6/2015 15:30:00,1276.5,1297.4,1275.43,1287.88,1068208
2/9/2015 15:30:00,1280.75,1284.55,1250,1256.45,1038216
2/10/2015 15:30:00,1255,1263.13,1216.5,1220.58,1899527
2/11/2015 15:30:00,1227.53,1243.63,1223.63,1229.95,1468761
2/12/2015 15:30:00,1239.9,1239.9,1223.5,1231.08,1553990
2/13/2015 15:30:00,1235,1273.88,1230.13,1269.38,2079163
2/16/2015 15:30:00,1280,1297.5,1277.5,1292.4,1182196
2/18/2015 15:30:00,1292.53,1321.5,1282.63,1317.83,1330007
2/19/2015 15:30:00,1318,1343.65,1317.5,1340.53,1309001
2/20/2015 15:30:00,1349.4,1349.4,1321.13,1337.78,900794
2/23/2015 15:30:00,1335.5,1361,1335.5,1348.33,807446
2/24/2015 15:30:00,1347,1365,1339.5,1352.38,1099961
2/25/2015 15:30:00,1355,1361,1333.93,1336.1,883997
2/26/2015 15:30:00,1339.5,1346.38,1312.68,1328.23,995997
2/27/2015 15:30:00,1329.73,1337.88,1308.15,1331.18,1438688
3/2/2015 15:30:00,1339.85,1354.48,1326.28,1334.7,1088019
3/3/2015 15:30:00,1341,1395,1338.08,1388,1712154
3/4/2015 15:30:00,1394,1406.05,1357.83,1373,1931497
3/5/2015 15:30:00,1375,1385.35,1340.53,1348.23,1086757
3/9/2015 15:30:00,1320,1339.9,1305,1323.4,1441587
3/10/2015 15:30:00,1324.45,1339.13,1297.63,1321.35,1518526
3/11/2015 15:30:00,1321,1329.98,1298.9,1303.28,1120100
3/12/2015 15:30:00,1311.95,1312.45,1295.05,1309.53,913818
3/13/2015 15:30:00,1319,1319.98,1287.5,1291.18,793419
3/16/2015 15:30:00,1292.6,1305,1276,1281.15,778148
3/17/2015 15:30:00,1291.25,1303.35,1278.88,1291.85,633659
3/18/2015 15:30:00,1295.47,1299.72,1275.85,1279.68,627585
3/19/2015 15:30:00,1288,1302.93,1284.05,1298.13,1224482
3/20/2015 15:30:00,1298,1309,1289.43,1305.47,981954
3/23/2015 15:30:00,1308,1315.5,1303,1308.58,783304
3/24/2015 15:30:00,1315,1318.5,1291.05,1295.65,1197439
3/25/2015 15:30:00,1295.7,1307,1272.6,1286.88,1112429
3/26/2015 15:30:00,1276.65,1293.35,1250.5,1256.55,1545821
3/27/2015 15:30:00,1265.5,1285.95,1252.05,1257.4,1375888
3/30/2015 15:30:00,1262.5,1284.95,1260,1282.08,669503
3/31/2015 15:30:00,1284.72,1284.72,1260.5,1276.97,1213514
4/1/2015 15:30:00,1279,1281.8,1261.13,1271.33,1037879
4/6/2015 15:30:00,1279,1281.45,1250.05,1273.65,784271
4/7/2015 15:30:00,1281.22,1299.5,1272,1292.5,943461
4/8/2015 15:30:00,1297,1328.25,1295.43,1320.7,826067
4/9/2015 15:30:00,1329.5,1343.73,1317.58,1332.28,1272225
4/10/2015 15:30:00,1324.25,1335.4,1314,1326.88,907772
4/13/2015 15:30:00,1332,1332.5,1314,1327.75,654321
4/15/2015 15:30:00,1327.35,1356.95,1304.7,1313.88,1456967
4/16/2015 15:30:00,1313.48,1313.5,1285.68,1291.4,1608785
4/17/2015 15:30:00,1278.55,1280,1235,1237.43,4834371
4/20/2015 15:30:00,1240.03,1241.95,1212.43,1214.4,1445361
4/21/2015 15:30:00,1214.4,1226,1200.5,1213.53,1273016
4/22/2015 15:30:00,1215.75,1236.5,1203.78,1222.55,2093406
4/23/2015 15:30:00,1236,1239.9,1215.85,1228.63,2171495
4/24/2015 15:30:00,1227.65,1257,1223.78,1246.53,1812579
4/27/2015 15:30:00,1249.75,1260,1243,1250.1,1366526
4/28/2015 15:30:00,1255,1255,1227.55,1247.5,1544149
4/29/2015 15:30:00,1242,1247.5,1225.53,1243.65,1009810
4/30/2015 15:30:00,1240,1245,1213.55,1231.85,1869027
5/4/2015 15:30:00,1245.5,1252.4,1228.6,1240.78,945315
5/5/2015 15:30:00,1250.5,1268.22,1250,1258.93,1627535
5/6/2015 15:30:00,1257.5,1257.5,1227.9,1231.53,1697203
5/7/2015 15:30:00,1232.45,1276.88,1226.85,1272.63,1602514
5/8/2015 15:30:00,1280,1294,1258.15,1263.63,1501832
5/11/2015 15:30:00,1267.5,1281.53,1262.5,1278,1286541
5/12/2015 15:30:00,1280,1282.5,1256.5,1261.45,1233693
5/13/2015 15:30:00,1273.5,1273.5,1240.22,1257.7,931887
5/14/2015 15:30:00,1260,1260,1242.5,1249.63,654525
5/15/2015 15:30:00,1257.5,1266.2,1250.5,1255.58,730727
5/18/2015 15:30:00,1257.05,1262.63,1248.55,1260.2,2253876
5/19/2015 15:30:00,1259.7,1265,1248.38,1256.35,978861
5/20/2015 15:30:00,1260,1284.95,1258.45,1278.53,948907
5/21/2015 15:30:00,1278.5,1290,1274.08,1277.75,789789
5/22/2015 15:30:00,1275,1314.38,1269.63,1308.95,1345816
5/25/2015 15:30:00,1310,1318.45,1292.85,1300.5,491489
5/26/2015 15:30:00,1302.5,1311.63,1294.45,1304.43,980870
5/27/2015 15:30:00,1304,1316.58,1296,1307.63,810345
5/28/2015 15:30:00,1301.95,1311.5,1291.13,1304.75,1381804
5/29/2015 15:30:00,1308.5,1324.3,1298.63,1305.15,2211766
6/1/2015 15:30:00,1304.72,1323.55,1304.18,1308.88,441132
6/2/2015 15:30:00,1308,1315,1295.25,1299.95,1967910
6/3/2015 15:30:00,1302,1312.8,1295.25,1305.45,902342
6/4/2015 15:30:00,1308.55,1311.4,1294.25,1302.83,2065734
6/5/2015 15:30:00,1296,1304.5,1285,1287.93,1154267
6/8/2015 15:30:00,1295,1295,1280.83,1288.72,785160
6/9/2015 15:30:00,1292.5,1295,1275.5,1280.83,1289457
6/10/2015 15:30:00,1283,1305,1281.9,1300.38,1381675
6/11/2015 15:30:00,1302.75,1306.5,1278.38,1285.65,923668
6/12/2015 15:30:00,1285.95,1294.47,1238.4,1252.9,1285728
6/15/2015 15:30:00,1252.65,1260.22,1240.5,1252.4,1262588
6/16/2015 15:30:00,1250,1259.65,1247.22,1256,633698
6/17/2015 15:30:00,1260.5,1264.58,1250.9,1256.9,987860
6/18/2015 15:30:00,1257.5,1273.15,1254,1265.03,1082523
6/19/2015 15:30:00,1267.5,1277.5,1263.55,1274.78,999805
6/22/2015 15:30:00,1273.5,1300,1273.5,1295.75,551001
6/23/2015 15:30:00,1300,1304,1283.6,1287.3,449159
6/24/2015 15:30:00,1290,1293.95,1279.43,1285.15,585123
6/25/2015 15:30:00,1281,1286.5,1272.08,1275,965496
6/26/2015 15:30:00,1275.1,1298.18,1275.1,1296.4,645051
6/29/2015 15:30:00,1286,1302,1271.7,1296.45,686378
6/30/2015 15:30:00,1292.5,1294.38,1270,1275.47,774976
7/1/2015 15:30:00,1281.95,1304,1278.38,1296.55,639854
7/2/2015 15:30:00,1300,1301.47,1285.53,1288.88,722940
7/3/2015 15:30:00,1286.53,1305,1285,1301.95,481735
7/6/2015 15:30:00,1290.15,1322.5,1290.15,1316.65,591169
7/7/2015 15:30:00,1316.38,1323.45,1301.5,1308.13,821418
7/8/2015 15:30:00,1298.97,1310.85,1290.25,1297.55,1333925
7/9/2015 15:30:00,1297.5,1299.13,1253.33,1261.25,1967061
7/10/2015 15:30:00,1279.5,1279.5,1227.5,1237.18,4131827
7/13/2015 15:30:00,1237.7,1259.3,1237.7,1254.78,1140154
7/14/2015 15:30:00,1255.5,1257.5,1245,1249.75,851637
7/15/2015 15:30:00,1250.5,1274.97,1250,1272.88,1001830
7/16/2015 15:30:00,1271.85,1279.43,1263.3,1270.1,728304
7/17/2015 15:30:00,1273.4,1285.05,1271.65,1282.2,535263
7/20/2015 15:30:00,1282,1291.95,1275.95,1289.58,426893
7/21/2015 15:30:00,1288,1300.18,1277.55,1280.7,637250
7/22/2015 15:30:00,1280.5,1284.5,1260.53,1264.03,660314
7/23/2015 15:30:00,1258.75,1268.93,1241.5,1244.3,748390
7/24/2015 15:30:00,1248.75,1258.25,1246.05,1252.58,787486
7/27/2015 15:30:00,1244,1252.5,1240.58,1248.53,1001869
7/28/2015 15:30:00,1249.75,1259.5,1246.08,1251.03,945594
7/29/2015 15:30:00,1255.5,1257.53,1241.75,1253.38,1206659
7/30/2015 15:30:00,1258.03,1258.4,1236.4,1240.33,1385287
7/31/2015 15:30:00,1244.95,1259.5,1243.5,1255.38,981888
8/3/2015 15:30:00,1251.7,1262.5,1250.45,1254.8,589662
8/4/2015 15:30:00,1255.2,1261.5,1243,1254.45,1171346
8/5/2015 15:30:00,1260,1275,1255.5,1273.58,494497
8/6/2015 15:30:00,1282.5,1291.5,1275.05,1286.65,1105683
8/7/2015 15:30:00,1286.5,1286.5,1273.5,1276.03,594253
8/10/2015 15:30:00,1286,1294.5,1278.3,1286.05,715591
8/11/2015 15:30:00,1289,1305,1271.05,1302.1,1100153
8/12/2015 15:30:00,1301.55,1301.55,1300.4,1300.4,0
8/13/2015 15:30:00,1335,1342,1278,1317.8,703213
8/14/2015 15:30:00,1319,1359.68,1318.55,1351.6,1146982
8/17/2015 15:30:00,1345.05,1348.4,1327.5,1342.38,386822
8/18/2015 15:30:00,1353.45,1374.95,1345,1370.45,958463
8/19/2015 15:30:00,1375,1376.43,1360.95,1366.8,845035
8/20/2015 15:30:00,1372.5,1372.5,1336,1343.43,1174649
8/21/2015 15:30:00,1356,1364.95,1327.55,1338.08,1768040
8/24/2015 15:30:00,1319.5,1322.5,1284.55,1289.33,2346172
8/25/2015 15:30:00,1293.95,1311,1267.75,1283.58,1962900
8/26/2015 15:30:00,1279.03,1319.5,1255.97,1288.38,1608079
8/27/2015 15:30:00,1307.45,1307.45,1272.9,1287.33,2632399
8/28/2015 15:30:00,1304.5,1304.5,1278.85,1285.43,1372076
8/31/2015 15:30:00,1295,1295,1265.53,1282.03,1846022
9/1/2015 15:30:00,1278,1305.6,1265,1268.7,1493801
9/2/2015 15:30:00,1279.85,1310.22,1274,1295.9,1882975
9/3/2015 15:30:00,1298.05,1307.5,1288.13,1302.8,1132537
9/4/2015 15:30:00,1305.7,1307.45,1269.58,1273.72,1213198
9/7/2015 15:30:00,1276.5,1279.97,1266.35,1269.88,879592
9/8/2015 15:30:00,1272.5,1282.05,1261.75,1270.15,893873
9/9/2015 15:30:00,1281.47,1287,1272,1274.88,1022538
9/10/2015 15:30:00,1271,1289.25,1263.5,1272.7,1332909
9/11/2015 15:30:00,1273.25,1284.2,1270.3,1276,796336
9/14/2015 15:30:00,1282.5,1282.5,1271.5,1275.83,794659
9/15/2015 15:30:00,1275.83,1279.45,1268,1268.63,689950
9/16/2015 15:30:00,1277.5,1282.5,1270.53,1275.18,878408
9/18/2015 15:30:00,1282.5,1293,1269.5,1275.63,1227647
9/21/2015 15:30:00,1275,1278.55,1266.6,1275.53,554420
9/22/2015 15:30:00,1278.75,1286.2,1245,1263.4,1040623
9/23/2015 15:30:00,1267.15,1278.88,1256.3,1266.33,614176
9/24/2015 15:30:00,1267.75,1295,1264.95,1290.2,1177127
9/28/2015 15:30:00,1297,1309.5,1289.75,1296.85,1183406
9/29/2015 15:30:00,1291.68,1317,1284.93,1294.13,1662976
9/30/2015 15:30:00,1321.85,1321.85,1285.47,1294.03,1684168
10/1/2015 15:30:00,1299.5,1324.98,1296.1,1322.3,1417204
10/5/2015 15:30:00,1326.35,1385,1326.35,1355.83,2403653
10/6/2015 15:30:00,1362.5,1363,1342,1350,1989795
10/7/2015 15:30:00,1346.98,1358.5,1323.48,1326.98,1032765
10/8/2015 15:30:00,1335,1339.18,1310,1316.9,1178775
10/9/2015 15:30:00,1325.25,1325.3,1304,1314.83,1124862
10/12/2015 15:30:00,1327.5,1330.18,1293.5,1296.3,1227956
10/13/2015 15:30:00,1301.4,1306,1283.8,1299.28,3089856
10/14/2015 15:30:00,1274,1274,1240,1241.85,4168564
10/15/2015 15:30:00,1245,1251.75,1232.5,1233.88,1607855
10/16/2015 15:30:00,1240.45,1246,1235,1236,1166914
10/19/2015 15:30:00,1245,1247.47,1227.93,1244.38,1565321
10/20/2015 15:30:00,1248.13,1265,1247.8,1263.38,1347542
10/21/2015 15:30:00,1267.5,1271,1261.13,1265,964844
10/23/2015 15:30:00,1274,1274,1263.65,1268.58,1167699
10/26/2015 15:30:00,1274.5,1274.5,1257.55,1268.28,707315
10/27/2015 15:30:00,1265.03,1272.45,1260.18,1265.55,765210
10/28/2015 15:30:00,1255.03,1266.78,1255.03,1264.55,627671
10/29/2015 15:30:00,1266.78,1267.7,1245.03,1247.68,1565158
10/30/2015 15:30:00,1250,1255.95,1242.5,1247.6,758348
11/2/2015 15:30:00,1250,1261.4,1243.78,1258.68,659647
11/3/2015 15:30:00,1264,1273.9,1259.25,1271.72,682453
11/4/2015 15:30:00,1272.5,1273.6,1260,1266.9,495717
11/5/2015 15:30:00,1265.4,1267.47,1240,1241.33,798049
11/6/2015 15:30:00,1246,1259.13,1241.72,1252.88,454012
11/9/2015 15:30:00,1247.5,1251.38,1234.3,1235.68,1010778
11/10/2015 15:30:00,1236.47,1238.5,1225,1229.08,680960
11/13/2015 15:30:00,1219.03,1219.03,1193.28,1198.7,1371616
11/16/2015 15:30:00,1195,1195,1178,1187.3,1021764
11/17/2015 15:30:00,1190.25,1199.22,1187.5,1195.28,992514
11/18/2015 15:30:00,1194.45,1194.45,1173,1175.72,760176
11/19/2015 15:30:00,1182.68,1190.8,1176,1181.28,933453
11/20/2015 15:30:00,1183.25,1211.78,1180.97,1199.18,1006063
11/23/2015 15:30:00,1202.65,1206.7,1191.13,1195.53,544041
11/24/2015 15:30:00,1190.03,1196.22,1182.75,1183.97,499320
11/26/2015 15:30:00,1188.95,1191.2,1168.93,1172.78,1457646
11/27/2015 15:30:00,1174,1179.72,1166.25,1176.68,868603
11/30/2015 15:30:00,1182.5,1195.63,1175.08,1186.78,2050024
12/1/2015 15:30:00,1181.45,1189.03,1178.53,1180.95,860997
12/2/2015 15:30:00,1189,1189.05,1173.25,1182.6,820148
12/3/2015 15:30:00,1180,1186.5,1173.5,1175.38,1141679
12/4/2015 15:30:00,1170,1173.65,1160.55,1164.2,623046
12/7/2015 15:30:00,1166.1,1171.95,1157.63,1159.9,691302
12/8/2015 15:30:00,1159.7,1174.5,1158.65,1164.5,569982
12/9/2015 15:30:00,1168.95,1186.4,1160,1183.83,2641403
12/10/2015 15:30:00,1184.5,1195.6,1176,1192.28,861994
12/11/2015 15:30:00,1191.5,1195.97,1181.63,1193,826189
12/14/2015 15:30:00,1167.6,1193.5,1165.3,1189.22,1359266
12/15/2015 15:30:00,1189.22,1192.5,1181.53,1187.93,567934
12/16/2015 15:30:00,1192,1207.25,1192,1204.2,717967
12/17/2015 15:30:00,1207.5,1222.5,1196.68,1219.88,809422
12/18/2015 15:30:00,1210,1217.1,1200.33,1208.4,1512485
12/21/2015 15:30:00,1209.97,1225,1203.43,1223.2,805052
12/22/2015 15:30:00,1220,1220,1200,1202.53,780429
12/23/2015 15:30:00,1207.5,1217.5,1205.28,1212.9,424917
12/24/2015 15:30:00,1210.5,1219.1,1202,1217.13,421580
12/28/2015 15:30:00,1214,1233.2,1210.1,1231.35,1852099
12/29/2015 15:30:00,1229.18,1232.65,1222.88,1227.9,854262
12/30/2015 15:30:00,1226.53,1229.5,1206.15,1209.15,802881
12/31/2015 15:30:00,1207.88,1224.25,1203.75,1218.43,620159
1/1/2016 15:30:00,1219.5,1219.5,1206.13,1208.2,356131
1/4/2016 15:30:00,1205.08,1207,1183.03,1184.8,935092
1/5/2016 15:30:00,1192.5,1193.3,1170.5,1174.47,1339010
1/6/2016 15:30:00,1175.1,1193.08,1175.1,1190.8,1326614
1/7/2016 15:30:00,1185,1191.45,1180,1185.63,1599790
1/8/2016 15:30:00,1192.5,1203.68,1186.25,1198.8,953772
1/11/2016 15:30:00,1191.25,1192,1174.43,1181.18,1465114
1/12/2016 15:30:00,1181.35,1182.5,1150.8,1158.5,1741297
1/13/2016 15:30:00,1158.5,1163.5,1127.55,1139.6,2373046
1/14/2016 15:30:00,1136.5,1149.45,1125,1139.4,1371026
1/15/2016 15:30:00,1144.43,1145.85,1127.5,1130.55,1634704
1/18/2016 15:30:00,1131,1145.95,1130,1138.83,1106961
1/19/2016 15:30:00,1138.5,1150,1134.15,1139.65,483955
1/20/2016 15:30:00,1136.9,1142.5,1121.5,1140.05,807977
1/21/2016 15:30:00,1142.5,1144.95,1122.88,1127.25,1337768
1/22/2016 15:30:00,1136.5,1151.03,1130,1147.88,671589
1/25/2016 15:30:00,1150.95,1169.5,1145.75,1152.33,698780
1/27/2016 15:30:00,1151,1164.97,1140.95,1159.88,813493
1/28/2016 15:30:00,1157.75,1174.45,1154.03,1165.6,1553330
1/29/2016 15:30:00,1179.35,1200,1167.53,1195.65,1117872
2/1/2016 15:30:00,1195.55,1206.47,1179.5,1201.35,747637
2/2/2016 15:30:00,1204.5,1216.5,1189.85,1199.05,737794
2/3/2016 15:30:00,1193.75,1214.95,1180.15,1208.15,654346
2/4/2016 15:30:00,1210.95,1220,1201,1210.03,625023
2/5/2016 15:30:00,1204.05,1219.97,1204.05,1210.97,701498
2/8/2016 15:30:00,1200,1206.03,1173.5,1177.15,531829
2/9/2016 15:30:00,1166.8,1166.8,1127.8,1140.7,1244805
2/10/2016 15:30:00,1137.5,1144.95,1129.05,1134.4,945366
2/11/2016 15:30:00,1140,1144.5,1085.83,1098.97,981204
2/12/2016 15:30:00,1100,1121.7,1082,1113.15,1086284
2/15/2016 15:30:00,1125,1153.43,1120,1134.58,1239856
2/16/2016 15:30:00,1133,1141,1121.5,1132.78,794351
2/17/2016 15:30:00,1132.5,1139.83,1123.2,1137.78,792589
2/18/2016 15:30:00,1142.5,1159.88,1139,1157.93,764570
2/19/2016 15:30:00,1153.68,1163.5,1152.72,1159.83,439506
2/22/2016 15:30:00,1160.13,1171.5,1152.5,1157.95,662442
2/23/2016 15:30:00,1155.13,1159.95,1128.38,1132,653426
2/24/2016 15:30:00,1131.22,1131.22,1100.6,1105.47,829664
2/25/2016 15:30:00,1109.9,1114,1092.83,1106.43,915278
2/26/2016 15:30:00,1114.85,1128.45,1099.8,1105.25,768768
2/29/2016 15:30:00,1118.5,1118.5,1057.5,1088.4,1095859
3/1/2016 15:30:00,1096.5,1142.55,1081,1138.33,999880
3/2/2016 15:30:00,1152.5,1165,1128.13,1159.43,763743
3/3/2016 15:30:00,1168,1195.5,1150.5,1186.58,1324142
3/4/2016 15:30:00,1190,1190,1174.78,1178.78,756483
3/8/2016 15:30:00,1171.05,1183.5,1152.1,1177.15,634076
3/9/2016 15:30:00,1170.5,1184.7,1147.58,1178.63,1008892
3/10/2016 15:30:00,1178.03,1179.93,1157.47,1174.15,830833
3/11/2016 15:30:00,1170,1195.43,1167.5,1182.63,765264
3/14/2016 15:30:00,1181,1199,1170,1177.5,818371
3/15/2016 15:30:00,1174.53,1181.75,1160.05,1164.95,811678
3/16/2016 15:30:00,1157.5,1166,1153.45,1163.53,959123
3/17/2016 15:30:00,1167,1180.9,1166,1176.03,1110544
3/18/2016 15:30:00,1180,1215,1180,1212.93,1602035
3/21/2016 15:30:00,1213,1227.47,1210,1223.13,1168491
3/22/2016 15:30:00,1221,1242.5,1218.25,1236.55,975992
3/23/2016 15:30:00,1243.95,1243.95,1228.65,1236.9,1139217
3/28/2016 15:30:00,1245.5,1258.58,1230.78,1236.7,1660441
3/29/2016 15:30:00,1239,1243.47,1227.5,1234.7,919398
3/30/2016 15:30:00,1235.45,1252.5,1230,1244.75,1068252
3/31/2016 15:30:00,1239.15,1275,1236.08,1260.15,2181982
4/1/2016 15:30:00,1252.5,1260.43,1217.05,1226.95,1520700
4/4/2016 15:30:00,1228,1244,1223.5,1235.63,876176
4/5/2016 15:30:00,1235.4,1242.45,1221.03,1231.38,745897
4/6/2016 15:30:00,1235,1244.5,1229.68,1240.95,881575
4/7/2016 15:30:00,1240,1242.35,1228.5,1235.4,1195471
4/8/2016 15:30:00,1233,1236.85,1213.5,1216.03,699750
4/11/2016 15:30:00,1216.5,1258.5,1206.5,1253.33,1200324
4/12/2016 15:30:00,1249,1262.5,1244.05,1259.08,651814
4/13/2016 15:30:00,1265,1272.5,1256.25,1263.1,800734
4/18/2016 15:30:00,1226.5,1276.75,1220,1259.88,3560752
4/20/2016 15:30:00,1267.45,1267.45,1220,1225.18,3202512
4/21/2016 15:30:00,1225.5,1233.7,1206.1,1212.2,1262862
4/22/2016 15:30:00,1209.5,1217.7,1202.1,1208.53,982063
4/25/2016 15:30:00,1201.15,1228.53,1201.15,1225.63,1133827
4/26/2016 15:30:00,1224.5,1246.75,1221,1244.9,1277184
4/27/2016 15:30:00,1240,1257.3,1237.95,1255.55,924335
4/28/2016 15:30:00,1250.65,1270,1249.05,1263.88,2496372
4/29/2016 15:30:00,1258.5,1271,1255,1267.75,1186089
5/2/2016 15:30:00,1264.5,1265,1250,1263.35,558346
5/3/2016 15:30:00,1262.5,1265,1236,1239.05,1076559
5/4/2016 15:30:00,1236.95,1247.03,1228.5,1239,682446
5/5/2016 15:30:00,1239,1244.97,1231.78,1235.15,623283
5/6/2016 15:30:00,1232.5,1242.15,1215.5,1236.7,442799
5/9/2016 15:30:00,1236.7,1259,1228.2,1256.28,910638
5/10/2016 15:30:00,1257.5,1266.97,1248,1261.45,579267
5/11/2016 15:30:00,1250,1262.8,1245,1259.15,799358
5/12/2016 15:30:00,1260.28,1284.95,1260.28,1283.1,756541
5/13/2016 15:30:00,1282.5,1283,1255.08,1261.7,810865
5/16/2016 15:30:00,1269,1282.4,1261.25,1275.58,555763
5/17/2016 15:30:00,1282.1,1295.63,1276,1285.1,878349
5/18/2016 15:30:00,1282.93,1282.93,1263.03,1275.55,750370
5/19/2016 15:30:00,1277.5,1280,1263.05,1278.47,519396
5/20/2016 15:30:00,1271.15,1282.9,1261.4,1264.65,615459
5/23/2016 15:30:00,1272,1272.95,1240.1,1245.72,766508
5/24/2016 15:30:00,1242,1244.13,1229.8,1233.85,669579
5/25/2016 15:30:00,1240.5,1266.47,1240.5,1263.22,774339
5/26/2016 15:30:00,1265,1282.45,1252.55,1274.35,971624
5/27/2016 15:30:00,1276.58,1289.93,1275.3,1286.33,552338
5/30/2016 15:30:00,1291.5,1320.98,1291,1318.2,674732
5/31/2016 15:30:00,1320,1323.5,1281,1284.7,1861304
6/1/2016 15:30:00,1285.6,1322.5,1285.5,1316.78,955971
6/2/2016 15:30:00,1300,1327.15,1300,1325.08,704378
6/3/2016 15:30:00,1325.7,1329,1310.25,1314.78,777461
6/6/2016 15:30:00,1310.25,1319.5,1301.6,1306.25,661013
6/7/2016 15:30:00,1307,1319.5,1306.5,1315.58,601097
6/8/2016 15:30:00,1308.63,1314.28,1302.75,1306.55,469133
6/9/2016 15:30:00,1311.2,1311.2,1277.6,1288.63,781069
6/10/2016 15:30:00,1283,1301.63,1276.6,1277.88,698416
6/13/2016 15:30:00,1270,1276.68,1259,1273.5,514989
6/14/2016 15:30:00,1279.47,1279.47,1259.13,1267.43,488785
6/15/2016 15:30:00,1265,1282.45,1261,1278.43,635422
6/16/2016 15:30:00,1272.78,1282.35,1258.22,1279.15,572535
6/17/2016 15:30:00,1279.5,1305,1279.5,1301.3,939494
6/20/2016 15:30:00,1301.3,1334,1295.9,1329.65,936419
6/21/2016 15:30:00,1331.75,1332.5,1320.7,1325.6,513845
6/22/2016 15:30:00,1325,1338.85,1315.88,1333.83,880856
6/23/2016 15:30:00,1327.5,1329.75,1312.65,1322.68,698507
6/24/2016 15:30:00,1282.58,1296.6,1257.08,1286.97,1883293
6/27/2016 15:30:00,1273.5,1273.5,1241.33,1247.93,2136283
6/28/2016 15:30:00,1247.93,1251.45,1229.2,1231.97,2249762
6/29/2016 15:30:00,1237.5,1256.25,1232.65,1251.45,1265632
6/30/2016 15:30:00,1261,1281.45,1250.18,1276.55,2560906
7/1/2016 15:30:00,1281,1282.3,1247.18,1250.43,1098648
7/4/2016 15:30:00,1258,1262.93,1241,1247.1,941742
7/5/2016 15:30:00,1247.1,1248.53,1238.58,1242.65,779874
7/7/2016 15:30:00,1243.85,1245.93,1212.5,1214.9,1658400
7/8/2016 15:30:00,1217.5,1221.03,1201.75,1213.3,1228178
7/11/2016 15:30:00,1215,1235.9,1213.5,1232.08,771816
7/12/2016 15:30:00,1235.85,1237.5,1217.93,1232.47,732768
7/13/2016 15:30:00,1239,1249.63,1225.63,1246.55,1051150
7/14/2016 15:30:00,1243,1264.5,1235.5,1260.95,1349994
7/15/2016 15:30:00,1258.5,1263.9,1213.28,1222.68,4168183
7/18/2016 15:30:00,1223.5,1234.5,1215.3,1216.72,1299425
7/19/2016 15:30:00,1213.75,1236.4,1213.75,1233.1,1181448
7/20/2016 15:30:00,1225,1251.25,1224.08,1247.47,1407626
7/21/2016 15:30:00,1244.75,1259.75,1232.22,1253.03,1263574
7/22/2016 15:30:00,1249.45,1262,1246,1257.55,758608
7/25/2016 15:30:00,1256,1281.6,1252.9,1279.47,844398
7/26/2016 15:30:00,1279.47,1284,1266.5,1276.3,1155645
7/27/2016 15:30:00,1277.5,1290.2,1272.5,1288.78,875255
7/28/2016 15:30:00,1290.25,1314.78,1288.53,1309.63,2316040
7/29/2016 15:30:00,1307,1317.45,1299.5,1309.65,1244042
8/1/2016 15:30:00,1316,1362.5,1316,1354.13,1980852
8/2/2016 15:30:00,1351.45,1357.85,1344.9,1349.6,1289081
8/3/2016 15:30:00,1343,1349.5,1324.53,1328.15,1147351
8/4/2016 15:30:00,1335,1341.48,1318.13,1326,707708
8/5/2016 15:30:00,1336.95,1342.15,1316,1324.55,934242
8/8/2016 15:30:00,1320,1334,1314.53,1324.75,1029122
8/9/2016 15:30:00,1329,1329.9,1289.43,1325.1,1130957
8/10/2016 15:30:00,1325.5,1341,1324,1337.7,1031039
8/11/2016 15:30:00,1332.78,1357.5,1332.78,1354.95,1116569
8/12/2016 15:30:00,1352.5,1372.4,1351.03,1369.23,1163679
8/16/2016 15:30:00,1369,1370,1336.93,1345.85,1591877
8/17/2016 15:30:00,1349.5,1349.5,1309,1312.28,924283
8/18/2016 15:30:00,1317.5,1328.78,1315.05,1319.28,646032
8/19/2016 15:30:00,1320,1323.23,1300,1301.75,1208122
8/22/2016 15:30:00,1294,1297.22,1268.15,1274.35,1132637
8/23/2016 15:30:00,1272.47,1302.47,1270.1,1300.53,751687
8/24/2016 15:30:00,1294.9,1301,1284.53,1286.03,558439
8/25/2016 15:30:00,1290,1294.85,1263,1275.53,969845
8/26/2016 15:30:00,1279.9,1286.28,1258.6,1262.47,625157
8/29/2016 15:30:00,1267.47,1267.47,1233.38,1250.28,744364
8/30/2016 15:30:00,1255,1274.9,1250.63,1272.08,722013
8/31/2016 15:30:00,1275,1275,1250.43,1255.65,1615834
9/1/2016 15:30:00,1262.45,1267.47,1243.53,1253.75,672868
9/2/2016 15:30:00,1256,1259.7,1248.03,1257.4,871165
9/6/2016 15:30:00,1259.95,1260.08,1240,1242.03,1119533
9/7/2016 15:30:00,1249.85,1249.85,1211.5,1220.28,1927020
9/8/2016 15:30:00,1180,1180,1142.38,1161.05,3510758
9/9/2016 15:30:00,1164.85,1183.33,1160.03,1176.22,1371219
9/12/2016 15:30:00,1168.5,1181.97,1162,1179.53,1012227
9/14/2016 15:30:00,1181,1188.8,1155,1164.22,1034929
9/15/2016 15:30:00,1169.97,1171.05,1158.38,1163.47,1409482
9/16/2016 15:30:00,1168.35,1188,1160,1180.85,2179002
9/19/2016 15:30:00,1182.5,1213.5,1175,1205.72,1401273
9/20/2016 15:30:00,1205.5,1208.45,1192.7,1203.25,592276
9/21/2016 15:30:00,1203.85,1212,1200.35,1206.7,839010
9/22/2016 15:30:00,1212.63,1214,1185.55,1189,1428787
9/23/2016 15:30:00,1191,1201.93,1185.58,1199.05,900363
9/26/2016 15:30:00,1200.55,1209.55,1197.5,1200.55,876738
9/27/2016 15:30:00,1200.55,1224,1200.55,1218.05,1019396
9/28/2016 15:30:00,1215.5,1218.75,1207.6,1211.53,865664
9/29/2016 15:30:00,1217.5,1228.25,1209.8,1218.9,1801979
9/30/2016 15:30:00,1218.53,1224.9,1211.55,1215.4,1087682
10/3/2016 15:30:00,1225,1228.83,1200.55,1205.85,909440
10/4/2016 15:30:00,1210,1212.53,1199,1202.58,890359
10/5/2016 15:30:00,1204,1207.7,1188.05,1193.18,588177
10/6/2016 15:30:00,1197.5,1201.2,1186.38,1194.38,1133786
10/7/2016 15:30:00,1194,1194,1179.1,1183.9,908256
10/10/2016 15:30:00,1184.95,1193.45,1177.53,1190.15,601071
10/13/2016 15:30:00,1181.65,1184.95,1160.45,1164.45,2586667
10/14/2016 15:30:00,1157.5,1193.5,1145.5,1183.1,3870607
10/17/2016 15:30:00,1184.45,1187.9,1172.2,1181.22,1364173
10/18/2016 15:30:00,1188,1207.85,1177.4,1200.1,1064316
10/19/2016 15:30:00,1200.5,1205,1185.15,1197.55,992529
10/20/2016 15:30:00,1198.45,1204.68,1193,1200.58,632927
10/21/2016 15:30:00,1200,1215.95,1199.13,1214.33,629830
10/24/2016 15:30:00,1214.1,1217.45,1201.28,1213.85,626595
10/25/2016 15:30:00,1202.5,1207.3,1190.5,1199.22,886233
10/26/2016 15:30:00,1199.3,1201.38,1186.25,1198.13,718565
10/27/2016 15:30:00,1189.85,1214.75,1182.75,1209.05,1470801
10/28/2016 15:30:00,1205,1207.55,1194,1199.35,876051
11/1/2016 15:30:00,1199.85,1199.85,1167.08,1175,1467388
11/2/2016 15:30:00,1170.5,1172,1147.5,1152.03,1162538
11/3/2016 15:30:00,1147,1167.5,1142.25,1159.72,731655
11/4/2016 15:30:00,1160,1168.08,1147,1165.28,591876
11/7/2016 15:30:00,1168.95,1172.45,1130.03,1138.53,1024026
11/8/2016 15:30:00,1140.22,1153.5,1130,1141.6,966817
11/9/2016 15:30:00,1090,1137.5,1071.43,1084.93,2250113
11/10/2016 15:30:00,1102.4,1108.75,1070.4,1077.72,1086213
11/11/2016 15:30:00,1073.53,1073.53,1043.1,1050.58,1199212
11/15/2016 15:30:00,1058.45,1078.78,1025.95,1060.65,3145162
11/16/2016 15:30:00,1072.55,1104.45,1069,1094.8,2009979
11/17/2016 15:30:00,1092.5,1104.3,1065.08,1068.6,1252344
11/18/2016 15:30:00,1071,1075,1052.1,1062.55,1070267
11/21/2016 15:30:00,1063.1,1070,1052.5,1066.45,896683
11/22/2016 15:30:00,1066,1088.72,1061.03,1067.5,659430
11/23/2016 15:30:00,1074.5,1081.47,1063.6,1078.18,637904
11/24/2016 15:30:00,1077.45,1103.8,1068.5,1094.22,1513117
11/25/2016 15:30:00,1106,1153.63,1096.1,1150.18,2138074
11/28/2016 15:30:00,1147,1159.72,1125.95,1141.3,962148
11/29/2016 15:30:00,1137.5,1146,1126.28,1129.93,721148
11/30/2016 15:30:00,1132.5,1147.38,1121.15,1138.03,1722916
12/1/2016 15:30:00,1138.5,1145,1127.03,1131.72,561526
12/2/2016 15:30:00,1129,1135.4,1102.6,1110.93,999016
12/5/2016 15:30:00,1114.5,1118.93,1085,1093,1124763
12/6/2016 15:30:00,1095,1101.97,1084.95,1091.18,796722
12/7/2016 15:30:00,1091.1,1092.22,1072.83,1077.28,1032853
12/8/2016 15:30:00,1080.25,1099.5,1080,1097.88,1619773
12/9/2016 15:30:00,1102.5,1109.95,1086.65,1097.63,794359
12/12/2016 15:30:00,1097.4,1108.8,1081.5,1104.1,655879
12/13/2016 15:30:00,1109,1109,1091.5,1100.15,1073767
12/14/2016 15:30:00,1107,1112.35,1094.5,1103.8,935183
12/15/2016 15:30:00,1101,1136.05,1101,1129.65,2147705
12/16/2016 15:30:00,1138.5,1145,1126,1141.33,993615
12/19/2016 15:30:00,1140,1148.85,1130.65,1144.45,667105
12/20/2016 15:30:00,1146,1172.5,1143.53,1169.65,1461380
12/21/2016 15:30:00,1171.9,1171.9,1152.8,1156.8,1017451
12/22/2016 15:30:00,1153,1162.5,1143.1,1153.85,934150
12/23/2016 15:30:00,1150,1158.88,1139.4,1144.05,559477
12/26/2016 15:30:00,1133,1150.8,1133,1146.55,448704
12/27/2016 15:30:00,1140.75,1165,1140.75,1161.7,647346
12/28/2016 15:30:00,1163.35,1174.95,1151.58,1156.7,675209
12/29/2016 15:30:00,1151.5,1179.95,1151.5,1175.85,981758
12/30/2016 15:30:00,1177.45,1189.3,1172.83,1182.78,702874
1/2/2017 15:30:00,1183.3,1187.55,1176.2,1180.68,411566
1/3/2017 15:30:00,1180.63,1185.85,1171.65,1184.13,737662
1/4/2017 15:30:00,1184.85,1194.43,1179.15,1189.75,710033
1/5/2017 15:30:00,1192,1194.97,1160.2,1167.2,1108202
1/6/2017 15:30:00,1160.5,1164.68,1128.55,1140.7,1504948
1/9/2017 15:30:00,1137.5,1155.65,1128.5,1151.85,927289
1/10/2017 15:30:00,1152,1164.9,1145.75,1157.68,766957
1/11/2017 15:30:00,1157.5,1164.8,1140.1,1162.5,965648
1/12/2017 15:30:00,1162.2,1180,1152,1172.18,1285187
1/13/2017 15:30:00,1174,1178.97,1118.93,1124.65,5117790
1/16/2017 15:30:00,1125,1136.95,1114,1129.28,1682404
1/17/2017 15:30:00,1127.45,1143.9,1126.4,1139.38,1504978
1/18/2017 15:30:00,1139,1149,1132.72,1147.55,1568287
1/19/2017 15:30:00,1147.5,1147.58,1141.47,1145.5,1125838
1/20/2017 15:30:00,1143.5,1150,1132.5,1142.68,1018623
1/23/2017 15:30:00,1132.5,1156.75,1129.9,1153.35,1159273
1/24/2017 15:30:00,1152,1161.5,1145,1159.18,1141319
1/25/2017 15:30:00,1161.3,1180,1159.03,1176.5,2055824
1/27/2017 15:30:00,1172.53,1189.38,1172.53,1178.9,1435829
1/30/2017 15:30:00,1170.5,1175.97,1159.08,1166.45,1288978
1/31/2017 15:30:00,1160,1166.03,1100.03,1114.9,2333402
2/1/2017 15:30:00,1110,1119.97,1077.78,1083.95,2432076
2/2/2017 15:30:00,1085.03,1109.5,1076.5,1103.83,3004741
2/3/2017 15:30:00,1104.85,1121.5,1095.5,1116.28,1076686
2/6/2017 15:30:00,1129,1129.25,1107.47,1120.38,1204455
2/7/2017 15:30:00,1122,1126.3,1113,1122.3,907319
2/8/2017 15:30:00,1122.45,1141.3,1122.03,1135.47,1106292
2/9/2017 15:30:00,1137.5,1164,1135.1,1158.65,2016601
2/10/2017 15:30:00,1155.5,1212.22,1155.5,1198.97,2891080
2/13/2017 15:30:00,1198,1214.5,1191.18,1207.13,1909906
2/14/2017 15:30:00,1209.83,1209.83,1199,1203.13,1016664
2/15/2017 15:30:00,1198.5,1214,1187.55,1206.85,962486
2/16/2017 15:30:00,1230,1239,1217.8,1223.88,2087840
2/17/2017 15:30:00,1236,1237.8,1201,1203.95,1361662
2/20/2017 15:30:00,1212.5,1277.5,1204.05,1251.1,1986974
2/21/2017 15:30:00,1257,1262.95,1227.58,1232.68,2750556
2/22/2017 15:30:00,1232.95,1235,1200.08,1205.75,2252748
2/23/2017 15:30:00,1207.5,1246.63,1207.5,1240.9,2426676
2/27/2017 15:30:00,1239.55,1251,1235.03,1244.93,1069946
2/28/2017 15:30:00,1244.75,1245,1225,1233.13,1177414
3/1/2017 15:30:00,1239.95,1250.95,1235,1239.78,565187
3/2/2017 15:30:00,1243.35,1255,1235.03,1250.72,772471
3/3/2017 15:30:00,1246,1249.85,1237.7,1247.03,506985
3/6/2017 15:30:00,1240,1242,1227.28,1236.25,700347
3/7/2017 15:30:00,1241.45,1252.5,1237.53,1249.9,755836
3/8/2017 15:30:00,1251,1260,1246.1,1256.1,895755
3/9/2017 15:30:00,1257.08,1262,1252.03,1259.88,429234
3/10/2017 15:30:00,1259.8,1274.78,1256.97,1271.13,585710
3/14/2017 15:30:00,1278.4,1293.58,1275.53,1283.75,1701147
3/15/2017 15:30:00,1286,1286.08,1246.93,1249.15,1511248
3/16/2017 15:30:00,1253,1263.5,1253,1260.45,785909
3/17/2017 15:30:00,1273,1273,1254.88,1262.88,1296576
3/20/2017 15:30:00,1262.97,1262.97,1233,1240,1743770
3/21/2017 15:30:00,1241,1246,1232.5,1243.35,1686850
3/22/2017 15:30:00,1240.08,1248,1234.97,1239.47,944358
3/23/2017 15:30:00,1241,1242.53,1223.6,1230.18,1310319
3/24/2017 15:30:00,1234.9,1234.9,1211.65,1213.6,2549907
3/27/2017 15:30:00,1213.47,1220,1203,1206.03,1090635
3/28/2017 15:30:00,1205,1221.7,1205,1214.97,576579
3/29/2017 15:30:00,1218,1225.4,1212.8,1222.3,858882
3/30/2017 15:30:00,1222.45,1232.5,1217.5,1220.5,1493043
3/31/2017 15:30:00,1219.2,1220.43,1207.5,1215.9,933522
4/3/2017 15:30:00,1217.5,1217.5,1204.1,1205.85,598444
4/5/2017 15:30:00,1209.95,1209.95,1197.5,1200.63,1452784
4/6/2017 15:30:00,1200,1205,1196.28,1200.03,860352
4/7/2017 15:30:00,1197.45,1216.63,1196.08,1214.53,1138506
4/10/2017 15:30:00,1216,1224.5,1202.5,1211.13,1271632
4/11/2017 15:30:00,1208.65,1221.55,1203,1209.65,778892
4/12/2017 15:30:00,1211.25,1214,1191.5,1196.63,525269
4/13/2017 15:30:00,1200,1204.5,1160.53,1164.33,1250236
4/17/2017 15:30:00,1165.2,1166.45,1147.58,1157.43,1135441
4/18/2017 15:30:00,1165,1167.1,1151.03,1154.4,865310
4/19/2017 15:30:00,1131.75,1174.35,1126.4,1149.58,2813406
4/20/2017 15:30:00,1152.65,1166,1145.47,1162.75,634421
4/21/2017 15:30:00,1164.55,1167.83,1150.5,1155.4,580577
4/24/2017 15:30:00,1150,1169.83,1141.25,1164.05,1000010
4/25/2017 15:30:00,1164,1172.22,1151.35,1155.75,1574355
4/26/2017 15:30:00,1170,1171.97,1151.53,1155.18,1093719
4/27/2017 15:30:00,1153.03,1163.9,1138.83,1151.33,2886593
4/28/2017 15:30:00,1147,1149.38,1134,1136.58,1270255
5/2/2017 15:30:00,1147,1151,1140,1144.95,1191348
5/3/2017 15:30:00,1147.5,1172.5,1134.25,1168.65,1757203
5/4/2017 15:30:00,1174.97,1175,1154.4,1165.05,1354104
5/5/2017 15:30:00,1154,1166.25,1151.25,1160.25,841237
5/8/2017 15:30:00,1160.5,1173.7,1158.85,1171.22,535891
5/9/2017 15:30:00,1171.97,1180.5,1166.28,1176.28,895135
5/10/2017 15:30:00,1177.5,1178.08,1158,1166.22,603194
5/11/2017 15:30:00,1173.65,1180,1161.38,1174.72,1035651
5/12/2017 15:30:00,1171.65,1184.95,1160.03,1180.33,1157223
5/15/2017 15:30:00,1187.55,1188.97,1170.8,1182.55,908802
5/16/2017 15:30:00,1190,1217.5,1186.72,1214.58,1800513
5/17/2017 15:30:00,1216.75,1230.38,1211.5,1227.68,1438099
5/18/2017 15:30:00,1225,1286,1221.13,1268.1,2569297
5/19/2017 15:30:00,1268.1,1270.28,1243,1253.58,893022
5/22/2017 15:30:00,1255,1276.88,1255,1265.68,831970
5/23/2017 15:30:00,1266.6,1282.08,1257,1260.85,1374298
5/24/2017 15:30:00,1267.4,1285,1264.83,1279.58,1267274
5/25/2017 15:30:00,1288.5,1318.78,1284,1312.3,2047047
5/26/2017 15:30:00,1312.5,1313.43,1282.33,1289.13,681275
5/29/2017 15:30:00,1289.5,1298.25,1282,1286.43,874645
5/30/2017 15:30:00,1280,1287.97,1262.5,1275.55,463817
5/31/2017 15:30:00,1266.5,1286.25,1264,1273.3,1251365
6/1/2017 15:30:00,1265,1282,1265,1276.8,540032
6/2/2017 15:30:00,1278.13,1295.93,1276.25,1282.45,677824
6/5/2017 15:30:00,1282.5,1309.95,1280.08,1301.97,750094
6/6/2017 15:30:00,1315.5,1354.48,1315,1348,2973360
6/7/2017 15:30:00,1348.5,1350,1288.28,1307.63,2463888
6/8/2017 15:30:00,1299,1302.47,1257.75,1260.8,1665357
6/9/2017 15:30:00,1260,1273.7,1243,1253.5,1574017
6/12/2017 15:30:00,1248.5,1256.45,1235.2,1243.6,813253
6/13/2017 15:30:00,1232.5,1240.55,1223.5,1225.78,587707
6/14/2017 15:30:00,1227.5,1238,1227.5,1235.1,744571
6/15/2017 15:30:00,1234.5,1234.85,1202.5,1205.6,1498599
6/16/2017 15:30:00,1207.47,1217.5,1193.25,1199.85,1225213
6/19/2017 15:30:00,1208.45,1223.18,1202.58,1215.85,822371
6/20/2017 15:30:00,1215.5,1224.5,1190.15,1222.5,835479
6/21/2017 15:30:00,1220,1221.08,1198.6,1203.15,828909
6/22/2017 15:30:00,1204.5,1215.5,1192.5,1197.43,2887941
6/23/2017 15:30:00,1199.7,1206.97,1177,1180.85,712378
6/27/2017 15:30:00,1175.3,1192.35,1165.8,1171.43,987165
6/28/2017 15:30:00,1174.95,1179,1167.5,1175.03,894863
6/29/2017 15:30:00,1179.5,1186.03,1161.55,1166.63,1235913
6/30/2017 15:30:00,1162.2,1188.5,1161.55,1181.18,876924
7/3/2017 15:30:00,1178.7,1191.53,1171.55,1186.8,737978
7/4/2017 15:30:00,1186.65,1190.22,1175.03,1183.43,607567
7/5/2017 15:30:00,1180.4,1182.5,1172.5,1178,407928
7/6/2017 15:30:00,1179.5,1180.95,1170.05,1173.78,513394
7/7/2017 15:30:00,1175,1178.22,1162.75,1165.97,616045
7/10/2017 15:30:00,1203,1222.45,1189.47,1217.47,391804
7/11/2017 15:30:00,1213,1257.4,1213,1237.9,1768752
7/12/2017 15:30:00,1241.25,1241.65,1215.05,1219.72,1323225
7/13/2017 15:30:00,1222.5,1236,1213.3,1223.2,1565980
7/14/2017 15:30:00,1191.5,1212.5,1187.5,1198.72,2254216
7/17/2017 15:30:00,1198.85,1211.05,1191.1,1197.72,1105911
7/18/2017 15:30:00,1198.08,1221.5,1198.08,1204.18,954001
7/19/2017 15:30:00,1207.75,1230,1207.55,1224.8,1957788
7/20/2017 15:30:00,1224.63,1228.45,1215.25,1222.35,591252
7/21/2017 15:30:00,1217.45,1250,1217.28,1245.6,1074208
7/24/2017 15:30:00,1241,1270,1241,1265.35,1135701
7/25/2017 15:30:00,1262.88,1290,1259.2,1285.75,1339416
7/26/2017 15:30:00,1280,1287.5,1273.5,1278,729913
7/27/2017 15:30:00,1271.1,1292.4,1233.25,1240.85,2127652
7/28/2017 15:30:00,1240.5,1246.53,1221,1242.15,691376
7/31/2017 15:30:00,1235.5,1259.5,1231.5,1245.9,1009831
8/1/2017 15:30:00,1250,1260.38,1245.5,1250.83,873730
8/2/2017 15:30:00,1250,1254,1231,1236.9,625512
8/3/2017 15:30:00,1240,1251,1233.22,1244.72,941274
8/4/2017 15:30:00,1245.4,1264.15,1244,1261.4,693945
8/7/2017 15:30:00,1258.25,1260,1240.6,1251.72,942760
8/8/2017 15:30:00,1256,1264.3,1248.15,1251.53,536979
8/9/2017 15:30:00,1250,1261.43,1246.65,1256,496473
8/10/2017 15:30:00,1254.5,1260.3,1243.18,1255.72,763086
8/11/2017 15:30:00,1249.95,1267.5,1241.5,1248.03,697368
8/14/2017 15:30:00,1251.5,1254.95,1231.5,1234.7,393252
8/16/2017 15:30:00,1242,1271.9,1232.6,1246.18,686670
8/17/2017 15:30:00,1250.35,1252.5,1231.05,1242.83,876187
8/18/2017 15:30:00,1237,1274.95,1235.7,1256.9,1418678
8/21/2017 15:30:00,1252.75,1274.5,1247.15,1264.4,1152417
8/22/2017 15:30:00,1261.5,1269.75,1246,1248.78,565663
8/23/2017 15:30:00,1252.5,1258.4,1236.58,1244.72,781136
8/24/2017 15:30:00,1248.85,1258.97,1243.08,1248.3,811954
8/28/2017 15:30:00,1252.3,1252.7,1230.5,1243.65,1018398
8/29/2017 15:30:00,1241,1248,1231.97,1235.43,656301
8/30/2017 15:30:00,1240.5,1245,1230.05,1242.28,485391
8/31/2017 15:30:00,1242.5,1252.2,1233.33,1248.18,892332
9/1/2017 15:30:00,1240,1249.03,1218.28,1228.22,851165
9/4/2017 15:30:00,1226.55,1230.5,1219,1228.1,531272
9/5/2017 15:30:00,1230,1245,1218.53,1242.18,582997
9/6/2017 15:30:00,1234.08,1237.43,1225,1226.6,614382
9/7/2017 15:30:00,1229,1234.2,1225.53,1230.05,435318
9/8/2017 15:30:00,1226.88,1237,1226.28,1235.3,510567
9/11/2017 15:30:00,1235.6,1241.47,1225,1227.22,366382
9/12/2017 15:30:00,1236.95,1248.5,1228.5,1244.22,698230
9/13/2017 15:30:00,1250,1265.83,1237.6,1244.6,639490
9/14/2017 15:30:00,1241,1248.8,1235.95,1243.47,540755
9/15/2017 15:30:00,1249.5,1258.5,1242.5,1253.03,1472036
9/18/2017 15:30:00,1252.47,1259.47,1244.63,1249.53,363300
9/19/2017 15:30:00,1252.5,1252.5,1245.75,1249.13,391377
9/20/2017 15:30:00,1257,1257,1237.15,1246.78,667321
9/21/2017 15:30:00,1245.53,1270.5,1240,1262.45,1219370
9/22/2017 15:30:00,1259.95,1263.45,1246,1251.8,1217698
9/25/2017 15:30:00,1248.28,1267,1246.38,1255.38,799779
9/26/2017 15:30:00,1255,1263.2,1233,1237.33,724615
9/27/2017 15:30:00,1245,1256.1,1236.88,1247.5,1005178
9/28/2017 15:30:00,1247.35,1257,1226,1238.22,2166433
9/29/2017 15:30:00,1239.5,1242,1210.75,1217.97,992507
10/3/2017 15:30:00,1220,1227.15,1213.53,1224.22,961503
10/4/2017 15:30:00,1224.8,1227,1212.5,1221.15,650389
10/5/2017 15:30:00,1220.5,1221.72,1212.2,1214.8,842343
10/6/2017 15:30:00,1215,1227.5,1214.03,1223.33,694594
10/9/2017 15:30:00,1220.53,1233.97,1220.53,1227.05,886808
10/10/2017 15:30:00,1227.5,1234.97,1225.63,1229.63,611005
10/11/2017 15:30:00,1230,1257.22,1228.38,1250.18,763873
10/12/2017 15:30:00,1256.5,1277.5,1253.5,1274.1,2503178
10/13/2017 15:30:00,1274.1,1304.47,1261.5,1279.3,2033160
10/16/2017 15:30:00,1277.53,1295,1277.53,1292.2,609295
10/17/2017 20:00:00,1292.5,1307.47,1288.78,1297.28,721508
10/18/2017 15:30:00,1297.5,1306.83,1290,1293.3,757072
10/19/2017 20:00:00,1296,1297.9,1285.5,1291.7,43411
10/23/2017 15:30:00,1292,1314.5,1273.72,1293.95,943044
10/24/2017 15:30:00,1310,1310.45,1284.53,1289.2,669510
10/25/2017 15:30:00,1289.25,1307,1277.5,1279.95,552553
10/26/2017 15:30:00,1267.55,1284.58,1258.95,1269.43,1503776
10/27/2017 15:30:00,1269,1296.58,1265.15,1292.15,704635
10/30/2017 15:30:00,1293,1310,1290.85,1308.1,568626
10/31/2017 15:30:00,1300.65,1320,1300.65,1312,796317
11/1/2017 15:30:00,1312,1313.43,1289.43,1301.43,370941
11/2/2017 15:30:00,1304.25,1337,1303.38,1313.08,734211
11/3/2017 15:30:00,1316.2,1318.35,1301.4,1310.05,333443
11/6/2017 15:30:00,1310,1335.9,1305.88,1332.78,688500
11/7/2017 15:30:00,1335,1384,1333.03,1355.03,1348446
11/8/2017 15:30:00,1361.5,1379.5,1359.13,1367.5,701126
11/9/2017 15:30:00,1375,1375,1359.65,1368.2,576216
11/10/2017 15:30:00,1361.1,1363,1346.68,1354.38,678283
11/13/2017 15:30:00,1351.03,1388.7,1351.03,1379.48,748498
11/14/2017 15:30:00,1378.28,1378.28,1353.75,1357.3,828626
11/15/2017 15:30:00,1353,1377.5,1350.68,1352.65,3335417
11/16/2017 15:30:00,1355,1381.5,1343.48,1373.33,826741
11/17/2017 15:30:00,1374.05,1374.05,1351.8,1353.65,662732
11/20/2017 15:30:00,1357.5,1363.45,1347.65,1351.73,507249
11/21/2017 15:30:00,1350.5,1350.5,1333,1336.48,763870
11/22/2017 15:30:00,1336.5,1354.85,1336.2,1340.33,911312
11/23/2017 15:30:00,1340.5,1346.5,1334.5,1340.63,396735
11/24/2017 15:30:00,1341,1351.45,1336.55,1344.03,1143756
11/27/2017 15:30:00,1344,1347.95,1331.1,1342.93,928393
11/28/2017 15:30:00,1343,1351.2,1335,1342.65,455858
11/29/2017 15:30:00,1338.75,1346.5,1325,1329.08,723766
11/30/2017 15:30:00,1326.83,1333.48,1311.5,1318.5,2149981
12/1/2017 15:30:00,1317.5,1334,1310.75,1314.98,515572
12/4/2017 15:30:00,1311,1329.25,1301.47,1316.18,629552
12/5/2017 15:30:00,1315.5,1325.85,1314.08,1317.78,583957
12/6/2017 15:30:00,1318,1322.5,1306.43,1316.65,703759
12/7/2017 15:30:00,1316.15,1322.98,1307.5,1308.97,663150
12/8/2017 15:30:00,1309,1322.5,1298.5,1300.75,692774
12/11/2017 15:30:00,1304.18,1336.33,1304.18,1330.55,504001
12/12/2017 15:30:00,1330.5,1331,1303.7,1306.08,941123
12/13/2017 15:30:00,1305.7,1325.73,1300.5,1314.2,1480729
12/14/2017 15:30:00,1316,1316,1265.55,1278.9,2752075
12/15/2017 15:30:00,1281.88,1292.22,1268.43,1272.8,1359069
12/18/2017 15:30:00,1268.5,1294.47,1247.18,1290.25,1090332
12/19/2017 15:30:00,1288,1298.9,1282.35,1287.65,900976
12/20/2017 15:30:00,1291,1296.38,1275.33,1294.47,788785
12/21/2017 15:30:00,1293.5,1304,1290.03,1297.85,646824
12/22/2017 15:30:00,1302,1331.95,1295.1,1323.38,1832832
12/26/2017 15:30:00,1343,1344.88,1315.8,1324.73,1087893
12/27/2017 15:30:00,1324.73,1329.25,1305.25,1309.95,369642
12/28/2017 15:30:00,1304.4,1326.75,1302.83,1313.48,1302544
12/29/2017 15:30:00,1311.55,1354.45,1309.28,1350.6,1304771
1/1/2018 15:30:00,1341.15,1347.4,1317.5,1322.8,675880
1/2/2018 15:30:00,1330,1334.8,1310.1,1315.6,960145
1/3/2018 15:30:00,1316,1334.5,1315.6,1319.33,628560
1/4/2018 15:30:00,1325,1331,1320,1328.55,456541
1/5/2018 15:30:00,1325,1349.75,1325,1344.6,576853
1/8/2018 15:30:00,1350,1363.43,1340.93,1357.2,621110
1/9/2018 15:30:00,1357.5,1360.5,1338.28,1354.5,1074698
1/10/2018 15:30:00,1355.5,1408,1347.33,1403.3,1682925
1/11/2018 15:30:00,1405,1410.95,1391.1,1395.25,1260524
1/12/2018 15:30:00,1402.5,1402.5,1370.28,1388.18,1680157
1/15/2018 15:30:00,1388.58,1404,1367.53,1373.05,728607
1/16/2018 15:30:00,1378,1430.83,1375.28,1425.43,2133876
1/17/2018 15:30:00,1435,1462.5,1431.08,1444.48,2140403
1/18/2018 15:30:00,1448.5,1466.5,1434.03,1459.1,1104739
1/19/2018 15:30:00,1465.28,1491,1451.83,1479.65,910000
1/22/2018 15:30:00,1480.5,1567.35,1461,1558.2,2183555
1/23/2018 15:30:00,1557.48,1571.18,1545.03,1551,1619805
1/24/2018 15:30:00,1545,1629.53,1541.33,1587.3,2810769
1/25/2018 15:30:00,1587.5,1589.9,1540.5,1560.53,1916922
1/29/2018 15:30:00,1565.7,1612.5,1561,1599.43,1570530
1/30/2018 15:30:00,1590,1601.9,1571.85,1576.43,787379
1/31/2018 15:30:00,1568.5,1575,1549.3,1556.18,1521607
2/1/2018 15:30:00,1562,1595,1544.4,1569.3,1200315
2/2/2018 15:30:00,1560,1595,1551.73,1576.83,1228245
2/5/2018 15:30:00,1555,1594,1538.43,1551.6,1378871
2/6/2018 15:30:00,1505,1538.58,1492.5,1498.63,1328653
2/7/2018 15:30:00,1513.5,1515.5,1473.73,1477.53,1090162
2/8/2018 15:30:00,1489.88,1513.8,1479.5,1487.1,1377502
2/9/2018 15:30:00,1475,1497,1448.33,1485.85,1051229
2/12/2018 15:30:00,1489.15,1511.68,1477.78,1483.65,987281
2/14/2018 15:30:00,1485,1487.23,1446.25,1455.9,1423766
2/15/2018 15:30:00,1465.98,1471.5,1452.55,1462.93,1232618
2/16/2018 15:30:00,1461.5,1499.8,1461.5,1466.53,1257878
2/19/2018 15:30:00,1472.5,1476.65,1447.6,1461.8,784112
2/20/2018 15:30:00,1464,1492.53,1463.95,1472.38,944534
2/21/2018 15:30:00,1487,1531.3,1480.03,1521.15,1544614
2/22/2018 15:30:00,1526,1539.5,1511.25,1525.1,1731505
2/23/2018 15:30:00,1525,1544.5,1496.05,1537.9,1681250
2/26/2018 15:30:00,1537.5,1544.98,1510.6,1515.85,681941
2/27/2018 15:30:00,1520.5,1539.28,1516,1521.18,858900
2/28/2018 15:30:00,1517.5,1531.98,1510.73,1517.53,1353432
3/1/2018 15:30:00,1524.5,1530.6,1510,1518.85,859062
3/5/2018 15:30:00,1524.5,1556.83,1516.48,1552.93,1429084
3/6/2018 15:30:00,1561,1563.5,1515.08,1521.4,953382
3/7/2018 15:30:00,1535,1544.5,1509.25,1513.73,958886
3/8/2018 15:30:00,1527.45,1527.45,1493.75,1501.98,975913
3/9/2018 15:30:00,1502.5,1531.6,1488.6,1517.05,936218
3/12/2018 15:30:00,1521.5,1541.95,1517.75,1526.08,1045670
3/13/2018 15:30:00,1462.45,1469.85,1436,1443.4,44033577
3/14/2018 15:30:00,1446.48,1461.53,1437.53,1443.45,1834334
3/15/2018 15:30:00,1447.5,1451.28,1427.8,1434.85,1174453
3/16/2018 15:30:00,1434.4,1436,1402.5,1412.85,3598741
3/19/2018 15:30:00,1414.5,1424,1410,1415.5,1744970
3/20/2018 15:30:00,1410,1436.6,1409.5,1432.43,2012492
3/21/2018 15:30:00,1436.25,1442.15,1425,1428.38,1953839
3/22/2018 15:30:00,1429.98,1437.98,1411.28,1415.68,1163047
3/23/2018 15:30:00,1401,1417.05,1399.03,1409.08,1827061
3/26/2018 15:30:00,1409.5,1413.7,1390.78,1408.5,1482105
3/27/2018 15:30:00,1412.5,1431.5,1411.53,1423.85,1247287
3/28/2018 15:30:00,1417.95,1437.5,1412.5,1424.58,3432827
4/2/2018 15:30:00,1420,1457,1420,1454.83,831494
4/3/2018 15:30:00,1446.05,1464.95,1446.05,1455.63,968645
4/4/2018 15:30:00,1464.73,1467,1446,1455.45,1420910
4/5/2018 15:30:00,1463.28,1481.88,1460.18,1478.98,904712
4/6/2018 15:30:00,1477,1480,1463.28,1475.15,564509
4/9/2018 15:30:00,1469.85,1481.75,1457.5,1461.95,617933
4/10/2018 15:30:00,1462.85,1478.63,1462.85,1468.8,592266
4/11/2018 15:30:00,1475.3,1512.5,1472.8,1507.08,1562208
4/12/2018 15:30:00,1505,1575,1503.98,1569.63,3057180
4/13/2018 15:30:00,1575,1620.4,1566.05,1576.65,4089559
4/16/2018 15:30:00,1558,1599.98,1555.38,1593.83,3135137
4/17/2018 15:30:00,1593.83,1597.48,1573.6,1583.3,1650862
4/18/2018 15:30:00,1583,1596.73,1572.93,1579.55,1216533
4/19/2018 15:30:00,1589.95,1608.6,1582.88,1595.58,2410476
4/20/2018 15:30:00,1625,1711.18,1620,1701.23,9232831
4/23/2018 15:30:00,1712,1778.95,1694.78,1704.33,7592955
4/24/2018 15:30:00,1705,1721.58,1671.25,1692.83,4157168
4/25/2018 15:30:00,1692.5,1741.5,1682.53,1735.13,4098287
4/26/2018 15:30:00,1733.5,1780,1733.5,1769.63,6067517
4/27/2018 15:30:00,1762.5,1772,1710,1725.98,2250665
4/30/2018 15:30:00,1725.98,1774.5,1718.8,1766.05,1729279
5/2/2018 15:30:00,1765.25,1766.1,1735.65,1749.88,1579023
5/3/2018 15:30:00,1754.9,1763,1735.2,1740.93,1880775
5/4/2018 15:30:00,1746,1748.5,1735,1740.38,1173622
5/7/2018 15:30:00,1745,1745,1705.45,1710.48,1742213
5/8/2018 15:30:00,1717.35,1743.25,1698.35,1720.6,1496410
5/9/2018 15:30:00,1720.1,1747.38,1720.1,1744.65,1307525
5/10/2018 15:30:00,1751.48,1755.58,1720.1,1725.63,1929339
5/11/2018 15:30:00,1727.1,1742.5,1721.25,1728.48,1313938
5/14/2018 15:30:00,1728.5,1735.5,1705.4,1716.78,1216947
5/15/2018 15:30:00,1725,1747.9,1716.85,1741.2,976445
5/16/2018 15:30:00,1739.98,1754.5,1737.63,1746.95,824225
5/17/2018 15:30:00,1756.48,1766.58,1738,1745.9,1484024
5/18/2018 15:30:00,1740.4,1758.85,1729,1751.03,937498
5/21/2018 15:30:00,1764.35,1796,1759.03,1778.38,1723089
5/22/2018 15:30:00,1779,1787.48,1746.85,1754.45,928708
5/23/2018 15:30:00,1762.5,1772.5,1740.5,1747.55,753649
5/24/2018 15:30:00,1755,1807.5,1751.18,1801.85,1481158
5/25/2018 15:30:00,1812.5,1837.4,1786.28,1792.9,1884886
5/28/2018 15:30:00,1808.25,1808.25,1743,1751.03,1858399
5/29/2018 15:30:00,1764.95,1772,1744,1761.75,1762656
5/30/2018 15:30:00,1754.53,1766.5,1741.25,1757.05,1889553
5/31/2018 15:30:00,1734,1759.05,1726.1,1741.05,5049371
6/1/2018 15:30:00,1754,1758,1716,1732,1603856
6/4/2018 15:30:00,1745,1749,1712.6,1744.25,1681483
6/5/2018 15:30:00,1744,1751.9,1711.15,1721.6,2449568
6/6/2018 15:30:00,1723,1734.9,1715.2,1725.75,2236512
6/7/2018 15:30:00,1725,1749,1723.8,1735.55,2414762
6/8/2018 15:30:00,1735,1757.3,1735,1747.1,2582138
6/11/2018 15:30:00,1747.1,1763,1743,1749.7,2179378
6/12/2018 15:30:00,1757,1785,1753,1781,4608875
6/13/2018 15:30:00,1816,1831.65,1798,1824.1,5370983
6/14/2018 15:30:00,1830,1832.3,1784,1787.55,3819998
6/15/2018 15:30:00,1800,1847.1,1788.6,1840.05,9183574
6/18/2018 15:30:00,1867.95,1867.95,1822.15,1829,4674987
6/19/2018 15:30:00,1822.15,1839,1821,1824.5,3245034
6/20/2018 15:30:00,1832,1836.3,1818.6,1822.45,3107695
6/21/2018 15:30:00,1832,1832,1817.6,1819.35,2910659
6/22/2018 15:30:00,1827,1827,1799.55,1809.8,2949458
6/25/2018 15:30:00,1811.9,1822.35,1806,1819.25,2083217
6/26/2018 15:30:00,1823,1861,1821,1852,4679712
6/27/2018 15:30:00,1860,1885.15,1851.25,1858,4081208
6/28/2018 15:30:00,1865,1871,1826.3,1842.7,4888125
6/29/2018 15:30:00,1844.9,1867.4,1842.3,1847.75,3506276
7/2/2018 15:30:00,1852,1857.8,1841.1,1851.35,2650290
7/3/2018 15:30:00,1859.95,1879.9,1857.05,1874.05,3242233
7/4/2018 15:30:00,1879.9,1879.9,1857.15,1866.15,2700614
7/5/2018 15:30:00,1873,1887.5,1862.1,1880.3,2472571
7/6/2018 15:30:00,1882.85,1921,1881.65,1912.95,3713781
7/9/2018 15:30:00,1924,1924.4,1876.5,1883,6151747
7/10/2018 15:30:00,1898,1898.9,1870.75,1875.1,5303302
7/11/2018 15:30:00,1900,1998,1894.15,1979.9,22903802
7/12/2018 15:30:00,1984,1990.9,1960.5,1971.35,6921701
7/13/2018 15:30:00,1975,1997.9,1974,1981.1,4148185
7/16/2018 15:30:00,1990,1996,1977.45,1989.2,2582159
7/17/2018 15:30:00,1989,2009,1981,2002.15,3315492
7/18/2018 15:30:00,2005,2011.7,1993.05,2000.25,2013869
7/19/2018 15:30:00,2002.1,2010.45,1970,1981.4,1746318
7/20/2018 15:30:00,1984.9,2000,1984,1996.6,1934995
7/23/2018 15:30:00,2001,2009.95,1986,2005.65,2086201
7/24/2018 15:30:00,2015,2015,1984.15,1999,2038423
7/25/2018 15:30:00,2001.9,2002,1968.4,1981.5,1535492
7/26/2018 15:30:00,1974.95,1985,1955.1,1964.7,3503036
7/27/2018 15:30:00,1960.85,1964.65,1940.3,1943.75,2033977
7/30/2018 15:30:00,1943,1954.7,1931.55,1944.6,1579251
7/31/2018 15:30:00,1942,1947,1928,1940.2,2204803
8/1/2018 15:30:00,1949.95,1981.55,1949.8,1976.5,2425180
8/2/2018 15:30:00,1980,1985,1945,1948.4,1509287
8/3/2018 15:30:00,1956.5,1982.05,1956.5,1979.45,1505131
8/6/2018 15:30:00,1997,1998.95,1972.25,1975.55,1532249
8/7/2018 15:30:00,1978.2,1979.15,1960.5,1967.35,1353560
8/8/2018 15:30:00,1972,1978.3,1962,1974,1315062
8/9/2018 15:30:00,1980,1980.8,1966,1974.35,2060297
8/10/2018 15:30:00,1980.95,1996.5,1972.05,1993.1,2784105
8/13/2018 15:30:00,1997.8,2004.25,1990,2000.15,3559575
8/14/2018 15:30:00,1992,2024.6,1982.4,2003.55,3311765
8/16/2018 15:30:00,2000.3,2020.05,1995,2008.5,2152065
8/17/2018 15:30:00,2013.85,2021.9,2004,2012.75,1213731
8/20/2018 15:30:00,2024,2024,2003.7,2009.95,1587032
8/21/2018 15:30:00,2010.15,2024,2004,2017.65,1376866
8/23/2018 15:30:00,2022.8,2038,2020.3,2035.1,3046791
8/24/2018 15:30:00,2035.1,2046,2031,2043,1570533
8/27/2018 15:30:00,2043,2059,2035,2050.9,1532702
8/28/2018 15:30:00,2055,2072,2052,2069.2,1987983
8/29/2018 15:30:00,2072.5,2076.6,2045.6,2072,1525867
8/30/2018 15:30:00,2068,2085,2065.5,2082.4,2408020
8/31/2018 15:30:00,2082.3,2092,2074,2078.4,2504554
9/3/2018 15:30:00,2084.8,2090,2048.4,2052.9,1439711
9/4/2018 15:30:00,2059.8,2104.75,2056.95,2098.9,4420803
9/5/2018 15:30:00,2100,2107.25,2075.05,2079.25,1681106
9/6/2018 15:30:00,2075,2081.5,2060.3,2075.3,2238097
9/7/2018 15:30:00,2079.3,2084,2065.4,2079.85,1312182
9/10/2018 15:30:00,2084.4,2093.4,2074.25,2080.75,1530539
9/11/2018 15:30:00,2089,2089,2042.2,2046.25,3679745
9/12/2018 15:30:00,2052.35,2068.9,2040,2043.95,2307661
9/14/2018 15:30:00,2044,2071.55,2018.15,2065.4,3642038
9/17/2018 15:30:00,2070,2077.8,2054.55,2074.15,1033857
9/18/2018 15:30:00,2073,2078.8,2057.6,2070.75,1456507
9/19/2018 15:30:00,2071.9,2089,2066.85,2077.9,1301268
9/21/2018 15:30:00,2077,2121,2050.15,2103.15,4508530
9/24/2018 15:30:00,2115,2210.5,2098.15,2198.45,3032226
9/25/2018 15:30:00,2204.9,2211.9,2153.8,2183.2,2868778
9/26/2018 15:30:00,2187,2199,2135.1,2142.15,1970951
9/27/2018 15:30:00,2141.9,2209.7,2135.8,2188.85,3311802
9/28/2018 15:30:00,2178,2190,2158.85,2183.7,2904371
10/1/2018 15:30:00,2190.9,2275.95,2190.35,2255.55,3772208
10/3/2018 15:30:00,2250.3,2255,2155.6,2162.85,3902322
10/4/2018 15:30:00,2156.6,2156.65,2056.35,2064.8,4762419
10/5/2018 15:30:00,2050,2120,2020.9,2102.65,3417624
10/8/2018 15:30:00,2102.65,2122.2,2048.15,2077.55,2010154
10/9/2018 15:30:00,2080.35,2107.65,2053.2,2091.8,1867130
10/10/2018 15:30:00,2100,2105.95,2029,2043.6,2749573
10/11/2018 15:30:00,1985,2013,1941,1979.95,4700256
10/12/2018 15:30:00,1978,1978,1903,1918.3,9373289
10/15/2018 15:30:00,1940,1955.55,1920,1949.5,2638151
10/16/2018 15:30:00,1958,1971.9,1935,1962.3,2815425
10/17/2018 15:30:00,1970,1989,1920,1929.4,2779207
10/19/2018 15:30:00,1929,1929,1870.05,1913.2,3428776
10/22/2018 15:30:00,1914,1916,1886.95,1903,1778496
10/23/2018 15:30:00,1888,1898,1837,1843.65,2752811
10/24/2018 15:30:00,1852.05,1874,1811.1,1848.5,2735913
10/25/2018 15:30:00,1844,1876.9,1825.05,1853,2507233
10/26/2018 15:30:00,1853.9,1853.9,1791.1,1799.1,2285970
10/29/2018 15:30:00,1808.7,1877.95,1784.35,1871,2609483
10/30/2018 15:30:00,1867,1909.4,1845,1894.8,2404883
10/31/2018 15:30:00,1900,1943.9,1875.45,1938.15,2769190
11/1/2018 15:30:00,1943.65,1944.35,1901.3,1935.75,2769759
11/2/2018 15:30:00,1934.2,1954.6,1905,1913.45,1818635
11/5/2018 19:00:00,1910,1927.35,1884.75,1894,1713366
11/6/2018 15:30:00,1894,1937.5,1891,1932.7,1398710
11/9/2018 15:30:00,1961,1961.95,1905,1909.2,2570479
11/12/2018 15:30:00,1908.5,1946.1,1908.5,1914.85,2552008
11/13/2018 15:30:00,1915,1939,1903,1934.95,1418432
11/14/2018 15:30:00,1925,1929.9,1870,1880.65,2422318
11/15/2018 15:30:00,1864,1899,1857.6,1872.85,1829123
11/16/2018 15:30:00,1889,1899.8,1870.25,1886.6,1829729
11/19/2018 15:30:00,1899,1907.35,1864.3,1902.45,1740628
11/20/2018 15:30:00,1902,1902,1874.2,1878.25,1190182
11/21/2018 15:30:00,1871,1871.05,1798.55,1812,3840461
11/22/2018 15:30:00,1820,1847.6,1809.95,1812.55,3194219
11/26/2018 15:30:00,1819,1860,1784.5,1846.1,4333177
11/27/2018 15:30:00,1854,1897.9,1835.35,1890.25,3344839
11/28/2018 15:30:00,1889,1989,1882.5,1983.9,5313249
11/29/2018 15:30:00,1997,1997,1942.55,1960.55,4035441
11/30/2018 15:30:00,1966,1991,1959.85,1968.25,5268901
12/3/2018 15:30:00,1984,1990,1968.3,1982.4,1610576
12/4/2018 15:30:00,1983,2019.4,1971,2010.85,3270615
12/5/2018 15:30:00,2006,2018,1985,2006.75,2501539
12/6/2018 15:30:00,1998,2017,1979.6,1992.7,2321216
12/7/2018 15:30:00,1985.05,2003.9,1973,1995.2,1680420
12/10/2018 15:30:00,1975,2011,1960,1975.8,2010786
12/11/2018 15:30:00,1970,2010,1961,2000,2942014
12/12/2018 15:30:00,2001.1,2022,1984.95,2016.8,2219993
12/13/2018 15:30:00,2024,2029.7,1974.5,1982.6,3748429
12/14/2018 15:30:00,1983,1998.95,1975.25,1989.75,2473761
12/17/2018 15:30:00,1999,2004.9,1985,1994.3,1227921
12/18/2018 15:30:00,1991.9,2002,1976.4,1987.85,1768742
12/19/2018 15:30:00,1984.8,1984.8,1960.05,1968.45,2498833
12/20/2018 15:30:00,1953.8,1974.9,1946,1954.05,1940277
12/21/2018 15:30:00,1948,1950,1886.55,1895.8,3729956
12/24/2018 15:30:00,1905.8,1938.9,1905,1918.5,1864116
12/26/2018 15:30:00,1921.8,1921.8,1870.25,1889.2,2446614
12/27/2018 15:30:00,1909,1941.7,1872.1,1908.95,4968201
12/28/2018 15:30:00,1915,1920,1893,1896.05,2239130
12/31/2018 15:30:00,1908,1909,1886.15,1893.05,1879740
1/1/2019 15:30:00,1896,1910,1885,1902.8,1094883
1/2/2019 15:30:00,1905,1934.45,1900,1923.3,2100463
1/3/2019 15:30:00,1919,1944.95,1893.1,1899.95,2611668
1/4/2019 15:30:00,1900,1901.2,1841,1876.85,4280862
1/7/2019 15:30:00,1891.8,1908.8,1881,1897.9,1856423
1/8/2019 15:30:00,1905.4,1906.4,1883.3,1893.55,1691756
1/9/2019 15:30:00,1907.4,1919,1866.7,1886.95,2414376
1/10/2019 15:30:00,1890,1905,1872.1,1888.55,3053461
1/11/2019 15:30:00,1870,1875,1835,1842.55,9209862
1/14/2019 15:30:00,1850,1851,1810,1813.25,3615370
1/15/2019 15:30:00,1810,1869.35,1808,1867.8,7711653
1/16/2019 15:30:00,1870,1875,1847,1870.15,2359280
1/17/2019 15:30:00,1878,1898,1871.3,1894.3,2625816
1/18/2019 15:30:00,1881,1904.2,1876,1900.65,1683728
1/21/2019 15:30:00,1902,1932,1895.45,1908.7,2409803
1/22/2019 15:30:00,1907.1,1918.25,1890,1901.9,2457093
1/23/2019 15:30:00,1901,1906.1,1870,1875.6,2578169
1/24/2019 15:30:00,1884.8,1905.25,1875,1901.55,1962927
1/25/2019 15:30:00,1902,1935,1901,1920.8,2327080
1/28/2019 15:30:00,1933,1962,1925.5,1955,2769033
1/29/2019 15:30:00,1962,1989.05,1936.65,1982.75,2557626
1/30/2019 15:30:00,1979.6,1989.5,1954.65,1981.4,2429575
1/31/2019 15:30:00,1987,2019.75,1985,2014.1,4094319
2/1/2019 15:30:00,2009.5,2034.75,1998.1,2029.95,3064163
2/4/2019 15:30:00,2029.95,2055.45,2023,2050.25,1590764
2/5/2019 15:30:00,2050,2055,2028,2044.55,1111404
2/6/2019 15:30:00,2049.9,2086.85,2041.05,2074.8,1789812
2/7/2019 15:30:00,2074.75,2097.95,2067,2082.9,1339945
2/8/2019 15:30:00,2075,2089.5,2051,2061.4,1684474
2/11/2019 15:30:00,2060,2096,2048.9,2065.9,1778730
2/12/2019 15:30:00,2070,2070,2018,2051.6,2422903
2/13/2019 15:30:00,2062,2083,2050.5,2065.4,2808581
2/14/2019 15:30:00,2060.05,2075,2033.05,2044.6,1724085
2/15/2019 15:30:00,2049,2052,2010.95,2029.7,1930065
2/18/2019 15:30:00,2037.6,2041.95,1962.65,1970.3,2942184
2/19/2019 15:30:00,1970,1971,1892,1904.8,4408554
2/20/2019 15:30:00,1915,1933.8,1881.3,1914.75,4645778
2/21/2019 15:30:00,1914.75,1940,1897.05,1914.2,4683919
2/22/2019 15:30:00,1917.2,1930,1905.1,1925.65,2271955
2/25/2019 15:30:00,1932.5,1990,1930.5,1985.15,2934880
2/26/2019 15:30:00,1984,2045.15,1972.25,2038.7,6453309
2/27/2019 15:30:00,2040,2074.95,2022,2058.1,4732082
2/28/2019 15:30:00,2060,2071.35,1977.6,1983.45,8454295
3/1/2019 15:30:00,1995.05,2005,1980.35,1995.4,4148548
3/5/2019 15:30:00,2005,2007,1976.6,1988.1,2449622
3/6/2019 15:30:00,1989.3,2015,1985.05,1999.6,2635047
3/7/2019 15:30:00,2005,2024.05,2000.2,2013.3,2539884
3/8/2019 15:30:00,2025,2033,2010.05,2022.7,2031071
3/11/2019 15:30:00,2028.9,2033,2003.65,2014.8,3111689
3/12/2019 15:30:00,2014.05,2024.8,2003,2012.45,2658550
3/13/2019 15:30:00,2013,2015.9,1978.6,2000.5,1833163
3/14/2019 15:30:00,2004.95,2007.8,1981,1987.4,1905495
3/15/2019 15:30:00,1998.9,2068.95,1991,2039.95,5184318
3/18/2019 15:30:00,2043,2064.6,2011,2022.8,2349915
3/19/2019 15:30:00,2030,2030,1995.1,2022.8,2373993
3/20/2019 15:30:00,2028,2044.8,2000,2015.05,3091165
3/22/2019 15:30:00,2015,2016,1983.3,2005.65,3148149
3/25/2019 15:30:00,2007.8,2007.8,1977.2,1984.25,2429205
3/26/2019 15:30:00,1984,1994.95,1958.05,1982.65,2316539
3/27/2019 15:30:00,1994,1998,1961,1967.9,2266166
3/28/2019 15:30:00,1980,2014.6,1972.8,2000.3,4054489
3/29/2019 15:30:00,2019,2024.9,1983.55,2001.65,2948955
4/1/2019 15:30:00,2010,2039.95,2008.25,2031.65,2095740
4/2/2019 15:30:00,2037.1,2086,2037,2079.3,3719663
4/3/2019 15:30:00,2085,2089.6,2058.1,2079.3,2939886
4/4/2019 15:30:00,2078.15,2079.7,2007.4,2014.5,4397518
4/5/2019 15:30:00,2028.65,2054.4,2018.8,2048.3,3152103
4/8/2019 15:30:00,2059,2075,2032.7,2070.75,2194294
4/9/2019 15:30:00,2070,2098,2057.65,2091.5,2690970
4/10/2019 15:30:00,2083,2085.5,2036,2040.25,3313062
4/11/2019 15:30:00,2045,2055,2013.65,2019.5,3422442
4/12/2019 15:30:00,2038,2039,2007,2014.5,3198471
4/15/2019 15:30:00,2070,2119.8,2041,2113.3,9189201
4/16/2019 15:30:00,2120,2155.95,2115.55,2131.8,5771952
4/18/2019 15:30:00,2149.9,2155,2114.2,2150.05,3413728
4/22/2019 15:30:00,2148,2176,2145.6,2161.45,2007135
4/23/2019 15:30:00,2163,2165.5,2134.05,2155.05,2163524
4/24/2019 15:30:00,2158,2195,2156.1,2183.45,3003071
4/25/2019 15:30:00,2175,2205,2168.05,2195,4211526
4/26/2019 15:30:00,2203,2243.95,2193.15,2238.55,2716958
4/30/2019 15:30:00,2238.55,2266.95,2230.1,2260.35,3488395
5/2/2019 15:30:00,2255,2259.4,2211.1,2215.4,2457699
5/3/2019 15:30:00,2185,2186.05,2125,2132,3780886
5/6/2019 15:30:00,2110,2165,2108.5,2157.85,2891422
5/7/2019 19:00:00,2160.05,2184.35,2138.8,2151.95,2201698
5/8/2019 15:30:00,2151,2168,2130.4,2152.85,1824895
5/9/2019 15:30:00,2145,2184.1,2136.1,2172.55,2264162
5/10/2019 15:30:00,2175,2192,2125.85,2135.8,2039633
5/13/2019 15:30:00,2133,2167,2121.65,2128.75,1701744
5/14/2019 15:30:00,2135,2159.8,2072.35,2092.35,2456110
5/15/2019 15:30:00,2097,2124,2084.5,2095.4,2346876
5/16/2019 15:30:00,2096,2124,2077.05,2108.75,1946529
5/17/2019 15:30:00,2112.6,2135,2090,2095.45,1947908
5/20/2019 15:30:00,2125,2151.4,2050,2143.95,2625116
5/21/2019 15:30:00,2148.05,2148.7,2102.55,2109.75,1863157
5/22/2019 15:30:00,2110,2121.95,2075,2081.75,2595795
5/23/2019 15:30:00,2098,2115.35,2050,2054.05,2541294
5/24/2019 15:30:00,2070,2070,2032.25,2048,2274208
5/27/2019 15:30:00,2054.8,2068.95,2040.1,2055.15,2329820
5/28/2019 15:30:00,2060,2097.5,2045,2073.75,5872979
5/29/2019 15:30:00,2080,2123.7,2077.1,2107.55,3281320
5/30/2019 15:30:00,2123,2156.55,2114.4,2146.3,4971725
5/31/2019 15:30:00,2160,2204.95,2152.25,2196.55,4265370
6/3/2019 15:30:00,2201,2247.65,2185.65,2242.3,3682419
6/4/2019 15:30:00,2224,2224,2175,2183.1,2408658
6/6/2019 15:30:00,2199,2199,2152,2166.1,3735467
6/7/2019 15:30:00,2174,2189.8,2142.1,2181.75,2659446
6/10/2019 15:30:00,2196.7,2235.85,2185.5,2231.5,2080593
6/11/2019 15:30:00,2237,2263.95,2231,2252.8,3048937
6/12/2019 15:30:00,2245,2266.9,2219,2260.9,2404448
6/13/2019 15:30:00,2264,2285,2243.05,2254.1,3320916
6/14/2019 15:30:00,2257.25,2263.1,2234,2254.5,2131408
6/17/2019 15:30:00,2256,2262,2241.45,2249.2,1489497
6/18/2019 15:30:00,2244,2260,2231.2,2250.85,1877447
6/19/2019 15:30:00,2255,2276,2243.15,2259.9,1652817
6/20/2019 15:30:00,2230,2284,2212,2277.95,2199377
6/21/2019 15:30:00,2285,2292.5,2242,2249.85,3871804
6/24/2019 15:30:00,2254.15,2280,2250.8,2275.5,1382424
6/25/2019 15:30:00,2270,2274.45,2250.5,2267.8,1386077
6/26/2019 15:30:00,2265,2266.8,2250,2254.2,1762224
6/27/2019 15:30:00,2255,2264,2241.3,2252.55,2813464
6/28/2019 15:30:00,2260,2261.95,2222.5,2227.2,2372928
7/1/2019 15:30:00,2235,2255,2206.6,2239.55,2769940
7/2/2019 15:30:00,2244.9,2257,2216.45,2252.1,1771746
7/3/2019 15:30:00,2252.2,2258.8,2232,2237.65,1656881
7/4/2019 15:30:00,2234,2252,2230.1,2242.65,984140
7/5/2019 15:30:00,2247,2250,2140,2163.1,4088470
7/8/2019 15:30:00,2149,2188.8,2132.1,2175.4,2788062
7/9/2019 15:30:00,2174,2174.4,2104.55,2133.35,3977224
7/10/2019 15:30:00,2080,2127.85,2071.3,2108.2,6343581
7/11/2019 15:30:00,2128,2129,2086.05,2102.55,2400346
7/12/2019 15:30:00,2102.1,2119.75,2093.1,2107.6,1560725
7/15/2019 15:30:00,2125,2153.6,2098,2145.7,2900415
7/16/2019 15:30:00,2126,2132.5,2100,2106,2735399
7/17/2019 15:30:00,2108,2125,2092.1,2117.25,1802969
7/18/2019 15:30:00,2116.2,2116.2,2060,2065.95,3072096
7/19/2019 15:30:00,2077,2097,2062.5,2076.95,1953177
7/22/2019 15:30:00,2077,2117.45,2068.8,2109.9,1920167
7/23/2019 15:30:00,2127.9,2130,2102.4,2112.45,3538588
7/24/2019 15:30:00,2110,2120.8,2076.5,2096.8,2413196
7/25/2019 15:30:00,2108.9,2135,2092.55,2127.9,2544464
7/26/2019 15:30:00,2129.8,2129.8,2095,2109.05,1720592
7/29/2019 15:30:00,2110.8,2142,2103.3,2130,1647090
7/30/2019 15:30:00,2130,2185,2120.45,2179.15,2851672
7/31/2019 15:30:00,2171.75,2211.7,2147.15,2205.7,3000677
8/1/2019 15:30:00,2200,2217.5,2166.25,2180.05,2375236
8/2/2019 15:30:00,2173,2210,2165.5,2205.3,2500816
8/5/2019 15:30:00,2199.9,2252.25,2195.6,2248.6,3039682
8/6/2019 15:30:00,2232.8,2251.95,2211.45,2214.9,2885467
8/7/2019 15:30:00,2230,2238.5,2207.25,2213.45,2165362
8/8/2019 15:30:00,2228.9,2281,2218.9,2258.1,2073298
8/9/2019 15:30:00,2260,2267.9,2241.35,2246.25,1744550
8/13/2019 15:30:00,2245,2246.25,2194.3,2199.45,1647281
8/14/2019 15:30:00,2181.1,2217.85,2167.4,2204.4,1945002
8/16/2019 15:30:00,2241.4,2241.4,2143.25,2165.1,3755507
8/19/2019 15:30:00,2180,2186,2157.7,2163,974884
8/20/2019 15:30:00,2172,2205,2166.5,2186.75,1843611
8/21/2019 15:30:00,2184.95,2202,2182.25,2186.2,1214408
8/22/2019 15:30:00,2187,2235.65,2170,2216,2131601
8/23/2019 15:30:00,2214.95,2259.9,2213.9,2247.7,2826425
8/26/2019 15:30:00,2247,2282,2225,2276.3,2345475
8/27/2019 15:30:00,2270,2274.85,2229,2236.5,3432106
8/28/2019 15:30:00,2240,2252.15,2216,2239.25,1294621
8/29/2019 15:30:00,2222.2,2248.2,2222.2,2233.45,1670652
8/30/2019 15:30:00,2241,2266,2218,2259.6,2583625
9/3/2019 15:30:00,2270,2296.2,2236.95,2251.6,2545060
9/4/2019 15:30:00,2265,2270,2233,2245.4,2228092
9/5/2019 15:30:00,2242.2,2253.65,2207.3,2215.3,2055943
9/6/2019 15:30:00,2216,2233.5,2192.6,2197.5,1890550
9/9/2019 15:30:00,2200,2202.85,2179.8,2182.85,1703945
9/11/2019 15:30:00,2186,2195,2146.55,2154,2627440
9/12/2019 15:30:00,2155,2165,2120.35,2133.6,2118859
9/13/2019 15:30:00,2135,2157.95,2115.55,2141.95,2291174
9/16/2019 15:30:00,2159.95,2173.4,2126.4,2150,2597948
9/17/2019 15:30:00,2154.95,2156.55,2105.6,2122.65,2796530
9/18/2019 15:30:00,2126.4,2142.95,2113.15,2138.55,1454663
9/19/2019 15:30:00,2135,2135.8,2091,2101.95,1652691
9/20/2019 15:30:00,2104.9,2129.4,2057,2065.45,6941979
9/23/2019 15:30:00,2099,2099,1975,2015.8,6323401
9/24/2019 15:30:00,2015,2061,2013,2044.7,4620978
9/25/2019 15:30:00,2065,2092,2060.05,2088.45,4002232
9/26/2019 15:30:00,2097.9,2107,2063,2087.6,4234281
9/27/2019 15:30:00,2085,2085.2,2051.4,2056.15,2046795
9/30/2019 15:30:00,2061.85,2104,2060,2099.3,2620039
10/1/2019 15:30:00,2095.95,2095.95,2039.7,2059.95,3342877
10/3/2019 15:30:00,2070,2081.15,2046.15,2060.25,2317618
10/4/2019 15:30:00,2060.6,2087.95,2054.95,2079.35,2163251
10/7/2019 15:30:00,2080,2094.5,2041,2047.7,2177916
10/9/2019 15:30:00,2060,2060,2015.5,2020.1,2066920
10/10/2019 15:30:00,2028,2039.05,1997.1,2004.45,2881452
10/11/2019 15:30:00,1931,1995,1925,1986.85,12593069
10/14/2019 15:30:00,1995,2032.75,1968,2021,3510704
10/15/2019 15:30:00,2032,2047,2022.7,2037.3,2261310
10/16/2019 15:30:00,2038,2056,2016,2046.4,3034082
10/17/2019 15:30:00,2014,2038,1999.3,2030.95,3818774
10/18/2019 15:30:00,2037.5,2063.9,2025,2057.35,3087901
10/22/2019 15:30:00,2080,2111.5,2040.05,2051.4,5552505
10/23/2019 15:30:00,2060,2083.85,2052.5,2070.1,2348134
10/24/2019 15:30:00,2084,2099,2061.3,2082,2798671
10/25/2019 19:00:00,2094,2130,2075.05,2124.95,3954245
10/27/2019 19:25:00,2129,2129,2108.8,2117.65,224405
10/29/2019 15:30:00,2121.5,2201.7,2121.5,2194.85,5064173
10/30/2019 15:30:00,2225,2260,2176.85,2252.8,5195136
10/31/2019 15:30:00,2250,2284.95,2237,2269.65,4879261
11/1/2019 15:30:00,2264,2275,2195,2200.9,4172620
11/4/2019 15:30:00,2207,2229.2,2180.9,2193.95,2646411
11/5/2019 15:30:00,2197,2211,2169,2201.85,2693475
11/6/2019 15:30:00,2200,2210.8,2179,2188.5,2540719
11/7/2019 15:30:00,2204.5,2204.5,2175.2,2185.35,1915598
11/8/2019 15:30:00,2189.6,2189.6,2124,2129.95,2788759
11/11/2019 15:30:00,2135,2139,2091,2100.95,2983768
11/13/2019 15:30:00,2118,2183.8,2118,2178.6,3823365
11/14/2019 15:30:00,2187.5,2200,2146.7,2196.8,2995915
11/15/2019 15:30:00,2196,2211.5,2168.75,2174.45,2724180
11/18/2019 15:30:00,2178.4,2187.75,2148.75,2152.6,1611089
11/19/2019 15:30:00,2153,2154.65,2105,2108.8,2975313
11/20/2019 15:30:00,2121.95,2135,2094.5,2108.55,2894129
11/21/2019 15:30:00,2112,2126.6,2107.4,2118.1,2052574
11/22/2019 15:30:00,2097,2107,2060.5,2071.7,3742049
11/25/2019 15:30:00,2074.55,2084.95,2052.2,2081.5,2737010
11/26/2019 15:30:00,2089.85,2097.9,2035.05,2046.65,6561580
11/27/2019 15:30:00,2052,2071.7,2046.55,2054.3,2907521
11/28/2019 15:30:00,2067.05,2094.4,2060,2077.35,2924429
11/29/2019 15:30:00,2085,2085,2045.8,2053.25,2064271
12/3/2019 15:30:00,2027.7,2062,2010,2051,4664774
12/4/2019 15:30:00,2053,2082,2045.5,2078.5,3334301
12/5/2019 15:30:00,2083,2126.8,2068.35,2121.3,3902721
12/6/2019 15:30:00,2124,2128,2101,2123.6,1829461
12/9/2019 15:30:00,2127.95,2127.95,2053.5,2060.45,2244747
12/10/2019 15:30:00,2060,2060.85,2003.25,2012.85,4520045
12/11/2019 15:30:00,2025.4,2048,2006.75,2041.9,4943024
12/12/2019 15:30:00,2051.1,2083.65,1984,2020.9,7137306
12/13/2019 15:30:00,2023,2077.4,2007,2071.25,5711133
12/16/2019 15:30:00,2096,2136,2080.3,2126.75,5574177
12/17/2019 15:30:00,2126.5,2169,2119,2164.95,6059673
12/18/2019 15:30:00,2174,2203.45,2153,2167.75,8251081
12/19/2019 15:30:00,2179.8,2236.5,2167.55,2229.05,6251505
12/20/2019 15:30:00,2220,2246.7,2208.25,2222.9,5548338
12/23/2019 15:30:00,2210,2241.95,2210,2231.7,2247329
12/24/2019 15:30:00,2239,2243.55,2211.15,2215.6,1805896
12/26/2019 15:30:00,2216.4,2229,2195.2,2201.95,1880367
12/27/2019 15:30:00,2208,2226.4,2176,2198.5,2720261
12/30/2019 15:30:00,2207,2225,2177.1,2183.2,2288830
12/31/2019 15:30:00,2189,2197,2157.45,2161.7,1909289
1/1/2020 15:30:00,2168,2183.9,2154,2167.6,1354908
1/2/2020 15:30:00,2179.95,2179.95,2149.2,2157.65,2380752
1/3/2020 15:30:00,2164,2223,2164,2200.65,4655761
1/6/2020 15:30:00,2205,2225.95,2187.9,2200.45,3023209
1/7/2020 15:30:00,2200.5,2214.65,2183.8,2205.85,2429317
1/8/2020 15:30:00,2205,2260,2202.05,2255.25,5197454
1/9/2020 15:30:00,2248.75,2251.95,2210,2214.35,3734173
1/10/2020 15:30:00,2228,2234,2208,2213.55,1915807
1/13/2020 15:30:00,2217.85,2218.95,2184.7,2190.35,2843893
1/14/2020 15:30:00,2195,2229.8,2195,2206.9,2948452
1/15/2020 15:30:00,2213,2231,2194.2,2226.9,2620681
1/16/2020 15:30:00,2226.95,2249,2215,2238.8,3117214
1/17/2020 15:30:00,2240.75,2253.55,2213,2219.1,3281059
1/20/2020 15:30:00,2194.9,2242.2,2156.2,2170.35,5817599
1/21/2020 15:30:00,2169.95,2186.55,2158.05,2171.05,1902980
1/22/2020 15:30:00,2181,2210,2173.7,2206.9,1773686
1/23/2020 15:30:00,2209.8,2217.75,2183.7,2190.95,2069866
1/24/2020 15:30:00,2190.95,2190.95,2170,2183.4,1319430
1/27/2020 15:30:00,2189.7,2193.45,2165,2169.25,1549101
1/28/2020 15:30:00,2174,2187.8,2152,2183.75,1743024
1/29/2020 15:30:00,2185,2186.95,2150,2154.6,2306761
1/30/2020 15:30:00,2160,2165,2125,2137.85,2098567
1/31/2020 15:30:00,2139.4,2144.35,2071.6,2079.05,3287223
2/1/2020 17:00:00,2079.5,2179,2063.6,2175,3127520
2/3/2020 15:30:00,2152,2194.7,2093.2,2102.5,4728073
2/4/2020 15:30:00,2129,2136.7,2086.6,2107.75,3509339
2/5/2020 15:30:00,2115,2156.7,2104.3,2146.55,2439322
2/6/2020 15:30:00,2145,2174.2,2115.5,2128.35,2640065
2/7/2020 15:30:00,2139,2151,2119,2136.55,2083442
2/10/2020 15:30:00,2140.9,2167,2119,2161.95,2383032
2/11/2020 15:30:00,2163,2174.8,2147.6,2153.4,1335820
2/12/2020 15:30:00,2151.1,2185,2150,2170.75,1620407
2/13/2020 15:30:00,2172.95,2197,2171,2191.95,1645948
2/14/2020 15:30:00,2188,2212,2171,2184.2,1500115
2/17/2020 15:30:00,2196.95,2217,2190.2,2203.25,1774724
2/18/2020 15:30:00,2199.95,2221,2186.05,2215.75,2486223
2/19/2020 15:30:00,2215.75,2230,2190.5,2196.35,1760463
2/20/2020 15:30:00,2204.5,2214.4,2151.25,2156.8,2317278
2/24/2020 15:30:00,2156,2178.95,2106.7,2115.35,3092877
2/25/2020 15:30:00,2115.5,2176.65,2111,2156.15,2674567
2/26/2020 15:30:00,2154,2163.9,2112.95,2123.6,2686842
2/27/2020 15:30:00,2119.95,2119.95,2086.2,2105.5,2349001
2/28/2020 15:30:00,2068,2069.5,1990,2000.15,4298076
3/2/2020 15:30:00,2035,2053.95,1985.7,2001.3,2667076
3/3/2020 15:30:00,2020,2060,2012,2036.2,2757585
3/4/2020 15:30:00,2056,2094.45,2025,2083.2,3237002
3/5/2020 15:30:00,2085.7,2147.75,2084.05,2125.05,3937056
3/6/2020 15:30:00,2098,2123.65,2071.6,2116.45,2595027
3/9/2020 15:30:00,2075,2079.9,1935,1972.35,4940982
3/11/2020 15:30:00,1933,1987.3,1920,1953.7,6796752
3/12/2020 15:30:00,1904,1908.4,1758.35,1769.85,8728972
3/13/2020 15:30:00,1687.9,1820,1506.05,1806.3,8029725
3/16/2020 15:30:00,1755,1842.25,1675.85,1696.4,7844420
3/17/2020 15:30:00,1730,1731,1623.15,1658,5713269
3/18/2020 15:30:00,1676.8,1713.55,1627.75,1654.4,7259111
3/19/2020 15:30:00,1559.7,1685.45,1546.75,1636.35,5135162
3/20/2020 15:30:00,1630,1869,1627,1797.45,8547645
3/23/2020 15:30:00,1620,1750,1617.75,1669.7,7003558
3/24/2020 15:30:00,1653.05,1770,1632.85,1703.15,6354209
3/25/2020 15:30:00,1700,1810,1680,1750.3,2765527
3/26/2020 15:30:00,1831.6,1832.05,1722.55,1790.95,4556071
3/27/2020 15:30:00,1820,1850,1750.4,1824.5,4331310
3/30/2020 15:30:00,1766,1905,1763.55,1778.5,8513608
3/31/2020 15:30:00,1837.4,1855,1780,1826.1,3927593
4/1/2020 15:30:00,1825.9,1834.75,1702,1708.75,4941898
4/3/2020 15:30:00,1740,1740,1650,1654.2,5735529
4/7/2020 15:30:00,1710,1785.85,1705,1775.2,5427965
4/8/2020 15:30:00,1760,1806,1701,1705.45,6285616
4/9/2020 15:30:00,1750.45,1778.8,1731.2,1766.15,5307649
4/13/2020 15:30:00,1761,1787,1746,1759.25,2990478
4/15/2020 15:30:00,1785,1812,1727.8,1735.15,4761401
4/16/2020 15:30:00,1709.95,1764.9,1675.05,1716.05,6245583
4/17/2020 15:30:00,1800,1851.95,1753,1806.2,9895825
4/20/2020 15:30:00,1830,1830,1802.5,1818.65,3244293
4/21/2020 15:30:00,1765,1794.6,1727.7,1737.65,5122606
4/22/2020 15:30:00,1737.65,1790,1719.15,1769.5,3829839
4/23/2020 15:30:00,1780,1900,1760.85,1878.25,5934424
4/24/2020 15:30:00,1840.7,1851.95,1807.8,1818.55,2987150
4/27/2020 15:30:00,1832.3,1875,1825,1836.6,3374747
4/28/2020 15:30:00,1865,1868,1832.6,1859.05,2678512
4/29/2020 15:30:00,1874,1912.55,1850.05,1905.65,4241579
4/30/2020 15:30:00,1980,2032,1942.2,2014.45,5915950
5/4/2020 15:30:00,1966,1966,1913.65,1930.45,3729409
5/5/2020 15:30:00,1955.1,1977,1927,1932.75,2905541
5/6/2020 15:30:00,1939.8,1953.7,1893.6,1903.6,3517432
5/7/2020 15:30:00,1910,1934.45,1883.35,1891.65,3166784
5/8/2020 15:30:00,1939.1,1939.5,1886.25,1893.4,2686536
5/11/2020 15:30:00,1909,1951.4,1909,1935.3,2449846
5/12/2020 15:30:00,1933.4,1956.5,1910.25,1949.5,3256630
5/13/2020 15:30:00,1994,1994,1925.65,1949.65,2656665
5/14/2020 15:30:00,1910,1923.1,1891.1,1902.35,2263204
5/15/2020 15:30:00,1916,1917.4,1865.2,1892.9,3173682
5/18/2020 15:30:00,1907,1952.95,1872.1,1945.6,3727896
5/19/2020 15:30:00,1903,1966.45,1903,1948.65,3198699
5/20/2020 15:30:00,1950,1962.9,1931.7,1953.6,2778505
5/21/2020 15:30:00,1946,1998,1941.15,1991.2,3400925
5/22/2020 15:30:00,1977.1,2032,1961.25,2020.35,3663422
5/26/2020 15:30:00,2015,2024,1925,1943,4575512
5/27/2020 15:30:00,1959,2010,1941.25,2005.3,3482185
5/28/2020 15:30:00,1988.5,2014,1971.3,2004.3,3475788
5/29/2020 15:30:00,1982,2002.65,1962.4,1972.35,7237765
6/1/2020 15:30:00,1990,2060,1981.1,2045.25,3747850
6/2/2020 15:30:00,2060.2,2081,2040.05,2047.15,2443886
6/3/2020 15:30:00,2051.85,2063.75,2020,2046.15,3699799
6/4/2020 15:30:00,2046.75,2100,2046.75,2091.55,4048593
6/5/2020 15:30:00,2091.6,2098,2040.3,2048.25,3573299
6/8/2020 15:30:00,2078.25,2095,2062.1,2071.75,2957841
6/9/2020 15:30:00,2063.1,2095.5,2060.25,2072.05,2910152
6/10/2020 15:30:00,2077.05,2132,2073.5,2108.75,5168494
6/11/2020 15:30:00,2100,2105,2061.8,2067.65,2269569
6/12/2020 15:30:00,2011.2,2049.2,2011,2039.5,2842757
6/15/2020 15:30:00,2039.1,2059,2000.95,2029.9,2399028
6/16/2020 15:30:00,2065,2073.95,2031,2045.8,2146528
6/17/2020 15:30:00,2046,2058.85,2026.55,2047.8,2703546
6/18/2020 15:30:00,2045,2059.2,2025.2,2038.1,1944471
6/19/2020 15:30:00,2042,2090,2032,2044.6,5681784
6/22/2020 15:30:00,2050,2052.25,2019.15,2027.95,3196138
6/23/2020 15:30:00,2027,2044,2010,2035.3,4206122
6/24/2020 15:30:00,2034,2064.25,2031.6,2042.2,2560951
6/25/2020 15:30:00,2035,2060,2009.25,2016.1,3044089
6/26/2020 15:30:00,2025,2132,2019.95,2118.85,6300912
6/29/2020 15:30:00,2108,2127.6,2091.3,2101.65,3076344
6/30/2020 15:30:00,2100,2111.9,2075.05,2082.15,3071877
7/1/2020 15:30:00,2079.7,2113.95,2079.5,2092.05,2503466
7/2/2020 15:30:00,2102,2165,2098,2157.15,3758709
7/3/2020 15:30:00,2163.65,2205,2160.25,2199.65,4185215
7/6/2020 15:30:00,2205,2269.9,2205,2263.2,5190366
7/7/2020 15:30:00,2275,2302.7,2232.15,2269.9,5630081
7/8/2020 15:30:00,2270,2274.4,2207.6,2218.9,2793674
7/9/2020 15:30:00,2229,2244.5,2191.05,2204.35,3443998
7/10/2020 15:30:00,2205.25,2249.85,2176,2222.35,9610327
7/13/2020 15:30:00,2220,2244.95,2210,2220,2963525
7/14/2020 15:30:00,2210,2239,2165,2171.95,2976749
7/15/2020 15:30:00,2185,2260,2181.1,2233.9,5569322
7/16/2020 15:30:00,2244,2333,2220.1,2234.75,8582120
7/17/2020 15:30:00,2237,2243.9,2190.05,2200.75,4509143
7/20/2020 15:30:00,2201,2226.9,2190.8,2207.9,2952719
7/21/2020 15:30:00,2230,2238.65,2201.15,2225.05,2665386
7/22/2020 15:30:00,2231,2231,2184.2,2190.95,2861698
7/23/2020 15:30:00,2190.95,2190.95,2163,2171.2,2265791
7/24/2020 15:30:00,2154.5,2163,2125.1,2157.4,3665123
7/27/2020 15:30:00,2165,2215,2163.5,2206.8,4248837
7/28/2020 15:30:00,2215,2320,2215,2309.75,8092458
7/29/2020 15:30:00,2292,2342,2246.05,2276.05,6090440
7/30/2020 15:30:00,2285.9,2358,2272.25,2279.5,7098913
7/31/2020 15:30:00,2303.15,2334.8,2257.45,2281.4,4723290
8/3/2020 15:30:00,2290.45,2303.85,2230.7,2254.15,4012445
8/4/2020 15:30:00,2259.95,2269.65,2225.05,2249.7,2927953
8/5/2020 15:30:00,2260,2300,2253,2259.5,3800641
8/6/2020 15:30:00,2275,2319.5,2265.35,2308.1,4748348
8/7/2020 15:30:00,2308,2328,2287,2295.35,3165495
8/10/2020 15:30:00,2318,2325,2276.05,2282.8,2929385
8/11/2020 15:30:00,2283,2312,2275.6,2279.9,2774509
8/12/2020 15:30:00,2288.35,2296.4,2246.55,2257.35,3415766
8/13/2020 15:30:00,2273,2300,2250.5,2254.45,2695682
8/14/2020 15:30:00,2277,2281.3,2233.1,2242.15,2270405
8/17/2020 15:30:00,2263,2270,2238.25,2253.4,2625670
8/18/2020 15:30:00,2262.8,2289,2248.3,2269.75,3493411
8/19/2020 15:30:00,2276.35,2284.6,2252.5,2256.6,2843007
8/20/2020 15:30:00,2257,2276.55,2240.05,2252.85,2895265
8/21/2020 15:30:00,2260,2271,2241.05,2248.6,1975304
8/24/2020 15:30:00,2250.6,2259.95,2230,2248.1,2167987
8/25/2020 15:30:00,2245,2250,2233.55,2242.65,1663454
8/26/2020 15:30:00,2242,2259.9,2216.45,2253.5,2618159
8/27/2020 15:30:00,2266,2287.35,2241.75,2248.4,3579397
8/28/2020 15:30:00,2268.4,2279.95,2235.1,2238.55,2941156
8/31/2020 15:30:00,2240,2276.2,2228,2257.25,6018160
9/1/2020 15:30:00,2269,2278,2241.3,2246.35,3610908
9/2/2020 15:30:00,2247,2268.75,2241.65,2265.15,2084152
9/3/2020 15:30:00,2268,2324,2268,2299.5,4654146
9/4/2020 15:30:00,2275,2324.25,2262.95,2288.8,5232180
9/7/2020 15:30:00,2289,2343.5,2283.35,2327.05,4620416
9/8/2020 15:30:00,2335.95,2390.45,2327.05,2348.2,7454161
9/9/2020 15:30:00,2325,2359,2320,2327.65,3866542
9/10/2020 15:30:00,2335,2348.5,2324.3,2331.15,2308813
9/11/2020 15:30:00,2330.95,2383,2330.15,2374.1,4145429
9/14/2020 15:30:00,2384.1,2505.75,2381.85,2491.4,7512284
9/15/2020 15:30:00,2491.4,2538,2464.6,2491.4,7318773
9/16/2020 15:30:00,2488.95,2507.6,2477.3,2503,3074013
9/17/2020 15:30:00,2480,2495.75,2450.6,2460.95,4828231
9/18/2020 15:30:00,2485,2500.4,2436.4,2449.9,4183256
9/21/2020 15:30:00,2465,2504.9,2452.15,2465.3,4598809
9/22/2020 15:30:00,2485,2555,2458,2522.95,7499927
9/23/2020 15:30:00,2510,2519.85,2409,2467.45,7503152
9/24/2020 15:30:00,2450,2450,2302.6,2332.25,8425118
9/25/2020 15:30:00,2368,2440,2352.1,2422.3,8228297
9/28/2020 15:30:00,2440,2444,2366,2426.3,4347177
9/29/2020 15:30:00,2434.85,2511.05,2426.3,2488.4,6995815
9/30/2020 15:30:00,2489,2505,2460,2492.3,3917186
10/1/2020 15:30:00,2510,2540,2492.3,2523.45,2610338
10/5/2020 15:30:00,2620,2728.1,2603.05,2705.8,17412119
10/6/2020 15:30:00,2736,2736,2650.1,2714.3,9846376
10/7/2020 15:30:00,2742,2770,2703,2735.95,9656167
10/8/2020 15:30:00,2800,2885,2800,2825.7,19839826
10/9/2020 15:30:00,2810,2829.85,2780,2812.95,7739375
10/12/2020 15:30:00,2815.5,2854,2800.75,2830,4623211
10/13/2020 15:30:00,2845,2854.9,2812.2,2826.55,4209905
10/14/2020 15:30:00,2842,2842,2787.55,2809.6,4395979
10/15/2020 15:30:00,2811,2827.75,2727,2740.6,6629395
10/16/2020 15:30:00,2750.1,2771.65,2731.3,2763.3,5273773
10/19/2020 15:30:00,2774,2774,2706.6,2711.55,3331194
10/20/2020 15:30:00,2725,2759.9,2717.95,2739,3406298
10/21/2020 15:30:00,2739,2749,2663.05,2675.4,4570175
10/22/2020 15:30:00,2661,2686.65,2638.1,2671.15,5262311
10/23/2020 15:30:00,2687.8,2702,2670.1,2686.8,3499372
10/26/2020 15:30:00,2689.95,2709.95,2670.5,2688.2,2672766
10/27/2020 15:30:00,2699.75,2718.15,2624.1,2630.15,3537594
10/28/2020 15:30:00,2650,2655.95,2606,2622.2,3569515
10/29/2020 15:30:00,2608,2655,2600.25,2632.65,3105970
10/30/2020 15:30:00,2636.1,2674.35,2621.6,2664.85,3427003
11/2/2020 15:30:00,2660,2664.85,2600.05,2604.6,2571196
11/3/2020 15:30:00,2604,2665,2601.05,2633.6,2879269
11/4/2020 15:30:00,2610,2721.85,2610,2653.15,4893928
11/5/2020 15:30:00,2685,2710,2667,2685.7,2816502
11/6/2020 15:30:00,2699,2713.25,2681.3,2707.45,3884421
11/9/2020 15:30:00,2731.1,2744,2695.1,2726.6,3646592
11/10/2020 15:30:00,2697.2,2713.15,2638.35,2649.6,4760020
11/11/2020 15:30:00,2667.95,2692.8,2643.4,2687.8,3242441
11/12/2020 15:30:00,2686,2713,2661.75,2671.05,2437505
11/13/2020 15:30:00,2655.75,2664.9,2636,2656.85,2548093
11/17/2020 15:30:00,2695,2695,2650.05,2666.05,2827273
11/18/2020 15:30:00,2661,2664.2,2607.05,2626.65,2893762
11/19/2020 15:30:00,2637,2676.15,2630.85,2636.9,4167501
11/20/2020 15:30:00,2655,2676,2627.55,2660.25,2711471
11/23/2020 15:30:00,2690,2730,2665,2724.25,3706418
11/24/2020 15:30:00,2734.4,2743,2705,2722.05,3120516
11/25/2020 15:30:00,2729,2732.95,2688.2,2701.3,3302249
11/26/2020 15:30:00,2686,2730.95,2680,2720.6,2341099
11/27/2020 15:30:00,2705,2717.7,2669.05,2679.65,6086808
12/1/2020 15:30:00,2679,2735.9,2624.45,2726.8,3605017
12/2/2020 15:30:00,2719,2754.7,2702.45,2749.55,2509032
12/3/2020 15:30:00,2773.9,2773.9,2700.8,2709.45,2852548
12/4/2020 15:30:00,2710.8,2738.85,2699,2727.55,2686527
12/7/2020 15:30:00,2715,2744,2706.15,2737.7,1996400
12/8/2020 15:30:00,2740,2805.55,2732.45,2797.3,4277818
12/9/2020 15:30:00,2815,2840,2793.15,2810.8,3659996
12/10/2020 15:30:00,2818,2827.3,2780.25,2784.3,2127801
12/11/2020 15:30:00,2792.7,2807.7,2764.55,2783.6,1795408
12/14/2020 15:30:00,2802,2804,2756.25,2797.7,2483658
12/15/2020 15:30:00,2786,2794.7,2755,2761.55,2365509
12/16/2020 15:30:00,2779,2819.8,2760.45,2814.2,2565149
12/17/2020 15:30:00,2811,2853.7,2805,2838.2,2863460
12/18/2020 15:30:00,2868,2898,2846.2,2861,6076692
12/21/2020 15:30:00,2861,2886.5,2785,2820.15,2705195
12/22/2020 15:30:00,2834,2883.65,2818.65,2872.5,2881737
12/23/2020 15:30:00,2876.05,2919,2865.45,2908.75,2790988
12/24/2020 15:30:00,2909,2921.35,2883.2,2909.35,1807144
12/28/2020 15:30:00,2910,2949.7,2902,2929.4,2108994
12/29/2020 15:30:00,2920,2952,2920,2930.5,1994151
12/30/2020 15:30:00,2934.4,2947.7,2902,2909.3,2637968
12/31/2020 15:30:00,2900,2905,2845,2862.75,4040956
1/1/2021 15:30:00,2880,2940,2879,2928.25,2681440
1/4/2021 15:30:00,2950,3050.75,2940.95,3039.45,5113293
1/5/2021 15:30:00,3039.6,3114.25,3039.6,3093,5801309
1/6/2021 15:30:00,3100,3113.5,3037.2,3051.5,3726716
1/7/2021 15:30:00,3075,3080.85,3000.25,3032.8,3717827
1/8/2021 15:30:00,3090,3128,3060,3120.9,5879039
1/11/2021 15:30:00,3230,3230,3146.55,3176.45,9508039
1/12/2021 15:30:00,3176.45,3210,3150,3174.85,3611458
1/13/2021 15:30:00,3175,3177,3126.25,3158.95,3572801
1/14/2021 15:30:00,3155,3266.5,3120.4,3250.7,6931542
1/15/2021 15:30:00,3235,3274,3210,3233.35,4131692
1/18/2021 15:30:00,3250,3256.75,3187.4,3221.75,4160906
1/19/2021 15:30:00,3233,3279,3232,3260.7,2975735
1/20/2021 15:30:00,3270,3327.95,3267.1,3308.8,3453446
1/21/2021 15:30:00,3305,3309.15,3262.1,3273.85,2778546
1/22/2021 15:30:00,3241.9,3325,3241.9,3303.1,3052459
1/25/2021 15:30:00,3308.95,3339.8,3278.65,3291.3,2272887
1/27/2021 15:30:00,3300,3306.45,3227,3261.05,2786662
1/28/2021 15:30:00,3230,3275,3183.8,3196.55,3083938
1/29/2021 15:30:00,3210.05,3216.85,3100,3111.35,5445659
2/1/2021 15:30:00,3100,3165,3044.1,3139.35,3985846
2/2/2021 15:30:00,3174,3224,3150,3203.45,2881837
2/3/2021 15:30:00,3213,3236,3162.65,3200.05,2505866
2/4/2021 15:30:00,3216.05,3237.85,3176,3188.45,2057261
2/5/2021 15:30:00,3198.95,3205.85,3129,3157.95,2366135
2/8/2021 15:30:00,3189.5,3226,3155.15,3214.1,2526592
2/9/2021 15:30:00,3195,3245.8,3164,3176.9,2658751
2/10/2021 15:30:00,3185,3219.4,3157.3,3213.3,2127983
2/11/2021 15:30:00,3215,3219.3,3185.05,3206,1165882
2/12/2021 15:30:00,3184.2,3245.5,3182,3190.8,2777404
2/15/2021 15:30:00,3209,3209,3131.55,3139.85,2630853
2/16/2021 15:30:00,3150,3167.65,3100,3108.8,3435770
2/17/2021 15:30:00,3105.1,3132.85,3045.55,3073.1,3678426
2/18/2021 15:30:00,3065,3097.9,3031,3057.35,4189909
2/19/2021 15:30:00,3058,3087.15,3016.15,3071.85,3725028
2/22/2021 15:30:00,3096,3096,2943.15,2958.45,5366696
2/23/2021 15:30:00,2970,3028,2968,2980.2,3832829
2/24/2021 15:30:00,2972,3003.35,2921.15,2948.1,3774549
2/25/2021 15:30:00,2974,3029.9,2968.45,2995.3,4224073
2/26/2021 15:30:00,2960,2972.35,2880,2894.3,5553153
3/1/2021 15:30:00,2926,2965,2901.8,2924.2,3265871
3/2/2021 15:30:00,2960,3025,2948,3006.35,3306469
3/3/2021 15:30:00,3035,3064,2996.9,3059.1,3509857
3/4/2021 15:30:00,3023,3081.45,3016.05,3049.7,3916760
3/5/2021 15:30:00,3016.1,3063.2,2996.6,3008.05,3203686
3/8/2021 15:30:00,3016,3033,2996,3006.95,2003125
3/9/2021 15:30:00,3006.95,3066.9,2992.1,3050.95,1942397
3/10/2021 15:30:00,3075,3093.2,3060,3070.95,3053778
3/12/2021 15:30:00,3075,3117,3041.35,3057.95,2938317
3/15/2021 15:30:00,3041,3099,3041,3066.15,3097140
3/16/2021 15:30:00,3060,3141,3060,3110.05,4894756
3/17/2021 15:30:00,3105,3155,3085.3,3112.95,3838390
3/18/2021 15:30:00,3125.95,3146.45,2987.05,3036.5,3656306
3/19/2021 15:30:00,3030,3099,3005,3050.2,5776626
3/22/2021 15:30:00,3048.7,3139.45,3018.65,3129.65,2821646
3/23/2021 15:30:00,3140,3169,3122.85,3142.6,3305973
3/24/2021 15:30:00,3111.2,3152.3,3111.15,3121.1,2207104
3/25/2021 15:30:00,3112.2,3130.85,3050,3064.85,3179786
3/26/2021 15:30:00,3090.65,3118,3043.05,3066.8,3697370
3/30/2021 15:30:00,3083,3188.45,3060.9,3158.55,4694261
3/31/2021 15:30:00,3155,3205,3132,3177.85,3530069
4/1/2021 15:30:00,3191.1,3215,3145,3165,4285076
4/5/2021 15:30:00,3171,3263,3151,3238.9,5317862
4/6/2021 15:30:00,3275,3275,3230,3264.7,2291562
4/7/2021 15:30:00,3259,3277.55,3234.8,3271.4,2491268
4/8/2021 15:30:00,3270,3335,3266.05,3317.35,2578118
4/9/2021 15:30:00,3354,3354.35,3308,3322.25,2911129
4/12/2021 15:30:00,3322.25,3338.1,3213.2,3246.55,3791828
4/13/2021 15:30:00,3214,3214,3073.05,3104.05,8654596
4/15/2021 15:30:00,3160.3,3237.25,3087.45,3218.95,6062760
4/16/2021 15:30:00,3229,3247,3182.6,3195.15,3224657
4/19/2021 15:30:00,3169,3189,3135.1,3161.8,2679106
4/20/2021 15:30:00,3225,3225.35,3126.35,3144.55,3141893
4/22/2021 15:30:00,3148,3148,3105.25,3118.8,1988980
4/23/2021 15:30:00,3105,3119,3091.05,3109.5,1615309
4/26/2021 15:30:00,3102.05,3153,3088.05,3100.8,2490260
4/27/2021 15:30:00,3106,3136.1,3103,3132,1471417
4/28/2021 15:30:00,3149.95,3151,3112,3124.1,1639037
4/29/2021 15:30:00,3145.6,3157.35,3105.5,3115.25,1621395
4/30/2021 15:30:00,3099,3132.05,3020,3035.65,3072305
5/3/2021 15:30:00,3024.9,3055,3004,3037,1545831
5/4/2021 15:30:00,3062.8,3090,3035,3049.75,1990777
5/5/2021 15:30:00,3070,3099.4,3052.4,3095.7,1939289
5/6/2021 15:30:00,3105.5,3134,3074,3111.45,1791671
5/7/2021 15:30:00,3133,3159.85,3111.8,3132.9,1912540
5/10/2021 15:30:00,3145.95,3164.2,3125,3145.5,2137153
5/11/2021 15:30:00,3125,3128.1,3091.15,3122.6,2415625
5/12/2021 15:30:00,3120,3120,3070.6,3087.6,1978558
5/14/2021 15:30:00,3098.5,3098.5,3040,3051.5,2043935
5/17/2021 15:30:00,3055,3075.2,3036,3069.75,2890462
5/18/2021 15:30:00,3100,3124,3078,3088.8,2098538
5/19/2021 15:30:00,3084,3118,3067.1,3082,1986041
5/20/2021 15:30:00,3067.1,3088.8,3052.1,3060,2329027
5/21/2021 15:30:00,3061,3088.2,3055.1,3080.5,1685566
5/24/2021 15:30:00,3081.5,3105,3072,3081.5,1652260
5/25/2021 15:30:00,3092,3128.25,3082.1,3114,1841613
5/26/2021 15:30:00,3120,3165,3103.8,3158.5,1923753
5/27/2021 15:30:00,3161.95,3217.75,3161.8,3180,5959785
5/28/2021 15:30:00,3189.5,3198,3135.65,3143.6,1763701
5/31/2021 15:30:00,3150,3170.35,3128.6,3159.15,1652799
6/1/2021 15:30:00,3168.6,3169.95,3132,3153,1377441
6/2/2021 15:30:00,3150.85,3159.45,3115,3129.45,2240078
6/3/2021 15:30:00,3154.55,3154.55,3122.65,3141.25,1281706
6/4/2021 15:30:00,3128,3156.85,3125,3143.75,1836060
6/7/2021 15:30:00,3145,3190.45,3133.6,3183.2,2559821
6/8/2021 15:30:00,3198,3231,3187.2,3200.15,2574057
6/9/2021 15:30:00,3202,3220,3186.2,3200.25,1710925
6/10/2021 15:30:00,3210,3224,3193,3216.8,1874324
6/11/2021 15:30:00,3211.55,3309,3211,3273.8,3452954
6/14/2021 15:30:00,3279,3308.7,3270.35,3276.35,1847360
6/15/2021 15:30:00,3298,3298,3251.55,3262.75,1304985
6/16/2021 15:30:00,3262.1,3294.7,3253,3274.35,1635552
6/17/2021 15:30:00,3265.5,3336.05,3260,3317.75,2273413
6/18/2021 15:30:00,3350.9,3358,3275,3297.3,3380431
6/21/2021 15:30:00,3265,3286,3251.7,3273.1,1130569
6/22/2021 15:30:00,3304,3327.05,3285,3301.2,1708688
6/23/2021 15:30:00,3329,3329,3256.4,3261.4,1467104
6/24/2021 15:30:00,3284,3383,3278.5,3373.6,4155204
6/25/2021 15:30:00,3375.25,3399.65,3350,3380.8,2722861
6/28/2021 15:30:00,3391.5,3391.5,3333,3336.75,1355238
6/29/2021 15:30:00,3342,3366.3,3326.5,3340.85,1497322
6/30/2021 15:30:00,3346,3382,3338.5,3345.75,1693146
7/1/2021 15:30:00,3358,3362,3332.35,3341.5,990310
7/2/2021 15:30:00,3331,3339.7,3295.2,3325.45,1682274
7/5/2021 15:30:00,3342,3374,3302,3321,1972858
7/6/2021 15:30:00,3313,3328,3256.1,3262.3,2159420
7/7/2021 15:30:00,3275,3282.7,3241.6,3274.95,2640710
7/8/2021 15:30:00,3298,3298,3231.9,3258.5,2485811
7/9/2021 15:30:00,3250,3282,3201,3208.15,6365067
7/12/2021 15:30:00,3235,3236,3188.35,3193.1,1892226
7/13/2021 15:30:00,3214,3214,3175,3187.55,1809339
7/14/2021 15:30:00,3187,3222,3185,3214.55,2044279
7/15/2021 15:30:00,3227.6,3231.85,3194,3202.95,2232968
7/16/2021 15:30:00,3213,3219.85,3192,3194.8,1256526
7/19/2021 15:30:00,3180,3199.8,3176,3184.6,1597058
7/20/2021 15:30:00,3184.6,3215,3156.15,3205.8,1811945
7/22/2021 15:30:00,3190,3224.95,3190,3216.35,2859334
7/23/2021 15:30:00,3230,3241.55,3206.65,3212.85,1776193
7/26/2021 15:30:00,3200,3224.25,3190.85,3197.55,1259611
7/27/2021 15:30:00,3200,3210,3161.15,3182.95,1121367
7/28/2021 15:30:00,3188,3204.45,3132.4,3197.8,1660654
7/29/2021 15:30:00,3200.25,3225.45,3190.3,3195.8,1731997
7/30/2021 15:30:00,3219,3223.5,3162.35,3167.45,2999943
8/2/2021 15:30:00,3180,3224.9,3167,3219.4,2608669
8/3/2021 15:30:00,3229,3290,3218.95,3284.9,3804735
8/4/2021 15:30:00,3300,3305.2,3261.2,3273.95,2929598
8/5/2021 15:30:00,3275,3315,3262.5,3283.95,2534521
8/6/2021 15:30:00,3272.55,3324,3265,3309.8,2292362
8/9/2021 15:30:00,3323.9,3337,3310,3322.7,1510489
8/10/2021 15:30:00,3315.6,3349.9,3315.6,3333.9,2040777
8/11/2021 15:30:00,3350,3360,3327.1,3344.2,1929707
8/12/2021 15:30:00,3326,3368,3326,3351.75,1310205
8/13/2021 15:30:00,3360.75,3480,3357.5,3463.4,4363584
8/16/2021 15:30:00,3460,3494.35,3436.5,3472.95,2083489
8/17/2021 15:30:00,3482.1,3560.8,3463,3553.05,4336019
8/18/2021 15:30:00,3573.85,3595,3536.6,3560.55,2631309
8/20/2021 15:30:00,3506,3575,3500,3559.5,2836148
8/23/2021 15:30:00,3580,3673,3561.9,3637.4,3744176
8/24/2021 15:30:00,3657,3667.35,3594.4,3613.2,2511141
8/25/2021 15:30:00,3610,3697.75,3607.05,3659,2123263
8/26/2021 15:30:00,3660,3687.6,3647.9,3671.85,1902533
8/27/2021 15:30:00,3666,3729.5,3651.1,3720.15,3944728
8/30/2021 15:30:00,3715,3740.35,3687.6,3701.3,2033114
8/31/2021 15:30:00,3709.4,3804.1,3703.45,3786.45,3207480
9/1/2021 15:30:00,3796,3816.7,3707,3714.95,2643336
9/2/2021 15:30:00,3734,3859.15,3722,3836.75,3403717
9/3/2021 15:30:00,3825,3856.9,3804.55,3842.05,1746812
9/6/2021 15:30:00,3849.7,3877.6,3814,3852,1723693
9/7/2021 15:30:00,3864,3869.95,3808.25,3815.9,1585039
9/8/2021 15:30:00,3810,3815,3756,3774.15,4147175
9/9/2021 15:30:00,3789.7,3808.7,3765,3791.4,1441148
9/13/2021 15:30:00,3767,3852.4,3767,3845.35,1691473
9/14/2021 15:30:00,3849.95,3896.5,3825,3885.9,1991188
9/15/2021 15:30:00,3882.1,3980,3866,3954.55,2461369
9/16/2021 15:30:00,3930,3981.75,3892.1,3903.3,2946666
9/17/2021 15:30:00,3920,3945,3805,3827.85,6477148
9/20/2021 15:30:00,3809,3871,3807.85,3823.5,2002008
9/21/2021 15:30:00,3858,3871.55,3821.65,3862.95,1568129
9/22/2021 15:30:00,3862.5,3896.85,3852.45,3862.15,1744067
9/23/2021 15:30:00,3870,3879,3835,3869.25,2003869
9/24/2021 15:30:00,3890,3944.4,3855,3871.3,2320754
9/27/2021 15:30:00,3900,3904,3802.9,3836.95,1673362
9/28/2021 15:30:00,3850,3850,3751.25,3779.15,2253075
9/29/2021 15:30:00,3759.8,3806,3722.15,3791.9,2489161
9/30/2021 15:30:00,3805,3805,3750.1,3775.55,2252412
10/1/2021 15:30:00,3781.75,3810,3725,3730.2,1578374
10/4/2021 15:30:00,3724.8,3783.65,3707.45,3773.3,1356860
10/5/2021 15:30:00,3754,3840,3741.6,3833.3,1877966
10/6/2021 15:30:00,3836,3857.45,3795,3810.9,1678154
10/7/2021 15:30:00,3830,3899,3820.05,3892.9,1647233
10/8/2021 15:30:00,3925,3989.9,3900,3935.65,2934339
10/11/2021 15:30:00,3755,3757.5,3660,3685.6,11845402
10/12/2021 15:30:00,3706,3707,3630.6,3652.85,5752877
10/13/2021 15:30:00,3650,3675.45,3645,3655.2,3545655
10/14/2021 15:30:00,3625,3670,3608.2,3611.45,6442299
10/18/2021 15:30:00,3603.45,3652.7,3601.45,3647.15,3590107
10/19/2021 15:30:00,3669,3690.1,3625.2,3634.15,3135441
10/20/2021 15:30:00,3612,3630,3578.3,3608.85,2933693
10/21/2021 15:30:00,3604.1,3607.45,3511.25,3532.5,4871211
10/22/2021 15:30:00,3560,3561.6,3485,3498.85,2691670
10/25/2021 15:30:00,3503,3514.55,3450,3492.95,2595594
10/26/2021 15:30:00,3494.5,3529,3475,3482.6,3878763
10/27/2021 15:30:00,3483,3511.25,3483,3489.75,2510813
10/28/2021 15:30:00,3518,3518,3415,3421.65,2424942
10/29/2021 15:30:00,3400.05,3461,3385.95,3397.75,3960501
11/1/2021 15:30:00,3437.95,3487,3412.95,3476.4,2020718
11/2/2021 15:30:00,3494,3513.6,3469.75,3484.2,3087414
11/3/2021 15:30:00,3504.2,3519.9,3466.05,3492.25,1537639
11/4/2021 19:15:00,3512.95,3513.25,3505,3508.65,328991
11/8/2021 15:30:00,3548,3548,3481.2,3502.75,2526082
11/9/2021 15:30:00,3508,3535,3496,3505.7,1782692
11/10/2021 15:30:00,3498,3519.7,3480.2,3484.3,1516489
11/11/2021 15:30:00,3480,3510.05,3436,3488.2,1284514
11/12/2021 15:30:00,3506,3534.15,3485.7,3526.05,1747259
11/15/2021 15:30:00,3528,3569.6,3528,3553.3,1809157
11/16/2021 15:30:00,3569,3575.55,3542,3556.4,2013204
11/17/2021 15:30:00,3550.6,3562.85,3506.4,3521.9,1632914
11/18/2021 15:30:00,3515.15,3520.85,3451.6,3475.7,2136598
11/22/2021 15:30:00,3478.4,3515.95,3440.3,3458.4,3167936
11/23/2021 15:30:00,3445,3480.95,3407.8,3464.25,2153461
11/24/2021 15:30:00,3472.2,3493.05,3424,3443.3,2161746
11/25/2021 15:30:00,3443.9,3463,3434.05,3445.9,1849619
11/26/2021 15:30:00,3425,3490,3411.9,3446.85,1941251
11/29/2021 15:30:00,3447.15,3529.35,3406.45,3502,2981745
11/30/2021 15:30:00,3491,3563.75,3491,3529.15,5588446
12/1/2021 15:30:00,3535,3590,3535,3577.8,2102118
12/2/2021 15:30:00,3589.2,3648,3574.1,3642.9,3152938
12/3/2021 15:30:00,3646.45,3665.95,3630.85,3640.45,2486263
12/6/2021 15:30:00,3640.45,3658,3522,3536.4,1849642
12/7/2021 15:30:00,3562.5,3598,3524.3,3584.5,1484458
12/8/2021 15:30:00,3601,3646.45,3601,3626.9,1428660
12/9/2021 15:30:00,3610,3634.75,3566,3601.75,1567957
12/10/2021 15:30:00,3585,3642,3575.1,3636.8,1510718
12/13/2021 15:30:00,3650,3662,3601.7,3609.65,1883864
12/14/2021 15:30:00,3605,3635,3576.7,3623.8,1747007
12/15/2021 15:30:00,3620,3623,3558.15,3570.35,1603233
12/16/2021 15:30:00,3582,3608.45,3570,3581.6,2072320
12/17/2021 15:30:00,3602.5,3651.35,3573.7,3584.35,4333992
12/20/2021 15:30:00,3589,3606,3510.15,3556.9,2312310
12/21/2021 15:30:00,3582.65,3641.2,3566.4,3608.3,2340989
12/22/2021 15:30:00,3624,3636.8,3606.25,3630.75,1224328
12/23/2021 15:30:00,3648,3670.5,3630,3662.7,1792861
12/24/2021 15:30:00,3685,3705,3644.8,3670.9,2209923
12/27/2021 15:30:00,3671,3700,3653.1,3696.1,1534135
12/28/2021 15:30:00,3710,3725,3693.85,3706.55,1456218
12/29/2021 15:30:00,3692.25,3719.95,3685,3694.7,1456923
12/30/2021 15:30:00,3681.35,3740,3680,3733.75,1966475
12/31/2021 15:30:00,3742.8,3760,3731.3,3738.35,1207141
1/3/2022 15:30:00,3750,3830,3745,3817.75,2346158
1/4/2022 15:30:00,3831.1,3889.15,3811.7,3884.75,2488606
1/5/2022 15:30:00,3865,3870,3812.4,3860.95,1733031
1/6/2022 15:30:00,3812,3835,3772,3807.45,1810293
1/7/2022 15:30:00,3820,3864.9,3796.4,3853.5,2460591
1/10/2022 15:30:00,3978,3978,3861,3879.85,3937092
1/11/2022 15:30:00,3856,3925,3856,3915.9,1906106
1/12/2022 15:30:00,3925,3929,3836.55,3859.9,3203744
1/13/2022 15:30:00,3918,3923,3857,3897.9,6684507
1/14/2022 15:30:00,3877.85,3977,3860.05,3968.15,3348123
1/17/2022 15:30:00,3992.7,4043,3962.3,4019.15,3442604
1/18/2022 15:30:00,4033.95,4041.7,3980,3990.6,2389041
1/19/2022 15:30:00,4012,4012,3910.5,3914.65,3102539
1/20/2022 15:30:00,3910,3920,3811,3826.55,6176776
1/21/2022 15:30:00,3807,3851.55,3771.1,3833.5,3112358
1/24/2022 15:30:00,3840,3849.65,3740.1,3771.35,3258414
1/25/2022 15:30:00,3769.5,3809.4,3722.2,3769.9,3330501
1/27/2022 15:30:00,3731,3733.4,3625.1,3649.25,5718297
1/28/2022 15:30:00,3646,3729.8,3646,3690.05,3143862
1/31/2022 15:30:00,3749,3758,3721.4,3736.25,2739393
2/1/2022 15:30:00,3770,3808,3736.4,3800.65,2105169
2/2/2022 15:30:00,3827.9,3864,3800.65,3856.2,1984212
2/3/2022 15:30:00,3851,3882.5,3816.05,3824.6,1960538
2/4/2022 15:30:00,3815.3,3824.7,3769,3814.9,2307366
2/7/2022 15:30:00,3791,3831.8,3756.15,3779,1919149
2/8/2022 15:30:00,3791.55,3799.7,3721,3743.45,2946443
2/9/2022 15:30:00,3750,3777.95,3746.1,3760.55,1638721
2/10/2022 15:30:00,3789.8,3789.8,3758,3770.35,2112459
2/11/2022 15:30:00,3752.5,3752.5,3690,3694.95,3851488
2/14/2022 15:30:00,3724,3793.25,3710,3733.75,5951745
2/15/2022 15:30:00,3786,3835,3748,3817.8,3931683
2/16/2022 15:30:00,3844,3854.1,3806,3813.1,3256906
2/17/2022 15:30:00,3825,3835,3779,3784.2,3134372
2/18/2022 15:30:00,3769,3815.95,3757.6,3793.9,3688883
2/21/2022 15:30:00,3810,3827.8,3705.55,3719.4,7465922
2/22/2022 15:30:00,3650,3667.9,3570,3586.4,5408531
2/23/2022 15:30:00,3611,3622.9,3555.65,3563.8,2426203
2/24/2022 15:30:00,3474,3483.85,3391.1,3401.65,5039136
2/25/2022 15:30:00,3468,3530,3462,3520.75,2549723
2/28/2022 15:30:00,3490,3563.75,3455.9,3554.2,3288942
3/2/2022 15:30:00,3552.5,3571.95,3506,3546.15,2761341
3/3/2022 15:30:00,3562.85,3578.6,3530.1,3544.4,1928039
3/4/2022 15:30:00,3501.5,3561.2,3487.05,3524.35,2370257
3/7/2022 15:30:00,3450,3548,3431.55,3484.9,3054130
3/8/2022 15:30:00,3460,3609,3460,3599.95,3300992
3/9/2022 15:30:00,3605,3654,3597.05,3632.6,2719654
3/10/2022 15:30:00,3684,3684,3615,3620.95,2005441
3/11/2022 15:30:00,3603.25,3639.85,3592.85,3599.15,1623423
3/14/2022 15:30:00,3580,3648.35,3580,3643,1765688
3/15/2022 15:30:00,3659,3659,3585.4,3593.9,3651133
3/16/2022 15:30:00,3640.5,3668,3616.25,3655.9,3090475
3/17/2022 15:30:00,3696.6,3710,3660.3,3672.75,3600452
3/21/2022 15:30:00,3696,3713.95,3615,3626.7,2413831
3/22/2022 15:30:00,3640,3711,3625,3700.95,2907611
3/23/2022 15:30:00,3708,3729.8,3690,3712.4,1596195
3/24/2022 15:30:00,3700,3758.2,3695,3749.85,1879046
3/25/2022 15:30:00,3759.9,3779.5,3672,3707.45,1690133
3/28/2022 15:30:00,3695,3713,3661.2,3707.7,1760990
3/29/2022 15:30:00,3694.75,3722,3691,3705.35,2689063
3/30/2022 15:30:00,3738,3738,3706.2,3731.55,1583455
3/31/2022 15:30:00,3740,3754.65,3720.2,3739.95,2168110
4/1/2022 15:30:00,3748,3763,3728.05,3758.75,1387014
4/4/2022 15:30:00,3762,3780,3737.1,3770.35,1472994
4/5/2022 15:30:00,3772,3835.6,3772,3814.8,2314947
4/6/2022 15:30:00,3809.3,3809.3,3731.15,3755.35,2051729
4/7/2022 15:30:00,3745.5,3745.5,3679,3684.15,2494829
4/8/2022 15:30:00,3690,3705,3642.5,3685.65,2296773
4/11/2022 15:30:00,3690,3712.35,3656.1,3696.4,2291660
4/12/2022 15:30:00,3683,3739,3648.35,3691.1,4483476
4/13/2022 15:30:00,3707,3709.85,3655.55,3661.95,1621672
4/18/2022 15:30:00,3610,3610,3522.5,3528.05,3820792
4/19/2022 15:30:00,3550,3563.55,3439.15,3471.9,3170014
4/20/2022 15:30:00,3500,3569.15,3480,3556.8,2640370
4/21/2022 15:30:00,3580,3644,3567.4,3628.65,2280996
4/22/2022 15:30:00,3581.1,3617,3571.5,3612.55,1581465
4/25/2022 15:30:00,3558,3584,3533.1,3548.2,1960694
4/26/2022 15:30:00,3575.15,3587.9,3518.15,3546.3,1943469
4/27/2022 15:30:00,3546,3568.45,3506.3,3561.2,1727648
4/28/2022 15:30:00,3588,3604.4,3538.05,3584.3,1703660
4/29/2022 15:30:00,3597,3623.25,3536.85,3546.7,2051115
5/2/2022 15:30:00,3519.9,3547.95,3492.75,3542.4,1324161
5/4/2022 15:30:00,3538.5,3545.45,3465.3,3479.75,2305825
5/5/2022 15:30:00,3512.1,3533,3485.35,3513.4,1612262
5/6/2022 15:30:00,3459,3474.5,3424.5,3432.6,2010812
5/9/2022 15:30:00,3398,3456,3346.85,3445.1,2481830
5/10/2022 15:30:00,3434,3464.8,3422,3438.75,1622685
5/11/2022 15:30:00,3435,3448.45,3382.15,3412,1841769
5/12/2022 15:30:00,3378,3449.7,3350.1,3408.65,2807195
5/13/2022 15:30:00,3435,3439.9,3382.15,3414.9,2187823
5/16/2022 15:30:00,3415,3430,3366.6,3376.8,1195813
5/17/2022 15:30:00,3370,3467,3350.4,3451.6,1754076
5/18/2022 15:30:00,3465,3495,3443.05,3448.8,1866781
5/19/2022 15:30:00,3397,3405,3230,3261.95,4642963
5/20/2022 15:30:00,3310,3313.9,3270.05,3293,3065125
5/23/2022 15:30:00,3304.8,3338.9,3267,3321.75,2293690
5/24/2022 15:30:00,3315.15,3324.85,3275.6,3288,1711510
5/25/2022 15:30:00,3292.85,3292.85,3154.05,3167.65,3548046
5/26/2022 15:30:00,3191,3241.5,3180.55,3226.95,2813186
5/27/2022 15:30:00,3253.2,3278.9,3229.2,3261.3,3103153
5/30/2022 15:30:00,3297,3386.6,3286.35,3375.25,2094624
5/31/2022 15:30:00,3354.15,3383.4,3325,3364.35,4840965
6/1/2022 15:30:00,3388,3388,3340.05,3355.2,1493835
6/2/2022 15:30:00,3355,3432,3346.3,3423,2657939
6/3/2022 15:30:00,3459.4,3477.3,3431.2,3440.15,1913622
6/6/2022 15:30:00,3418,3453,3377.15,3430.95,1084210
6/7/2022 15:30:00,3401.05,3418.85,3356,3362.7,2308256
6/8/2022 15:30:00,3380.15,3413.95,3346.5,3404.15,2185707
6/9/2022 15:30:00,3385,3437,3353.1,3427.1,1279197
6/10/2022 15:30:00,3382,3393,3352,3359.9,1527582
6/13/2022 15:30:00,3290,3293,3192.45,3219.6,3030921
6/14/2022 15:30:00,3190,3238.9,3174.7,3210.55,2611493
6/15/2022 15:30:00,3218.5,3234,3201,3206.3,1404536
6/16/2022 15:30:00,3240,3244.85,3133.05,3142,2032028
6/17/2022 15:30:00,3092,3118.75,3023.85,3088.9,5240434
6/20/2022 15:30:00,3094,3138.75,3069,3112.4,1502769
6/21/2022 15:30:00,3130,3237.75,3125.4,3211.95,2964461
6/22/2022 15:30:00,3199.9,3250.55,3183,3222.95,3336315
6/23/2022 15:30:00,3222.95,3318,3222.95,3308.8,3692578
6/24/2022 15:30:00,3339,3345,3277.5,3293.1,2132118
6/27/2022 15:30:00,3350,3362.9,3306.5,3314.7,2037686
6/28/2022 15:30:00,3307,3330,3272.6,3318.15,1400046
6/29/2022 15:30:00,3271,3333,3271,3290.5,2133994
6/30/2022 15:30:00,3272,3310.9,3255,3267.1,2719603
7/1/2022 15:30:00,3260,3333,3252.05,3315.1,1502879
7/4/2022 15:30:00,3312,3317.95,3225.05,3235.05,2622535
7/5/2022 15:30:00,3255,3272,3206.95,3216.3,2170627
7/6/2022 15:30:00,3218.5,3268.5,3202.25,3260.75,2182144
7/7/2022 15:30:00,3271,3319.4,3265.05,3287.85,1989921
7/8/2022 15:30:00,3300,3305,3250,3265.45,2136916
7/11/2022 15:30:00,3206.15,3225,3106,3113.8,6974600
7/12/2022 15:30:00,3114.9,3136.2,3080.25,3084.7,3734815
7/13/2022 15:30:00,3104,3110,3035,3038.75,3863530
7/14/2022 15:30:00,3056,3057,2967,2998.75,4764908
7/15/2022 15:30:00,3018.55,3028.9,2953,2994.6,4574806
7/18/2022 15:30:00,3023,3076.95,3014.3,3063.5,3202795
7/19/2022 15:30:00,3030.05,3078.95,3030.05,3074.25,1865074
7/20/2022 15:30:00,3107.8,3171.95,3098.05,3164.8,3402251
7/21/2022 15:30:00,3167,3184,3144.05,3177.3,2420640
7/22/2022 15:30:00,3185,3197,3143.5,3171,2075886
7/25/2022 15:30:00,3165,3186.45,3149.1,3166.75,1797504
7/26/2022 15:30:00,3164.7,3168.9,3096.5,3115.9,2639367
7/27/2022 15:30:00,3115,3194.1,3110,3188.85,1389808
7/28/2022 15:30:00,3216,3264,3201.65,3260.5,2106333
7/29/2022 15:30:00,3290,3317.3,3275,3301.9,2430257
8/1/2022 15:30:00,3327,3327,3271,3298.8,1306913
8/2/2022 15:30:00,3290,3312.9,3271.65,3291.8,1269114
8/3/2022 15:30:00,3280,3349,3277.05,3339.5,2895824
8/4/2022 15:30:00,3350,3387.9,3307.35,3354.95,2150567
8/5/2022 15:30:00,3361.2,3377,3355,3365.05,1106933
8/8/2022 15:30:00,3365,3378.9,3336,3374.45,1068836
8/10/2022 15:30:00,3385,3385,3335,3354.25,1878359
8/11/2022 15:30:00,3400,3428.7,3375.05,3422.5,1449248
8/12/2022 15:30:00,3419,3419,3381.25,3401.55,1472354
8/16/2022 15:30:00,3411,3414.85,3387.5,3392.7,839942
8/17/2022 15:30:00,3385.1,3417.95,3371.1,3401.1,1622326
8/18/2022 15:30:00,3390,3392,3362,3381.25,1430659
8/19/2022 15:30:00,3387,3421.5,3371.25,3385.75,1398410
8/22/2022 15:30:00,3365,3384.1,3347.4,3354.55,1536532
8/23/2022 15:30:00,3319.95,3341.9,3270,3284.6,1849256
8/24/2022 15:30:00,3292,3308,3250.2,3255.35,1691923
8/25/2022 15:30:00,3276,3278.15,3214.75,3218.2,1946930
8/26/2022 15:30:00,3234.3,3257,3216.8,3222.2,1457962
8/29/2022 15:30:00,3125,3142.7,3081,3132.55,2539173
8/30/2022 15:30:00,3155,3226.5,3142.1,3211.15,3431525
9/1/2022 15:30:00,3190,3190,3121,3131.7,3546935
9/2/2022 15:30:00,3163,3163,3120.3,3130.4,2052900
9/5/2022 15:30:00,3123.65,3147.95,3112.25,3133.4,2147912
9/6/2022 15:30:00,3135.5,3140.85,3106.35,3127.05,1936453
9/7/2022 15:30:00,3102,3161.9,3102,3149.6,1291534
9/8/2022 15:30:00,3170,3183.5,3160.1,3169.65,1346113
9/9/2022 15:30:00,3195,3233.5,3168.5,3217.65,1561185
9/13/2022 15:30:00,3263.45,3263.45,3225,3229.35,1972678
9/14/2022 15:30:00,3135,3141.4,3113.8,3120.4,5090269
9/15/2022 15:30:00,3130,3137.75,3100,3104.35,2138023
9/16/2022 15:30:00,3076,3094.35,3000,3008.7,5322221
9/19/2022 15:30:00,3036,3042,2987.8,3028.8,2072220
9/20/2022 15:30:00,3050,3079.95,3030,3040.3,1544295
9/21/2022 15:30:00,3028,3041.4,2998.15,3001.2,2253818
9/22/2022 15:30:00,2990,3029.95,2979.3,3007.4,2017983
9/23/2022 15:30:00,3004,3022.5,2979,2982.05,2652374
9/26/2022 15:30:00,2959.85,3025.85,2926.1,2994.4,2925489
9/27/2022 15:30:00,3009.4,3025,2976,3017.45,2227447
9/28/2022 15:30:00,2980,3049.95,2980,3035.65,2739767
9/29/2022 15:30:00,3054,3055.85,2990,2997.3,2493902
9/30/2022 15:30:00,2990.85,3019.7,2950.1,3004.55,2817353
10/3/2022 15:30:00,2995,3020.7,2974,2984.95,1763331
10/4/2022 15:30:00,3029.95,3098,3023,3091.15,2145875
10/6/2022 15:30:00,3111,3124,3092.45,3101.95,1790816
10/7/2022 15:30:00,3097.4,3105,3058.1,3064.9,1939879
10/10/2022 15:30:00,3010,3127,3005,3118.55,3064063
10/11/2022 15:30:00,3100,3145,3053.35,3069.55,4730645
10/12/2022 15:30:00,3084.9,3109.9,3062.05,3100.75,1665247
10/13/2022 15:30:00,3100.75,3110,3052.35,3103.3,2054781
10/14/2022 15:30:00,3145,3150,3071,3099.15,2245977
10/17/2022 15:30:00,3072.65,3128.4,3071.45,3111.75,1517005
10/18/2022 15:30:00,3150,3155.35,3128.55,3144.7,1793722
10/19/2022 15:30:00,3159,3159,3112,3121.85,1194289
10/20/2022 15:30:00,3105,3160,3105,3157.3,1587601
10/21/2022 15:30:00,3157.8,3160.4,3127,3137.4,1021913
10/25/2022 15:30:00,3180.5,3184.25,3151.15,3162.1,2069643
10/27/2022 15:30:00,3160.7,3174,3134.35,3157.4,2438421
10/28/2022 15:30:00,3150,3178.5,3145,3163.25,1355739
10/31/2022 15:30:00,3199,3199,3177.8,3193.15,1919414
11/1/2022 15:30:00,3214.5,3262.6,3203.45,3259.7,2991060
11/2/2022 15:30:00,3270,3270,3222.05,3241.7,1405955
11/3/2022 15:30:00,3228.05,3228.05,3195,3206.75,1422652
11/4/2022 15:30:00,3217,3220.05,3166.15,3217.4,1464013
11/7/2022 15:30:00,3229,3242.8,3195.1,3233.7,1474498
11/9/2022 15:30:00,3249.8,3249.8,3201.65,3216.05,1162267
11/10/2022 15:30:00,3170,3225,3170,3205.65,1573092
11/11/2022 15:30:00,3269.6,3341.6,3255.05,3315.95,3265394
11/14/2022 15:30:00,3324,3349,3309,3335.5,1342074
11/15/2022 15:30:00,3321,3339.95,3292,3332.6,1400708
11/16/2022 15:30:00,3338.9,3367.9,3321.45,3355.35,1748235
11/17/2022 15:30:00,3340,3360,3317.75,3349,1417986
11/18/2022 15:30:00,3350,3362.75,3321,3343.45,1164540
11/21/2022 15:30:00,3322.5,3333.7,3273,3283.5,1304194
11/22/2022 15:30:00,3280,3318.95,3255.25,3314.95,1149739
11/23/2022 15:30:00,3330,3330,3291,3308.3,1150011
11/24/2022 15:30:00,3316.25,3392.95,3308.3,3380.15,1296591
11/25/2022 15:30:00,3383,3403.35,3348,3389.65,1588981
11/28/2022 15:30:00,3366,3417,3365.55,3395.25,2195437
11/29/2022 15:30:00,3383,3429,3383,3397.35,1576028
11/30/2022 15:30:00,3383,3414.9,3375,3390.8,3410702
12/1/2022 15:30:00,3425,3480,3420,3475.65,2180856
12/2/2022 15:30:00,3458.1,3468.9,3413,3439.15,2411749
12/5/2022 15:30:00,3433,3439.15,3407,3425.9,1475065
12/6/2022 15:30:00,3400.05,3407.95,3368,3385.35,1166999
12/7/2022 15:30:00,3368.3,3393.7,3354,3380.6,1167505
12/8/2022 15:30:00,3360,3380.6,3339.45,3350.55,1285619
12/9/2022 15:30:00,3374.1,3374.1,3276.35,3292.75,1797896
12/12/2022 15:30:00,3255.5,3296,3236.1,3286.45,1527610
12/13/2022 15:30:00,3277.2,3336.45,3267.8,3332.1,1378016
12/14/2022 15:30:00,3348.8,3377,3340.9,3365.35,1213311
12/15/2022 15:30:00,3358.8,3364.75,3298.95,3305.1,1415694
12/16/2022 15:30:00,3275,3292,3225.2,3240.25,2703680
12/19/2022 15:30:00,3227,3245.5,3194.5,3202.05,2120965
12/20/2022 15:30:00,3198.9,3249,3163.65,3243.95,1529971
12/21/2022 15:30:00,3249,3283.05,3240,3268.55,1432566
12/22/2022 15:30:00,3294,3294,3245.1,3259.7,1384101
12/23/2022 15:30:00,3217,3266.85,3217,3228.35,1360281
12/26/2022 15:30:00,3228.35,3272,3225.05,3252.9,870157
12/27/2022 15:30:00,3269.2,3273.8,3231.5,3259.5,835883
12/28/2022 15:30:00,3249.8,3266.1,3226,3257.1,910795
12/29/2022 15:30:00,3231.1,3271.5,3228,3268.75,1037927
12/30/2022 15:30:00,3286.05,3299,3246.2,3256.7,1163131
1/2/2023 15:30:00,3261,3266.85,3235.2,3261.45,709547
1/3/2023 15:30:00,3252,3320,3245.3,3311.35,1245178
1/4/2023 15:30:00,3306.7,3327.35,3286.2,3314.65,1231668
1/5/2023 15:30:00,3330.2,3337.3,3281.95,3311.1,1826057
1/6/2023 15:30:00,3300,3301.55,3200,3211.55,2488376
1/9/2023 15:30:00,3229,3327,3221.15,3319.95,2885060
1/10/2023 15:30:00,3285,3298,3230.1,3286.4,3864655
1/11/2023 15:30:00,3290.1,3349.5,3271.15,3328.7,2720512
1/12/2023 15:30:00,3329,3350,3315.55,3334.35,2250391
1/13/2023 15:30:00,3342.9,3379,3305,3374.55,1742837
1/16/2023 15:30:00,3317,3353,3298.05,3334.05,1843607
1/17/2023 15:30:00,3330,3381.8,3321,3378.4,1688475
1/18/2023 15:30:00,3380,3408.95,3372.25,3390,2421189
1/19/2023 15:30:00,3380,3387,3361,3373.1,1585044
1/20/2023 15:30:00,3365,3394.65,3355.6,3363.1,1529349
1/23/2023 15:30:00,3388,3419,3355.6,3414.9,1067916
1/24/2023 15:30:00,3425,3451.95,3417.3,3436.3,1387863
1/25/2023 15:30:00,3425.3,3435,3405,3429.75,874110
1/27/2023 15:30:00,3426,3446,3382.3,3411.05,1785879
1/30/2023 15:30:00,3420,3458.45,3385.55,3433.65,1953798
1/31/2023 15:30:00,3449,3449,3351,3358.7,2820375
2/1/2023 15:30:00,3363,3419,3355,3408.35,2205161
2/2/2023 15:30:00,3427,3469,3420.1,3460.4,1813847
2/3/2023 15:30:00,3504,3504,3452.9,3482.3,1804469
2/6/2023 15:30:00,3473.15,3473.15,3436.85,3459.95,1138714
2/7/2023 15:30:00,3468.9,3493,3461.4,3472.55,1455647
2/8/2023 15:30:00,3478.05,3539.9,3478.05,3520.1,1986946
2/9/2023 15:30:00,3515,3547.6,3505.3,3540.85,1655427
2/10/2023 15:30:00,3520,3542.35,3508.15,3537.55,1187821
2/13/2023 15:30:00,3549,3549,3473.4,3482.4,1087939
2/14/2023 15:30:00,3505,3524.85,3495,3500.1,1579818
2/15/2023 15:30:00,3487,3526,3460.15,3520.65,1429449
2/16/2023 15:30:00,3527.2,3575,3527,3558.05,1618931
2/17/2023 15:30:00,3526.15,3538.9,3490,3501.15,1061369
2/20/2023 15:30:00,3502,3522,3475.05,3487.3,1296082
2/21/2023 15:30:00,3494,3508.9,3444.75,3451,1139541
2/22/2023 15:30:00,3414.95,3447,3395,3401.55,1218430
2/23/2023 15:30:00,3421,3452.4,3408,3413.8,1441570
2/24/2023 15:30:00,3422.5,3433.95,3382.3,3400.45,977592
2/27/2023 15:30:00,3390,3390,3316,3331.85,1128022
2/28/2023 15:30:00,3328.5,3392,3299.9,3312.85,4116217
3/1/2023 15:30:00,3323,3389,3315,3385.7,1669307
3/2/2023 15:30:00,3361,3369.9,3318,3321.45,1556538
3/3/2023 15:30:00,3354,3358,3331.1,3342.15,1043190
3/6/2023 15:30:00,3361.9,3404.95,3359,3371.85,1334132
3/8/2023 15:30:00,3364,3396,3330.85,3390.4,1844590
3/9/2023 15:30:00,3385,3385,3330.85,3336.85,1648500
3/10/2023 15:30:00,3312.9,3337.25,3290,3331,1024404
3/13/2023 15:30:00,3333,3369.8,3272,3281.95,1901233
3/14/2023 15:30:00,3280,3304.4,3209.4,3214.95,2670334
3/15/2023 15:30:00,3250,3260.35,3192,3198.9,1780522
3/16/2023 15:30:00,3208,3219.8,3172,3185,1901060
3/17/2023 15:30:00,3150.5,3221.4,3144,3179.3,6739966
3/20/2023 15:30:00,3169.65,3169.65,3095.05,3143.3,2289468
3/21/2023 15:30:00,3143.3,3156.75,3097.45,3106.1,1815297
3/22/2023 15:30:00,3130.05,3143.5,3106.1,3130.8,1123939
3/23/2023 15:30:00,3114.9,3146.35,3101,3124.65,1372218
3/24/2023 15:30:00,3148.9,3170,3106,3120.5,1329577
3/27/2023 15:30:00,3135,3152.75,3106,3122.3,1524217
3/28/2023 15:30:00,3127,3149.55,3110.15,3115.9,1303530
3/29/2023 15:30:00,3129,3150,3104.1,3138.9,1740616
3/31/2023 15:30:00,3189.95,3213,3152,3205.9,2382581
4/3/2023 15:30:00,3224.95,3224.95,3173.75,3200,1521830
4/5/2023 15:30:00,3185.5,3264.35,3185.5,3239.8,2655065
4/6/2023 15:30:00,3225,3257.35,3215,3220.7,1703464
4/10/2023 15:30:00,3220,3272,3215,3263.4,2203187
4/11/2023 15:30:00,3264,3272.95,3192.15,3213.8,2348779
4/12/2023 15:30:00,3227.95,3260.95,3199,3241.65,2417727
4/13/2023 15:30:00,3210,3230,3180,3188.85,4174070
4/17/2023 15:30:00,3134.1,3163.4,3070.25,3139.5,5505048
4/18/2023 15:30:00,3154.95,3156.85,3110.6,3130.75,2617302
4/19/2023 15:30:00,3130.75,3140,3071.5,3089.6,3298034
4/20/2023 15:30:00,3090,3113,3078,3104.8,2419999
4/21/2023 15:30:00,3110,3164.45,3100.8,3160.85,1929184
4/24/2023 15:30:00,3151.1,3180.95,3126.15,3174.8,1640676
4/25/2023 15:30:00,3183,3191.2,3147.5,3176,2024090
4/26/2023 15:30:00,3181,3208.4,3181,3198.15,2000029
4/27/2023 15:30:00,3185,3199.2,3170.65,3187.95,2434446
4/28/2023 15:30:00,3200.4,3227.25,3196.25,3219.25,2931312
5/2/2023 15:30:00,3235,3235,3210,3219.4,2321159
5/3/2023 15:30:00,3216,3216,3173.15,3179.9,2468285
5/4/2023 15:30:00,3180.15,3224.45,3178,3220.7,1953253
5/5/2023 15:30:00,3220,3244,3210.05,3230.7,1710027
5/8/2023 15:30:00,3245,3254.85,3231.3,3250.6,928235
5/9/2023 15:30:00,3252.6,3298,3246,3283.25,1107375
5/10/2023 15:30:00,3290,3306.5,3266.05,3286.8,1559987
5/11/2023 15:30:00,3309,3309.7,3272,3282.15,1719623
5/12/2023 15:30:00,3279.15,3290,3260,3274.3,1027479
5/15/2023 15:30:00,3284,3292,3248.35,3255.05,1150390
5/16/2023 15:30:00,3256.2,3285,3250.45,3258.15,986306
5/17/2023 15:30:00,3255.95,3280,3198.25,3208.7,1588815
5/18/2023 15:30:00,3225.95,3228.95,3195,3199.85,1369364
5/19/2023 15:30:00,3210,3234.5,3203.05,3222.85,1152449
5/22/2023 15:30:00,3230,3308.45,3217.05,3298.7,1333243
5/23/2023 15:30:00,3306,3327.95,3290.1,3297.05,1687418
5/24/2023 15:30:00,3276,3317.2,3276,3303.35,1016555
5/25/2023 15:30:00,3294,3306,3267.1,3293.5,1374917
5/26/2023 15:30:00,3293.5,3338.65,3291,3328.9,1791115
5/29/2023 15:30:00,3360.8,3372,3312,3320.35,1210372
5/30/2023 15:30:00,3315,3326.95,3301.35,3316.2,1344224
5/31/2023 15:30:00,3309,3327.7,3265.15,3289.5,5815424
6/1/2023 15:30:00,3314,3340,3297.5,3324,1177314
6/2/2023 15:30:00,3326.25,3335.9,3297.45,3305.6,2030661
6/5/2023 15:30:00,3315,3327,3285.05,3288.9,1861468
6/6/2023 15:30:00,3280,3288.85,3220.6,3232.3,2022849
6/7/2023 15:30:00,3253,3278.85,3241,3274.9,1567196
6/8/2023 15:30:00,3261,3270,3233,3236.45,1759366
6/9/2023 15:30:00,3245,3250,3205.35,3209.3,1775689
6/12/2023 15:30:00,3215,3254.4,3211,3246.9,2324605
6/13/2023 15:30:00,3260,3265,3239,3243.7,1371928
6/14/2023 15:30:00,3243.7,3255.85,3225.85,3251.05,1658544
6/15/2023 15:30:00,3245.3,3247.45,3210,3216.3,2273810
6/16/2023 15:30:00,3197,3199.4,3156,3174.9,4156189
6/19/2023 15:30:00,3190,3214.9,3175,3210.4,1468186
6/20/2023 15:30:00,3214,3232.5,3201.05,3227.7,1528452
6/21/2023 15:30:00,3250,3261.4,3223.95,3258.2,1645987
6/22/2023 15:30:00,3260,3267.65,3230.1,3238.5,1529603
6/23/2023 15:30:00,3237.3,3249.4,3209.15,3216.35,1119505
6/26/2023 15:30:00,3205,3213.9,3173,3189.65,1978803
6/27/2023 15:30:00,3202,3209.65,3182.3,3197.35,863542
6/28/2023 15:30:00,3208,3230.95,3193.4,3215.45,1575872
6/30/2023 15:30:00,3220,3310,3214.1,3302.25,2672406
7/3/2023 15:30:00,3314.3,3318.8,3268.75,3272.3,1687264
7/4/2023 15:30:00,3290,3315,3277.3,3308.85,1656681
7/5/2023 15:30:00,3320,3329,3305,3319.95,1453008
7/6/2023 15:30:00,3306.55,3328.45,3302,3322.9,1848238
7/7/2023 15:30:00,3302,3356.9,3302,3329.25,1789326
7/10/2023 15:30:00,3324.75,3324.75,3265.2,3271.95,1407431
7/11/2023 15:30:00,3295,3295,3260.8,3272.4,1110172
7/12/2023 15:30:00,3280.95,3289.15,3250.1,3259.9,1515240
7/13/2023 15:30:00,3284,3367.45,3272.75,3340.55,4585146
7/14/2023 15:30:00,3365,3524.85,3352,3514.65,6306101
7/17/2023 15:30:00,3510,3549.9,3477.05,3491.7,2743228
7/18/2023 15:30:00,3476,3524,3465,3496.85,2600090
7/19/2023 15:30:00,3500,3516.85,3445.65,3470.05,2405370
7/20/2023 15:30:00,3453.1,3478.9,3436.05,3463.3,1715404
7/21/2023 15:30:00,3404.05,3434.9,3359.05,3368.3,3770223
7/24/2023 15:30:00,3381,3413.45,3372.1,3394.75,1680132
7/25/2023 15:30:00,3397.5,3406.8,3380.2,3399.15,1272980
7/26/2023 15:30:00,3400.35,3420.85,3385,3388.3,1066803
7/27/2023 15:30:00,3394.95,3411.65,3385.05,3396.9,1701769
7/28/2023 15:30:00,3385,3393.7,3331,3355.4,2599831
7/31/2023 15:30:00,3364.4,3426.65,3360.9,3421.45,2743678
8/1/2023 15:30:00,3415,3460,3415,3452.05,1956167
8/2/2023 15:30:00,3434.95,3446.4,3413.6,3440.65,1914899
8/3/2023 15:30:00,3420,3433.25,3368,3399.95,2026351
8/4/2023 15:30:00,3401.25,3471,3401.25,3443.55,2248493
8/7/2023 15:30:00,3453.95,3488,3441.25,3484.05,1853889
8/8/2023 15:30:00,3484.05,3489.95,3456.6,3470.6,1634225
8/9/2023 15:30:00,3464.9,3467,3425.05,3462.5,1794589
8/10/2023 15:30:00,3450,3464.9,3430.05,3442.1,1096701
8/11/2023 15:30:00,3438.1,3466.65,3414,3448.8,1679974
8/14/2023 15:30:00,3440.7,3455,3411,3449.85,1190425
8/16/2023 15:30:00,3450,3466,3435.2,3458.4,1328445
8/17/2023 15:30:00,3455,3460.8,3413.2,3435.75,1843241
8/18/2023 15:30:00,3410,3410,3356.5,3367.1,2526749
8/21/2023 15:30:00,3375,3409.75,3372,3401.65,1375579
8/22/2023 15:30:00,3400,3411,3365.05,3382.15,1222012
8/23/2023 15:30:00,3388,3402,3376,3398.25,1330046
8/24/2023 15:30:00,3408,3413.05,3378.1,3387.75,1152881
8/25/2023 15:30:00,3375,3385.8,3350.25,3381.3,1158046
8/28/2023 15:30:00,3394,3394,3360.1,3375.55,1037485
8/29/2023 15:30:00,3381.05,3389.55,3365,3376.15,944517
8/30/2023 15:30:00,3398,3408.1,3383.05,3390.95,1188200
8/31/2023 15:30:00,3401,3417.4,3343.65,3356.8,3417652
9/1/2023 15:30:00,3366,3389,3356.8,3379.2,1277950
9/4/2023 15:30:00,3378,3432.85,3370.05,3418.5,1828332
9/5/2023 15:30:00,3420,3447,3405.15,3429.35,1501842
9/6/2023 15:30:00,3434,3443.9,3398.1,3429.9,1314818
9/7/2023 15:30:00,3430.8,3460,3422.3,3455.25,1885092
9/8/2023 15:30:00,3455.25,3465,3435.05,3441.9,1518917
9/11/2023 15:30:00,3462,3485.7,3445,3480.65,1783604
9/12/2023 15:30:00,3492,3589.9,3483,3580.8,4476016
9/13/2023 15:30:00,3571.1,3588.85,3545,3567.85,1754929
9/14/2023 15:30:00,3570.05,3597.7,3545.6,3560.05,2604721
9/15/2023 15:30:00,3567.85,3607.35,3562.45,3598.3,2952897
9/18/2023 15:30:00,3580.05,3619.3,3575.25,3606.15,1395753
9/20/2023 15:30:00,3580,3625,3580,3606.05,1649396
9/21/2023 15:30:00,3588.55,3605,3528,3585.3,2004073
9/22/2023 15:30:00,3584,3633.75,3565.05,3603.65,1989083
9/25/2023 15:30:00,3602.5,3620,3558.65,3577.15,1238778
9/26/2023 15:30:00,3567.6,3594.95,3536,3585.7,1726062
9/27/2023 15:30:00,3590,3614,3555.7,3589.3,1541134
9/28/2023 15:30:00,3600,3602.8,3527.35,3536.75,1755753
9/29/2023 15:30:00,3537.2,3568.45,3505.55,3528.6,2243791
10/3/2023 15:30:00,3534.2,3534.2,3480.1,3513.85,1948148
10/4/2023 15:30:00,3486.3,3548,3477.3,3537.75,1788138
10/5/2023 15:30:00,3554,3624,3551.2,3589.35,2990768
10/6/2023 15:30:00,3591,3634.95,3575.05,3621.4,2075691
10/9/2023 15:30:00,3645.05,3679,3631,3638.35,4233074
10/10/2023 15:30:00,3640.05,3648,3601.35,3628.9,1848148
10/11/2023 15:30:00,3650,3650,3605,3609.9,2426417
10/12/2023 15:30:00,3575,3588.65,3538.1,3542.55,4241281
10/13/2023 15:30:00,3530,3577,3525,3570.85,2890357
10/16/2023 15:30:00,3566,3574.65,3519.1,3524.05,1671104
10/17/2023 15:30:00,3530,3534.15,3503.35,3507.05,1672065
10/18/2023 15:30:00,3511,3522.7,3484,3487.25,1408245
10/19/2023 15:30:00,3469.5,3476.85,3451.9,3455.65,1514545
10/20/2023 15:30:00,3450.4,3499.5,3444.05,3494.55,1481211
10/23/2023 15:30:00,3473,3478.95,3401.3,3410.15,1106272
10/25/2023 15:30:00,3390.5,3425,3377.2,3390.1,1518537
10/26/2023 15:30:00,3368.05,3373.7,3330,3336.75,1984471
10/27/2023 15:30:00,3350,3362,3337,3350.95,1108851
10/30/2023 15:30:00,3350,3382.85,3333.75,3378.55,910972
10/31/2023 15:30:00,3399,3399,3350.05,3368.75,999811
11/1/2023 15:30:00,3355,3371.6,3311,3330.65,1563475
11/2/2023 15:30:00,3343.2,3375.95,3343.2,3360.1,1245384
11/3/2023 15:30:00,3382,3387.9,3344.3,3350.9,1402598
11/6/2023 15:30:00,3375,3392.3,3359,3380.25,1099852
11/7/2023 15:30:00,3378,3404.15,3366,3370.45,1191144
11/8/2023 15:30:00,3371.45,3401.95,3369.55,3381.55,992899
11/9/2023 15:30:00,3390.1,3391.5,3342.05,3347.45,2112352
11/10/2023 15:30:00,3338,3347.45,3322.35,3333.45,1338557
11/13/2023 15:30:00,3356,3356,3327,3331.55,1030990
11/15/2023 15:30:00,3383.1,3413,3356.05,3404.3,2059802
11/16/2023 15:30:00,3430.05,3529.35,3414.2,3497.85,3951984
11/17/2023 15:30:00,3497.85,3524.5,3492.55,3502.45,2021292
11/20/2023 15:30:00,3491.25,3533.9,3491.25,3519.6,1475621
11/21/2023 15:30:00,3519.6,3539.05,3501,3510.2,1807236
11/22/2023 15:30:00,3500,3532.65,3481.1,3530.15,1798051
11/23/2023 15:30:00,3530,3544,3500,3508.25,2729804
11/24/2023 15:30:00,3494.25,3504.55,3453,3457.1,1989733
11/28/2023 15:30:00,3457.1,3481.25,3433,3470.15,1689195
11/29/2023 15:30:00,3481,3518,3475.8,3513.75,1441634
11/30/2023 15:30:00,3499.45,3516.65,3481,3487.6,3266235
12/1/2023 15:30:00,3500,3516.95,3490.05,3511.65,1172141
12/4/2023 15:30:00,3544.65,3547.8,3498,3512.45,1625213
12/5/2023 15:30:00,3538,3538,3502.8,3531.6,1377656
12/6/2023 15:30:00,3532.6,3612.85,3525.15,3604.1,1896572
12/7/2023 15:30:00,3605,3630.55,3591.7,3614.9,1967653
12/8/2023 15:30:00,3633,3645,3602.05,3626.7,1641155
12/11/2023 15:30:00,3622.9,3653,3615,3642.9,1102503
12/12/2023 15:30:00,3638.95,3698.4,3631,3672.1,2236866
12/13/2023 15:30:00,3643.55,3650,3563,3593.55,3850968
12/14/2023 15:30:00,3630,3678,3627.6,3667.25,3290396
12/15/2023 15:30:00,3666.7,3895.95,3666.7,3861,8531230
12/18/2023 15:30:00,3858.1,3929,3830.15,3859.2,2521612
12/19/2023 15:30:00,3845,3855.1,3790,3816.2,2004435
12/20/2023 15:30:00,3827.25,3898.8,3766.55,3780.05,2586083
12/21/2023 15:30:00,3756.25,3806.7,3743.35,3787.5,1517562
12/22/2023 15:30:00,3800,3845.95,3762,3824,2413058
12/26/2023 15:30:00,3819.85,3834,3790.15,3795.55,1285231
12/27/2023 15:30:00,3799,3818.2,3768,3811.2,1293976
12/28/2023 15:30:00,3824,3838,3792.1,3799.9,1682889
12/29/2023 15:30:00,3792,3822.6,3765.4,3793.4,1574996
1/1/2024 15:30:00,3790,3832,3773,3811.1,825907